Sentence,Roberta_CDS_biaffine,Roberta_eng_biaffine,Stanza_off_the_shelf
I think stick on here .,"I	_	_	_	_	_	2	nsubj	_	_
think	_	_	_	_	_	0	root	_	_
stick	_	_	_	_	_	2	ccomp	_	_
on	_	_	_	_	_	5	case	_	_
here	_	_	_	_	_	3	obl	_	_
.	_	_	_	_	_	2	punct	_	_","I	_	_	_	_	_	2	nsubj	_	_
think	_	_	_	_	_	0	root	_	_
stick	_	_	_	_	_	2	ccomp	_	_
on	_	_	_	_	_	5	case	_	_
here	_	_	_	_	_	3	obl	_	_
.	_	_	_	_	_	2	punct	_	_","I	_	PRON	PRP	_	_	2	nsubj	_	_
think	_	VERB	VBP	_	_	0	root	_	_
stick	_	VERB	VB	_	_	2	xcomp	_	_
on	_	ADP	IN	_	_	3	compound:prt	_	_
here	_	ADV	RB	_	_	3	obl	_	_
.	_	PUNCT	.	_	_	2	punct	_	_"
wanna be Fireman Sam .,"wanna	_	_	_	_	_	0	root	_	_
be	_	_	_	_	_	3	cop	_	_
Fireman	_	_	_	_	_	1	xcomp	_	_
Sam	_	_	_	_	_	3	flat	_	_
.	_	_	_	_	_	1	punct	_	_","wanna	_	_	_	_	_	0	root	_	_
be	_	_	_	_	_	4	cop	_	_
Fireman	_	_	_	_	_	4	nmod:desc	_	_
Sam	_	_	_	_	_	1	xcomp	_	_
.	_	_	_	_	_	1	punct	_	_","wan	_	VERB	VBP	_	_	0	root	_	_
na	_	PART	TO	_	_	5	mark	_	_
be	_	AUX	VB	_	_	5	cop	_	_
Fireman	_	PROPN	NNP	_	_	1	xcomp	_	_
Sam	_	PROPN	NNP	_	_	4	flat	_	_
.	_	PUNCT	.	_	_	1	punct	_	_"
I Fireman Sam .,"I	_	_	_	_	_	2	nsubj	_	_
Fireman	_	_	_	_	_	0	root	_	_
Sam	_	_	_	_	_	2	flat	_	_
.	_	_	_	_	_	2	punct	_	_","I	_	_	_	_	_	3	dep	_	_
Fireman	_	_	_	_	_	3	compound	_	_
Sam	_	_	_	_	_	0	root	_	_
.	_	_	_	_	_	3	punct	_	_","I	_	PRON	PRP	_	_	2	nsubj	_	_
Fireman	_	PROPN	NNP	_	_	0	root	_	_
Sam	_	PROPN	NNP	_	_	2	flat	_	_
.	_	PUNCT	.	_	_	2	punct	_	_"
wanna talk now .,"wanna	_	_	_	_	_	0	root	_	_
talk	_	_	_	_	_	1	xcomp	_	_
now	_	_	_	_	_	2	advmod	_	_
.	_	_	_	_	_	1	punct	_	_","wanna	_	_	_	_	_	0	root	_	_
talk	_	_	_	_	_	1	xcomp	_	_
now	_	_	_	_	_	2	advmod	_	_
.	_	_	_	_	_	1	punct	_	_","wan	_	VERB	VBP	_	_	0	root	_	_
na	_	PART	TO	_	_	3	mark	_	_
talk	_	VERB	VB	_	_	1	xcomp	_	_
now	_	ADV	RB	_	_	3	advmod	_	_
.	_	PUNCT	.	_	_	1	punct	_	_"
"Purdie , that Fireman Sam .","Purdie	_	_	_	_	_	4	vocative	_	_
,	_	_	_	_	_	4	mark	_	_
that	_	_	_	_	_	4	nsubj	_	_
Fireman	_	_	_	_	_	0	root	_	_
Sam	_	_	_	_	_	4	flat	_	_
.	_	_	_	_	_	4	punct	_	_","Purdie	_	_	_	_	_	5	vocative	_	_
,	_	_	_	_	_	1	punct	_	_
that	_	_	_	_	_	5	det	_	_
Fireman	_	_	_	_	_	5	nmod:desc	_	_
Sam	_	_	_	_	_	0	root	_	_
.	_	_	_	_	_	5	punct	_	_","Purdie	_	PROPN	NNP	_	_	0	root	_	_
,	_	PUNCT	,	_	_	1	punct	_	_
that	_	SCONJ	IN	_	_	4	det	_	_
Fireman	_	PROPN	NNP	_	_	1	appos	_	_
Sam	_	PROPN	NNP	_	_	4	flat	_	_
.	_	PUNCT	.	_	_	1	punct	_	_"
a ladder climb up .,"a	_	_	_	_	_	2	det	_	_
ladder	_	_	_	_	_	3	nsubj	_	_
climb	_	_	_	_	_	0	root	_	_
up	_	_	_	_	_	3	advmod	_	_
.	_	_	_	_	_	3	punct	_	_","a	_	_	_	_	_	2	det	_	_
ladder	_	_	_	_	_	3	nsubj	_	_
climb	_	_	_	_	_	0	root	_	_
up	_	_	_	_	_	3	advmod	_	_
.	_	_	_	_	_	3	punct	_	_","a	_	DET	DT	_	_	3	det	_	_
ladder	_	NOUN	NN	_	_	3	compound	_	_
climb	_	NOUN	NN	_	_	0	root	_	_
up	_	ADP	RP	_	_	3	advmod	_	_
.	_	PUNCT	.	_	_	3	punct	_	_"
looking the kitchen for a Wendy's hat .,"looking	_	_	_	_	_	0	root	_	_
the	_	_	_	_	_	3	det	_	_
kitchen	_	_	_	_	_	1	obl	_	_
for	_	_	_	_	_	7	case	_	_
a	_	_	_	_	_	7	det	_	_
Wendy's	_	_	_	_	_	7	nmod:poss	_	_
hat	_	_	_	_	_	1	obl	_	_
.	_	_	_	_	_	1	punct	_	_","looking	_	_	_	_	_	0	root	_	_
the	_	_	_	_	_	3	det	_	_
kitchen	_	_	_	_	_	1	obj	_	_
for	_	_	_	_	_	7	case	_	_
a	_	_	_	_	_	7	det	_	_
Wendy's	_	_	_	_	_	7	nmod:poss	_	_
hat	_	_	_	_	_	1	obl	_	_
.	_	_	_	_	_	1	punct	_	_","looking	_	VERB	VBG	_	_	0	root	_	_
the	_	DET	DT	_	_	3	det	_	_
kitchen	_	NOUN	NN	_	_	1	obj	_	_
for	_	ADP	IN	_	_	8	case	_	_
a	_	DET	DT	_	_	6	det	_	_
Wendy	_	PROPN	NNP	_	_	8	nmod:poss	_	_
's	_	PART	POS	_	_	6	case	_	_
hat	_	NOUN	NN	_	_	1	obl	_	_
.	_	PUNCT	.	_	_	1	punct	_	_"
I not called Aunty Mabel .,"I	_	_	_	_	_	3	nsubj:pass	_	_
not	_	_	_	_	_	3	advmod	_	_
called	_	_	_	_	_	0	root	_	_
Aunty	_	_	_	_	_	3	xcomp	_	_
Mabel	_	_	_	_	_	4	flat	_	_
.	_	_	_	_	_	3	punct	_	_","I	_	_	_	_	_	3	nsubj:pass	_	_
not	_	_	_	_	_	3	advmod	_	_
called	_	_	_	_	_	0	root	_	_
Aunty	_	_	_	_	_	5	nmod:desc	_	_
Mabel	_	_	_	_	_	3	xcomp	_	_
.	_	_	_	_	_	3	punct	_	_","I	_	PRON	PRP	_	_	3	nsubj	_	_
not	_	PART	RB	_	_	3	advmod	_	_
called	_	VERB	VBD	_	_	0	root	_	_
Aunty	_	PROPN	NNP	_	_	3	obj	_	_
Mabel	_	PROPN	NNP	_	_	4	flat	_	_
.	_	PUNCT	.	_	_	3	punct	_	_"
Mummy need a dumper truck and a big digger to the Smarties .,"Mummy	_	_	_	_	_	2	vocative	_	_
need	_	_	_	_	_	0	root	_	_
a	_	_	_	_	_	5	det	_	_
dumper	_	_	_	_	_	5	compound	_	_
truck	_	_	_	_	_	2	obj	_	_
and	_	_	_	_	_	9	cc	_	_
a	_	_	_	_	_	9	det	_	_
big	_	_	_	_	_	9	amod	_	_
digger	_	_	_	_	_	5	conj	_	_
to	_	_	_	_	_	12	case	_	_
the	_	_	_	_	_	12	det	_	_
Smarties	_	_	_	_	_	2	obl	_	_
.	_	_	_	_	_	2	punct	_	_","Mummy	_	_	_	_	_	2	nsubj	_	_
need	_	_	_	_	_	0	root	_	_
a	_	_	_	_	_	5	det	_	_
dumper	_	_	_	_	_	5	compound	_	_
truck	_	_	_	_	_	2	obj	_	_
and	_	_	_	_	_	9	cc	_	_
a	_	_	_	_	_	9	det	_	_
big	_	_	_	_	_	9	amod	_	_
digger	_	_	_	_	_	5	conj	_	_
to	_	_	_	_	_	12	case	_	_
the	_	_	_	_	_	12	det	_	_
Smarties	_	_	_	_	_	2	obl	_	_
.	_	_	_	_	_	2	punct	_	_","Mummy	_	NOUN	NN	_	_	2	nsubj	_	_
need	_	VERB	VBP	_	_	0	root	_	_
a	_	DET	DT	_	_	5	det	_	_
dumper	_	NOUN	NN	_	_	5	compound	_	_
truck	_	NOUN	NN	_	_	2	obj	_	_
and	_	CCONJ	CC	_	_	9	cc	_	_
a	_	DET	DT	_	_	9	det	_	_
big	_	ADJ	JJ	_	_	9	amod	_	_
digger	_	NOUN	NN	_	_	5	conj	_	_
to	_	ADP	IN	_	_	12	case	_	_
the	_	DET	DT	_	_	12	det	_	_
Smarties	_	PROPN	NNPS	_	_	9	nmod	_	_
.	_	PUNCT	.	_	_	2	punct	_	_"
what I going do ?,"what	_	_	_	_	_	4	obj	_	_
I	_	_	_	_	_	3	nsubj	_	_
going	_	_	_	_	_	0	root	_	_
do	_	_	_	_	_	3	xcomp	_	_
?	_	_	_	_	_	3	punct	_	_","what	_	_	_	_	_	4	obj	_	_
I	_	_	_	_	_	3	nsubj	_	_
going	_	_	_	_	_	0	root	_	_
do	_	_	_	_	_	3	xcomp	_	_
?	_	_	_	_	_	3	punct	_	_","what	_	PRON	WP	_	_	0	root	_	_
I	_	PRON	PRP	_	_	3	nsubj	_	_
going	_	VERB	VBG	_	_	1	acl:relcl	_	_
do	_	VERB	VB	_	_	3	xcomp	_	_
?	_	PUNCT	.	_	_	4	punct	_	_"
I put the poo and cat poo .,"I	_	_	_	_	_	2	nsubj	_	_
put	_	_	_	_	_	0	root	_	_
the	_	_	_	_	_	4	det	_	_
poo	_	_	_	_	_	2	obj	_	_
and	_	_	_	_	_	7	cc	_	_
cat	_	_	_	_	_	7	compound	_	_
poo	_	_	_	_	_	2	conj	_	_
.	_	_	_	_	_	2	punct	_	_","I	_	_	_	_	_	2	nsubj	_	_
put	_	_	_	_	_	0	root	_	_
the	_	_	_	_	_	4	det	_	_
poo	_	_	_	_	_	2	obj	_	_
and	_	_	_	_	_	7	cc	_	_
cat	_	_	_	_	_	7	compound	_	_
poo	_	_	_	_	_	4	conj	_	_
.	_	_	_	_	_	2	punct	_	_","I	_	PRON	PRP	_	_	2	nsubj	_	_
put	_	VERB	VBD	_	_	0	root	_	_
the	_	DET	DT	_	_	4	det	_	_
poo	_	NOUN	NN	_	_	2	obj	_	_
and	_	CCONJ	CC	_	_	7	cc	_	_
cat	_	NOUN	NN	_	_	7	compound	_	_
poo	_	NOUN	NN	_	_	2	obj	_	_
.	_	PUNCT	.	_	_	2	punct	_	_"
on this this train .,"on	_	_	_	_	_	4	case	_	_
this	_	_	_	_	_	3	reparandum	_	_
this	_	_	_	_	_	4	det	_	_
train	_	_	_	_	_	0	root	_	_
.	_	_	_	_	_	4	punct	_	_","on	_	_	_	_	_	4	case	_	_
this	_	_	_	_	_	3	reparandum	_	_
this	_	_	_	_	_	4	det	_	_
train	_	_	_	_	_	0	root	_	_
.	_	_	_	_	_	4	punct	_	_","on	_	ADP	IN	_	_	2	case	_	_
this	_	PRON	DT	_	_	0	root	_	_
this	_	DET	DT	_	_	4	det	_	_
train	_	NOUN	NN	_	_	2	nmod:unmarked	_	_
.	_	PUNCT	.	_	_	2	punct	_	_"
"Mummy , need you sit there .","Mummy	_	_	_	_	_	3	vocative	_	_
,	_	_	_	_	_	3	nsubj	_	_
need	_	_	_	_	_	0	root	_	_
you	_	_	_	_	_	3	obj	_	_
sit	_	_	_	_	_	3	xcomp	_	_
there	_	_	_	_	_	5	advmod	_	_
.	_	_	_	_	_	3	punct	_	_","Mummy	_	_	_	_	_	3	vocative	_	_
,	_	_	_	_	_	1	punct	_	_
need	_	_	_	_	_	0	root	_	_
you	_	_	_	_	_	3	obj	_	_
sit	_	_	_	_	_	3	xcomp	_	_
there	_	_	_	_	_	5	advmod	_	_
.	_	_	_	_	_	3	punct	_	_","Mummy	_	NOUN	NN	_	_	3	vocative	_	_
,	_	PUNCT	,	_	_	1	punct	_	_
need	_	VERB	VB	_	_	0	root	_	_
you	_	PRON	PRP	_	_	5	nsubj	_	_
sit	_	VERB	VBP	_	_	3	ccomp	_	_
there	_	ADV	RB	_	_	5	advmod	_	_
.	_	PUNCT	.	_	_	3	punct	_	_"
Mummy need to do it .,"Mummy	_	_	_	_	_	2	vocative	_	_
need	_	_	_	_	_	0	root	_	_
to	_	_	_	_	_	4	mark	_	_
do	_	_	_	_	_	2	xcomp	_	_
it	_	_	_	_	_	4	obj	_	_
.	_	_	_	_	_	2	punct	_	_","Mummy	_	_	_	_	_	2	nsubj	_	_
need	_	_	_	_	_	0	root	_	_
to	_	_	_	_	_	4	mark	_	_
do	_	_	_	_	_	2	xcomp	_	_
it	_	_	_	_	_	4	obj	_	_
.	_	_	_	_	_	2	punct	_	_","Mummy	_	NOUN	NN	_	_	2	nsubj	_	_
need	_	VERB	VBP	_	_	0	root	_	_
to	_	PART	TO	_	_	4	mark	_	_
do	_	VERB	VB	_	_	2	xcomp	_	_
it	_	PRON	PRP	_	_	4	obj	_	_
.	_	PUNCT	.	_	_	2	punct	_	_"
you're poorly Mummy .,"you're	_	_	_	_	_	2	nsubj	_	_
poorly	_	_	_	_	_	0	root	_	_
Mummy	_	_	_	_	_	2	vocative	_	_
.	_	_	_	_	_	2	punct	_	_","you're	_	_	_	_	_	2	nsubj	_	_
poorly	_	_	_	_	_	0	root	_	_
Mummy	_	_	_	_	_	2	vocative	_	_
.	_	_	_	_	_	2	punct	_	_","you	_	PRON	PRP	_	_	4	nsubj	_	_
're	_	AUX	VBP	_	_	4	cop	_	_
poorly	_	ADV	RB	_	_	4	advmod	_	_
Mummy	_	PROPN	NNP	_	_	0	root	_	_
.	_	PUNCT	.	_	_	4	punct	_	_"
you're poorly .,"you're	_	_	_	_	_	2	nsubj	_	_
poorly	_	_	_	_	_	0	root	_	_
.	_	_	_	_	_	2	punct	_	_","you're	_	_	_	_	_	2	nsubj	_	_
poorly	_	_	_	_	_	0	root	_	_
.	_	_	_	_	_	2	punct	_	_","you	_	PRON	PRP	_	_	3	nsubj	_	_
're	_	AUX	VBP	_	_	3	cop	_	_
poorly	_	ADV	RB	_	_	0	root	_	_
.	_	PUNCT	.	_	_	3	punct	_	_"
check up .,"check	_	_	_	_	_	0	root	_	_
up	_	_	_	_	_	1	compound:prt	_	_
.	_	_	_	_	_	1	punct	_	_","check	_	_	_	_	_	0	root	_	_
up	_	_	_	_	_	1	obj	_	_
.	_	_	_	_	_	1	punct	_	_","check	_	VERB	VB	_	_	0	root	_	_
up	_	ADP	RP	_	_	1	compound:prt	_	_
.	_	PUNCT	.	_	_	1	punct	_	_"
wanna read it .,"wanna	_	_	_	_	_	0	root	_	_
read	_	_	_	_	_	1	xcomp	_	_
it	_	_	_	_	_	2	obj	_	_
.	_	_	_	_	_	1	punct	_	_","wanna	_	_	_	_	_	0	root	_	_
read	_	_	_	_	_	1	xcomp	_	_
it	_	_	_	_	_	2	obj	_	_
.	_	_	_	_	_	1	punct	_	_","wan	_	VERB	VBP	_	_	0	root	_	_
na	_	PART	TO	_	_	3	mark	_	_
read	_	VERB	VB	_	_	1	xcomp	_	_
it	_	PRON	PRP	_	_	3	obj	_	_
.	_	PUNCT	.	_	_	1	punct	_	_"
oops stopped .,"oops	_	_	_	_	_	2	discourse	_	_
stopped	_	_	_	_	_	0	root	_	_
.	_	_	_	_	_	2	punct	_	_","oops	_	_	_	_	_	2	discourse	_	_
stopped	_	_	_	_	_	0	root	_	_
.	_	_	_	_	_	2	punct	_	_","oops	_	NOUN	NN	_	_	2	nsubj	_	_
stopped	_	VERB	VBD	_	_	0	root	_	_
.	_	PUNCT	.	_	_	2	punct	_	_"
because it's police car .,"because	_	_	_	_	_	4	mark	_	_
it's	_	_	_	_	_	4	cop	_	_
police	_	_	_	_	_	4	compound	_	_
car	_	_	_	_	_	0	root	_	_
.	_	_	_	_	_	4	punct	_	_","because	_	_	_	_	_	4	mark	_	_
it's	_	_	_	_	_	4	cop	_	_
police	_	_	_	_	_	4	compound	_	_
car	_	_	_	_	_	0	root	_	_
.	_	_	_	_	_	4	punct	_	_","because	_	SCONJ	IN	_	_	5	mark	_	_
it	_	PRON	PRP	_	_	5	nsubj	_	_
's	_	AUX	VBZ	_	_	5	cop	_	_
police	_	NOUN	NN	_	_	5	compound	_	_
car	_	NOUN	NN	_	_	0	root	_	_
.	_	PUNCT	.	_	_	5	punct	_	_"
naughty Mummy the policeman say .,"naughty	_	_	_	_	_	5	parataxis	_	_
Mummy	_	_	_	_	_	5	vocative	_	_
the	_	_	_	_	_	4	det	_	_
policeman	_	_	_	_	_	5	nsubj	_	_
say	_	_	_	_	_	0	root	_	_
.	_	_	_	_	_	5	punct	_	_","naughty	_	_	_	_	_	2	amod	_	_
Mummy	_	_	_	_	_	5	ccomp	_	_
the	_	_	_	_	_	4	det	_	_
policeman	_	_	_	_	_	5	nsubj	_	_
say	_	_	_	_	_	0	root	_	_
.	_	_	_	_	_	5	punct	_	_","naughty	_	ADJ	JJ	_	_	2	amod	_	_
Mummy	_	NOUN	NN	_	_	5	nsubj	_	_
the	_	DET	DT	_	_	4	det	_	_
policeman	_	NOUN	NN	_	_	5	nsubj	_	_
say	_	VERB	VBP	_	_	0	root	_	_
.	_	PUNCT	.	_	_	5	punct	_	_"
um bashed that tray over there up on your .,"um	_	_	_	_	_	2	discourse	_	_
bashed	_	_	_	_	_	0	root	_	_
that	_	_	_	_	_	4	det	_	_
tray	_	_	_	_	_	2	obj	_	_
over	_	_	_	_	_	6	advmod	_	_
there	_	_	_	_	_	2	obl	_	_
up	_	_	_	_	_	9	advmod	_	_
on	_	_	_	_	_	9	case	_	_
your	_	_	_	_	_	2	obl	_	_
.	_	_	_	_	_	2	punct	_	_","um	_	_	_	_	_	2	discourse	_	_
bashed	_	_	_	_	_	0	root	_	_
that	_	_	_	_	_	4	det	_	_
tray	_	_	_	_	_	2	obj	_	_
over	_	_	_	_	_	6	advmod	_	_
there	_	_	_	_	_	4	nmod	_	_
up	_	_	_	_	_	9	advmod	_	_
on	_	_	_	_	_	9	case	_	_
your	_	_	_	_	_	2	obl	_	_
.	_	_	_	_	_	2	punct	_	_","um	_	INTJ	UH	_	_	2	discourse	_	_
bashed	_	VERB	VBD	_	_	0	root	_	_
that	_	DET	DT	_	_	4	det	_	_
tray	_	NOUN	NN	_	_	2	obj	_	_
over	_	ADP	IN	_	_	6	case	_	_
there	_	ADV	RB	_	_	2	obl	_	_
up	_	ADP	RP	_	_	2	compound:prt	_	_
on	_	ADP	IN	_	_	9	case	_	_
your	_	PRON	PRP$	_	_	2	obl	_	_
.	_	PUNCT	.	_	_	2	punct	_	_"
and the policeman what's going on .,"and	_	_	_	_	_	3	cc	_	_
the	_	_	_	_	_	3	det	_	_
policeman	_	_	_	_	_	0	root	_	_
what's	_	_	_	_	_	5	aux	_	_
going	_	_	_	_	_	3	parataxis	_	_
on	_	_	_	_	_	5	advmod	_	_
.	_	_	_	_	_	3	punct	_	_","and	_	_	_	_	_	3	cc	_	_
the	_	_	_	_	_	3	det	_	_
policeman	_	_	_	_	_	0	root	_	_
what's	_	_	_	_	_	5	nsubj	_	_
going	_	_	_	_	_	3	acl:relcl	_	_
on	_	_	_	_	_	5	compound:prt	_	_
.	_	_	_	_	_	3	punct	_	_","and	_	CCONJ	CC	_	_	3	cc	_	_
the	_	DET	DT	_	_	3	det	_	_
policeman	_	NOUN	NN	_	_	0	root	_	_
what	_	PRON	WP	_	_	6	nsubj	_	_
's	_	AUX	VBZ	_	_	6	aux	_	_
going	_	VERB	VBG	_	_	3	acl:relcl	_	_
on	_	ADP	RP	_	_	6	compound:prt	_	_
.	_	PUNCT	.	_	_	3	punct	_	_"
naughty Mummy policeman said .,"naughty	_	_	_	_	_	0	root	_	_
Mummy	_	_	_	_	_	4	vocative	_	_
policeman	_	_	_	_	_	4	nsubj	_	_
said	_	_	_	_	_	1	parataxis	_	_
.	_	_	_	_	_	1	punct	_	_","naughty	_	_	_	_	_	3	amod	_	_
Mummy	_	_	_	_	_	3	compound	_	_
policeman	_	_	_	_	_	4	nsubj	_	_
said	_	_	_	_	_	0	root	_	_
.	_	_	_	_	_	4	punct	_	_","naughty	_	ADJ	JJ	_	_	3	amod	_	_
Mummy	_	NOUN	NN	_	_	3	compound	_	_
policeman	_	NOUN	NN	_	_	4	nsubj	_	_
said	_	VERB	VBD	_	_	0	root	_	_
.	_	PUNCT	.	_	_	4	punct	_	_"
loads of Smarties me .,"loads	_	_	_	_	_	0	root	_	_
of	_	_	_	_	_	3	case	_	_
Smarties	_	_	_	_	_	1	nmod	_	_
me	_	_	_	_	_	1	parataxis	_	_
.	_	_	_	_	_	1	punct	_	_","loads	_	_	_	_	_	0	root	_	_
of	_	_	_	_	_	3	case	_	_
Smarties	_	_	_	_	_	1	nmod	_	_
me	_	_	_	_	_	1	vocative	_	_
.	_	_	_	_	_	1	punct	_	_","loads	_	NOUN	NNS	_	_	0	root	_	_
of	_	ADP	IN	_	_	3	case	_	_
Smarties	_	NOUN	NNS	_	_	1	nmod	_	_
me	_	PRON	PRP	_	_	3	flat	_	_
.	_	PUNCT	.	_	_	1	punct	_	_"
um I not like lit little boy .,"um	_	_	_	_	_	7	discourse	_	_
I	_	_	_	_	_	7	nsubj	_	_
not	_	_	_	_	_	7	advmod	_	_
like	_	_	_	_	_	7	case	_	_
lit	_	_	_	_	_	7	amod	_	_
little	_	_	_	_	_	7	amod	_	_
boy	_	_	_	_	_	0	root	_	_
.	_	_	_	_	_	7	punct	_	_","um	_	_	_	_	_	7	discourse	_	_
I	_	_	_	_	_	7	nsubj	_	_
not	_	_	_	_	_	7	advmod	_	_
like	_	_	_	_	_	7	discourse	_	_
lit	_	_	_	_	_	7	amod	_	_
little	_	_	_	_	_	7	amod	_	_
boy	_	_	_	_	_	0	root	_	_
.	_	_	_	_	_	7	punct	_	_","um	_	INTJ	UH	_	_	7	discourse	_	_
I	_	PRON	PRP	_	_	7	nsubj	_	_
not	_	PART	RB	_	_	7	advmod	_	_
like	_	INTJ	UH	_	_	7	discourse	_	_
lit	_	ADJ	JJ	_	_	7	amod	_	_
little	_	ADJ	JJ	_	_	7	amod	_	_
boy	_	NOUN	NN	_	_	0	root	_	_
.	_	PUNCT	.	_	_	7	punct	_	_"
crying wanna go down there .,"crying	_	_	_	_	_	0	root	_	_
wanna	_	_	_	_	_	1	parataxis	_	_
go	_	_	_	_	_	2	xcomp	_	_
down	_	_	_	_	_	5	advmod	_	_
there	_	_	_	_	_	3	advmod	_	_
.	_	_	_	_	_	1	punct	_	_","crying	_	_	_	_	_	0	root	_	_
wanna	_	_	_	_	_	1	ccomp	_	_
go	_	_	_	_	_	2	xcomp	_	_
down	_	_	_	_	_	5	advmod	_	_
there	_	_	_	_	_	3	advmod	_	_
.	_	_	_	_	_	1	punct	_	_","crying	_	VERB	VBG	_	_	2	csubj	_	_
wan	_	VERB	VB	_	_	0	root	_	_
na	_	PART	TO	_	_	4	mark	_	_
go	_	VERB	VB	_	_	2	xcomp	_	_
down	_	ADP	RP	_	_	4	compound:prt	_	_
there	_	ADV	RB	_	_	4	advmod	_	_
.	_	PUNCT	.	_	_	2	punct	_	_"
the another train driver .,"the	_	_	_	_	_	2	reparandum	_	_
another	_	_	_	_	_	4	det	_	_
train	_	_	_	_	_	4	compound	_	_
driver	_	_	_	_	_	0	root	_	_
.	_	_	_	_	_	4	punct	_	_","the	_	_	_	_	_	4	reparandum	_	_
another	_	_	_	_	_	4	det	_	_
train	_	_	_	_	_	4	compound	_	_
driver	_	_	_	_	_	0	root	_	_
.	_	_	_	_	_	4	punct	_	_","the	_	DET	DT	_	_	4	det	_	_
another	_	DET	DT	_	_	4	det	_	_
train	_	NOUN	NN	_	_	4	compound	_	_
driver	_	NOUN	NN	_	_	0	root	_	_
.	_	PUNCT	.	_	_	4	punct	_	_"
it's in playgroup .,"it's	_	_	_	_	_	3	nsubj	_	_
in	_	_	_	_	_	3	case	_	_
playgroup	_	_	_	_	_	0	root	_	_
.	_	_	_	_	_	3	punct	_	_","it's	_	_	_	_	_	3	nsubj	_	_
in	_	_	_	_	_	3	case	_	_
playgroup	_	_	_	_	_	0	root	_	_
.	_	_	_	_	_	3	punct	_	_","it	_	PRON	PRP	_	_	4	nsubj	_	_
's	_	AUX	VBZ	_	_	4	cop	_	_
in	_	ADP	IN	_	_	4	case	_	_
playgroup	_	NOUN	NN	_	_	0	root	_	_
.	_	PUNCT	.	_	_	4	punct	_	_"
driver oh that's mine .,"driver	_	_	_	_	_	0	root	_	_
oh	_	_	_	_	_	4	discourse	_	_
that's	_	_	_	_	_	4	nsubj	_	_
mine	_	_	_	_	_	1	parataxis	_	_
.	_	_	_	_	_	1	punct	_	_","driver	_	_	_	_	_	0	root	_	_
oh	_	_	_	_	_	4	discourse	_	_
that's	_	_	_	_	_	4	nsubj	_	_
mine	_	_	_	_	_	1	parataxis	_	_
.	_	_	_	_	_	1	punct	_	_","driver	_	NOUN	NN	_	_	5	vocative	_	_
oh	_	INTJ	UH	_	_	5	discourse	_	_
that	_	PRON	DT	_	_	5	nsubj	_	_
's	_	AUX	VBZ	_	_	5	cop	_	_
mine	_	PRON	PRP	_	_	0	root	_	_
.	_	PUNCT	.	_	_	5	punct	_	_"
broken the train driver .,"broken	_	_	_	_	_	0	root	_	_
the	_	_	_	_	_	4	det	_	_
train	_	_	_	_	_	4	compound	_	_
driver	_	_	_	_	_	1	parataxis	_	_
.	_	_	_	_	_	1	punct	_	_","broken	_	_	_	_	_	0	root	_	_
the	_	_	_	_	_	4	det	_	_
train	_	_	_	_	_	4	compound	_	_
driver	_	_	_	_	_	1	obj	_	_
.	_	_	_	_	_	1	punct	_	_","broken	_	VERB	VBD	_	_	0	root	_	_
the	_	DET	DT	_	_	4	det	_	_
train	_	NOUN	NN	_	_	4	compound	_	_
driver	_	NOUN	NN	_	_	1	obj	_	_
.	_	PUNCT	.	_	_	1	punct	_	_"
this this the police car nee nah nee nah .,"this	_	_	_	_	_	2	reparandum	_	_
this	_	_	_	_	_	5	nsubj	_	_
the	_	_	_	_	_	5	det	_	_
police	_	_	_	_	_	5	compound	_	_
car	_	_	_	_	_	0	root	_	_
nee	_	_	_	_	_	5	discourse	_	_
nah	_	_	_	_	_	6	conj	_	_
nee	_	_	_	_	_	6	conj	_	_
nah	_	_	_	_	_	6	conj	_	_
.	_	_	_	_	_	5	punct	_	_","this	_	_	_	_	_	2	reparandum	_	_
this	_	_	_	_	_	5	nsubj	_	_
the	_	_	_	_	_	5	det	_	_
police	_	_	_	_	_	5	compound	_	_
car	_	_	_	_	_	0	root	_	_
nee	_	_	_	_	_	5	discourse	_	_
nah	_	_	_	_	_	5	discourse	_	_
nee	_	_	_	_	_	5	discourse	_	_
nah	_	_	_	_	_	5	discourse	_	_
.	_	_	_	_	_	5	punct	_	_","this	_	PRON	DT	_	_	5	nsubj	_	_
this	_	DET	DT	_	_	5	det	_	_
the	_	DET	DT	_	_	5	det	_	_
police	_	NOUN	NN	_	_	5	compound	_	_
car	_	NOUN	NN	_	_	0	root	_	_
nee	_	INTJ	UH	_	_	5	reparandum	_	_
nah	_	INTJ	UH	_	_	5	discourse	_	_
nee	_	INTJ	UH	_	_	5	discourse	_	_
nah	_	INTJ	UH	_	_	5	discourse	_	_
.	_	PUNCT	.	_	_	5	punct	_	_"
fire engine coming nee nah .,"fire	_	_	_	_	_	2	compound	_	_
engine	_	_	_	_	_	3	nsubj	_	_
coming	_	_	_	_	_	0	root	_	_
nee	_	_	_	_	_	3	discourse	_	_
nah	_	_	_	_	_	4	discourse	_	_
.	_	_	_	_	_	3	punct	_	_","fire	_	_	_	_	_	2	compound	_	_
engine	_	_	_	_	_	3	nsubj	_	_
coming	_	_	_	_	_	0	root	_	_
nee	_	_	_	_	_	3	discourse	_	_
nah	_	_	_	_	_	3	discourse	_	_
.	_	_	_	_	_	3	punct	_	_","fire	_	NOUN	NN	_	_	2	compound	_	_
engine	_	NOUN	NN	_	_	3	nsubj	_	_
coming	_	VERB	VBG	_	_	0	root	_	_
nee	_	INTJ	UH	_	_	3	discourse	_	_
nah	_	INTJ	UH	_	_	3	discourse	_	_
.	_	PUNCT	.	_	_	3	punct	_	_"
"that's very clever you , Mummy .","that's	_	_	_	_	_	3	nsubj	_	_
very	_	_	_	_	_	3	advmod	_	_
clever	_	_	_	_	_	0	root	_	_
you	_	_	_	_	_	3	parataxis	_	_
,	_	_	_	_	_	4	punct	_	_
Mummy	_	_	_	_	_	3	vocative	_	_
.	_	_	_	_	_	3	punct	_	_","that's	_	_	_	_	_	3	cop	_	_
very	_	_	_	_	_	3	advmod	_	_
clever	_	_	_	_	_	0	root	_	_
you	_	_	_	_	_	3	parataxis	_	_
,	_	_	_	_	_	6	punct	_	_
Mummy	_	_	_	_	_	3	vocative	_	_
.	_	_	_	_	_	3	punct	_	_","that	_	PRON	DT	_	_	4	nsubj	_	_
's	_	AUX	VBZ	_	_	4	cop	_	_
very	_	ADV	RB	_	_	4	advmod	_	_
clever	_	ADJ	JJ	_	_	0	root	_	_
you	_	PRON	PRP	_	_	4	vocative	_	_
,	_	PUNCT	,	_	_	7	punct	_	_
Mummy	_	PROPN	NNP	_	_	4	vocative	_	_
.	_	PUNCT	.	_	_	4	punct	_	_"
I driving off .,"I	_	_	_	_	_	2	nsubj	_	_
driving	_	_	_	_	_	0	root	_	_
off	_	_	_	_	_	2	advmod	_	_
.	_	_	_	_	_	2	punct	_	_","I	_	_	_	_	_	2	nsubj	_	_
driving	_	_	_	_	_	0	root	_	_
off	_	_	_	_	_	2	advmod	_	_
.	_	_	_	_	_	2	punct	_	_","I	_	PRON	PRP	_	_	2	nsubj	_	_
driving	_	VERB	VBG	_	_	0	root	_	_
off	_	ADP	RP	_	_	2	compound:prt	_	_
.	_	PUNCT	.	_	_	2	punct	_	_"
that near that flower .,"that	_	_	_	_	_	4	nsubj	_	_
near	_	_	_	_	_	4	case	_	_
that	_	_	_	_	_	4	det	_	_
flower	_	_	_	_	_	0	root	_	_
.	_	_	_	_	_	4	punct	_	_","that	_	_	_	_	_	4	nsubj	_	_
near	_	_	_	_	_	4	case	_	_
that	_	_	_	_	_	4	det	_	_
flower	_	_	_	_	_	0	root	_	_
.	_	_	_	_	_	4	punct	_	_","that	_	PRON	DT	_	_	0	root	_	_
near	_	ADP	IN	_	_	4	case	_	_
that	_	DET	DT	_	_	4	det	_	_
flower	_	NOUN	NN	_	_	1	nmod	_	_
.	_	PUNCT	.	_	_	1	punct	_	_"
I mend I mend your fire .,"I	_	_	_	_	_	2	nsubj	_	_
mend	_	_	_	_	_	4	reparandum	_	_
I	_	_	_	_	_	4	nsubj	_	_
mend	_	_	_	_	_	0	root	_	_
your	_	_	_	_	_	6	nmod:poss	_	_
fire	_	_	_	_	_	4	obj	_	_
.	_	_	_	_	_	4	punct	_	_","I	_	_	_	_	_	2	nsubj	_	_
mend	_	_	_	_	_	4	reparandum	_	_
I	_	_	_	_	_	4	nsubj	_	_
mend	_	_	_	_	_	0	root	_	_
your	_	_	_	_	_	6	nmod:poss	_	_
fire	_	_	_	_	_	4	obj	_	_
.	_	_	_	_	_	4	punct	_	_","I	_	PRON	PRP	_	_	2	nsubj	_	_
mend	_	VERB	VBP	_	_	0	root	_	_
I	_	PRON	PRP	_	_	4	nsubj	_	_
mend	_	VERB	VBP	_	_	2	ccomp	_	_
your	_	PRON	PRP$	_	_	6	nmod:poss	_	_
fire	_	NOUN	NN	_	_	4	obj	_	_
.	_	PUNCT	.	_	_	2	punct	_	_"
you're being naughty a policemen will .,"you're	_	_	_	_	_	3	nsubj	_	_
being	_	_	_	_	_	3	cop	_	_
naughty	_	_	_	_	_	0	root	_	_
a	_	_	_	_	_	5	det	_	_
policemen	_	_	_	_	_	6	nsubj	_	_
will	_	_	_	_	_	3	parataxis	_	_
.	_	_	_	_	_	3	punct	_	_","you're	_	_	_	_	_	3	nsubj	_	_
being	_	_	_	_	_	3	cop	_	_
naughty	_	_	_	_	_	0	root	_	_
a	_	_	_	_	_	6	det	_	_
policemen	_	_	_	_	_	6	nsubj	_	_
will	_	_	_	_	_	3	parataxis	_	_
.	_	_	_	_	_	3	punct	_	_","you	_	PRON	PRP	_	_	4	nsubj	_	_
're	_	AUX	VBP	_	_	4	aux	_	_
being	_	AUX	VBG	_	_	4	cop	_	_
naughty	_	ADJ	JJ	_	_	0	root	_	_
a	_	DET	DT	_	_	6	det	_	_
policemen	_	NOUN	NNS	_	_	7	nsubj	_	_
will	_	AUX	MD	_	_	4	ccomp	_	_
.	_	PUNCT	.	_	_	4	punct	_	_"
"you Mummy have another cuddle , Tinky Winky .","you	_	_	_	_	_	3	nsubj	_	_
Mummy	_	_	_	_	_	3	vocative	_	_
have	_	_	_	_	_	0	root	_	_
another	_	_	_	_	_	5	det	_	_
cuddle	_	_	_	_	_	3	obj	_	_
,	_	_	_	_	_	3	discourse	_	_
Tinky	_	_	_	_	_	3	vocative	_	_
Winky	_	_	_	_	_	7	flat	_	_
.	_	_	_	_	_	3	punct	_	_","you	_	_	_	_	_	3	nsubj	_	_
Mummy	_	_	_	_	_	3	vocative	_	_
have	_	_	_	_	_	0	root	_	_
another	_	_	_	_	_	5	det	_	_
cuddle	_	_	_	_	_	3	obj	_	_
,	_	_	_	_	_	7	punct	_	_
Tinky	_	_	_	_	_	3	vocative	_	_
Winky	_	_	_	_	_	7	flat	_	_
.	_	_	_	_	_	3	punct	_	_","you	_	PRON	PRP	_	_	2	dep	_	_
Mummy	_	NOUN	NN	_	_	3	nsubj	_	_
have	_	VERB	VBP	_	_	0	root	_	_
another	_	DET	DT	_	_	5	det	_	_
cuddle	_	NOUN	NN	_	_	3	obj	_	_
,	_	PUNCT	,	_	_	7	punct	_	_
Tinky	_	PROPN	NNP	_	_	5	appos	_	_
Winky	_	PROPN	NNP	_	_	7	flat	_	_
.	_	PUNCT	.	_	_	3	punct	_	_"
kiss Dipsy hair .,"kiss	_	_	_	_	_	0	root	_	_
Dipsy	_	_	_	_	_	3	nmod:poss	_	_
hair	_	_	_	_	_	1	obj	_	_
.	_	_	_	_	_	1	punct	_	_","kiss	_	_	_	_	_	0	root	_	_
Dipsy	_	_	_	_	_	3	amod	_	_
hair	_	_	_	_	_	1	obj	_	_
.	_	_	_	_	_	1	punct	_	_","kiss	_	VERB	VB	_	_	0	root	_	_
Dipsy	_	PROPN	NNP	_	_	3	compound	_	_
hair	_	NOUN	NN	_	_	1	obj	_	_
.	_	PUNCT	.	_	_	1	punct	_	_"
it's nice police car .,"it's	_	_	_	_	_	4	nsubj	_	_
nice	_	_	_	_	_	4	amod	_	_
police	_	_	_	_	_	4	compound	_	_
car	_	_	_	_	_	0	root	_	_
.	_	_	_	_	_	4	punct	_	_","it's	_	_	_	_	_	4	cop	_	_
nice	_	_	_	_	_	4	amod	_	_
police	_	_	_	_	_	4	compound	_	_
car	_	_	_	_	_	0	root	_	_
.	_	_	_	_	_	4	punct	_	_","it	_	PRON	PRP	_	_	5	nsubj	_	_
's	_	AUX	VBZ	_	_	5	cop	_	_
nice	_	ADJ	JJ	_	_	5	amod	_	_
police	_	NOUN	NN	_	_	5	compound	_	_
car	_	NOUN	NN	_	_	0	root	_	_
.	_	PUNCT	.	_	_	5	punct	_	_"
bit orange .,"bit	_	_	_	_	_	2	obl:npmod	_	_
orange	_	_	_	_	_	0	root	_	_
.	_	_	_	_	_	2	punct	_	_","bit	_	_	_	_	_	2	obl:unmarked	_	_
orange	_	_	_	_	_	0	root	_	_
.	_	_	_	_	_	2	punct	_	_","bit	_	NOUN	NN	_	_	2	obl:unmarked	_	_
orange	_	ADJ	JJ	_	_	0	root	_	_
.	_	PUNCT	.	_	_	2	punct	_	_"
that not flashing .,"that	_	_	_	_	_	3	nsubj	_	_
not	_	_	_	_	_	3	advmod	_	_
flashing	_	_	_	_	_	0	root	_	_
.	_	_	_	_	_	3	punct	_	_","that	_	_	_	_	_	3	nsubj	_	_
not	_	_	_	_	_	3	advmod	_	_
flashing	_	_	_	_	_	0	root	_	_
.	_	_	_	_	_	3	punct	_	_","that	_	SCONJ	IN	_	_	3	mark	_	_
not	_	PART	RB	_	_	3	advmod	_	_
flashing	_	VERB	VBG	_	_	0	root	_	_
.	_	PUNCT	.	_	_	3	punct	_	_"
want I want a dig Smarties .,"want	_	_	_	_	_	2	reparandum	_	_
I	_	_	_	_	_	3	nsubj	_	_
want	_	_	_	_	_	0	root	_	_
a	_	_	_	_	_	5	det	_	_
dig	_	_	_	_	_	3	obj	_	_
Smarties	_	_	_	_	_	3	vocative	_	_
.	_	_	_	_	_	3	punct	_	_","want	_	_	_	_	_	3	reparandum	_	_
I	_	_	_	_	_	3	nsubj	_	_
want	_	_	_	_	_	0	root	_	_
a	_	_	_	_	_	5	det	_	_
dig	_	_	_	_	_	3	obj	_	_
Smarties	_	_	_	_	_	3	vocative	_	_
.	_	_	_	_	_	3	punct	_	_","want	_	VERB	VBP	_	_	0	root	_	_
I	_	PRON	PRP	_	_	3	nsubj	_	_
want	_	VERB	VBP	_	_	1	ccomp	_	_
a	_	DET	DT	_	_	6	det	_	_
dig	_	NOUN	NN	_	_	6	compound	_	_
Smarties	_	NOUN	NNS	_	_	3	obj	_	_
.	_	PUNCT	.	_	_	1	punct	_	_"
wanna to dig snow .,"wanna	_	_	_	_	_	0	root	_	_
to	_	_	_	_	_	3	mark	_	_
dig	_	_	_	_	_	1	xcomp	_	_
snow	_	_	_	_	_	3	obj	_	_
.	_	_	_	_	_	1	punct	_	_","wanna	_	_	_	_	_	0	root	_	_
to	_	_	_	_	_	3	mark	_	_
dig	_	_	_	_	_	1	xcomp	_	_
snow	_	_	_	_	_	3	obj	_	_
.	_	_	_	_	_	1	punct	_	_","wan	_	VERB	VBP	_	_	0	root	_	_
na	_	PART	TO	_	_	4	mark	_	_
to	_	PART	TO	_	_	4	mark	_	_
dig	_	VERB	VB	_	_	1	xcomp	_	_
snow	_	NOUN	NN	_	_	4	obj	_	_
.	_	PUNCT	.	_	_	1	punct	_	_"
I'd like Smarties dig snow .,"I'd	_	_	_	_	_	2	nsubj	_	_
like	_	_	_	_	_	0	root	_	_
Smarties	_	_	_	_	_	4	nsubj	_	_
dig	_	_	_	_	_	2	xcomp	_	_
snow	_	_	_	_	_	4	obj	_	_
.	_	_	_	_	_	2	punct	_	_","I'd	_	_	_	_	_	2	nsubj	_	_
like	_	_	_	_	_	0	root	_	_
Smarties	_	_	_	_	_	4	nsubj	_	_
dig	_	_	_	_	_	2	xcomp	_	_
snow	_	_	_	_	_	4	obj	_	_
.	_	_	_	_	_	2	punct	_	_","I	_	PRON	PRP	_	_	3	nsubj	_	_
'd	_	AUX	MD	_	_	3	aux	_	_
like	_	VERB	VB	_	_	0	root	_	_
Smarties	_	PROPN	NNPS	_	_	3	obj	_	_
dig	_	VERB	VB	_	_	3	xcomp	_	_
snow	_	NOUN	NN	_	_	5	obj	_	_
.	_	PUNCT	.	_	_	3	punct	_	_"
a digs more digs Smarties .,"a	_	_	_	_	_	2	discourse	_	_
digs	_	_	_	_	_	0	root	_	_
more	_	_	_	_	_	4	amod	_	_
digs	_	_	_	_	_	2	parataxis	_	_
Smarties	_	_	_	_	_	4	vocative	_	_
.	_	_	_	_	_	2	punct	_	_","a	_	_	_	_	_	2	nsubj	_	_
digs	_	_	_	_	_	0	root	_	_
more	_	_	_	_	_	4	amod	_	_
digs	_	_	_	_	_	2	obj	_	_
Smarties	_	_	_	_	_	2	vocative	_	_
.	_	_	_	_	_	2	punct	_	_","a	_	DET	DT	_	_	2	nsubj	_	_
digs	_	VERB	VBZ	_	_	0	root	_	_
more	_	ADJ	JJR	_	_	5	amod	_	_
digs	_	NOUN	NNS	_	_	5	compound	_	_
Smarties	_	NOUN	NNS	_	_	2	obj	_	_
.	_	PUNCT	.	_	_	2	punct	_	_"
digger digger going to dig Smarties .,"digger	_	_	_	_	_	3	reparandum	_	_
digger	_	_	_	_	_	1	conj	_	_
going	_	_	_	_	_	0	root	_	_
to	_	_	_	_	_	5	mark	_	_
dig	_	_	_	_	_	3	xcomp	_	_
Smarties	_	_	_	_	_	5	obj	_	_
.	_	_	_	_	_	1	punct	_	_","digger	_	_	_	_	_	3	discourse	_	_
digger	_	_	_	_	_	3	discourse	_	_
going	_	_	_	_	_	0	root	_	_
to	_	_	_	_	_	5	mark	_	_
dig	_	_	_	_	_	3	xcomp	_	_
Smarties	_	_	_	_	_	5	obj	_	_
.	_	_	_	_	_	3	punct	_	_","digger	_	NOUN	NN	_	_	2	compound	_	_
digger	_	NOUN	NN	_	_	3	nsubj	_	_
going	_	VERB	VBG	_	_	0	root	_	_
to	_	ADP	IN	_	_	6	case	_	_
dig	_	VERB	VB	_	_	6	compound	_	_
Smarties	_	PROPN	NNPS	_	_	3	obl	_	_
.	_	PUNCT	.	_	_	3	punct	_	_"
put digger it's in the pot .,"put	_	_	_	_	_	0	root	_	_
digger	_	_	_	_	_	1	obj	_	_
it's	_	_	_	_	_	6	cop	_	_
in	_	_	_	_	_	6	case	_	_
the	_	_	_	_	_	6	det	_	_
pot	_	_	_	_	_	1	parataxis	_	_
.	_	_	_	_	_	1	punct	_	_","put	_	_	_	_	_	0	root	_	_
digger	_	_	_	_	_	1	obj	_	_
it's	_	_	_	_	_	6	nsubj	_	_
in	_	_	_	_	_	6	case	_	_
the	_	_	_	_	_	6	det	_	_
pot	_	_	_	_	_	1	parataxis	_	_
.	_	_	_	_	_	1	punct	_	_","put	_	VERB	VB	_	_	0	root	_	_
digger	_	NOUN	NN	_	_	1	obj	_	_
it	_	PRON	PRP	_	_	7	nsubj	_	_
's	_	AUX	VBZ	_	_	7	cop	_	_
in	_	ADP	IN	_	_	7	case	_	_
the	_	DET	DT	_	_	7	det	_	_
pot	_	NOUN	NN	_	_	1	advcl	_	_
.	_	PUNCT	.	_	_	1	punct	_	_"
this can't fit on .,"this	_	_	_	_	_	3	nsubj	_	_
can't	_	_	_	_	_	3	aux	_	_
fit	_	_	_	_	_	0	root	_	_
on	_	_	_	_	_	3	advmod	_	_
.	_	_	_	_	_	3	punct	_	_","this	_	_	_	_	_	3	nsubj	_	_
can't	_	_	_	_	_	3	aux	_	_
fit	_	_	_	_	_	0	root	_	_
on	_	_	_	_	_	3	advmod	_	_
.	_	_	_	_	_	3	punct	_	_","this	_	PRON	DT	_	_	4	nsubj	_	_
ca	_	AUX	MD	_	_	4	aux	_	_
n't	_	PART	RB	_	_	4	advmod	_	_
fit	_	VERB	VB	_	_	0	root	_	_
on	_	ADP	IN	_	_	4	advmod	_	_
.	_	PUNCT	.	_	_	4	punct	_	_"
this one can't fit on .,"this	_	_	_	_	_	2	det	_	_
one	_	_	_	_	_	4	nsubj	_	_
can't	_	_	_	_	_	4	aux	_	_
fit	_	_	_	_	_	0	root	_	_
on	_	_	_	_	_	4	advmod	_	_
.	_	_	_	_	_	4	punct	_	_","this	_	_	_	_	_	2	det	_	_
one	_	_	_	_	_	4	nsubj	_	_
can't	_	_	_	_	_	4	advmod	_	_
fit	_	_	_	_	_	0	root	_	_
on	_	_	_	_	_	4	compound:prt	_	_
.	_	_	_	_	_	4	punct	_	_","this	_	DET	DT	_	_	2	det	_	_
one	_	NOUN	NN	_	_	5	nsubj	_	_
ca	_	AUX	MD	_	_	5	aux	_	_
n't	_	PART	RB	_	_	5	advmod	_	_
fit	_	VERB	VB	_	_	0	root	_	_
on	_	ADP	IN	_	_	5	advmod	_	_
.	_	PUNCT	.	_	_	5	punct	_	_"
boxes can't fit .,"boxes	_	_	_	_	_	3	nsubj	_	_
can't	_	_	_	_	_	3	advmod	_	_
fit	_	_	_	_	_	0	root	_	_
.	_	_	_	_	_	3	punct	_	_","boxes	_	_	_	_	_	3	nsubj	_	_
can't	_	_	_	_	_	3	aux	_	_
fit	_	_	_	_	_	0	root	_	_
.	_	_	_	_	_	3	punct	_	_","boxes	_	NOUN	NNS	_	_	4	nsubj	_	_
ca	_	AUX	MD	_	_	4	aux	_	_
n't	_	PART	RB	_	_	4	advmod	_	_
fit	_	VERB	VB	_	_	0	root	_	_
.	_	PUNCT	.	_	_	4	punct	_	_"
boxes can't fit .,"boxes	_	_	_	_	_	3	nsubj	_	_
can't	_	_	_	_	_	3	advmod	_	_
fit	_	_	_	_	_	0	root	_	_
.	_	_	_	_	_	3	punct	_	_","boxes	_	_	_	_	_	3	nsubj	_	_
can't	_	_	_	_	_	3	aux	_	_
fit	_	_	_	_	_	0	root	_	_
.	_	_	_	_	_	3	punct	_	_","boxes	_	NOUN	NNS	_	_	4	nsubj	_	_
ca	_	AUX	MD	_	_	4	aux	_	_
n't	_	PART	RB	_	_	4	advmod	_	_
fit	_	VERB	VB	_	_	0	root	_	_
.	_	PUNCT	.	_	_	4	punct	_	_"
it coming out !,"it	_	_	_	_	_	2	nsubj	_	_
coming	_	_	_	_	_	0	root	_	_
out	_	_	_	_	_	2	advmod	_	_
!	_	_	_	_	_	2	punct	_	_","it	_	_	_	_	_	2	nsubj	_	_
coming	_	_	_	_	_	0	root	_	_
out	_	_	_	_	_	2	compound:prt	_	_
!	_	_	_	_	_	2	punct	_	_","it	_	PRON	PRP	_	_	2	nsubj	_	_
coming	_	VERB	VBG	_	_	0	root	_	_
out	_	ADP	RP	_	_	2	compound:prt	_	_
!	_	PUNCT	.	_	_	2	punct	_	_"
where my slippers gone ?,"where	_	_	_	_	_	4	advmod	_	_
my	_	_	_	_	_	3	nmod:poss	_	_
slippers	_	_	_	_	_	4	nsubj	_	_
gone	_	_	_	_	_	0	root	_	_
?	_	_	_	_	_	4	punct	_	_","where	_	_	_	_	_	4	aux	_	_
my	_	_	_	_	_	3	nmod:poss	_	_
slippers	_	_	_	_	_	4	nsubj	_	_
gone	_	_	_	_	_	0	root	_	_
?	_	_	_	_	_	4	punct	_	_","where	_	ADV	WRB	_	_	4	advmod	_	_
my	_	PRON	PRP$	_	_	3	nmod:poss	_	_
slippers	_	NOUN	NNS	_	_	4	nsubj	_	_
gone	_	VERB	VBD	_	_	0	root	_	_
?	_	PUNCT	.	_	_	4	punct	_	_"
you you sitting on .,"you	_	_	_	_	_	2	reparandum	_	_
you	_	_	_	_	_	3	nsubj	_	_
sitting	_	_	_	_	_	0	root	_	_
on	_	_	_	_	_	3	obl	_	_
.	_	_	_	_	_	3	punct	_	_","you	_	_	_	_	_	3	nsubj	_	_
you	_	_	_	_	_	3	nsubj	_	_
sitting	_	_	_	_	_	0	root	_	_
on	_	_	_	_	_	3	obl	_	_
.	_	_	_	_	_	3	punct	_	_","you	_	PRON	PRP	_	_	3	nsubj	_	_
you	_	PRON	PRP	_	_	3	nsubj	_	_
sitting	_	VERB	VBG	_	_	0	root	_	_
on	_	ADP	IN	_	_	3	obl	_	_
.	_	PUNCT	.	_	_	3	punct	_	_"
a poorly there .,"a	_	_	_	_	_	2	discourse	_	_
poorly	_	_	_	_	_	3	advmod	_	_
there	_	_	_	_	_	0	root	_	_
.	_	_	_	_	_	3	punct	_	_","a	_	_	_	_	_	2	det	_	_
poorly	_	_	_	_	_	0	root	_	_
there	_	_	_	_	_	2	advmod	_	_
.	_	_	_	_	_	2	punct	_	_","a	_	DET	DT	_	_	3	det	_	_
poorly	_	ADV	RB	_	_	3	advmod	_	_
there	_	ADV	RB	_	_	0	root	_	_
.	_	PUNCT	.	_	_	3	punct	_	_"
don't want kiss it better .,"don't	_	_	_	_	_	2	aux	_	_
want	_	_	_	_	_	0	root	_	_
kiss	_	_	_	_	_	2	xcomp	_	_
it	_	_	_	_	_	3	obj	_	_
better	_	_	_	_	_	3	advmod	_	_
.	_	_	_	_	_	2	punct	_	_","don't	_	_	_	_	_	2	aux	_	_
want	_	_	_	_	_	0	root	_	_
kiss	_	_	_	_	_	2	xcomp	_	_
it	_	_	_	_	_	3	obj	_	_
better	_	_	_	_	_	3	advmod	_	_
.	_	_	_	_	_	2	punct	_	_","do	_	AUX	VBP	_	_	3	aux	_	_
n't	_	PART	RB	_	_	3	advmod	_	_
want	_	VERB	VB	_	_	0	root	_	_
kiss	_	VERB	VB	_	_	3	xcomp	_	_
it	_	PRON	PRP	_	_	4	obj	_	_
better	_	ADJ	JJR	_	_	4	xcomp	_	_
.	_	PUNCT	.	_	_	3	punct	_	_"
mummy have another apple ?,"mummy	_	_	_	_	_	2	vocative	_	_
have	_	_	_	_	_	0	root	_	_
another	_	_	_	_	_	4	det	_	_
apple	_	_	_	_	_	2	obj	_	_
?	_	_	_	_	_	2	punct	_	_","mummy	_	_	_	_	_	2	vocative	_	_
have	_	_	_	_	_	0	root	_	_
another	_	_	_	_	_	4	det	_	_
apple	_	_	_	_	_	2	obj	_	_
?	_	_	_	_	_	2	punct	_	_","mummy	_	NOUN	NN	_	_	2	nsubj	_	_
have	_	VERB	VB	_	_	0	root	_	_
another	_	DET	DT	_	_	4	det	_	_
apple	_	NOUN	NN	_	_	2	obj	_	_
?	_	PUNCT	.	_	_	2	punct	_	_"
mummy get orange .,"mummy	_	_	_	_	_	2	vocative	_	_
get	_	_	_	_	_	0	root	_	_
orange	_	_	_	_	_	2	obj	_	_
.	_	_	_	_	_	2	punct	_	_","mummy	_	_	_	_	_	2	nsubj	_	_
get	_	_	_	_	_	0	root	_	_
orange	_	_	_	_	_	2	xcomp	_	_
.	_	_	_	_	_	2	punct	_	_","mummy	_	NOUN	NN	_	_	2	nsubj	_	_
get	_	VERB	VB	_	_	0	root	_	_
orange	_	ADJ	JJ	_	_	2	xcomp	_	_
.	_	PUNCT	.	_	_	2	punct	_	_"
you go away because Jack want a come .,"you	_	_	_	_	_	2	nsubj	_	_
go	_	_	_	_	_	0	root	_	_
away	_	_	_	_	_	2	advmod	_	_
because	_	_	_	_	_	6	mark	_	_
Jack	_	_	_	_	_	6	nsubj	_	_
want	_	_	_	_	_	2	advcl	_	_
a	_	_	_	_	_	8	det	_	_
come	_	_	_	_	_	6	xcomp	_	_
.	_	_	_	_	_	2	punct	_	_","you	_	_	_	_	_	2	nsubj	_	_
go	_	_	_	_	_	0	root	_	_
away	_	_	_	_	_	2	advmod	_	_
because	_	_	_	_	_	6	mark	_	_
Jack	_	_	_	_	_	6	nsubj	_	_
want	_	_	_	_	_	2	advcl	_	_
a	_	_	_	_	_	8	det	_	_
come	_	_	_	_	_	6	xcomp	_	_
.	_	_	_	_	_	2	punct	_	_","you	_	PRON	PRP	_	_	2	nsubj	_	_
go	_	VERB	VBP	_	_	0	root	_	_
away	_	ADV	RB	_	_	2	advmod	_	_
because	_	SCONJ	IN	_	_	6	mark	_	_
Jack	_	PROPN	NNP	_	_	6	nsubj	_	_
want	_	VERB	VBP	_	_	2	advcl	_	_
a	_	DET	DT	_	_	8	det	_	_
come	_	NOUN	NN	_	_	6	obj	_	_
.	_	PUNCT	.	_	_	2	punct	_	_"
"nothing have to come , Jack .","nothing	_	_	_	_	_	2	nsubj	_	_
have	_	_	_	_	_	0	root	_	_
to	_	_	_	_	_	4	mark	_	_
come	_	_	_	_	_	2	xcomp	_	_
,	_	_	_	_	_	2	vocative	_	_
Jack	_	_	_	_	_	2	vocative	_	_
.	_	_	_	_	_	2	punct	_	_","nothing	_	_	_	_	_	2	nsubj	_	_
have	_	_	_	_	_	0	root	_	_
to	_	_	_	_	_	4	mark	_	_
come	_	_	_	_	_	2	xcomp	_	_
,	_	_	_	_	_	6	punct	_	_
Jack	_	_	_	_	_	2	vocative	_	_
.	_	_	_	_	_	2	punct	_	_","nothing	_	PRON	NN	_	_	2	nsubj	_	_
have	_	VERB	VBP	_	_	0	root	_	_
to	_	PART	TO	_	_	4	mark	_	_
come	_	VERB	VB	_	_	2	xcomp	_	_
,	_	PUNCT	,	_	_	6	punct	_	_
Jack	_	PROPN	NNP	_	_	4	vocative	_	_
.	_	PUNCT	.	_	_	2	punct	_	_"
"I'm sorry I made poo in my pants , I am .","I'm	_	_	_	_	_	2	cop	_	_
sorry	_	_	_	_	_	0	root	_	_
I	_	_	_	_	_	4	nsubj	_	_
made	_	_	_	_	_	2	ccomp	_	_
poo	_	_	_	_	_	4	obj	_	_
in	_	_	_	_	_	8	case	_	_
my	_	_	_	_	_	8	nmod:poss	_	_
pants	_	_	_	_	_	4	obl	_	_
,	_	_	_	_	_	11	mark	_	_
I	_	_	_	_	_	11	nsubj	_	_
am	_	_	_	_	_	2	parataxis	_	_
.	_	_	_	_	_	2	punct	_	_","I'm	_	_	_	_	_	2	nsubj	_	_
sorry	_	_	_	_	_	0	root	_	_
I	_	_	_	_	_	4	nsubj	_	_
made	_	_	_	_	_	2	ccomp	_	_
poo	_	_	_	_	_	4	obj	_	_
in	_	_	_	_	_	8	case	_	_
my	_	_	_	_	_	8	nmod:poss	_	_
pants	_	_	_	_	_	4	obl	_	_
,	_	_	_	_	_	11	punct	_	_
I	_	_	_	_	_	11	nsubj	_	_
am	_	_	_	_	_	2	parataxis	_	_
.	_	_	_	_	_	2	punct	_	_","I	_	PRON	PRP	_	_	3	nsubj	_	_
'm	_	AUX	VBP	_	_	3	cop	_	_
sorry	_	ADJ	JJ	_	_	0	root	_	_
I	_	PRON	PRP	_	_	5	nsubj	_	_
made	_	VERB	VBD	_	_	3	ccomp	_	_
poo	_	NOUN	NN	_	_	5	obj	_	_
in	_	ADP	IN	_	_	9	case	_	_
my	_	PRON	PRP$	_	_	9	nmod:poss	_	_
pants	_	NOUN	NNS	_	_	5	obl	_	_
,	_	PUNCT	,	_	_	12	punct	_	_
I	_	PRON	PRP	_	_	12	nsubj	_	_
am	_	AUX	VBP	_	_	3	parataxis	_	_
.	_	PUNCT	.	_	_	3	punct	_	_"
which house she go to ?,"which	_	_	_	_	_	2	det	_	_
house	_	_	_	_	_	4	obl	_	_
she	_	_	_	_	_	4	nsubj	_	_
go	_	_	_	_	_	0	root	_	_
to	_	_	_	_	_	2	case	_	_
?	_	_	_	_	_	4	punct	_	_","which	_	_	_	_	_	2	det	_	_
house	_	_	_	_	_	4	obl	_	_
she	_	_	_	_	_	4	nsubj	_	_
go	_	_	_	_	_	0	root	_	_
to	_	_	_	_	_	2	case	_	_
?	_	_	_	_	_	4	punct	_	_","which	_	DET	WDT	_	_	2	det	_	_
house	_	NOUN	NN	_	_	4	obj	_	_
she	_	PRON	PRP	_	_	4	nsubj	_	_
go	_	VERB	VB	_	_	0	root	_	_
to	_	ADP	IN	_	_	4	obl	_	_
?	_	PUNCT	.	_	_	4	punct	_	_"
if I put my finger in your eye then it hurt and you go doctor's .,"if	_	_	_	_	_	3	mark	_	_
I	_	_	_	_	_	3	nsubj	_	_
put	_	_	_	_	_	11	advcl	_	_
my	_	_	_	_	_	5	nmod:poss	_	_
finger	_	_	_	_	_	3	obj	_	_
in	_	_	_	_	_	8	case	_	_
your	_	_	_	_	_	8	nmod:poss	_	_
eye	_	_	_	_	_	3	obl	_	_
then	_	_	_	_	_	11	advmod	_	_
it	_	_	_	_	_	11	nsubj	_	_
hurt	_	_	_	_	_	0	root	_	_
and	_	_	_	_	_	14	cc	_	_
you	_	_	_	_	_	14	nsubj	_	_
go	_	_	_	_	_	11	conj	_	_
doctor's	_	_	_	_	_	14	obl	_	_
.	_	_	_	_	_	11	punct	_	_","if	_	_	_	_	_	3	mark	_	_
I	_	_	_	_	_	3	nsubj	_	_
put	_	_	_	_	_	11	advcl	_	_
my	_	_	_	_	_	5	nmod:poss	_	_
finger	_	_	_	_	_	3	obj	_	_
in	_	_	_	_	_	8	case	_	_
your	_	_	_	_	_	8	nmod:poss	_	_
eye	_	_	_	_	_	3	obl	_	_
then	_	_	_	_	_	11	advmod	_	_
it	_	_	_	_	_	11	nsubj	_	_
hurt	_	_	_	_	_	0	root	_	_
and	_	_	_	_	_	14	cc	_	_
you	_	_	_	_	_	14	nsubj	_	_
go	_	_	_	_	_	11	conj	_	_
doctor's	_	_	_	_	_	14	xcomp	_	_
.	_	_	_	_	_	11	punct	_	_","if	_	SCONJ	IN	_	_	3	mark	_	_
I	_	PRON	PRP	_	_	3	nsubj	_	_
put	_	VERB	VBD	_	_	11	advcl	_	_
my	_	PRON	PRP$	_	_	5	nmod:poss	_	_
finger	_	NOUN	NN	_	_	3	obj	_	_
in	_	ADP	IN	_	_	8	case	_	_
your	_	PRON	PRP$	_	_	8	nmod:poss	_	_
eye	_	NOUN	NN	_	_	3	obl	_	_
then	_	ADV	RB	_	_	11	advmod	_	_
it	_	PRON	PRP	_	_	11	nsubj	_	_
hurt	_	VERB	VBD	_	_	0	root	_	_
and	_	CCONJ	CC	_	_	14	cc	_	_
you	_	PRON	PRP	_	_	14	nsubj	_	_
go	_	VERB	VBP	_	_	11	conj	_	_
doctor	_	NOUN	NN	_	_	14	obj	_	_
's	_	PART	POS	_	_	15	case	_	_
.	_	PUNCT	.	_	_	11	punct	_	_"
there's hat .,"there's	_	_	_	_	_	0	root	_	_
hat	_	_	_	_	_	1	nsubj	_	_
.	_	_	_	_	_	1	punct	_	_","there's	_	_	_	_	_	0	root	_	_
hat	_	_	_	_	_	1	nsubj	_	_
.	_	_	_	_	_	1	punct	_	_","there	_	PRON	EX	_	_	2	expl	_	_
's	_	VERB	VBZ	_	_	0	root	_	_
hat	_	NOUN	NN	_	_	2	nsubj	_	_
.	_	PUNCT	.	_	_	2	punct	_	_"
oh what's these ?,"oh	_	_	_	_	_	2	discourse	_	_
what's	_	_	_	_	_	0	root	_	_
these	_	_	_	_	_	2	nsubj	_	_
?	_	_	_	_	_	2	punct	_	_","oh	_	_	_	_	_	3	discourse	_	_
what's	_	_	_	_	_	3	cop	_	_
these	_	_	_	_	_	0	root	_	_
?	_	_	_	_	_	3	punct	_	_","oh	_	INTJ	UH	_	_	2	discourse	_	_
what	_	PRON	WP	_	_	0	root	_	_
's	_	AUX	VBZ	_	_	4	cop	_	_
these	_	PRON	DT	_	_	2	nsubj	_	_
?	_	PUNCT	.	_	_	2	punct	_	_"
shoe shoe shoe shoe shoe .,"shoe	_	_	_	_	_	0	root	_	_
shoe	_	_	_	_	_	1	conj	_	_
shoe	_	_	_	_	_	1	conj	_	_
shoe	_	_	_	_	_	1	conj	_	_
shoe	_	_	_	_	_	1	conj	_	_
.	_	_	_	_	_	1	punct	_	_","shoe	_	_	_	_	_	2	compound	_	_
shoe	_	_	_	_	_	3	compound	_	_
shoe	_	_	_	_	_	0	root	_	_
shoe	_	_	_	_	_	5	compound	_	_
shoe	_	_	_	_	_	3	obj	_	_
.	_	_	_	_	_	5	punct	_	_","shoe	_	NOUN	NN	_	_	2	compound	_	_
shoe	_	NOUN	NN	_	_	3	compound	_	_
shoe	_	NOUN	NN	_	_	4	compound	_	_
shoe	_	NOUN	NN	_	_	5	compound	_	_
shoe	_	NOUN	NN	_	_	0	root	_	_
.	_	PUNCT	.	_	_	5	punct	_	_"
watch strap .,"watch	_	_	_	_	_	2	compound	_	_
strap	_	_	_	_	_	0	root	_	_
.	_	_	_	_	_	2	punct	_	_","watch	_	_	_	_	_	2	compound	_	_
strap	_	_	_	_	_	0	root	_	_
.	_	_	_	_	_	2	punct	_	_","watch	_	VERB	VB	_	_	0	root	_	_
strap	_	NOUN	NN	_	_	1	obj	_	_
.	_	PUNCT	.	_	_	1	punct	_	_"
poo nice .,"poo	_	_	_	_	_	2	nsubj	_	_
nice	_	_	_	_	_	0	root	_	_
.	_	_	_	_	_	2	punct	_	_","poo	_	_	_	_	_	2	discourse	_	_
nice	_	_	_	_	_	0	root	_	_
.	_	_	_	_	_	2	punct	_	_","poo	_	VERB	VB	_	_	0	root	_	_
nice	_	ADJ	JJ	_	_	1	xcomp	_	_
.	_	PUNCT	.	_	_	1	punct	_	_"
poo nice .,"poo	_	_	_	_	_	2	nsubj	_	_
nice	_	_	_	_	_	0	root	_	_
.	_	_	_	_	_	2	punct	_	_","poo	_	_	_	_	_	2	discourse	_	_
nice	_	_	_	_	_	0	root	_	_
.	_	_	_	_	_	2	punct	_	_","poo	_	VERB	VB	_	_	0	root	_	_
nice	_	ADJ	JJ	_	_	1	xcomp	_	_
.	_	PUNCT	.	_	_	1	punct	_	_"
poo nice .,"poo	_	_	_	_	_	2	nsubj	_	_
nice	_	_	_	_	_	0	root	_	_
.	_	_	_	_	_	2	punct	_	_","poo	_	_	_	_	_	2	discourse	_	_
nice	_	_	_	_	_	0	root	_	_
.	_	_	_	_	_	2	punct	_	_","poo	_	VERB	VB	_	_	0	root	_	_
nice	_	ADJ	JJ	_	_	1	xcomp	_	_
.	_	PUNCT	.	_	_	1	punct	_	_"
Dadda chair .,"Dadda	_	_	_	_	_	2	nmod:poss	_	_
chair	_	_	_	_	_	0	root	_	_
.	_	_	_	_	_	2	punct	_	_","Dadda	_	_	_	_	_	2	compound	_	_
chair	_	_	_	_	_	0	root	_	_
.	_	_	_	_	_	2	punct	_	_","Dadda	_	PROPN	NNP	_	_	2	compound	_	_
chair	_	NOUN	NN	_	_	0	root	_	_
.	_	PUNCT	.	_	_	2	punct	_	_"
what this ?,"what	_	_	_	_	_	0	root	_	_
this	_	_	_	_	_	1	nsubj	_	_
?	_	_	_	_	_	1	punct	_	_","what	_	_	_	_	_	2	nsubj	_	_
this	_	_	_	_	_	0	root	_	_
?	_	_	_	_	_	2	punct	_	_","what	_	PRON	WP	_	_	0	root	_	_
this	_	PRON	DT	_	_	1	nsubj	_	_
?	_	PUNCT	.	_	_	1	punct	_	_"
mess two .,"mess	_	_	_	_	_	0	root	_	_
two	_	_	_	_	_	1	nummod	_	_
.	_	_	_	_	_	1	punct	_	_","mess	_	_	_	_	_	0	root	_	_
two	_	_	_	_	_	1	flat	_	_
.	_	_	_	_	_	1	punct	_	_","mess	_	VERB	VB	_	_	0	root	_	_
two	_	NUM	CD	_	_	1	obj	_	_
.	_	PUNCT	.	_	_	1	punct	_	_"
because the dog .,"because	_	_	_	_	_	3	mark	_	_
the	_	_	_	_	_	3	det	_	_
dog	_	_	_	_	_	0	root	_	_
.	_	_	_	_	_	3	punct	_	_","because	_	_	_	_	_	3	case	_	_
the	_	_	_	_	_	3	det	_	_
dog	_	_	_	_	_	0	root	_	_
.	_	_	_	_	_	3	punct	_	_","because	_	ADP	IN	_	_	3	case	_	_
the	_	DET	DT	_	_	3	det	_	_
dog	_	NOUN	NN	_	_	0	root	_	_
.	_	PUNCT	.	_	_	3	punct	_	_"
because the dog .,"because	_	_	_	_	_	3	mark	_	_
the	_	_	_	_	_	3	det	_	_
dog	_	_	_	_	_	0	root	_	_
.	_	_	_	_	_	3	punct	_	_","because	_	_	_	_	_	3	case	_	_
the	_	_	_	_	_	3	det	_	_
dog	_	_	_	_	_	0	root	_	_
.	_	_	_	_	_	3	punct	_	_","because	_	ADP	IN	_	_	3	case	_	_
the	_	DET	DT	_	_	3	det	_	_
dog	_	NOUN	NN	_	_	0	root	_	_
.	_	PUNCT	.	_	_	3	punct	_	_"
what that ?,"what	_	_	_	_	_	0	root	_	_
that	_	_	_	_	_	1	nsubj	_	_
?	_	_	_	_	_	1	punct	_	_","what	_	_	_	_	_	0	root	_	_
that	_	_	_	_	_	1	flat	_	_
?	_	_	_	_	_	2	punct	_	_","what	_	DET	WDT	_	_	2	det:predet	_	_
that	_	PRON	DT	_	_	0	root	_	_
?	_	PUNCT	.	_	_	2	punct	_	_"
now what we should make ?,"now	_	_	_	_	_	5	advmod	_	_
what	_	_	_	_	_	5	obj	_	_
we	_	_	_	_	_	5	nsubj	_	_
should	_	_	_	_	_	5	aux	_	_
make	_	_	_	_	_	0	root	_	_
?	_	_	_	_	_	5	punct	_	_","now	_	_	_	_	_	5	advmod	_	_
what	_	_	_	_	_	5	obj	_	_
we	_	_	_	_	_	5	nsubj	_	_
should	_	_	_	_	_	5	aux	_	_
make	_	_	_	_	_	0	root	_	_
?	_	_	_	_	_	5	punct	_	_","now	_	ADV	RB	_	_	2	advmod	_	_
what	_	PRON	WP	_	_	0	root	_	_
we	_	PRON	PRP	_	_	5	nsubj	_	_
should	_	AUX	MD	_	_	5	aux	_	_
make	_	VERB	VB	_	_	2	acl:relcl	_	_
?	_	PUNCT	.	_	_	2	punct	_	_"
now what we should make ?,"now	_	_	_	_	_	5	advmod	_	_
what	_	_	_	_	_	5	obj	_	_
we	_	_	_	_	_	5	nsubj	_	_
should	_	_	_	_	_	5	aux	_	_
make	_	_	_	_	_	0	root	_	_
?	_	_	_	_	_	5	punct	_	_","now	_	_	_	_	_	5	advmod	_	_
what	_	_	_	_	_	5	obj	_	_
we	_	_	_	_	_	5	nsubj	_	_
should	_	_	_	_	_	5	aux	_	_
make	_	_	_	_	_	0	root	_	_
?	_	_	_	_	_	5	punct	_	_","now	_	ADV	RB	_	_	2	advmod	_	_
what	_	PRON	WP	_	_	0	root	_	_
we	_	PRON	PRP	_	_	5	nsubj	_	_
should	_	AUX	MD	_	_	5	aux	_	_
make	_	VERB	VB	_	_	2	acl:relcl	_	_
?	_	PUNCT	.	_	_	2	punct	_	_"
yup and made play dough .,"yup	_	_	_	_	_	3	discourse	_	_
and	_	_	_	_	_	3	cc	_	_
made	_	_	_	_	_	0	root	_	_
play	_	_	_	_	_	5	compound	_	_
dough	_	_	_	_	_	3	obj	_	_
.	_	_	_	_	_	3	punct	_	_","yup	_	_	_	_	_	3	discourse	_	_
and	_	_	_	_	_	3	cc	_	_
made	_	_	_	_	_	0	root	_	_
play	_	_	_	_	_	5	compound	_	_
dough	_	_	_	_	_	3	obj	_	_
.	_	_	_	_	_	3	punct	_	_","yup	_	INTJ	UH	_	_	3	discourse	_	_
and	_	CCONJ	CC	_	_	3	cc	_	_
made	_	VERB	VBN	_	_	0	root	_	_
play	_	VERB	VB	_	_	3	xcomp	_	_
dough	_	NOUN	NN	_	_	4	obj	_	_
.	_	PUNCT	.	_	_	3	punct	_	_"
on a on a guitar pluck .,"on	_	_	_	_	_	2	case	_	_
a	_	_	_	_	_	3	reparandum	_	_
on	_	_	_	_	_	6	case	_	_
a	_	_	_	_	_	6	det	_	_
guitar	_	_	_	_	_	6	compound	_	_
pluck	_	_	_	_	_	0	root	_	_
.	_	_	_	_	_	6	punct	_	_","on	_	_	_	_	_	6	reparandum	_	_
a	_	_	_	_	_	6	reparandum	_	_
on	_	_	_	_	_	6	reparandum	_	_
a	_	_	_	_	_	6	det	_	_
guitar	_	_	_	_	_	6	compound	_	_
pluck	_	_	_	_	_	0	root	_	_
.	_	_	_	_	_	6	punct	_	_","on	_	ADP	IN	_	_	6	case	_	_
a	_	DET	DT	_	_	6	det	_	_
on	_	ADP	IN	_	_	6	case	_	_
a	_	DET	DT	_	_	6	det	_	_
guitar	_	NOUN	NN	_	_	6	compound	_	_
pluck	_	NOUN	NN	_	_	0	root	_	_
.	_	PUNCT	.	_	_	6	punct	_	_"
is dog ?,"is	_	_	_	_	_	0	root	_	_
dog	_	_	_	_	_	1	nsubj	_	_
?	_	_	_	_	_	1	punct	_	_","is	_	_	_	_	_	0	root	_	_
dog	_	_	_	_	_	1	nsubj	_	_
?	_	_	_	_	_	1	punct	_	_","is	_	AUX	VBZ	_	_	2	cop	_	_
dog	_	NOUN	NN	_	_	0	root	_	_
?	_	PUNCT	.	_	_	2	punct	_	_"
I wanna .,"I	_	_	_	_	_	2	nsubj	_	_
wanna	_	_	_	_	_	0	root	_	_
.	_	_	_	_	_	2	punct	_	_","I	_	_	_	_	_	2	nsubj	_	_
wanna	_	_	_	_	_	0	root	_	_
.	_	_	_	_	_	2	punct	_	_","I	_	PRON	PRP	_	_	2	nsubj	_	_
wan	_	VERB	VBP	_	_	0	root	_	_
na	_	PART	TO	_	_	2	xcomp	_	_
.	_	PUNCT	.	_	_	2	punct	_	_"
elephant's eating the peas .,"elephant's	_	_	_	_	_	2	nsubj	_	_
eating	_	_	_	_	_	0	root	_	_
the	_	_	_	_	_	4	det	_	_
peas	_	_	_	_	_	2	obj	_	_
.	_	_	_	_	_	2	punct	_	_","elephant's	_	_	_	_	_	2	nsubj	_	_
eating	_	_	_	_	_	0	root	_	_
the	_	_	_	_	_	4	det	_	_
peas	_	_	_	_	_	2	obj	_	_
.	_	_	_	_	_	2	punct	_	_","elephant	_	NOUN	NN	_	_	3	nsubj	_	_
's	_	AUX	VBZ	_	_	3	aux	_	_
eating	_	VERB	VBG	_	_	0	root	_	_
the	_	DET	DT	_	_	5	det	_	_
peas	_	NOUN	NNS	_	_	3	obj	_	_
.	_	PUNCT	.	_	_	3	punct	_	_"
that for peanut for him .,"that	_	_	_	_	_	3	nsubj	_	_
for	_	_	_	_	_	3	case	_	_
peanut	_	_	_	_	_	0	root	_	_
for	_	_	_	_	_	5	case	_	_
him	_	_	_	_	_	3	nmod	_	_
.	_	_	_	_	_	3	punct	_	_","that	_	_	_	_	_	3	nsubj	_	_
for	_	_	_	_	_	3	case	_	_
peanut	_	_	_	_	_	0	root	_	_
for	_	_	_	_	_	5	case	_	_
him	_	_	_	_	_	3	obl	_	_
.	_	_	_	_	_	3	punct	_	_","that	_	PRON	DT	_	_	0	root	_	_
for	_	ADP	IN	_	_	3	case	_	_
peanut	_	NOUN	NN	_	_	1	nmod	_	_
for	_	ADP	IN	_	_	5	case	_	_
him	_	PRON	PRP	_	_	1	nmod	_	_
.	_	PUNCT	.	_	_	1	punct	_	_"
that peanuts .,"that	_	_	_	_	_	2	nsubj	_	_
peanuts	_	_	_	_	_	0	root	_	_
.	_	_	_	_	_	2	punct	_	_","that	_	_	_	_	_	2	det	_	_
peanuts	_	_	_	_	_	0	root	_	_
.	_	_	_	_	_	2	punct	_	_","that	_	DET	DT	_	_	2	det	_	_
peanuts	_	NOUN	NNS	_	_	0	root	_	_
.	_	PUNCT	.	_	_	2	punct	_	_"
not play dough .,"not	_	_	_	_	_	3	advmod	_	_
play	_	_	_	_	_	3	compound	_	_
dough	_	_	_	_	_	0	root	_	_
.	_	_	_	_	_	3	punct	_	_","not	_	_	_	_	_	3	advmod	_	_
play	_	_	_	_	_	3	compound	_	_
dough	_	_	_	_	_	0	root	_	_
.	_	_	_	_	_	3	punct	_	_","not	_	PART	RB	_	_	2	advmod	_	_
play	_	VERB	VB	_	_	0	root	_	_
dough	_	NOUN	NN	_	_	2	obj	_	_
.	_	PUNCT	.	_	_	2	punct	_	_"
brown they are .,"brown	_	_	_	_	_	0	root	_	_
they	_	_	_	_	_	1	nsubj	_	_
are	_	_	_	_	_	1	cop	_	_
.	_	_	_	_	_	1	punct	_	_","brown	_	_	_	_	_	0	root	_	_
they	_	_	_	_	_	1	nsubj	_	_
are	_	_	_	_	_	1	cop	_	_
.	_	_	_	_	_	1	punct	_	_","brown	_	ADJ	JJ	_	_	0	root	_	_
they	_	PRON	PRP	_	_	3	nsubj	_	_
are	_	AUX	VBP	_	_	1	cop	_	_
.	_	PUNCT	.	_	_	1	punct	_	_"
got lot of play dough Mommy .,"got	_	_	_	_	_	0	root	_	_
lot	_	_	_	_	_	1	obj	_	_
of	_	_	_	_	_	5	case	_	_
play	_	_	_	_	_	5	compound	_	_
dough	_	_	_	_	_	2	nmod	_	_
Mommy	_	_	_	_	_	1	vocative	_	_
.	_	_	_	_	_	1	punct	_	_","got	_	_	_	_	_	0	root	_	_
lot	_	_	_	_	_	1	obj	_	_
of	_	_	_	_	_	5	case	_	_
play	_	_	_	_	_	5	compound	_	_
dough	_	_	_	_	_	2	nmod	_	_
Mommy	_	_	_	_	_	1	vocative	_	_
.	_	_	_	_	_	1	punct	_	_","got	_	VERB	VBD	_	_	0	root	_	_
lot	_	NOUN	NN	_	_	1	obj	_	_
of	_	ADP	IN	_	_	5	case	_	_
play	_	NOUN	NN	_	_	5	compound	_	_
dough	_	NOUN	NN	_	_	2	nmod	_	_
Mommy	_	PROPN	NNP	_	_	5	flat	_	_
.	_	PUNCT	.	_	_	1	punct	_	_"
where's my little play dough Mommy ?,"where's	_	_	_	_	_	0	root	_	_
my	_	_	_	_	_	5	nmod:poss	_	_
little	_	_	_	_	_	5	amod	_	_
play	_	_	_	_	_	5	compound	_	_
dough	_	_	_	_	_	1	nsubj	_	_
Mommy	_	_	_	_	_	1	vocative	_	_
?	_	_	_	_	_	1	punct	_	_","where's	_	_	_	_	_	0	root	_	_
my	_	_	_	_	_	5	nmod:poss	_	_
little	_	_	_	_	_	5	amod	_	_
play	_	_	_	_	_	5	compound	_	_
dough	_	_	_	_	_	1	nsubj	_	_
Mommy	_	_	_	_	_	5	vocative	_	_
?	_	_	_	_	_	1	punct	_	_","where	_	ADV	WRB	_	_	0	root	_	_
's	_	AUX	VBZ	_	_	1	cop	_	_
my	_	PRON	PRP$	_	_	6	nmod:poss	_	_
little	_	ADJ	JJ	_	_	6	amod	_	_
play	_	NOUN	NN	_	_	6	compound	_	_
dough	_	NOUN	NN	_	_	1	nsubj	_	_
Mommy	_	PROPN	NNP	_	_	6	vocative	_	_
?	_	PUNCT	.	_	_	1	punct	_	_"
this this a fish on my tummy .,"this	_	_	_	_	_	2	reparandum	_	_
this	_	_	_	_	_	4	nsubj	_	_
a	_	_	_	_	_	4	det	_	_
fish	_	_	_	_	_	0	root	_	_
on	_	_	_	_	_	7	case	_	_
my	_	_	_	_	_	7	nmod:poss	_	_
tummy	_	_	_	_	_	4	nmod	_	_
.	_	_	_	_	_	4	punct	_	_","this	_	_	_	_	_	2	reparandum	_	_
this	_	_	_	_	_	4	reparandum	_	_
a	_	_	_	_	_	4	det	_	_
fish	_	_	_	_	_	0	root	_	_
on	_	_	_	_	_	7	case	_	_
my	_	_	_	_	_	7	nmod:poss	_	_
tummy	_	_	_	_	_	4	nmod	_	_
.	_	_	_	_	_	4	punct	_	_","this	_	PRON	DT	_	_	4	nsubj	_	_
this	_	PRON	DT	_	_	4	nsubj	_	_
a	_	DET	DT	_	_	4	det	_	_
fish	_	NOUN	NN	_	_	0	root	_	_
on	_	ADP	IN	_	_	7	case	_	_
my	_	PRON	PRP$	_	_	7	nmod:poss	_	_
tummy	_	NOUN	NN	_	_	4	nmod	_	_
.	_	PUNCT	.	_	_	4	punct	_	_"
that's to my fingers .,"that's	_	_	_	_	_	4	nsubj	_	_
to	_	_	_	_	_	4	case	_	_
my	_	_	_	_	_	4	nmod:poss	_	_
fingers	_	_	_	_	_	0	root	_	_
.	_	_	_	_	_	4	punct	_	_","that's	_	_	_	_	_	4	nsubj	_	_
to	_	_	_	_	_	4	case	_	_
my	_	_	_	_	_	4	nmod:poss	_	_
fingers	_	_	_	_	_	0	root	_	_
.	_	_	_	_	_	4	punct	_	_","that	_	PRON	DT	_	_	5	nsubj	_	_
's	_	AUX	VBZ	_	_	5	cop	_	_
to	_	ADP	IN	_	_	5	case	_	_
my	_	PRON	PRP$	_	_	5	nmod:poss	_	_
fingers	_	NOUN	NNS	_	_	0	root	_	_
.	_	PUNCT	.	_	_	5	punct	_	_"
oh lookat lookat lookat .,"oh	_	_	_	_	_	2	discourse	_	_
lookat	_	_	_	_	_	0	root	_	_
lookat	_	_	_	_	_	2	conj	_	_
lookat	_	_	_	_	_	2	conj	_	_
.	_	_	_	_	_	2	punct	_	_","oh	_	_	_	_	_	2	discourse	_	_
lookat	_	_	_	_	_	0	root	_	_
lookat	_	_	_	_	_	2	conj	_	_
lookat	_	_	_	_	_	2	conj	_	_
.	_	_	_	_	_	2	punct	_	_","oh	_	INTJ	UH	_	_	4	discourse	_	_
lookat	_	INTJ	UH	_	_	4	discourse	_	_
lookat	_	PROPN	NNP	_	_	4	compound	_	_
lookat	_	NOUN	NN	_	_	0	root	_	_
.	_	PUNCT	.	_	_	4	punct	_	_"
let's a sandwich .,"let's	_	_	_	_	_	0	root	_	_
a	_	_	_	_	_	3	det	_	_
sandwich	_	_	_	_	_	1	obj	_	_
.	_	_	_	_	_	1	punct	_	_","let's	_	_	_	_	_	0	root	_	_
a	_	_	_	_	_	3	det	_	_
sandwich	_	_	_	_	_	1	obj	_	_
.	_	_	_	_	_	1	punct	_	_","let	_	VERB	VB	_	_	0	root	_	_
's	_	PRON	PRP	_	_	1	iobj	_	_
a	_	DET	DT	_	_	4	det	_	_
sandwich	_	NOUN	NN	_	_	1	xcomp	_	_
.	_	PUNCT	.	_	_	1	punct	_	_"
eat it all up .,"eat	_	_	_	_	_	0	root	_	_
it	_	_	_	_	_	1	obj	_	_
all	_	_	_	_	_	4	advmod	_	_
up	_	_	_	_	_	1	compound:prt	_	_
.	_	_	_	_	_	1	punct	_	_","eat	_	_	_	_	_	0	root	_	_
it	_	_	_	_	_	1	obj	_	_
all	_	_	_	_	_	2	det	_	_
up	_	_	_	_	_	1	compound:prt	_	_
.	_	_	_	_	_	1	punct	_	_","eat	_	VERB	VB	_	_	0	root	_	_
it	_	PRON	PRP	_	_	1	obj	_	_
all	_	DET	DT	_	_	4	det	_	_
up	_	ADP	RP	_	_	1	compound:prt	_	_
.	_	PUNCT	.	_	_	1	punct	_	_"
is broken .,"is	_	_	_	_	_	2	cop	_	_
broken	_	_	_	_	_	0	root	_	_
.	_	_	_	_	_	2	punct	_	_","is	_	_	_	_	_	2	cop	_	_
broken	_	_	_	_	_	0	root	_	_
.	_	_	_	_	_	2	punct	_	_","is	_	AUX	VBZ	_	_	2	aux:pass	_	_
broken	_	VERB	VBN	_	_	0	root	_	_
.	_	PUNCT	.	_	_	2	punct	_	_"
uh you all over me .,"uh	_	_	_	_	_	5	discourse	_	_
you	_	_	_	_	_	5	nsubj	_	_
all	_	_	_	_	_	5	advmod	_	_
over	_	_	_	_	_	5	case	_	_
me	_	_	_	_	_	0	root	_	_
.	_	_	_	_	_	5	punct	_	_","uh	_	_	_	_	_	2	discourse	_	_
you	_	_	_	_	_	5	nsubj	_	_
all	_	_	_	_	_	5	advmod	_	_
over	_	_	_	_	_	5	case	_	_
me	_	_	_	_	_	0	root	_	_
.	_	_	_	_	_	5	punct	_	_","uh	_	INTJ	UH	_	_	5	discourse	_	_
you	_	PRON	PRP	_	_	5	nsubj	_	_
all	_	DET	DT	_	_	5	advmod	_	_
over	_	ADP	IN	_	_	5	case	_	_
me	_	PRON	PRP	_	_	0	root	_	_
.	_	PUNCT	.	_	_	5	punct	_	_"
I'm going to .,"I'm	_	_	_	_	_	2	nsubj	_	_
going	_	_	_	_	_	0	root	_	_
to	_	_	_	_	_	2	xcomp	_	_
.	_	_	_	_	_	2	punct	_	_","I'm	_	_	_	_	_	2	nsubj	_	_
going	_	_	_	_	_	0	root	_	_
to	_	_	_	_	_	2	xcomp	_	_
.	_	_	_	_	_	2	punct	_	_","I	_	PRON	PRP	_	_	3	nsubj	_	_
'm	_	AUX	VBP	_	_	3	aux	_	_
going	_	VERB	VBG	_	_	0	root	_	_
to	_	PART	TO	_	_	3	xcomp	_	_
.	_	PUNCT	.	_	_	3	punct	_	_"
said yes .,"said	_	_	_	_	_	0	root	_	_
yes	_	_	_	_	_	1	obj	_	_
.	_	_	_	_	_	1	punct	_	_","said	_	_	_	_	_	0	root	_	_
yes	_	_	_	_	_	1	ccomp	_	_
.	_	_	_	_	_	1	punct	_	_","said	_	VERB	VBD	_	_	0	root	_	_
yes	_	INTJ	UH	_	_	1	discourse	_	_
.	_	PUNCT	.	_	_	1	punct	_	_"
I wanna .,"I	_	_	_	_	_	2	nsubj	_	_
wanna	_	_	_	_	_	0	root	_	_
.	_	_	_	_	_	2	punct	_	_","I	_	_	_	_	_	2	nsubj	_	_
wanna	_	_	_	_	_	0	root	_	_
.	_	_	_	_	_	2	punct	_	_","I	_	PRON	PRP	_	_	2	nsubj	_	_
wan	_	VERB	VBP	_	_	0	root	_	_
na	_	PART	TO	_	_	2	xcomp	_	_
.	_	PUNCT	.	_	_	2	punct	_	_"
and this is a big right here .,"and	_	_	_	_	_	5	cc	_	_
this	_	_	_	_	_	5	nsubj	_	_
is	_	_	_	_	_	5	cop	_	_
a	_	_	_	_	_	5	det	_	_
big	_	_	_	_	_	0	root	_	_
right	_	_	_	_	_	7	advmod	_	_
here	_	_	_	_	_	5	advmod	_	_
.	_	_	_	_	_	5	punct	_	_","and	_	_	_	_	_	5	cc	_	_
this	_	_	_	_	_	5	nsubj	_	_
is	_	_	_	_	_	5	cop	_	_
a	_	_	_	_	_	6	det	_	_
big	_	_	_	_	_	6	amod	_	_
right	_	_	_	_	_	0	root	_	_
here	_	_	_	_	_	6	advmod	_	_
.	_	_	_	_	_	6	punct	_	_","and	_	CCONJ	CC	_	_	6	cc	_	_
this	_	PRON	DT	_	_	6	nsubj	_	_
is	_	AUX	VBZ	_	_	6	cop	_	_
a	_	DET	DT	_	_	6	det	_	_
big	_	ADJ	JJ	_	_	6	amod	_	_
right	_	NOUN	NN	_	_	0	root	_	_
here	_	ADV	RB	_	_	6	advmod	_	_
.	_	PUNCT	.	_	_	6	punct	_	_"
is a little .,"is	_	_	_	_	_	0	root	_	_
a	_	_	_	_	_	3	det	_	_
little	_	_	_	_	_	1	advmod	_	_
.	_	_	_	_	_	1	punct	_	_","is	_	_	_	_	_	3	cop	_	_
a	_	_	_	_	_	3	det	_	_
little	_	_	_	_	_	0	root	_	_
.	_	_	_	_	_	3	punct	_	_","is	_	AUX	VBZ	_	_	3	cop	_	_
a	_	DET	DT	_	_	3	det	_	_
little	_	ADJ	JJ	_	_	0	root	_	_
.	_	PUNCT	.	_	_	3	punct	_	_"
tomatoes squash spaghetti for you eat .,"tomatoes	_	_	_	_	_	0	root	_	_
squash	_	_	_	_	_	1	conj	_	_
spaghetti	_	_	_	_	_	1	conj	_	_
for	_	_	_	_	_	5	case	_	_
you	_	_	_	_	_	6	obl	_	_
eat	_	_	_	_	_	1	parataxis	_	_
.	_	_	_	_	_	1	punct	_	_","tomatoes	_	_	_	_	_	0	root	_	_
squash	_	_	_	_	_	3	compound	_	_
spaghetti	_	_	_	_	_	1	conj	_	_
for	_	_	_	_	_	6	mark	_	_
you	_	_	_	_	_	6	nsubj	_	_
eat	_	_	_	_	_	3	nmod	_	_
.	_	_	_	_	_	1	punct	_	_","tomatoes	_	NOUN	NNS	_	_	2	nsubj	_	_
squash	_	VERB	VBP	_	_	0	root	_	_
spaghetti	_	NOUN	NN	_	_	2	obj	_	_
for	_	ADP	IN	_	_	6	mark	_	_
you	_	PRON	PRP	_	_	6	nsubj	_	_
eat	_	VERB	VBP	_	_	2	advcl	_	_
.	_	PUNCT	.	_	_	2	punct	_	_"
here's coming .,"here's	_	_	_	_	_	2	advmod	_	_
coming	_	_	_	_	_	0	root	_	_
.	_	_	_	_	_	2	punct	_	_","here's	_	_	_	_	_	2	nsubj	_	_
coming	_	_	_	_	_	0	root	_	_
.	_	_	_	_	_	2	punct	_	_","here	_	ADV	RB	_	_	0	root	_	_
's	_	AUX	VBZ	_	_	3	aux	_	_
coming	_	VERB	VBG	_	_	1	nsubj	_	_
.	_	PUNCT	.	_	_	1	punct	_	_"
here is coming .,"here	_	_	_	_	_	3	advmod	_	_
is	_	_	_	_	_	3	aux	_	_
coming	_	_	_	_	_	0	root	_	_
.	_	_	_	_	_	3	punct	_	_","here	_	_	_	_	_	3	nsubj	_	_
is	_	_	_	_	_	3	aux	_	_
coming	_	_	_	_	_	0	root	_	_
.	_	_	_	_	_	3	punct	_	_","here	_	ADV	RB	_	_	0	root	_	_
is	_	AUX	VBZ	_	_	3	aux	_	_
coming	_	VERB	VBG	_	_	1	nsubj	_	_
.	_	PUNCT	.	_	_	1	punct	_	_"
here is .,"here	_	_	_	_	_	0	root	_	_
is	_	_	_	_	_	1	cop	_	_
.	_	_	_	_	_	1	punct	_	_","here	_	_	_	_	_	0	root	_	_
is	_	_	_	_	_	1	cop	_	_
.	_	_	_	_	_	2	punct	_	_","here	_	ADV	RB	_	_	0	root	_	_
is	_	AUX	VBZ	_	_	1	cop	_	_
.	_	PUNCT	.	_	_	1	punct	_	_"
where's little plates ?,"where's	_	_	_	_	_	0	root	_	_
little	_	_	_	_	_	3	amod	_	_
plates	_	_	_	_	_	1	nsubj	_	_
?	_	_	_	_	_	1	punct	_	_","where's	_	_	_	_	_	0	root	_	_
little	_	_	_	_	_	3	amod	_	_
plates	_	_	_	_	_	1	nsubj	_	_
?	_	_	_	_	_	1	punct	_	_","where	_	ADV	WRB	_	_	0	root	_	_
's	_	AUX	VBZ	_	_	1	cop	_	_
little	_	ADJ	JJ	_	_	4	amod	_	_
plates	_	NOUN	NNS	_	_	1	nsubj	_	_
?	_	PUNCT	.	_	_	1	punct	_	_"
where's these plates ?,"where's	_	_	_	_	_	0	root	_	_
these	_	_	_	_	_	3	det	_	_
plates	_	_	_	_	_	1	nsubj	_	_
?	_	_	_	_	_	1	punct	_	_","where's	_	_	_	_	_	0	root	_	_
these	_	_	_	_	_	3	det	_	_
plates	_	_	_	_	_	1	nsubj	_	_
?	_	_	_	_	_	1	punct	_	_","where	_	ADV	WRB	_	_	0	root	_	_
's	_	AUX	VBZ	_	_	1	cop	_	_
these	_	DET	DT	_	_	4	det	_	_
plates	_	NOUN	NNS	_	_	1	nsubj	_	_
?	_	PUNCT	.	_	_	1	punct	_	_"
here his is .,"here	_	_	_	_	_	0	root	_	_
his	_	_	_	_	_	1	nsubj	_	_
is	_	_	_	_	_	1	cop	_	_
.	_	_	_	_	_	1	punct	_	_","here	_	_	_	_	_	0	root	_	_
his	_	_	_	_	_	1	nsubj	_	_
is	_	_	_	_	_	1	cop	_	_
.	_	_	_	_	_	1	punct	_	_","here	_	ADV	RB	_	_	0	root	_	_
his	_	PRON	PRP	_	_	3	nsubj	_	_
is	_	AUX	VBZ	_	_	1	cop	_	_
.	_	PUNCT	.	_	_	1	punct	_	_"
here tickling .,"here	_	_	_	_	_	2	advmod	_	_
tickling	_	_	_	_	_	0	root	_	_
.	_	_	_	_	_	2	punct	_	_","here	_	_	_	_	_	2	nsubj	_	_
tickling	_	_	_	_	_	0	root	_	_
.	_	_	_	_	_	2	punct	_	_","here	_	ADV	RB	_	_	0	root	_	_
tickling	_	VERB	VBG	_	_	1	acl	_	_
.	_	PUNCT	.	_	_	1	punct	_	_"
I want a little pot cook your food .,"I	_	_	_	_	_	2	nsubj	_	_
want	_	_	_	_	_	0	root	_	_
a	_	_	_	_	_	5	det	_	_
little	_	_	_	_	_	5	amod	_	_
pot	_	_	_	_	_	2	obj	_	_
cook	_	_	_	_	_	2	parataxis	_	_
your	_	_	_	_	_	8	nmod:poss	_	_
food	_	_	_	_	_	6	obj	_	_
.	_	_	_	_	_	2	punct	_	_","I	_	_	_	_	_	2	nsubj	_	_
want	_	_	_	_	_	0	root	_	_
a	_	_	_	_	_	5	det	_	_
little	_	_	_	_	_	5	amod	_	_
pot	_	_	_	_	_	2	obj	_	_
cook	_	_	_	_	_	5	acl	_	_
your	_	_	_	_	_	8	nmod:poss	_	_
food	_	_	_	_	_	6	obj	_	_
.	_	_	_	_	_	2	punct	_	_","I	_	PRON	PRP	_	_	2	nsubj	_	_
want	_	VERB	VBP	_	_	0	root	_	_
a	_	DET	DT	_	_	5	det	_	_
little	_	ADJ	JJ	_	_	5	amod	_	_
pot	_	NOUN	NN	_	_	2	obj	_	_
cook	_	VERB	VB	_	_	2	xcomp	_	_
your	_	PRON	PRP$	_	_	8	nmod:poss	_	_
food	_	NOUN	NN	_	_	6	obj	_	_
.	_	PUNCT	.	_	_	2	punct	_	_"
it's going to go on the oven .,"it's	_	_	_	_	_	2	nsubj	_	_
going	_	_	_	_	_	0	root	_	_
to	_	_	_	_	_	4	mark	_	_
go	_	_	_	_	_	2	xcomp	_	_
on	_	_	_	_	_	7	case	_	_
the	_	_	_	_	_	7	det	_	_
oven	_	_	_	_	_	4	obl	_	_
.	_	_	_	_	_	2	punct	_	_","it's	_	_	_	_	_	2	nsubj	_	_
going	_	_	_	_	_	0	root	_	_
to	_	_	_	_	_	4	mark	_	_
go	_	_	_	_	_	2	xcomp	_	_
on	_	_	_	_	_	7	case	_	_
the	_	_	_	_	_	7	det	_	_
oven	_	_	_	_	_	4	obl	_	_
.	_	_	_	_	_	2	punct	_	_","it	_	PRON	PRP	_	_	3	nsubj	_	_
's	_	AUX	VBZ	_	_	3	aux	_	_
going	_	VERB	VBG	_	_	0	root	_	_
to	_	PART	TO	_	_	5	mark	_	_
go	_	VERB	VB	_	_	3	xcomp	_	_
on	_	ADP	IN	_	_	8	case	_	_
the	_	DET	DT	_	_	8	det	_	_
oven	_	NOUN	NN	_	_	5	obl	_	_
.	_	PUNCT	.	_	_	3	punct	_	_"
you your hands because you're a baby .,"you	_	_	_	_	_	2	reparandum	_	_
your	_	_	_	_	_	3	nmod:poss	_	_
hands	_	_	_	_	_	0	root	_	_
because	_	_	_	_	_	7	mark	_	_
you're	_	_	_	_	_	7	cop	_	_
a	_	_	_	_	_	7	det	_	_
baby	_	_	_	_	_	3	advcl	_	_
.	_	_	_	_	_	3	punct	_	_","you	_	_	_	_	_	3	nsubj	_	_
your	_	_	_	_	_	3	nmod:poss	_	_
hands	_	_	_	_	_	0	root	_	_
because	_	_	_	_	_	7	mark	_	_
you're	_	_	_	_	_	7	cop	_	_
a	_	_	_	_	_	7	det	_	_
baby	_	_	_	_	_	3	advcl	_	_
.	_	_	_	_	_	3	punct	_	_","you	_	PRON	PRP	_	_	3	nsubj	_	_
your	_	PRON	PRP$	_	_	3	nmod:poss	_	_
hands	_	NOUN	NNS	_	_	0	root	_	_
because	_	SCONJ	IN	_	_	8	mark	_	_
you	_	PRON	PRP	_	_	8	nsubj	_	_
're	_	AUX	VBP	_	_	8	cop	_	_
a	_	DET	DT	_	_	8	det	_	_
baby	_	NOUN	NN	_	_	3	advcl	_	_
.	_	PUNCT	.	_	_	3	punct	_	_"
let he sit down look at food till it's ready okay ?,"let	_	_	_	_	_	0	root	_	_
he	_	_	_	_	_	1	obj	_	_
sit	_	_	_	_	_	1	xcomp	_	_
down	_	_	_	_	_	3	compound:prt	_	_
look	_	_	_	_	_	1	parataxis	_	_
at	_	_	_	_	_	7	case	_	_
food	_	_	_	_	_	5	obl	_	_
till	_	_	_	_	_	10	mark	_	_
it's	_	_	_	_	_	10	nsubj	_	_
ready	_	_	_	_	_	5	advcl	_	_
okay	_	_	_	_	_	1	discourse	_	_
?	_	_	_	_	_	1	punct	_	_","let	_	_	_	_	_	0	root	_	_
he	_	_	_	_	_	1	obj	_	_
sit	_	_	_	_	_	1	xcomp	_	_
down	_	_	_	_	_	3	compound:prt	_	_
look	_	_	_	_	_	1	conj	_	_
at	_	_	_	_	_	7	case	_	_
food	_	_	_	_	_	5	obl	_	_
till	_	_	_	_	_	10	mark	_	_
it's	_	_	_	_	_	10	nsubj	_	_
ready	_	_	_	_	_	5	advcl	_	_
okay	_	_	_	_	_	1	discourse	_	_
?	_	_	_	_	_	1	punct	_	_","let	_	VERB	VB	_	_	0	root	_	_
he	_	PRON	PRP	_	_	1	obj	_	_
sit	_	VERB	VB	_	_	1	xcomp	_	_
down	_	ADP	RP	_	_	3	compound:prt	_	_
look	_	VERB	VB	_	_	3	xcomp	_	_
at	_	ADP	IN	_	_	7	case	_	_
food	_	NOUN	NN	_	_	5	obl	_	_
till	_	SCONJ	IN	_	_	11	mark	_	_
it	_	PRON	PRP	_	_	11	nsubj	_	_
's	_	AUX	VBZ	_	_	11	cop	_	_
ready	_	ADJ	JJ	_	_	5	advcl	_	_
okay	_	ADJ	JJ	_	_	11	xcomp	_	_
?	_	PUNCT	.	_	_	1	punct	_	_"
let's make a play dough .,"let's	_	_	_	_	_	0	root	_	_
make	_	_	_	_	_	1	xcomp	_	_
a	_	_	_	_	_	5	det	_	_
play	_	_	_	_	_	5	compound	_	_
dough	_	_	_	_	_	2	obj	_	_
.	_	_	_	_	_	1	punct	_	_","let's	_	_	_	_	_	0	root	_	_
make	_	_	_	_	_	1	xcomp	_	_
a	_	_	_	_	_	5	det	_	_
play	_	_	_	_	_	5	compound	_	_
dough	_	_	_	_	_	2	obj	_	_
.	_	_	_	_	_	1	punct	_	_","let	_	VERB	VB	_	_	0	root	_	_
's	_	PRON	PRP	_	_	1	obj	_	_
make	_	VERB	VB	_	_	1	xcomp	_	_
a	_	DET	DT	_	_	6	det	_	_
play	_	NOUN	NN	_	_	6	compound	_	_
dough	_	NOUN	NN	_	_	3	obj	_	_
.	_	PUNCT	.	_	_	1	punct	_	_"
oh okay then I could their play dough .,"oh	_	_	_	_	_	5	discourse	_	_
okay	_	_	_	_	_	5	discourse	_	_
then	_	_	_	_	_	5	advmod	_	_
I	_	_	_	_	_	5	nsubj	_	_
could	_	_	_	_	_	0	root	_	_
their	_	_	_	_	_	8	nmod:poss	_	_
play	_	_	_	_	_	8	compound	_	_
dough	_	_	_	_	_	5	obj	_	_
.	_	_	_	_	_	5	punct	_	_","oh	_	_	_	_	_	8	discourse	_	_
okay	_	_	_	_	_	5	discourse	_	_
then	_	_	_	_	_	5	advmod	_	_
I	_	_	_	_	_	5	nsubj	_	_
could	_	_	_	_	_	0	root	_	_
their	_	_	_	_	_	8	nmod:poss	_	_
play	_	_	_	_	_	8	compound	_	_
dough	_	_	_	_	_	5	obj	_	_
.	_	_	_	_	_	8	punct	_	_","oh	_	INTJ	UH	_	_	7	discourse	_	_
okay	_	INTJ	UH	_	_	7	discourse	_	_
then	_	ADV	RB	_	_	7	advmod	_	_
I	_	PRON	PRP	_	_	7	nsubj	_	_
could	_	AUX	MD	_	_	7	aux	_	_
their	_	PRON	PRP$	_	_	7	nmod:poss	_	_
play	_	VERB	VB	_	_	0	root	_	_
dough	_	NOUN	NN	_	_	7	obj	_	_
.	_	PUNCT	.	_	_	7	punct	_	_"
Gumpy dress .,"Gumpy	_	_	_	_	_	2	amod	_	_
dress	_	_	_	_	_	0	root	_	_
.	_	_	_	_	_	2	punct	_	_","Gumpy	_	_	_	_	_	2	amod	_	_
dress	_	_	_	_	_	0	root	_	_
.	_	_	_	_	_	2	punct	_	_","Gumpy	_	PROPN	NNP	_	_	2	compound	_	_
dress	_	NOUN	NN	_	_	0	root	_	_
.	_	PUNCT	.	_	_	2	punct	_	_"
have to go out out in the living room for a little while .,"have	_	_	_	_	_	0	root	_	_
to	_	_	_	_	_	3	mark	_	_
go	_	_	_	_	_	1	xcomp	_	_
out	_	_	_	_	_	5	reparandum	_	_
out	_	_	_	_	_	3	advmod	_	_
in	_	_	_	_	_	9	case	_	_
the	_	_	_	_	_	9	det	_	_
living	_	_	_	_	_	9	compound	_	_
room	_	_	_	_	_	3	obl	_	_
for	_	_	_	_	_	13	case	_	_
a	_	_	_	_	_	13	det	_	_
little	_	_	_	_	_	13	amod	_	_
while	_	_	_	_	_	3	obl	_	_
.	_	_	_	_	_	1	punct	_	_","have	_	_	_	_	_	0	root	_	_
to	_	_	_	_	_	3	mark	_	_
go	_	_	_	_	_	1	xcomp	_	_
out	_	_	_	_	_	3	advmod	_	_
out	_	_	_	_	_	3	advmod	_	_
in	_	_	_	_	_	9	case	_	_
the	_	_	_	_	_	9	det	_	_
living	_	_	_	_	_	9	compound	_	_
room	_	_	_	_	_	3	obl	_	_
for	_	_	_	_	_	13	case	_	_
a	_	_	_	_	_	13	det	_	_
little	_	_	_	_	_	13	amod	_	_
while	_	_	_	_	_	3	obl	_	_
.	_	_	_	_	_	1	punct	_	_","have	_	VERB	VB	_	_	0	root	_	_
to	_	PART	TO	_	_	3	mark	_	_
go	_	VERB	VB	_	_	1	xcomp	_	_
out	_	ADV	RB	_	_	3	advmod	_	_
out	_	ADV	RB	_	_	3	advmod	_	_
in	_	ADP	IN	_	_	9	case	_	_
the	_	DET	DT	_	_	9	det	_	_
living	_	NOUN	NN	_	_	9	compound	_	_
room	_	NOUN	NN	_	_	3	obl	_	_
for	_	ADP	IN	_	_	13	case	_	_
a	_	DET	DT	_	_	13	det	_	_
little	_	ADJ	JJ	_	_	13	amod	_	_
while	_	NOUN	NN	_	_	3	obl	_	_
.	_	PUNCT	.	_	_	1	punct	_	_"
I'll put them out fork .,"I'll	_	_	_	_	_	2	nsubj	_	_
put	_	_	_	_	_	0	root	_	_
them	_	_	_	_	_	2	obj	_	_
out	_	_	_	_	_	2	compound:prt	_	_
fork	_	_	_	_	_	2	vocative	_	_
.	_	_	_	_	_	2	punct	_	_","I'll	_	_	_	_	_	2	nsubj	_	_
put	_	_	_	_	_	0	root	_	_
them	_	_	_	_	_	2	obj	_	_
out	_	_	_	_	_	2	compound:prt	_	_
fork	_	_	_	_	_	2	obl:unmarked	_	_
.	_	_	_	_	_	2	punct	_	_","I	_	PRON	PRP	_	_	3	nsubj	_	_
'll	_	AUX	MD	_	_	3	aux	_	_
put	_	VERB	VB	_	_	0	root	_	_
them	_	PRON	PRP	_	_	3	obj	_	_
out	_	ADP	RP	_	_	3	compound:prt	_	_
fork	_	NOUN	NN	_	_	3	obl:unmarked	_	_
.	_	PUNCT	.	_	_	3	punct	_	_"
and here's .,"and	_	_	_	_	_	2	cc	_	_
here's	_	_	_	_	_	0	root	_	_
.	_	_	_	_	_	2	punct	_	_","and	_	_	_	_	_	2	cc	_	_
here's	_	_	_	_	_	0	root	_	_
.	_	_	_	_	_	2	punct	_	_","and	_	CCONJ	CC	_	_	2	cc	_	_
here	_	ADV	RB	_	_	0	root	_	_
's	_	AUX	VBZ	_	_	2	cop	_	_
.	_	PUNCT	.	_	_	2	punct	_	_"
and here's my .,"and	_	_	_	_	_	2	cc	_	_
here's	_	_	_	_	_	0	root	_	_
my	_	_	_	_	_	2	nsubj	_	_
.	_	_	_	_	_	2	punct	_	_","and	_	_	_	_	_	2	cc	_	_
here's	_	_	_	_	_	0	root	_	_
my	_	_	_	_	_	2	nsubj	_	_
.	_	_	_	_	_	2	punct	_	_","and	_	CCONJ	CC	_	_	2	cc	_	_
here	_	ADV	RB	_	_	0	root	_	_
's	_	AUX	VBZ	_	_	2	cop	_	_
my	_	PRON	PRP$	_	_	2	nsubj	_	_
.	_	PUNCT	.	_	_	2	punct	_	_"
and here's .,"and	_	_	_	_	_	2	cc	_	_
here's	_	_	_	_	_	0	root	_	_
.	_	_	_	_	_	2	punct	_	_","and	_	_	_	_	_	2	cc	_	_
here's	_	_	_	_	_	0	root	_	_
.	_	_	_	_	_	2	punct	_	_","and	_	CCONJ	CC	_	_	2	cc	_	_
here	_	ADV	RB	_	_	0	root	_	_
's	_	AUX	VBZ	_	_	2	cop	_	_
.	_	PUNCT	.	_	_	2	punct	_	_"
have to put these things away now .,"have	_	_	_	_	_	0	root	_	_
to	_	_	_	_	_	3	mark	_	_
put	_	_	_	_	_	1	xcomp	_	_
these	_	_	_	_	_	5	det	_	_
things	_	_	_	_	_	3	obj	_	_
away	_	_	_	_	_	3	compound:prt	_	_
now	_	_	_	_	_	3	advmod	_	_
.	_	_	_	_	_	1	punct	_	_","have	_	_	_	_	_	0	root	_	_
to	_	_	_	_	_	3	mark	_	_
put	_	_	_	_	_	1	xcomp	_	_
these	_	_	_	_	_	5	det	_	_
things	_	_	_	_	_	3	obj	_	_
away	_	_	_	_	_	3	advmod	_	_
now	_	_	_	_	_	3	advmod	_	_
.	_	_	_	_	_	1	punct	_	_","have	_	VERB	VB	_	_	0	root	_	_
to	_	PART	TO	_	_	3	mark	_	_
put	_	VERB	VB	_	_	1	xcomp	_	_
these	_	DET	DT	_	_	5	det	_	_
things	_	NOUN	NNS	_	_	3	obj	_	_
away	_	ADV	RB	_	_	3	advmod	_	_
now	_	ADV	RB	_	_	3	advmod	_	_
.	_	PUNCT	.	_	_	1	punct	_	_"
cause where those these things go .,"cause	_	_	_	_	_	6	mark	_	_
where	_	_	_	_	_	6	advmod	_	_
those	_	_	_	_	_	4	reparandum	_	_
these	_	_	_	_	_	5	det	_	_
things	_	_	_	_	_	6	nsubj	_	_
go	_	_	_	_	_	0	root	_	_
.	_	_	_	_	_	6	punct	_	_","cause	_	_	_	_	_	6	mark	_	_
where	_	_	_	_	_	6	advmod	_	_
those	_	_	_	_	_	5	reparandum	_	_
these	_	_	_	_	_	5	det	_	_
things	_	_	_	_	_	6	nsubj	_	_
go	_	_	_	_	_	0	root	_	_
.	_	_	_	_	_	6	punct	_	_","cause	_	SCONJ	IN	_	_	6	mark	_	_
where	_	ADV	WRB	_	_	6	advmod	_	_
those	_	DET	DT	_	_	5	det	_	_
these	_	DET	DT	_	_	5	det	_	_
things	_	NOUN	NNS	_	_	6	nsubj	_	_
go	_	VERB	VBP	_	_	0	root	_	_
.	_	PUNCT	.	_	_	2	punct	_	_"
he wanna eat all the food up .,"he	_	_	_	_	_	2	nsubj	_	_
wanna	_	_	_	_	_	0	root	_	_
eat	_	_	_	_	_	2	xcomp	_	_
all	_	_	_	_	_	6	det:predet	_	_
the	_	_	_	_	_	6	det	_	_
food	_	_	_	_	_	3	obj	_	_
up	_	_	_	_	_	3	compound:prt	_	_
.	_	_	_	_	_	2	punct	_	_","he	_	_	_	_	_	2	nsubj	_	_
wanna	_	_	_	_	_	0	root	_	_
eat	_	_	_	_	_	2	xcomp	_	_
all	_	_	_	_	_	6	det:predet	_	_
the	_	_	_	_	_	6	det	_	_
food	_	_	_	_	_	3	obj	_	_
up	_	_	_	_	_	3	compound:prt	_	_
.	_	_	_	_	_	2	punct	_	_","he	_	PRON	PRP	_	_	2	nsubj	_	_
wan	_	VERB	VBP	_	_	0	root	_	_
na	_	PART	TO	_	_	4	mark	_	_
eat	_	VERB	VB	_	_	2	xcomp	_	_
all	_	DET	PDT	_	_	7	det:predet	_	_
the	_	DET	DT	_	_	7	det	_	_
food	_	NOUN	NN	_	_	4	obj	_	_
up	_	ADP	RP	_	_	4	compound:prt	_	_
.	_	PUNCT	.	_	_	2	punct	_	_"
put out straight .,"put	_	_	_	_	_	0	root	_	_
out	_	_	_	_	_	1	compound:prt	_	_
straight	_	_	_	_	_	1	xcomp	_	_
.	_	_	_	_	_	1	punct	_	_","put	_	_	_	_	_	0	root	_	_
out	_	_	_	_	_	1	compound:prt	_	_
straight	_	_	_	_	_	1	advmod	_	_
.	_	_	_	_	_	1	punct	_	_","put	_	VERB	VB	_	_	0	root	_	_
out	_	ADP	RP	_	_	1	compound:prt	_	_
straight	_	ADJ	JJ	_	_	1	xcomp	_	_
.	_	PUNCT	.	_	_	1	punct	_	_"
all by ourself .,"all	_	_	_	_	_	0	root	_	_
by	_	_	_	_	_	3	case	_	_
ourself	_	_	_	_	_	1	nmod	_	_
.	_	_	_	_	_	1	punct	_	_","all	_	_	_	_	_	3	advmod	_	_
by	_	_	_	_	_	3	case	_	_
ourself	_	_	_	_	_	0	root	_	_
.	_	_	_	_	_	3	punct	_	_","all	_	DET	DT	_	_	0	root	_	_
by	_	ADP	IN	_	_	3	case	_	_
ourself	_	PRON	PRP	_	_	1	nmod	_	_
.	_	PUNCT	.	_	_	1	punct	_	_"
in when we were walking .,"in	_	_	_	_	_	0	root	_	_
when	_	_	_	_	_	5	mark	_	_
we	_	_	_	_	_	5	nsubj	_	_
were	_	_	_	_	_	5	aux	_	_
walking	_	_	_	_	_	1	advcl	_	_
.	_	_	_	_	_	1	punct	_	_","in	_	_	_	_	_	5	advmod	_	_
when	_	_	_	_	_	5	advmod	_	_
we	_	_	_	_	_	5	nsubj	_	_
were	_	_	_	_	_	5	aux	_	_
walking	_	_	_	_	_	0	root	_	_
.	_	_	_	_	_	1	punct	_	_","in	_	ADP	IN	_	_	0	root	_	_
when	_	ADV	WRB	_	_	5	advmod	_	_
we	_	PRON	PRP	_	_	5	nsubj	_	_
were	_	AUX	VBD	_	_	5	aux	_	_
walking	_	VERB	VBG	_	_	1	advcl	_	_
.	_	PUNCT	.	_	_	1	punct	_	_"
no jump rope out here .,"no	_	_	_	_	_	3	det	_	_
jump	_	_	_	_	_	3	compound	_	_
rope	_	_	_	_	_	0	root	_	_
out	_	_	_	_	_	5	advmod	_	_
here	_	_	_	_	_	3	advmod	_	_
.	_	_	_	_	_	3	punct	_	_","no	_	_	_	_	_	3	det	_	_
jump	_	_	_	_	_	3	compound	_	_
rope	_	_	_	_	_	0	root	_	_
out	_	_	_	_	_	5	advmod	_	_
here	_	_	_	_	_	3	advmod	_	_
.	_	_	_	_	_	3	punct	_	_","no	_	DET	DT	_	_	3	det	_	_
jump	_	NOUN	NN	_	_	3	compound	_	_
rope	_	NOUN	NN	_	_	0	root	_	_
out	_	ADP	RP	_	_	3	advmod	_	_
here	_	ADV	RB	_	_	3	advmod	_	_
.	_	PUNCT	.	_	_	3	punct	_	_"
that what the lady said .,"that	_	_	_	_	_	2	nsubj	_	_
what	_	_	_	_	_	0	root	_	_
the	_	_	_	_	_	4	det	_	_
lady	_	_	_	_	_	5	nsubj	_	_
said	_	_	_	_	_	2	acl:relcl	_	_
.	_	_	_	_	_	2	punct	_	_","that	_	_	_	_	_	2	nsubj	_	_
what	_	_	_	_	_	0	root	_	_
the	_	_	_	_	_	4	det	_	_
lady	_	_	_	_	_	5	nsubj	_	_
said	_	_	_	_	_	2	acl:relcl	_	_
.	_	_	_	_	_	2	punct	_	_","that	_	SCONJ	IN	_	_	2	mark	_	_
what	_	PRON	WP	_	_	0	root	_	_
the	_	DET	DT	_	_	4	det	_	_
lady	_	NOUN	NN	_	_	5	nsubj	_	_
said	_	VERB	VBD	_	_	2	acl:relcl	_	_
.	_	PUNCT	.	_	_	2	punct	_	_"
like the baby did have dreams ?,"like	_	_	_	_	_	5	mark	_	_
the	_	_	_	_	_	3	det	_	_
baby	_	_	_	_	_	5	nsubj	_	_
did	_	_	_	_	_	5	aux	_	_
have	_	_	_	_	_	0	root	_	_
dreams	_	_	_	_	_	5	obj	_	_
?	_	_	_	_	_	5	punct	_	_","like	_	_	_	_	_	5	discourse	_	_
the	_	_	_	_	_	3	det	_	_
baby	_	_	_	_	_	5	nsubj	_	_
did	_	_	_	_	_	5	aux	_	_
have	_	_	_	_	_	0	root	_	_
dreams	_	_	_	_	_	5	obj	_	_
?	_	_	_	_	_	5	punct	_	_","like	_	SCONJ	IN	_	_	5	mark	_	_
the	_	DET	DT	_	_	3	det	_	_
baby	_	NOUN	NN	_	_	5	nsubj	_	_
did	_	AUX	VBD	_	_	5	aux	_	_
have	_	VERB	VB	_	_	0	root	_	_
dreams	_	NOUN	NNS	_	_	5	obj	_	_
?	_	PUNCT	.	_	_	5	punct	_	_"
Mommy let me have the .,"Mommy	_	_	_	_	_	2	vocative	_	_
let	_	_	_	_	_	0	root	_	_
me	_	_	_	_	_	2	obj	_	_
have	_	_	_	_	_	2	xcomp	_	_
the	_	_	_	_	_	4	obj	_	_
.	_	_	_	_	_	2	punct	_	_","Mommy	_	_	_	_	_	2	nsubj	_	_
let	_	_	_	_	_	0	root	_	_
me	_	_	_	_	_	2	obj	_	_
have	_	_	_	_	_	2	xcomp	_	_
the	_	_	_	_	_	4	obj	_	_
.	_	_	_	_	_	2	punct	_	_","Mommy	_	INTJ	UH	_	_	2	discourse	_	_
let	_	VERB	VB	_	_	0	root	_	_
me	_	PRON	PRP	_	_	2	obj	_	_
have	_	VERB	VB	_	_	2	xcomp	_	_
the	_	DET	DT	_	_	4	obj	_	_
.	_	PUNCT	.	_	_	2	punct	_	_"
this uh be a cave for for .,"this	_	_	_	_	_	5	nsubj	_	_
uh	_	_	_	_	_	5	discourse	_	_
be	_	_	_	_	_	5	cop	_	_
a	_	_	_	_	_	5	det	_	_
cave	_	_	_	_	_	0	root	_	_
for	_	_	_	_	_	7	case	_	_
for	_	_	_	_	_	5	nmod	_	_
.	_	_	_	_	_	5	punct	_	_","this	_	_	_	_	_	5	nsubj	_	_
uh	_	_	_	_	_	5	discourse	_	_
be	_	_	_	_	_	5	cop	_	_
a	_	_	_	_	_	5	det	_	_
cave	_	_	_	_	_	0	root	_	_
for	_	_	_	_	_	7	case	_	_
for	_	_	_	_	_	5	nmod	_	_
.	_	_	_	_	_	5	punct	_	_","this	_	PRON	DT	_	_	5	nsubj	_	_
uh	_	INTJ	UH	_	_	5	discourse	_	_
be	_	AUX	VB	_	_	5	cop	_	_
a	_	DET	DT	_	_	5	det	_	_
cave	_	NOUN	NN	_	_	0	root	_	_
for	_	ADP	IN	_	_	5	nmod	_	_
for	_	ADP	IN	_	_	5	nmod	_	_
.	_	PUNCT	.	_	_	5	punct	_	_"
what you say ?,"what	_	_	_	_	_	3	obj	_	_
you	_	_	_	_	_	3	nsubj	_	_
say	_	_	_	_	_	0	root	_	_
?	_	_	_	_	_	3	punct	_	_","what	_	_	_	_	_	3	obj	_	_
you	_	_	_	_	_	3	nsubj	_	_
say	_	_	_	_	_	0	root	_	_
?	_	_	_	_	_	3	punct	_	_","what	_	PRON	WP	_	_	0	root	_	_
you	_	PRON	PRP	_	_	3	nsubj	_	_
say	_	VERB	VBP	_	_	1	acl:relcl	_	_
?	_	PUNCT	.	_	_	1	punct	_	_"
a Thanksgiving one this uh be a cave .,"a	_	_	_	_	_	3	det	_	_
Thanksgiving	_	_	_	_	_	3	compound	_	_
one	_	_	_	_	_	0	root	_	_
this	_	_	_	_	_	8	nsubj	_	_
uh	_	_	_	_	_	8	discourse	_	_
be	_	_	_	_	_	8	cop	_	_
a	_	_	_	_	_	8	det	_	_
cave	_	_	_	_	_	3	parataxis	_	_
.	_	_	_	_	_	3	punct	_	_","a	_	_	_	_	_	3	det	_	_
Thanksgiving	_	_	_	_	_	3	compound	_	_
one	_	_	_	_	_	8	dislocated	_	_
this	_	_	_	_	_	8	nsubj	_	_
uh	_	_	_	_	_	8	discourse	_	_
be	_	_	_	_	_	8	cop	_	_
a	_	_	_	_	_	8	det	_	_
cave	_	_	_	_	_	0	root	_	_
.	_	_	_	_	_	8	punct	_	_","a	_	DET	DT	_	_	3	det	_	_
Thanksgiving	_	PROPN	NNP	_	_	3	compound	_	_
one	_	NOUN	NN	_	_	8	nsubj	_	_
this	_	PRON	DT	_	_	8	nsubj	_	_
uh	_	INTJ	UH	_	_	8	discourse	_	_
be	_	AUX	VB	_	_	8	cop	_	_
a	_	DET	DT	_	_	8	det	_	_
cave	_	NOUN	NN	_	_	0	root	_	_
.	_	PUNCT	.	_	_	8	punct	_	_"
this uh be a Thanksgiving picture you know that .,"this	_	_	_	_	_	6	nsubj	_	_
uh	_	_	_	_	_	6	discourse	_	_
be	_	_	_	_	_	6	cop	_	_
a	_	_	_	_	_	6	det	_	_
Thanksgiving	_	_	_	_	_	6	compound	_	_
picture	_	_	_	_	_	0	root	_	_
you	_	_	_	_	_	8	nsubj	_	_
know	_	_	_	_	_	6	parataxis	_	_
that	_	_	_	_	_	8	obj	_	_
.	_	_	_	_	_	6	punct	_	_","this	_	_	_	_	_	6	nsubj	_	_
uh	_	_	_	_	_	6	discourse	_	_
be	_	_	_	_	_	6	cop	_	_
a	_	_	_	_	_	6	det	_	_
Thanksgiving	_	_	_	_	_	6	compound	_	_
picture	_	_	_	_	_	0	root	_	_
you	_	_	_	_	_	8	nsubj	_	_
know	_	_	_	_	_	6	parataxis	_	_
that	_	_	_	_	_	8	obj	_	_
.	_	_	_	_	_	6	punct	_	_","this	_	PRON	DT	_	_	6	nsubj	_	_
uh	_	INTJ	UH	_	_	6	discourse	_	_
be	_	AUX	VB	_	_	6	cop	_	_
a	_	DET	DT	_	_	6	det	_	_
Thanksgiving	_	NOUN	NN	_	_	6	compound	_	_
picture	_	NOUN	NN	_	_	0	root	_	_
you	_	PRON	PRP	_	_	8	nsubj	_	_
know	_	VERB	VBP	_	_	6	acl:relcl	_	_
that	_	PRON	DT	_	_	8	obj	_	_
.	_	PUNCT	.	_	_	6	punct	_	_"
it's mine favorite .,"it's	_	_	_	_	_	3	nsubj	_	_
mine	_	_	_	_	_	3	nmod:poss	_	_
favorite	_	_	_	_	_	0	root	_	_
.	_	_	_	_	_	3	punct	_	_","it's	_	_	_	_	_	3	nsubj	_	_
mine	_	_	_	_	_	3	nmod:poss	_	_
favorite	_	_	_	_	_	0	root	_	_
.	_	_	_	_	_	3	punct	_	_","it	_	PRON	PRP	_	_	4	nsubj	_	_
's	_	AUX	VBZ	_	_	4	cop	_	_
mine	_	PRON	PRP	_	_	4	compound	_	_
favorite	_	NOUN	NN	_	_	0	root	_	_
.	_	PUNCT	.	_	_	4	punct	_	_"
I'm trying to paint them off .,"I'm	_	_	_	_	_	2	nsubj	_	_
trying	_	_	_	_	_	0	root	_	_
to	_	_	_	_	_	4	mark	_	_
paint	_	_	_	_	_	2	xcomp	_	_
them	_	_	_	_	_	4	obj	_	_
off	_	_	_	_	_	4	compound:prt	_	_
.	_	_	_	_	_	2	punct	_	_","I'm	_	_	_	_	_	2	nsubj	_	_
trying	_	_	_	_	_	0	root	_	_
to	_	_	_	_	_	4	mark	_	_
paint	_	_	_	_	_	2	xcomp	_	_
them	_	_	_	_	_	4	obj	_	_
off	_	_	_	_	_	4	compound:prt	_	_
.	_	_	_	_	_	2	punct	_	_","I	_	PRON	PRP	_	_	3	nsubj	_	_
'm	_	AUX	VBP	_	_	3	aux	_	_
trying	_	VERB	VBG	_	_	0	root	_	_
to	_	PART	TO	_	_	5	mark	_	_
paint	_	VERB	VB	_	_	3	xcomp	_	_
them	_	PRON	PRP	_	_	5	obj	_	_
off	_	ADP	RP	_	_	5	compound:prt	_	_
.	_	PUNCT	.	_	_	3	punct	_	_"
I'm trying to paint them off .,"I'm	_	_	_	_	_	2	nsubj	_	_
trying	_	_	_	_	_	0	root	_	_
to	_	_	_	_	_	4	mark	_	_
paint	_	_	_	_	_	2	xcomp	_	_
them	_	_	_	_	_	4	obj	_	_
off	_	_	_	_	_	4	compound:prt	_	_
.	_	_	_	_	_	2	punct	_	_","I'm	_	_	_	_	_	2	nsubj	_	_
trying	_	_	_	_	_	0	root	_	_
to	_	_	_	_	_	4	mark	_	_
paint	_	_	_	_	_	2	xcomp	_	_
them	_	_	_	_	_	4	obj	_	_
off	_	_	_	_	_	4	compound:prt	_	_
.	_	_	_	_	_	2	punct	_	_","I	_	PRON	PRP	_	_	3	nsubj	_	_
'm	_	AUX	VBP	_	_	3	aux	_	_
trying	_	VERB	VBG	_	_	0	root	_	_
to	_	PART	TO	_	_	5	mark	_	_
paint	_	VERB	VB	_	_	3	xcomp	_	_
them	_	PRON	PRP	_	_	5	obj	_	_
off	_	ADP	RP	_	_	5	compound:prt	_	_
.	_	PUNCT	.	_	_	3	punct	_	_"
this gotted on my hand .,"this	_	_	_	_	_	2	nsubj	_	_
gotted	_	_	_	_	_	0	root	_	_
on	_	_	_	_	_	5	case	_	_
my	_	_	_	_	_	5	nmod:poss	_	_
hand	_	_	_	_	_	2	obl	_	_
.	_	_	_	_	_	2	punct	_	_","this	_	_	_	_	_	2	nsubj	_	_
gotted	_	_	_	_	_	0	root	_	_
on	_	_	_	_	_	5	case	_	_
my	_	_	_	_	_	5	nmod:poss	_	_
hand	_	_	_	_	_	2	obl	_	_
.	_	_	_	_	_	2	punct	_	_","this	_	PRON	DT	_	_	2	nsubj	_	_
gotted	_	VERB	VBD	_	_	0	root	_	_
on	_	ADP	IN	_	_	2	compound:prt	_	_
my	_	PRON	PRP$	_	_	5	nmod:poss	_	_
hand	_	NOUN	NN	_	_	2	obl	_	_
.	_	PUNCT	.	_	_	2	punct	_	_"
why this stains on my shirt ?,"why	_	_	_	_	_	3	advmod	_	_
this	_	_	_	_	_	3	nsubj	_	_
stains	_	_	_	_	_	0	root	_	_
on	_	_	_	_	_	6	case	_	_
my	_	_	_	_	_	6	nmod:poss	_	_
shirt	_	_	_	_	_	3	obl	_	_
?	_	_	_	_	_	3	punct	_	_","why	_	_	_	_	_	3	advmod	_	_
this	_	_	_	_	_	3	det	_	_
stains	_	_	_	_	_	0	root	_	_
on	_	_	_	_	_	6	case	_	_
my	_	_	_	_	_	6	nmod:poss	_	_
shirt	_	_	_	_	_	3	nmod	_	_
?	_	_	_	_	_	3	punct	_	_","why	_	ADV	WRB	_	_	0	root	_	_
this	_	DET	DT	_	_	3	det	_	_
stains	_	NOUN	NNS	_	_	1	nsubj	_	_
on	_	ADP	IN	_	_	6	case	_	_
my	_	PRON	PRP$	_	_	6	nmod:poss	_	_
shirt	_	NOUN	NN	_	_	1	obl	_	_
?	_	PUNCT	.	_	_	1	punct	_	_"
why you can't fingerpaint with these ?,"why	_	_	_	_	_	4	advmod	_	_
you	_	_	_	_	_	4	nsubj	_	_
can't	_	_	_	_	_	4	aux	_	_
fingerpaint	_	_	_	_	_	0	root	_	_
with	_	_	_	_	_	6	case	_	_
these	_	_	_	_	_	4	obl	_	_
?	_	_	_	_	_	4	punct	_	_","why	_	_	_	_	_	4	advmod	_	_
you	_	_	_	_	_	4	nsubj	_	_
can't	_	_	_	_	_	4	advmod	_	_
fingerpaint	_	_	_	_	_	0	root	_	_
with	_	_	_	_	_	6	case	_	_
these	_	_	_	_	_	4	obl	_	_
?	_	_	_	_	_	4	punct	_	_","why	_	ADV	WRB	_	_	5	advmod	_	_
you	_	PRON	PRP	_	_	5	nsubj	_	_
ca	_	AUX	MD	_	_	5	aux	_	_
n't	_	PART	RB	_	_	5	advmod	_	_
fingerpaint	_	VERB	VB	_	_	0	root	_	_
with	_	ADP	IN	_	_	7	case	_	_
these	_	PRON	DT	_	_	5	obl	_	_
?	_	PUNCT	.	_	_	5	punct	_	_"
do my hands look like this dirty ?,"do	_	_	_	_	_	4	aux	_	_
my	_	_	_	_	_	3	nmod:poss	_	_
hands	_	_	_	_	_	4	nsubj	_	_
look	_	_	_	_	_	0	root	_	_
like	_	_	_	_	_	7	case	_	_
this	_	_	_	_	_	7	det	_	_
dirty	_	_	_	_	_	4	obl	_	_
?	_	_	_	_	_	4	punct	_	_","do	_	_	_	_	_	4	aux	_	_
my	_	_	_	_	_	3	nmod:poss	_	_
hands	_	_	_	_	_	4	nsubj	_	_
look	_	_	_	_	_	0	root	_	_
like	_	_	_	_	_	7	case	_	_
this	_	_	_	_	_	7	det	_	_
dirty	_	_	_	_	_	4	obl	_	_
?	_	_	_	_	_	4	punct	_	_","do	_	AUX	VBP	_	_	4	aux	_	_
my	_	PRON	PRP$	_	_	3	nmod:poss	_	_
hands	_	NOUN	NNS	_	_	4	nsubj	_	_
look	_	VERB	VB	_	_	0	root	_	_
like	_	ADP	IN	_	_	7	case	_	_
this	_	PRON	DT	_	_	4	obl	_	_
dirty	_	ADJ	JJ	_	_	4	xcomp	_	_
?	_	PUNCT	.	_	_	4	punct	_	_"
I'm getting my shirt on .,"I'm	_	_	_	_	_	2	nsubj	_	_
getting	_	_	_	_	_	0	root	_	_
my	_	_	_	_	_	4	nmod:poss	_	_
shirt	_	_	_	_	_	2	obj	_	_
on	_	_	_	_	_	2	compound:prt	_	_
.	_	_	_	_	_	2	punct	_	_","I'm	_	_	_	_	_	2	nsubj	_	_
getting	_	_	_	_	_	0	root	_	_
my	_	_	_	_	_	4	nmod:poss	_	_
shirt	_	_	_	_	_	2	obj	_	_
on	_	_	_	_	_	2	compound:prt	_	_
.	_	_	_	_	_	2	punct	_	_","I	_	PRON	PRP	_	_	3	nsubj	_	_
'm	_	AUX	VBP	_	_	3	aux	_	_
getting	_	VERB	VBG	_	_	0	root	_	_
my	_	PRON	PRP$	_	_	5	nmod:poss	_	_
shirt	_	NOUN	NN	_	_	3	obj	_	_
on	_	ADP	IN	_	_	3	compound:prt	_	_
.	_	PUNCT	.	_	_	3	punct	_	_"
you wear a jacket that don't had a hood on it .,"you	_	_	_	_	_	2	nsubj	_	_
wear	_	_	_	_	_	0	root	_	_
a	_	_	_	_	_	4	det	_	_
jacket	_	_	_	_	_	2	obj	_	_
that	_	_	_	_	_	7	nsubj	_	_
don't	_	_	_	_	_	7	aux	_	_
had	_	_	_	_	_	4	acl:relcl	_	_
a	_	_	_	_	_	9	det	_	_
hood	_	_	_	_	_	7	obj	_	_
on	_	_	_	_	_	11	case	_	_
it	_	_	_	_	_	7	obl	_	_
.	_	_	_	_	_	2	punct	_	_","you	_	_	_	_	_	2	nsubj	_	_
wear	_	_	_	_	_	0	root	_	_
a	_	_	_	_	_	4	det	_	_
jacket	_	_	_	_	_	2	obj	_	_
that	_	_	_	_	_	7	nsubj	_	_
don't	_	_	_	_	_	7	advmod	_	_
had	_	_	_	_	_	4	acl:relcl	_	_
a	_	_	_	_	_	9	det	_	_
hood	_	_	_	_	_	7	obj	_	_
on	_	_	_	_	_	11	case	_	_
it	_	_	_	_	_	7	obl	_	_
.	_	_	_	_	_	2	punct	_	_","you	_	PRON	PRP	_	_	2	nsubj	_	_
wear	_	VERB	VBP	_	_	0	root	_	_
a	_	DET	DT	_	_	4	det	_	_
jacket	_	NOUN	NN	_	_	2	obj	_	_
that	_	PRON	WDT	_	_	8	nsubj	_	_
do	_	AUX	VBP	_	_	8	aux	_	_
n't	_	PART	RB	_	_	8	advmod	_	_
had	_	VERB	VBN	_	_	4	acl:relcl	_	_
a	_	DET	DT	_	_	10	det	_	_
hood	_	NOUN	NN	_	_	8	obj	_	_
on	_	ADP	IN	_	_	12	case	_	_
it	_	PRON	PRP	_	_	8	obl	_	_
.	_	PUNCT	.	_	_	2	punct	_	_"
I wanna hang on to you just a second .,"I	_	_	_	_	_	2	nsubj	_	_
wanna	_	_	_	_	_	0	root	_	_
hang	_	_	_	_	_	2	xcomp	_	_
on	_	_	_	_	_	3	compound:prt	_	_
to	_	_	_	_	_	6	case	_	_
you	_	_	_	_	_	3	obl	_	_
just	_	_	_	_	_	9	advmod	_	_
a	_	_	_	_	_	9	det	_	_
second	_	_	_	_	_	3	obl:unmarked	_	_
.	_	_	_	_	_	2	punct	_	_","I	_	_	_	_	_	2	nsubj	_	_
wanna	_	_	_	_	_	0	root	_	_
hang	_	_	_	_	_	2	xcomp	_	_
on	_	_	_	_	_	3	compound:prt	_	_
to	_	_	_	_	_	6	case	_	_
you	_	_	_	_	_	3	obl	_	_
just	_	_	_	_	_	9	advmod	_	_
a	_	_	_	_	_	9	det	_	_
second	_	_	_	_	_	3	obl:unmarked	_	_
.	_	_	_	_	_	2	punct	_	_","I	_	PRON	PRP	_	_	2	nsubj	_	_
wan	_	VERB	VBP	_	_	0	root	_	_
na	_	PART	TO	_	_	4	mark	_	_
hang	_	VERB	VB	_	_	2	xcomp	_	_
on	_	ADP	RP	_	_	4	compound:prt	_	_
to	_	ADP	IN	_	_	7	case	_	_
you	_	PRON	PRP	_	_	4	obl	_	_
just	_	ADV	RB	_	_	10	advmod	_	_
a	_	DET	DT	_	_	10	det	_	_
second	_	ADJ	JJ	_	_	4	obl:unmarked	_	_
.	_	PUNCT	.	_	_	2	punct	_	_"
where's my book I got ?,"where's	_	_	_	_	_	0	root	_	_
my	_	_	_	_	_	3	nmod:poss	_	_
book	_	_	_	_	_	1	nsubj	_	_
I	_	_	_	_	_	5	nsubj	_	_
got	_	_	_	_	_	1	parataxis	_	_
?	_	_	_	_	_	1	punct	_	_","where's	_	_	_	_	_	0	root	_	_
my	_	_	_	_	_	3	nmod:poss	_	_
book	_	_	_	_	_	1	nsubj	_	_
I	_	_	_	_	_	5	nsubj	_	_
got	_	_	_	_	_	3	acl:relcl	_	_
?	_	_	_	_	_	1	punct	_	_","where	_	ADV	WRB	_	_	0	root	_	_
's	_	AUX	VBZ	_	_	1	cop	_	_
my	_	PRON	PRP$	_	_	4	nmod:poss	_	_
book	_	NOUN	NN	_	_	1	nsubj	_	_
I	_	PRON	PRP	_	_	6	nsubj	_	_
got	_	VERB	VBD	_	_	4	acl:relcl	_	_
?	_	PUNCT	.	_	_	1	punct	_	_"
why you not wearing a hood with jacket ?,"why	_	_	_	_	_	4	advmod	_	_
you	_	_	_	_	_	4	nsubj	_	_
not	_	_	_	_	_	4	advmod	_	_
wearing	_	_	_	_	_	0	root	_	_
a	_	_	_	_	_	6	det	_	_
hood	_	_	_	_	_	4	obj	_	_
with	_	_	_	_	_	8	case	_	_
jacket	_	_	_	_	_	6	nmod	_	_
?	_	_	_	_	_	4	punct	_	_","why	_	_	_	_	_	4	advmod	_	_
you	_	_	_	_	_	4	nsubj	_	_
not	_	_	_	_	_	4	advmod	_	_
wearing	_	_	_	_	_	0	root	_	_
a	_	_	_	_	_	6	det	_	_
hood	_	_	_	_	_	4	obj	_	_
with	_	_	_	_	_	8	case	_	_
jacket	_	_	_	_	_	6	nmod	_	_
?	_	_	_	_	_	4	punct	_	_","why	_	ADV	WRB	_	_	4	advmod	_	_
you	_	PRON	PRP	_	_	4	nsubj	_	_
not	_	PART	RB	_	_	4	advmod	_	_
wearing	_	VERB	VBG	_	_	0	root	_	_
a	_	DET	DT	_	_	6	det	_	_
hood	_	NOUN	NN	_	_	4	obj	_	_
with	_	ADP	IN	_	_	8	case	_	_
jacket	_	NOUN	NN	_	_	4	obl	_	_
?	_	PUNCT	.	_	_	4	punct	_	_"
why you not wearing a jacket with a hood on it ?,"why	_	_	_	_	_	4	advmod	_	_
you	_	_	_	_	_	4	nsubj	_	_
not	_	_	_	_	_	4	advmod	_	_
wearing	_	_	_	_	_	0	root	_	_
a	_	_	_	_	_	6	det	_	_
jacket	_	_	_	_	_	4	obj	_	_
with	_	_	_	_	_	9	case	_	_
a	_	_	_	_	_	9	det	_	_
hood	_	_	_	_	_	6	nmod	_	_
on	_	_	_	_	_	11	case	_	_
it	_	_	_	_	_	9	nmod	_	_
?	_	_	_	_	_	4	punct	_	_","why	_	_	_	_	_	4	advmod	_	_
you	_	_	_	_	_	4	nsubj	_	_
not	_	_	_	_	_	4	advmod	_	_
wearing	_	_	_	_	_	0	root	_	_
a	_	_	_	_	_	6	det	_	_
jacket	_	_	_	_	_	4	obj	_	_
with	_	_	_	_	_	11	mark	_	_
a	_	_	_	_	_	9	det	_	_
hood	_	_	_	_	_	11	nsubj	_	_
on	_	_	_	_	_	11	case	_	_
it	_	_	_	_	_	6	acl	_	_
?	_	_	_	_	_	4	punct	_	_","why	_	ADV	WRB	_	_	4	advmod	_	_
you	_	PRON	PRP	_	_	4	nsubj	_	_
not	_	PART	RB	_	_	4	advmod	_	_
wearing	_	VERB	VBG	_	_	0	root	_	_
a	_	DET	DT	_	_	6	det	_	_
jacket	_	NOUN	NN	_	_	4	obj	_	_
with	_	ADP	IN	_	_	9	case	_	_
a	_	DET	DT	_	_	9	det	_	_
hood	_	NOUN	NN	_	_	4	obl	_	_
on	_	ADP	IN	_	_	11	case	_	_
it	_	PRON	PRP	_	_	4	obl	_	_
?	_	PUNCT	.	_	_	4	punct	_	_"
you make my clothes bigger when I grow up ?,"you	_	_	_	_	_	2	nsubj	_	_
make	_	_	_	_	_	0	root	_	_
my	_	_	_	_	_	4	nmod:poss	_	_
clothes	_	_	_	_	_	2	obj	_	_
bigger	_	_	_	_	_	2	xcomp	_	_
when	_	_	_	_	_	8	mark	_	_
I	_	_	_	_	_	8	nsubj	_	_
grow	_	_	_	_	_	2	advcl	_	_
up	_	_	_	_	_	8	compound:prt	_	_
?	_	_	_	_	_	2	punct	_	_","you	_	_	_	_	_	2	nsubj	_	_
make	_	_	_	_	_	0	root	_	_
my	_	_	_	_	_	4	nmod:poss	_	_
clothes	_	_	_	_	_	2	obj	_	_
bigger	_	_	_	_	_	2	xcomp	_	_
when	_	_	_	_	_	8	advmod	_	_
I	_	_	_	_	_	8	nsubj	_	_
grow	_	_	_	_	_	2	advcl	_	_
up	_	_	_	_	_	8	compound:prt	_	_
?	_	_	_	_	_	2	punct	_	_","you	_	PRON	PRP	_	_	2	nsubj	_	_
make	_	VERB	VBP	_	_	0	root	_	_
my	_	PRON	PRP$	_	_	4	nmod:poss	_	_
clothes	_	NOUN	NNS	_	_	2	obj	_	_
bigger	_	ADJ	JJR	_	_	2	xcomp	_	_
when	_	ADV	WRB	_	_	8	advmod	_	_
I	_	PRON	PRP	_	_	8	nsubj	_	_
grow	_	VERB	VBP	_	_	2	advcl	_	_
up	_	ADP	RP	_	_	8	compound:prt	_	_
?	_	PUNCT	.	_	_	2	punct	_	_"
is Charlie Brown on now when we got home ?,"is	_	_	_	_	_	4	cop	_	_
Charlie	_	_	_	_	_	4	nsubj	_	_
Brown	_	_	_	_	_	2	flat	_	_
on	_	_	_	_	_	0	root	_	_
now	_	_	_	_	_	4	advmod	_	_
when	_	_	_	_	_	8	mark	_	_
we	_	_	_	_	_	8	nsubj	_	_
got	_	_	_	_	_	4	advcl	_	_
home	_	_	_	_	_	8	advmod	_	_
?	_	_	_	_	_	4	punct	_	_","is	_	_	_	_	_	4	cop	_	_
Charlie	_	_	_	_	_	4	nsubj	_	_
Brown	_	_	_	_	_	2	flat	_	_
on	_	_	_	_	_	0	root	_	_
now	_	_	_	_	_	4	advmod	_	_
when	_	_	_	_	_	8	advmod	_	_
we	_	_	_	_	_	8	nsubj	_	_
got	_	_	_	_	_	4	advcl	_	_
home	_	_	_	_	_	8	advmod	_	_
?	_	_	_	_	_	4	punct	_	_","is	_	AUX	VBZ	_	_	5	cop	_	_
Charlie	_	PROPN	NNP	_	_	4	nsubj	_	_
Brown	_	PROPN	NNP	_	_	2	flat	_	_
on	_	ADP	IN	_	_	0	root	_	_
now	_	ADV	RB	_	_	4	advmod	_	_
when	_	ADV	WRB	_	_	8	advmod	_	_
we	_	PRON	PRP	_	_	8	nsubj	_	_
got	_	VERB	VBD	_	_	5	advcl	_	_
home	_	ADV	RB	_	_	8	advmod	_	_
?	_	PUNCT	.	_	_	4	punct	_	_"
what Greggy did to me ?,"what	_	_	_	_	_	3	obj	_	_
Greggy	_	_	_	_	_	3	nsubj	_	_
did	_	_	_	_	_	0	root	_	_
to	_	_	_	_	_	5	case	_	_
me	_	_	_	_	_	3	obl	_	_
?	_	_	_	_	_	3	punct	_	_","what	_	_	_	_	_	0	root	_	_
Greggy	_	_	_	_	_	3	nsubj	_	_
did	_	_	_	_	_	1	acl:relcl	_	_
to	_	_	_	_	_	5	case	_	_
me	_	_	_	_	_	3	obl	_	_
?	_	_	_	_	_	1	punct	_	_","what	_	PRON	WP	_	_	0	root	_	_
Greggy	_	PROPN	NNP	_	_	3	nsubj	_	_
did	_	VERB	VBD	_	_	1	acl:relcl	_	_
to	_	ADP	IN	_	_	5	case	_	_
me	_	PRON	PRP	_	_	3	obl	_	_
?	_	PUNCT	.	_	_	1	punct	_	_"
what kind this is ?,"what	_	_	_	_	_	2	det	_	_
kind	_	_	_	_	_	0	root	_	_
this	_	_	_	_	_	2	nsubj	_	_
is	_	_	_	_	_	2	cop	_	_
?	_	_	_	_	_	2	punct	_	_","what	_	_	_	_	_	2	det	_	_
kind	_	_	_	_	_	0	root	_	_
this	_	_	_	_	_	2	nsubj	_	_
is	_	_	_	_	_	2	cop	_	_
?	_	_	_	_	_	2	punct	_	_","what	_	DET	WDT	_	_	2	det	_	_
kind	_	NOUN	NN	_	_	0	root	_	_
this	_	PRON	DT	_	_	4	nsubj	_	_
is	_	AUX	VBZ	_	_	2	acl:relcl	_	_
?	_	PUNCT	.	_	_	2	punct	_	_"
I eat the white part when I'm through eating this .,"I	_	_	_	_	_	2	nsubj	_	_
eat	_	_	_	_	_	0	root	_	_
the	_	_	_	_	_	5	det	_	_
white	_	_	_	_	_	5	amod	_	_
part	_	_	_	_	_	2	obj	_	_
when	_	_	_	_	_	8	mark	_	_
I'm	_	_	_	_	_	8	nsubj	_	_
through	_	_	_	_	_	2	advcl	_	_
eating	_	_	_	_	_	8	advcl	_	_
this	_	_	_	_	_	9	obj	_	_
.	_	_	_	_	_	2	punct	_	_","I	_	_	_	_	_	2	nsubj	_	_
eat	_	_	_	_	_	0	root	_	_
the	_	_	_	_	_	5	det	_	_
white	_	_	_	_	_	5	amod	_	_
part	_	_	_	_	_	2	obj	_	_
when	_	_	_	_	_	8	advmod	_	_
I'm	_	_	_	_	_	8	cop	_	_
through	_	_	_	_	_	2	advcl	_	_
eating	_	_	_	_	_	8	advcl	_	_
this	_	_	_	_	_	9	obj	_	_
.	_	_	_	_	_	2	punct	_	_","I	_	PRON	PRP	_	_	2	nsubj	_	_
eat	_	VERB	VBP	_	_	0	root	_	_
the	_	DET	DT	_	_	5	det	_	_
white	_	ADJ	JJ	_	_	5	amod	_	_
part	_	NOUN	NN	_	_	2	obj	_	_
when	_	ADV	WRB	_	_	10	advmod	_	_
I	_	PRON	PRP	_	_	10	nsubj	_	_
'm	_	AUX	VBP	_	_	10	aux	_	_
through	_	SCONJ	IN	_	_	10	mark	_	_
eating	_	VERB	VBG	_	_	2	advcl	_	_
this	_	PRON	DT	_	_	10	obj	_	_
.	_	PUNCT	.	_	_	2	punct	_	_"
uhhuh why why Charlie Brown come get him ?,"uhhuh	_	_	_	_	_	3	discourse	_	_
why	_	_	_	_	_	3	reparandum	_	_
why	_	_	_	_	_	4	reparandum	_	_
Charlie	_	_	_	_	_	6	nsubj	_	_
Brown	_	_	_	_	_	4	flat	_	_
come	_	_	_	_	_	0	root	_	_
get	_	_	_	_	_	6	compound	_	_
him	_	_	_	_	_	7	obj	_	_
?	_	_	_	_	_	6	punct	_	_","uhhuh	_	_	_	_	_	3	discourse	_	_
why	_	_	_	_	_	3	advmod	_	_
why	_	_	_	_	_	0	root	_	_
Charlie	_	_	_	_	_	3	nsubj	_	_
Brown	_	_	_	_	_	4	flat	_	_
come	_	_	_	_	_	4	parataxis	_	_
get	_	_	_	_	_	6	xcomp	_	_
him	_	_	_	_	_	7	obj	_	_
?	_	_	_	_	_	3	punct	_	_","uhhuh	_	INTJ	UH	_	_	6	discourse	_	_
why	_	ADV	WRB	_	_	6	advmod	_	_
why	_	ADV	WRB	_	_	6	advmod	_	_
Charlie	_	PROPN	NNP	_	_	6	nsubj	_	_
Brown	_	PROPN	NNP	_	_	4	flat	_	_
come	_	VERB	VB	_	_	0	root	_	_
get	_	VERB	VB	_	_	6	xcomp	_	_
him	_	PRON	PRP	_	_	7	obj	_	_
?	_	PUNCT	.	_	_	6	punct	_	_"
he didn\'t said .,"he	_	_	_	_	_	3	nsubj	_	_
didn\'t	_	_	_	_	_	3	advmod	_	_
said	_	_	_	_	_	0	root	_	_
.	_	_	_	_	_	3	punct	_	_","he	_	_	_	_	_	3	nsubj	_	_
didn\'t	_	_	_	_	_	3	advmod	_	_
said	_	_	_	_	_	0	root	_	_
.	_	_	_	_	_	3	punct	_	_","he	_	PRON	PRP	_	_	4	nsubj	_	_
did	_	AUX	VBD	_	_	4	aux	_	_
n\'t	_	ADV	RB	_	_	4	advmod	_	_
said	_	VERB	VBD	_	_	0	root	_	_
.	_	PUNCT	.	_	_	4	punct	_	_"
eat more .,"eat	_	_	_	_	_	0	root	_	_
more	_	_	_	_	_	1	advmod	_	_
.	_	_	_	_	_	1	punct	_	_","eat	_	_	_	_	_	0	root	_	_
more	_	_	_	_	_	1	obj	_	_
.	_	_	_	_	_	1	punct	_	_","eat	_	VERB	VB	_	_	0	root	_	_
more	_	ADJ	JJR	_	_	1	obj	_	_
.	_	PUNCT	.	_	_	1	punct	_	_"
eat more .,"eat	_	_	_	_	_	0	root	_	_
more	_	_	_	_	_	1	advmod	_	_
.	_	_	_	_	_	1	punct	_	_","eat	_	_	_	_	_	0	root	_	_
more	_	_	_	_	_	1	obj	_	_
.	_	_	_	_	_	1	punct	_	_","eat	_	VERB	VB	_	_	0	root	_	_
more	_	ADJ	JJR	_	_	1	obj	_	_
.	_	PUNCT	.	_	_	1	punct	_	_"
who that ?,"who	_	_	_	_	_	0	root	_	_
that	_	_	_	_	_	1	nsubj	_	_
?	_	_	_	_	_	1	punct	_	_","who	_	_	_	_	_	0	root	_	_
that	_	_	_	_	_	1	parataxis	_	_
?	_	_	_	_	_	2	punct	_	_","who	_	PRON	WP	_	_	0	root	_	_
that	_	PRON	DT	_	_	1	nsubj	_	_
?	_	PUNCT	.	_	_	1	punct	_	_"
fall down .,"fall	_	_	_	_	_	0	root	_	_
down	_	_	_	_	_	1	advmod	_	_
.	_	_	_	_	_	1	punct	_	_","fall	_	_	_	_	_	0	root	_	_
down	_	_	_	_	_	1	advmod	_	_
.	_	_	_	_	_	1	punct	_	_","fall	_	VERB	VB	_	_	0	root	_	_
down	_	ADP	RP	_	_	1	compound:prt	_	_
.	_	PUNCT	.	_	_	1	punct	_	_"
fall down .,"fall	_	_	_	_	_	0	root	_	_
down	_	_	_	_	_	1	advmod	_	_
.	_	_	_	_	_	1	punct	_	_","fall	_	_	_	_	_	0	root	_	_
down	_	_	_	_	_	1	advmod	_	_
.	_	_	_	_	_	1	punct	_	_","fall	_	VERB	VB	_	_	0	root	_	_
down	_	ADP	RP	_	_	1	compound:prt	_	_
.	_	PUNCT	.	_	_	1	punct	_	_"
fall down okay .,"fall	_	_	_	_	_	0	root	_	_
down	_	_	_	_	_	1	advmod	_	_
okay	_	_	_	_	_	1	discourse	_	_
.	_	_	_	_	_	1	punct	_	_","fall	_	_	_	_	_	0	root	_	_
down	_	_	_	_	_	1	advmod	_	_
okay	_	_	_	_	_	1	discourse	_	_
.	_	_	_	_	_	1	punct	_	_","fall	_	VERB	VB	_	_	0	root	_	_
down	_	ADP	RP	_	_	1	compound:prt	_	_
okay	_	ADJ	JJ	_	_	1	xcomp	_	_
.	_	PUNCT	.	_	_	1	punct	_	_"
saying upstairs .,"saying	_	_	_	_	_	0	root	_	_
upstairs	_	_	_	_	_	1	obj	_	_
.	_	_	_	_	_	1	punct	_	_","saying	_	_	_	_	_	0	root	_	_
upstairs	_	_	_	_	_	1	obj	_	_
.	_	_	_	_	_	1	punct	_	_","saying	_	VERB	VBG	_	_	0	root	_	_
upstairs	_	ADV	RB	_	_	1	advmod	_	_
.	_	PUNCT	.	_	_	1	punct	_	_"
down stair .,"down	_	_	_	_	_	2	advmod	_	_
stair	_	_	_	_	_	0	root	_	_
.	_	_	_	_	_	2	punct	_	_","down	_	_	_	_	_	2	amod	_	_
stair	_	_	_	_	_	0	root	_	_
.	_	_	_	_	_	2	punct	_	_","down	_	ADP	IN	_	_	2	case	_	_
stair	_	NOUN	NN	_	_	0	root	_	_
.	_	PUNCT	.	_	_	2	punct	_	_"
ah boy .,"ah	_	_	_	_	_	0	root	_	_
boy	_	_	_	_	_	1	vocative	_	_
.	_	_	_	_	_	1	punct	_	_","ah	_	_	_	_	_	2	discourse	_	_
boy	_	_	_	_	_	0	root	_	_
.	_	_	_	_	_	2	punct	_	_","ah	_	INTJ	UH	_	_	2	discourse	_	_
boy	_	INTJ	UH	_	_	0	root	_	_
.	_	PUNCT	.	_	_	1	punct	_	_"
you're fire there .,"you're	_	_	_	_	_	2	nsubj	_	_
fire	_	_	_	_	_	0	root	_	_
there	_	_	_	_	_	2	advmod	_	_
.	_	_	_	_	_	2	punct	_	_","you're	_	_	_	_	_	2	nsubj	_	_
fire	_	_	_	_	_	0	root	_	_
there	_	_	_	_	_	2	advmod	_	_
.	_	_	_	_	_	2	punct	_	_","you	_	PRON	PRP	_	_	3	nsubj	_	_
're	_	AUX	VBP	_	_	3	cop	_	_
fire	_	NOUN	NN	_	_	0	root	_	_
there	_	ADV	RB	_	_	3	advmod	_	_
.	_	PUNCT	.	_	_	3	punct	_	_"
fire on there .,"fire	_	_	_	_	_	0	root	_	_
on	_	_	_	_	_	3	case	_	_
there	_	_	_	_	_	1	nmod	_	_
.	_	_	_	_	_	1	punct	_	_","fire	_	_	_	_	_	0	root	_	_
on	_	_	_	_	_	3	case	_	_
there	_	_	_	_	_	1	obl	_	_
.	_	_	_	_	_	1	punct	_	_","fire	_	NOUN	NN	_	_	0	root	_	_
on	_	ADP	IN	_	_	3	case	_	_
there	_	ADV	RB	_	_	1	nmod	_	_
.	_	PUNCT	.	_	_	1	punct	_	_"
your fire on there .,"your	_	_	_	_	_	2	nmod:poss	_	_
fire	_	_	_	_	_	0	root	_	_
on	_	_	_	_	_	4	case	_	_
there	_	_	_	_	_	2	advmod	_	_
.	_	_	_	_	_	2	punct	_	_","your	_	_	_	_	_	2	nmod:poss	_	_
fire	_	_	_	_	_	0	root	_	_
on	_	_	_	_	_	4	case	_	_
there	_	_	_	_	_	2	nmod	_	_
.	_	_	_	_	_	2	punct	_	_","your	_	PRON	PRP$	_	_	2	nmod:poss	_	_
fire	_	NOUN	NN	_	_	0	root	_	_
on	_	ADP	IN	_	_	4	case	_	_
there	_	ADV	RB	_	_	2	nmod	_	_
.	_	PUNCT	.	_	_	2	punct	_	_"
I've I've got .,"I've	_	_	_	_	_	3	reparandum	_	_
I've	_	_	_	_	_	3	nsubj	_	_
got	_	_	_	_	_	0	root	_	_
.	_	_	_	_	_	3	punct	_	_","I've	_	_	_	_	_	3	reparandum	_	_
I've	_	_	_	_	_	3	nsubj	_	_
got	_	_	_	_	_	0	root	_	_
.	_	_	_	_	_	3	punct	_	_","I	_	PRON	PRP	_	_	5	nsubj	_	_
've	_	AUX	VBP	_	_	5	aux	_	_
I	_	PRON	PRP	_	_	5	nsubj	_	_
've	_	AUX	VBP	_	_	5	aux	_	_
got	_	VERB	VBN	_	_	0	root	_	_
.	_	PUNCT	.	_	_	5	punct	_	_"
I I finished my talking ?,"I	_	_	_	_	_	2	reparandum	_	_
I	_	_	_	_	_	3	nsubj	_	_
finished	_	_	_	_	_	0	root	_	_
my	_	_	_	_	_	5	nmod:poss	_	_
talking	_	_	_	_	_	3	obj	_	_
?	_	_	_	_	_	3	punct	_	_","I	_	_	_	_	_	3	aux	_	_
I	_	_	_	_	_	3	nsubj	_	_
finished	_	_	_	_	_	0	root	_	_
my	_	_	_	_	_	5	nmod:poss	_	_
talking	_	_	_	_	_	3	obj	_	_
?	_	_	_	_	_	3	punct	_	_","I	_	PRON	PRP	_	_	3	nsubj	_	_
I	_	PRON	PRP	_	_	3	nsubj	_	_
finished	_	VERB	VBD	_	_	0	root	_	_
my	_	PRON	PRP$	_	_	5	nmod:poss	_	_
talking	_	NOUN	NN	_	_	3	obj	_	_
?	_	PUNCT	.	_	_	3	punct	_	_"
I going nee nah nee nah .,"I	_	_	_	_	_	2	nsubj	_	_
going	_	_	_	_	_	0	root	_	_
nee	_	_	_	_	_	2	discourse	_	_
nah	_	_	_	_	_	3	conj	_	_
nee	_	_	_	_	_	3	conj	_	_
nah	_	_	_	_	_	3	conj	_	_
.	_	_	_	_	_	2	punct	_	_","I	_	_	_	_	_	2	nsubj	_	_
going	_	_	_	_	_	0	root	_	_
nee	_	_	_	_	_	2	discourse	_	_
nah	_	_	_	_	_	2	discourse	_	_
nee	_	_	_	_	_	2	discourse	_	_
nah	_	_	_	_	_	2	discourse	_	_
.	_	_	_	_	_	2	punct	_	_","I	_	PRON	PRP	_	_	2	nsubj	_	_
going	_	VERB	VBG	_	_	0	root	_	_
nee	_	INTJ	UH	_	_	2	discourse	_	_
nah	_	INTJ	UH	_	_	2	discourse	_	_
nee	_	INTJ	UH	_	_	2	discourse	_	_
nah	_	INTJ	UH	_	_	2	discourse	_	_
.	_	PUNCT	.	_	_	2	punct	_	_"
"fire engine's coming , Aunty Mabel .","fire	_	_	_	_	_	2	compound	_	_
engine's	_	_	_	_	_	3	nsubj	_	_
coming	_	_	_	_	_	0	root	_	_
,	_	_	_	_	_	3	discourse	_	_
Aunty	_	_	_	_	_	3	vocative	_	_
Mabel	_	_	_	_	_	5	flat	_	_
.	_	_	_	_	_	3	punct	_	_","fire	_	_	_	_	_	2	compound	_	_
engine's	_	_	_	_	_	3	nsubj	_	_
coming	_	_	_	_	_	0	root	_	_
,	_	_	_	_	_	6	punct	_	_
Aunty	_	_	_	_	_	6	nmod:desc	_	_
Mabel	_	_	_	_	_	3	vocative	_	_
.	_	_	_	_	_	3	punct	_	_","fire	_	NOUN	NN	_	_	2	compound	_	_
engine	_	NOUN	NN	_	_	4	nsubj	_	_
's	_	PART	POS	_	_	2	case	_	_
coming	_	VERB	VBG	_	_	0	root	_	_
,	_	PUNCT	,	_	_	6	punct	_	_
Aunty	_	PROPN	NNP	_	_	4	vocative	_	_
Mabel	_	PROPN	NNP	_	_	6	flat	_	_
.	_	PUNCT	.	_	_	4	punct	_	_"
crashed into a big your big doggy poo .,"crashed	_	_	_	_	_	0	root	_	_
into	_	_	_	_	_	8	case	_	_
a	_	_	_	_	_	4	det	_	_
big	_	_	_	_	_	5	reparandum	_	_
your	_	_	_	_	_	8	nmod:poss	_	_
big	_	_	_	_	_	8	amod	_	_
doggy	_	_	_	_	_	8	compound	_	_
poo	_	_	_	_	_	1	obl	_	_
.	_	_	_	_	_	1	punct	_	_","crashed	_	_	_	_	_	0	root	_	_
into	_	_	_	_	_	8	case	_	_
a	_	_	_	_	_	4	reparandum	_	_
big	_	_	_	_	_	8	reparandum	_	_
your	_	_	_	_	_	8	nmod:poss	_	_
big	_	_	_	_	_	8	amod	_	_
doggy	_	_	_	_	_	8	compound	_	_
poo	_	_	_	_	_	1	obl	_	_
.	_	_	_	_	_	1	punct	_	_","crashed	_	VERB	VBD	_	_	0	root	_	_
into	_	ADP	IN	_	_	8	case	_	_
a	_	DET	DT	_	_	8	det	_	_
big	_	ADJ	JJ	_	_	8	amod	_	_
your	_	PRON	PRP$	_	_	8	nmod:poss	_	_
big	_	ADJ	JJ	_	_	8	amod	_	_
doggy	_	ADJ	JJ	_	_	8	amod	_	_
poo	_	NOUN	NN	_	_	1	obl	_	_
.	_	PUNCT	.	_	_	1	punct	_	_"
uh uh dumper truck slipped on the road too .,"uh	_	_	_	_	_	5	discourse	_	_
uh	_	_	_	_	_	1	conj	_	_
dumper	_	_	_	_	_	4	compound	_	_
truck	_	_	_	_	_	5	nsubj	_	_
slipped	_	_	_	_	_	0	root	_	_
on	_	_	_	_	_	8	case	_	_
the	_	_	_	_	_	8	det	_	_
road	_	_	_	_	_	5	obl	_	_
too	_	_	_	_	_	5	advmod	_	_
.	_	_	_	_	_	5	punct	_	_","uh	_	_	_	_	_	5	discourse	_	_
uh	_	_	_	_	_	5	discourse	_	_
dumper	_	_	_	_	_	4	compound	_	_
truck	_	_	_	_	_	5	nsubj	_	_
slipped	_	_	_	_	_	0	root	_	_
on	_	_	_	_	_	8	case	_	_
the	_	_	_	_	_	8	det	_	_
road	_	_	_	_	_	5	obl	_	_
too	_	_	_	_	_	5	advmod	_	_
.	_	_	_	_	_	5	punct	_	_","uh	_	INTJ	UH	_	_	5	discourse	_	_
uh	_	INTJ	UH	_	_	5	discourse	_	_
dumper	_	NOUN	NN	_	_	4	compound	_	_
truck	_	NOUN	NN	_	_	5	nsubj	_	_
slipped	_	VERB	VBD	_	_	0	root	_	_
on	_	ADP	IN	_	_	8	case	_	_
the	_	DET	DT	_	_	8	det	_	_
road	_	NOUN	NN	_	_	5	obl	_	_
too	_	ADV	RB	_	_	5	advmod	_	_
.	_	PUNCT	.	_	_	5	punct	_	_"
I not need to get down .,"I	_	_	_	_	_	3	nsubj	_	_
not	_	_	_	_	_	3	advmod	_	_
need	_	_	_	_	_	0	root	_	_
to	_	_	_	_	_	5	mark	_	_
get	_	_	_	_	_	3	xcomp	_	_
down	_	_	_	_	_	5	advmod	_	_
.	_	_	_	_	_	3	punct	_	_","I	_	_	_	_	_	3	nsubj	_	_
not	_	_	_	_	_	3	advmod	_	_
need	_	_	_	_	_	0	root	_	_
to	_	_	_	_	_	5	mark	_	_
get	_	_	_	_	_	3	xcomp	_	_
down	_	_	_	_	_	5	advmod	_	_
.	_	_	_	_	_	3	punct	_	_","I	_	PRON	PRP	_	_	3	nsubj	_	_
not	_	PART	RB	_	_	3	advmod	_	_
need	_	VERB	VBP	_	_	0	root	_	_
to	_	PART	TO	_	_	5	mark	_	_
get	_	VERB	VB	_	_	3	xcomp	_	_
down	_	ADP	RP	_	_	5	compound:prt	_	_
.	_	PUNCT	.	_	_	3	punct	_	_"
no need them .,"no	_	_	_	_	_	2	discourse	_	_
need	_	_	_	_	_	0	root	_	_
them	_	_	_	_	_	2	obj	_	_
.	_	_	_	_	_	2	punct	_	_","no	_	_	_	_	_	2	advmod	_	_
need	_	_	_	_	_	0	root	_	_
them	_	_	_	_	_	2	obj	_	_
.	_	_	_	_	_	2	punct	_	_","no	_	INTJ	UH	_	_	2	discourse	_	_
need	_	VERB	VB	_	_	0	root	_	_
them	_	PRON	PRP	_	_	2	obj	_	_
.	_	PUNCT	.	_	_	2	punct	_	_"
I not like that at all .,"I	_	_	_	_	_	3	nsubj	_	_
not	_	_	_	_	_	3	advmod	_	_
like	_	_	_	_	_	0	root	_	_
that	_	_	_	_	_	3	obj	_	_
at	_	_	_	_	_	6	case	_	_
all	_	_	_	_	_	4	obl	_	_
.	_	_	_	_	_	3	punct	_	_","I	_	_	_	_	_	4	nsubj	_	_
not	_	_	_	_	_	4	advmod	_	_
like	_	_	_	_	_	4	case	_	_
that	_	_	_	_	_	0	root	_	_
at	_	_	_	_	_	6	case	_	_
all	_	_	_	_	_	4	obl	_	_
.	_	_	_	_	_	4	punct	_	_","I	_	PRON	PRP	_	_	3	nsubj	_	_
not	_	PART	RB	_	_	3	advmod	_	_
like	_	VERB	VBP	_	_	0	root	_	_
that	_	PRON	DT	_	_	3	obj	_	_
at	_	ADP	IN	_	_	6	case	_	_
all	_	DET	DT	_	_	3	obl	_	_
.	_	PUNCT	.	_	_	3	punct	_	_"
"oh Mummy , I'm .","oh	_	_	_	_	_	4	discourse	_	_
Mummy	_	_	_	_	_	4	vocative	_	_
,	_	_	_	_	_	4	mark	_	_
I'm	_	_	_	_	_	0	root	_	_
.	_	_	_	_	_	4	punct	_	_","oh	_	_	_	_	_	2	discourse	_	_
Mummy	_	_	_	_	_	4	vocative	_	_
,	_	_	_	_	_	2	punct	_	_
I'm	_	_	_	_	_	0	root	_	_
.	_	_	_	_	_	4	punct	_	_","oh	_	INTJ	UH	_	_	5	discourse	_	_
Mummy	_	PROPN	NNP	_	_	5	vocative	_	_
,	_	PUNCT	,	_	_	2	punct	_	_
I	_	PRON	PRP	_	_	5	nsubj	_	_
'm	_	AUX	VBP	_	_	0	root	_	_
.	_	PUNCT	.	_	_	5	punct	_	_"
oh I not like that little boy down my dress .,"oh	_	_	_	_	_	7	discourse	_	_
I	_	_	_	_	_	7	nsubj	_	_
not	_	_	_	_	_	7	advmod	_	_
like	_	_	_	_	_	7	case	_	_
that	_	_	_	_	_	7	det	_	_
little	_	_	_	_	_	7	amod	_	_
boy	_	_	_	_	_	0	root	_	_
down	_	_	_	_	_	10	case	_	_
my	_	_	_	_	_	10	nmod:poss	_	_
dress	_	_	_	_	_	7	nmod	_	_
.	_	_	_	_	_	7	punct	_	_","oh	_	_	_	_	_	7	discourse	_	_
I	_	_	_	_	_	7	nsubj	_	_
not	_	_	_	_	_	7	advmod	_	_
like	_	_	_	_	_	7	case	_	_
that	_	_	_	_	_	7	det	_	_
little	_	_	_	_	_	7	amod	_	_
boy	_	_	_	_	_	0	root	_	_
down	_	_	_	_	_	10	case	_	_
my	_	_	_	_	_	10	nmod:poss	_	_
dress	_	_	_	_	_	7	nmod	_	_
.	_	_	_	_	_	7	punct	_	_","oh	_	INTJ	UH	_	_	4	discourse	_	_
I	_	PRON	PRP	_	_	4	nsubj	_	_
not	_	PART	RB	_	_	4	advmod	_	_
like	_	VERB	VBP	_	_	0	root	_	_
that	_	DET	DT	_	_	7	det	_	_
little	_	ADJ	JJ	_	_	7	amod	_	_
boy	_	NOUN	NN	_	_	4	obj	_	_
down	_	ADP	IN	_	_	10	case	_	_
my	_	PRON	PRP$	_	_	10	nmod:poss	_	_
dress	_	NOUN	NN	_	_	4	obl	_	_
.	_	PUNCT	.	_	_	4	punct	_	_"
Teletubbies are there .,"Teletubbies	_	_	_	_	_	2	nsubj	_	_
are	_	_	_	_	_	3	cop	_	_
there	_	_	_	_	_	0	root	_	_
.	_	_	_	_	_	3	punct	_	_","Teletubbies	_	_	_	_	_	3	nsubj	_	_
are	_	_	_	_	_	3	cop	_	_
there	_	_	_	_	_	0	root	_	_
.	_	_	_	_	_	3	punct	_	_","Teletubbies	_	NOUN	NNS	_	_	3	nsubj	_	_
are	_	AUX	VBP	_	_	3	cop	_	_
there	_	ADV	RB	_	_	0	root	_	_
.	_	PUNCT	.	_	_	3	punct	_	_"
eating Smarties that little boy .,"eating	_	_	_	_	_	0	root	_	_
Smarties	_	_	_	_	_	1	obj	_	_
that	_	_	_	_	_	5	det	_	_
little	_	_	_	_	_	5	amod	_	_
boy	_	_	_	_	_	1	parataxis	_	_
.	_	_	_	_	_	1	punct	_	_","eating	_	_	_	_	_	0	root	_	_
Smarties	_	_	_	_	_	1	obj	_	_
that	_	_	_	_	_	5	det	_	_
little	_	_	_	_	_	5	amod	_	_
boy	_	_	_	_	_	1	obl:unmarked	_	_
.	_	_	_	_	_	1	punct	_	_","eating	_	VERB	VBG	_	_	0	root	_	_
Smarties	_	NOUN	NNS	_	_	1	obj	_	_
that	_	DET	DT	_	_	5	det	_	_
little	_	ADJ	JJ	_	_	5	amod	_	_
boy	_	NOUN	NN	_	_	1	obj	_	_
.	_	PUNCT	.	_	_	1	punct	_	_"
no need it .,"no	_	_	_	_	_	2	discourse	_	_
need	_	_	_	_	_	0	root	_	_
it	_	_	_	_	_	2	obj	_	_
.	_	_	_	_	_	2	punct	_	_","no	_	_	_	_	_	2	advmod	_	_
need	_	_	_	_	_	0	root	_	_
it	_	_	_	_	_	2	obj	_	_
.	_	_	_	_	_	2	punct	_	_","no	_	INTJ	UH	_	_	2	discourse	_	_
need	_	VERB	VBP	_	_	0	root	_	_
it	_	PRON	PRP	_	_	2	obj	_	_
.	_	PUNCT	.	_	_	2	punct	_	_"
it's mornings now .,"it's	_	_	_	_	_	2	cop	_	_
mornings	_	_	_	_	_	0	root	_	_
now	_	_	_	_	_	2	advmod	_	_
.	_	_	_	_	_	2	punct	_	_","it's	_	_	_	_	_	2	cop	_	_
mornings	_	_	_	_	_	0	root	_	_
now	_	_	_	_	_	2	advmod	_	_
.	_	_	_	_	_	2	punct	_	_","it	_	PRON	PRP	_	_	3	nsubj	_	_
's	_	AUX	VBZ	_	_	3	cop	_	_
mornings	_	NOUN	NNS	_	_	0	root	_	_
now	_	ADV	RB	_	_	3	advmod	_	_
.	_	PUNCT	.	_	_	3	punct	_	_"
Grandad a poorly tummy like me .,"Grandad	_	_	_	_	_	4	vocative	_	_
a	_	_	_	_	_	4	det	_	_
poorly	_	_	_	_	_	4	amod	_	_
tummy	_	_	_	_	_	0	root	_	_
like	_	_	_	_	_	6	case	_	_
me	_	_	_	_	_	4	nmod	_	_
.	_	_	_	_	_	4	punct	_	_","Grandad	_	_	_	_	_	4	nsubj	_	_
a	_	_	_	_	_	4	det	_	_
poorly	_	_	_	_	_	4	amod	_	_
tummy	_	_	_	_	_	0	root	_	_
like	_	_	_	_	_	6	case	_	_
me	_	_	_	_	_	4	nmod	_	_
.	_	_	_	_	_	4	punct	_	_","Grandad	_	NOUN	NN	_	_	4	nsubj	_	_
a	_	DET	DT	_	_	4	det	_	_
poorly	_	ADV	RB	_	_	4	advmod	_	_
tummy	_	NOUN	NN	_	_	0	root	_	_
like	_	ADP	IN	_	_	6	case	_	_
me	_	PRON	PRP	_	_	4	nmod	_	_
.	_	PUNCT	.	_	_	4	punct	_	_"
oh Grandad got a poorly tummy .,"oh	_	_	_	_	_	3	discourse	_	_
Grandad	_	_	_	_	_	3	nsubj	_	_
got	_	_	_	_	_	0	root	_	_
a	_	_	_	_	_	6	det	_	_
poorly	_	_	_	_	_	6	amod	_	_
tummy	_	_	_	_	_	3	obj	_	_
.	_	_	_	_	_	3	punct	_	_","oh	_	_	_	_	_	3	discourse	_	_
Grandad	_	_	_	_	_	3	nsubj	_	_
got	_	_	_	_	_	0	root	_	_
a	_	_	_	_	_	6	det	_	_
poorly	_	_	_	_	_	6	amod	_	_
tummy	_	_	_	_	_	3	obj	_	_
.	_	_	_	_	_	3	punct	_	_","oh	_	INTJ	UH	_	_	3	discourse	_	_
Grandad	_	PROPN	NNP	_	_	3	nsubj	_	_
got	_	VERB	VBD	_	_	0	root	_	_
a	_	DET	DT	_	_	6	det	_	_
poorly	_	ADV	RB	_	_	6	advmod	_	_
tummy	_	NOUN	NN	_	_	3	obj	_	_
.	_	PUNCT	.	_	_	3	punct	_	_"
Gran Grandad Beilbie better .,"Gran	_	_	_	_	_	4	vocative	_	_
Grandad	_	_	_	_	_	1	flat	_	_
Beilbie	_	_	_	_	_	1	flat	_	_
better	_	_	_	_	_	0	root	_	_
.	_	_	_	_	_	4	punct	_	_","Gran	_	_	_	_	_	2	compound	_	_
Grandad	_	_	_	_	_	3	nmod:desc	_	_
Beilbie	_	_	_	_	_	4	nsubj	_	_
better	_	_	_	_	_	0	root	_	_
.	_	_	_	_	_	4	punct	_	_","Gran	_	PROPN	NNP	_	_	4	nsubj	_	_
Grandad	_	PROPN	NNP	_	_	1	flat	_	_
Beilbie	_	PROPN	NNP	_	_	1	flat	_	_
better	_	ADJ	JJR	_	_	0	root	_	_
.	_	PUNCT	.	_	_	4	punct	_	_"
little white van talking .,"little	_	_	_	_	_	3	amod	_	_
white	_	_	_	_	_	3	amod	_	_
van	_	_	_	_	_	4	nsubj	_	_
talking	_	_	_	_	_	0	root	_	_
.	_	_	_	_	_	4	punct	_	_","little	_	_	_	_	_	3	amod	_	_
white	_	_	_	_	_	3	amod	_	_
van	_	_	_	_	_	0	root	_	_
talking	_	_	_	_	_	3	acl	_	_
.	_	_	_	_	_	3	punct	_	_","little	_	ADJ	JJ	_	_	3	amod	_	_
white	_	ADJ	JJ	_	_	3	amod	_	_
van	_	NOUN	NN	_	_	4	nsubj	_	_
talking	_	VERB	VBG	_	_	0	root	_	_
.	_	PUNCT	.	_	_	4	punct	_	_"
big birds coming out your hair .,"big	_	_	_	_	_	2	amod	_	_
birds	_	_	_	_	_	3	nsubj	_	_
coming	_	_	_	_	_	0	root	_	_
out	_	_	_	_	_	6	case	_	_
your	_	_	_	_	_	6	nmod:poss	_	_
hair	_	_	_	_	_	3	obl	_	_
.	_	_	_	_	_	3	punct	_	_","big	_	_	_	_	_	2	amod	_	_
birds	_	_	_	_	_	0	root	_	_
coming	_	_	_	_	_	2	acl	_	_
out	_	_	_	_	_	6	case	_	_
your	_	_	_	_	_	6	nmod:poss	_	_
hair	_	_	_	_	_	3	obl	_	_
.	_	_	_	_	_	2	punct	_	_","big	_	ADJ	JJ	_	_	2	amod	_	_
birds	_	NOUN	NNS	_	_	0	root	_	_
coming	_	VERB	VBG	_	_	2	acl	_	_
out	_	ADP	IN	_	_	6	case	_	_
your	_	PRON	PRP$	_	_	6	nmod:poss	_	_
hair	_	NOUN	NN	_	_	3	obl	_	_
.	_	PUNCT	.	_	_	2	punct	_	_"
there La La's ball .,"there	_	_	_	_	_	4	expl	_	_
La	_	_	_	_	_	4	nmod:poss	_	_
La's	_	_	_	_	_	2	flat	_	_
ball	_	_	_	_	_	0	root	_	_
.	_	_	_	_	_	4	punct	_	_","there	_	_	_	_	_	4	expl	_	_
La	_	_	_	_	_	4	nmod:poss	_	_
La's	_	_	_	_	_	2	flat	_	_
ball	_	_	_	_	_	0	root	_	_
.	_	_	_	_	_	4	punct	_	_","there	_	ADV	RB	_	_	0	root	_	_
La	_	PROPN	NNP	_	_	5	nmod:poss	_	_
La	_	PROPN	NNP	_	_	2	flat	_	_
's	_	PART	POS	_	_	2	case	_	_
ball	_	NOUN	NN	_	_	1	nsubj	_	_
.	_	PUNCT	.	_	_	1	punct	_	_"
"Mummy , La La ball .","Mummy	_	_	_	_	_	5	vocative	_	_
,	_	_	_	_	_	5	punct	_	_
La	_	_	_	_	_	5	reparandum	_	_
La	_	_	_	_	_	3	flat	_	_
ball	_	_	_	_	_	0	root	_	_
.	_	_	_	_	_	5	punct	_	_","Mummy	_	_	_	_	_	0	root	_	_
,	_	_	_	_	_	5	punct	_	_
La	_	_	_	_	_	1	parataxis	_	_
La	_	_	_	_	_	3	flat	_	_
ball	_	_	_	_	_	1	appos	_	_
.	_	_	_	_	_	1	punct	_	_","Mummy	_	NOUN	NN	_	_	0	root	_	_
,	_	PUNCT	,	_	_	5	punct	_	_
La	_	PROPN	NNP	_	_	5	compound	_	_
La	_	PROPN	NNP	_	_	3	flat	_	_
ball	_	NOUN	NN	_	_	1	appos	_	_
.	_	PUNCT	.	_	_	1	punct	_	_"
and La La.,"and	_	_	_	_	_	2	cc	_	_
La	_	_	_	_	_	0	conj	_	_
La.	_	_	_	_	_	2	flat	_	_","and	_	_	_	_	_	2	cc	_	_
La	_	_	_	_	_	0	root	_	_
La.	_	_	_	_	_	2	flat	_	_","and	_	CCONJ	CC	_	_	2	cc	_	_
La	_	PROPN	NNP	_	_	0	root	_	_
La.	_	PROPN	NNP	_	_	2	flat	_	_"
and La La.,"and	_	_	_	_	_	2	cc	_	_
La	_	_	_	_	_	0	conj	_	_
La.	_	_	_	_	_	2	flat	_	_","and	_	_	_	_	_	2	cc	_	_
La	_	_	_	_	_	0	root	_	_
La.	_	_	_	_	_	2	flat	_	_","and	_	CCONJ	CC	_	_	2	cc	_	_
La	_	PROPN	NNP	_	_	0	root	_	_
La.	_	PROPN	NNP	_	_	2	flat	_	_"
a La La got lovely hair like you .,"a	_	_	_	_	_	3	reparandum	_	_
La	_	_	_	_	_	4	nsubj	_	_
La	_	_	_	_	_	4	nsubj	_	_
got	_	_	_	_	_	0	root	_	_
lovely	_	_	_	_	_	6	amod	_	_
hair	_	_	_	_	_	4	obj	_	_
like	_	_	_	_	_	8	case	_	_
you	_	_	_	_	_	6	nmod	_	_
.	_	_	_	_	_	4	punct	_	_","a	_	_	_	_	_	2	det	_	_
La	_	_	_	_	_	4	nsubj	_	_
La	_	_	_	_	_	2	flat	_	_
got	_	_	_	_	_	0	root	_	_
lovely	_	_	_	_	_	6	amod	_	_
hair	_	_	_	_	_	4	obj	_	_
like	_	_	_	_	_	8	case	_	_
you	_	_	_	_	_	4	obl	_	_
.	_	_	_	_	_	4	punct	_	_","a	_	DET	DT	_	_	2	det	_	_
La	_	PROPN	NNP	_	_	4	nsubj	_	_
La	_	PROPN	NNP	_	_	2	flat	_	_
got	_	VERB	VBD	_	_	0	root	_	_
lovely	_	ADJ	JJ	_	_	6	amod	_	_
hair	_	NOUN	NN	_	_	4	obj	_	_
like	_	ADP	IN	_	_	8	case	_	_
you	_	PRON	PRP	_	_	4	obl	_	_
.	_	PUNCT	.	_	_	4	punct	_	_"
powder powder .,"powder	_	_	_	_	_	0	root	_	_
powder	_	_	_	_	_	1	conj	_	_
.	_	_	_	_	_	1	punct	_	_","powder	_	_	_	_	_	2	compound	_	_
powder	_	_	_	_	_	0	root	_	_
.	_	_	_	_	_	2	punct	_	_","powder	_	NOUN	NN	_	_	2	compound	_	_
powder	_	NOUN	NN	_	_	0	root	_	_
.	_	PUNCT	.	_	_	2	punct	_	_"
um um the kids get on the preschool .,"um	_	_	_	_	_	5	discourse	_	_
um	_	_	_	_	_	1	conj	_	_
the	_	_	_	_	_	4	det	_	_
kids	_	_	_	_	_	5	nsubj	_	_
get	_	_	_	_	_	0	root	_	_
on	_	_	_	_	_	8	case	_	_
the	_	_	_	_	_	8	det	_	_
preschool	_	_	_	_	_	5	obl	_	_
.	_	_	_	_	_	5	punct	_	_","um	_	_	_	_	_	5	discourse	_	_
um	_	_	_	_	_	5	discourse	_	_
the	_	_	_	_	_	4	det	_	_
kids	_	_	_	_	_	5	nsubj	_	_
get	_	_	_	_	_	0	root	_	_
on	_	_	_	_	_	8	case	_	_
the	_	_	_	_	_	8	det	_	_
preschool	_	_	_	_	_	5	obl	_	_
.	_	_	_	_	_	5	punct	_	_","um	_	INTJ	UH	_	_	5	discourse	_	_
um	_	INTJ	UH	_	_	5	discourse	_	_
the	_	DET	DT	_	_	4	det	_	_
kids	_	NOUN	NNS	_	_	5	nsubj	_	_
get	_	VERB	VBP	_	_	0	root	_	_
on	_	ADP	IN	_	_	8	case	_	_
the	_	DET	DT	_	_	8	det	_	_
preschool	_	NOUN	NN	_	_	5	obl	_	_
.	_	PUNCT	.	_	_	5	punct	_	_"
the boy going to get a band - aid .,"the	_	_	_	_	_	2	det	_	_
boy	_	_	_	_	_	3	nsubj	_	_
going	_	_	_	_	_	0	root	_	_
to	_	_	_	_	_	5	mark	_	_
get	_	_	_	_	_	3	xcomp	_	_
a	_	_	_	_	_	9	det	_	_
band	_	_	_	_	_	9	compound	_	_
-	_	_	_	_	_	9	compound	_	_
aid	_	_	_	_	_	5	obj	_	_
.	_	_	_	_	_	3	punct	_	_","the	_	_	_	_	_	2	det	_	_
boy	_	_	_	_	_	3	nsubj	_	_
going	_	_	_	_	_	0	root	_	_
to	_	_	_	_	_	5	mark	_	_
get	_	_	_	_	_	3	xcomp	_	_
a	_	_	_	_	_	9	det	_	_
band	_	_	_	_	_	9	compound	_	_
-	_	_	_	_	_	7	punct	_	_
aid	_	_	_	_	_	5	obj	_	_
.	_	_	_	_	_	3	punct	_	_","the	_	DET	DT	_	_	2	det	_	_
boy	_	NOUN	NN	_	_	3	nsubj	_	_
going	_	VERB	VBG	_	_	0	root	_	_
to	_	PART	TO	_	_	5	mark	_	_
get	_	VERB	VB	_	_	3	xcomp	_	_
a	_	DET	DT	_	_	9	det	_	_
band	_	NOUN	NN	_	_	9	compound	_	_
-	_	PUNCT	HYPH	_	_	7	punct	_	_
aid	_	NOUN	NN	_	_	5	obj	_	_
.	_	PUNCT	.	_	_	3	punct	_	_"
the the snow going to be on the ground .,"the	_	_	_	_	_	2	reparandum	_	_
the	_	_	_	_	_	3	det	_	_
snow	_	_	_	_	_	4	nsubj	_	_
going	_	_	_	_	_	0	root	_	_
to	_	_	_	_	_	9	mark	_	_
be	_	_	_	_	_	9	cop	_	_
on	_	_	_	_	_	9	case	_	_
the	_	_	_	_	_	9	det	_	_
ground	_	_	_	_	_	4	xcomp	_	_
.	_	_	_	_	_	4	punct	_	_","the	_	_	_	_	_	3	reparandum	_	_
the	_	_	_	_	_	3	det	_	_
snow	_	_	_	_	_	4	nsubj	_	_
going	_	_	_	_	_	0	root	_	_
to	_	_	_	_	_	9	mark	_	_
be	_	_	_	_	_	9	cop	_	_
on	_	_	_	_	_	9	case	_	_
the	_	_	_	_	_	9	det	_	_
ground	_	_	_	_	_	4	xcomp	_	_
.	_	_	_	_	_	4	punct	_	_","the	_	DET	DT	_	_	3	det	_	_
the	_	DET	DT	_	_	3	det	_	_
snow	_	NOUN	NN	_	_	4	nsubj	_	_
going	_	VERB	VBG	_	_	0	root	_	_
to	_	PART	TO	_	_	9	mark	_	_
be	_	AUX	VB	_	_	9	cop	_	_
on	_	ADP	IN	_	_	9	case	_	_
the	_	DET	DT	_	_	9	det	_	_
ground	_	NOUN	NN	_	_	4	xcomp	_	_
.	_	PUNCT	.	_	_	4	punct	_	_"
he fall down again .,"he	_	_	_	_	_	2	nsubj	_	_
fall	_	_	_	_	_	0	root	_	_
down	_	_	_	_	_	2	advmod	_	_
again	_	_	_	_	_	2	advmod	_	_
.	_	_	_	_	_	2	punct	_	_","he	_	_	_	_	_	2	nsubj	_	_
fall	_	_	_	_	_	0	root	_	_
down	_	_	_	_	_	2	compound:prt	_	_
again	_	_	_	_	_	2	advmod	_	_
.	_	_	_	_	_	2	punct	_	_","he	_	PRON	PRP	_	_	2	nsubj	_	_
fall	_	VERB	VBP	_	_	0	root	_	_
down	_	ADP	RP	_	_	2	compound:prt	_	_
again	_	ADV	RB	_	_	2	advmod	_	_
.	_	PUNCT	.	_	_	2	punct	_	_"
the the car the white car going to get the tractor .,"the	_	_	_	_	_	2	reparandum	_	_
the	_	_	_	_	_	3	det	_	_
car	_	_	_	_	_	0	root	_	_
the	_	_	_	_	_	6	det	_	_
white	_	_	_	_	_	6	amod	_	_
car	_	_	_	_	_	7	nsubj	_	_
going	_	_	_	_	_	3	parataxis	_	_
to	_	_	_	_	_	9	mark	_	_
get	_	_	_	_	_	7	xcomp	_	_
the	_	_	_	_	_	11	det	_	_
tractor	_	_	_	_	_	9	obj	_	_
.	_	_	_	_	_	3	punct	_	_","the	_	_	_	_	_	3	reparandum	_	_
the	_	_	_	_	_	3	det	_	_
car	_	_	_	_	_	7	reparandum	_	_
the	_	_	_	_	_	6	det	_	_
white	_	_	_	_	_	6	amod	_	_
car	_	_	_	_	_	0	root	_	_
going	_	_	_	_	_	6	acl	_	_
to	_	_	_	_	_	9	mark	_	_
get	_	_	_	_	_	7	xcomp	_	_
the	_	_	_	_	_	11	det	_	_
tractor	_	_	_	_	_	9	obj	_	_
.	_	_	_	_	_	3	punct	_	_","the	_	DET	DT	_	_	3	det	_	_
the	_	DET	DT	_	_	3	det	_	_
car	_	NOUN	NN	_	_	7	nsubj	_	_
the	_	DET	DT	_	_	6	det	_	_
white	_	ADJ	JJ	_	_	6	amod	_	_
car	_	NOUN	NN	_	_	7	nsubj	_	_
going	_	VERB	VBG	_	_	0	root	_	_
to	_	PART	TO	_	_	9	mark	_	_
get	_	VERB	VB	_	_	7	advcl	_	_
the	_	DET	DT	_	_	11	det	_	_
tractor	_	NOUN	NN	_	_	9	obj	_	_
.	_	PUNCT	.	_	_	7	punct	_	_"
the tractor the tractor the race car's going to fall the tractor .,"the	_	_	_	_	_	2	det	_	_
tractor	_	_	_	_	_	0	root	_	_
the	_	_	_	_	_	4	det	_	_
tractor	_	_	_	_	_	2	conj	_	_
the	_	_	_	_	_	7	det	_	_
race	_	_	_	_	_	7	compound	_	_
car's	_	_	_	_	_	8	nsubj	_	_
going	_	_	_	_	_	2	parataxis	_	_
to	_	_	_	_	_	10	mark	_	_
fall	_	_	_	_	_	8	xcomp	_	_
the	_	_	_	_	_	12	det	_	_
tractor	_	_	_	_	_	2	parataxis	_	_
.	_	_	_	_	_	2	punct	_	_","the	_	_	_	_	_	2	det	_	_
tractor	_	_	_	_	_	0	root	_	_
the	_	_	_	_	_	4	det	_	_
tractor	_	_	_	_	_	2	parataxis	_	_
the	_	_	_	_	_	7	det	_	_
race	_	_	_	_	_	7	compound	_	_
car's	_	_	_	_	_	8	nsubj	_	_
going	_	_	_	_	_	2	parataxis	_	_
to	_	_	_	_	_	10	mark	_	_
fall	_	_	_	_	_	8	xcomp	_	_
the	_	_	_	_	_	12	det	_	_
tractor	_	_	_	_	_	8	parataxis	_	_
.	_	_	_	_	_	2	punct	_	_","the	_	DET	DT	_	_	2	det	_	_
tractor	_	NOUN	NN	_	_	9	nsubj	_	_
the	_	DET	DT	_	_	4	det	_	_
tractor	_	NOUN	NN	_	_	9	obj	_	_
the	_	DET	DT	_	_	7	det	_	_
race	_	NOUN	NN	_	_	7	compound	_	_
car	_	NOUN	NN	_	_	9	nsubj	_	_
's	_	AUX	VBZ	_	_	9	aux	_	_
going	_	VERB	VBG	_	_	0	root	_	_
to	_	PART	TO	_	_	11	mark	_	_
fall	_	VERB	VB	_	_	9	xcomp	_	_
the	_	DET	DT	_	_	13	det	_	_
tractor	_	NOUN	NN	_	_	11	obj	_	_
.	_	PUNCT	.	_	_	9	punct	_	_"
the Hulk Doctor David Banner take his shirt off and be the be the Hulk .,"the	_	_	_	_	_	2	det	_	_
Hulk	_	_	_	_	_	0	root	_	_
Doctor	_	_	_	_	_	6	nsubj	_	_
David	_	_	_	_	_	3	flat	_	_
Banner	_	_	_	_	_	3	flat	_	_
take	_	_	_	_	_	2	parataxis	_	_
his	_	_	_	_	_	8	nmod:poss	_	_
shirt	_	_	_	_	_	6	obj	_	_
off	_	_	_	_	_	6	compound:prt	_	_
and	_	_	_	_	_	15	cc	_	_
be	_	_	_	_	_	15	cop	_	_
the	_	_	_	_	_	15	reparandum	_	_
be	_	_	_	_	_	15	cop	_	_
the	_	_	_	_	_	15	det	_	_
Hulk	_	_	_	_	_	6	conj	_	_
.	_	_	_	_	_	2	punct	_	_","the	_	_	_	_	_	2	det	_	_
Hulk	_	_	_	_	_	6	nsubj	_	_
Doctor	_	_	_	_	_	4	nmod:desc	_	_
David	_	_	_	_	_	2	appos	_	_
Banner	_	_	_	_	_	4	flat	_	_
take	_	_	_	_	_	0	root	_	_
his	_	_	_	_	_	8	nmod:poss	_	_
shirt	_	_	_	_	_	6	obj	_	_
off	_	_	_	_	_	6	compound:prt	_	_
and	_	_	_	_	_	15	cc	_	_
be	_	_	_	_	_	15	reparandum	_	_
the	_	_	_	_	_	15	reparandum	_	_
be	_	_	_	_	_	15	cop	_	_
the	_	_	_	_	_	15	det	_	_
Hulk	_	_	_	_	_	6	conj	_	_
.	_	_	_	_	_	6	punct	_	_","the	_	DET	DT	_	_	3	det	_	_
Hulk	_	PROPN	NNP	_	_	3	compound	_	_
Doctor	_	PROPN	NNP	_	_	6	nsubj	_	_
David	_	PROPN	NNP	_	_	3	flat	_	_
Banner	_	PROPN	NNP	_	_	3	flat	_	_
take	_	VERB	VB	_	_	0	root	_	_
his	_	PRON	PRP$	_	_	8	nmod:poss	_	_
shirt	_	NOUN	NN	_	_	6	obj	_	_
off	_	ADP	RP	_	_	6	compound:prt	_	_
and	_	CCONJ	CC	_	_	15	cc	_	_
be	_	AUX	VB	_	_	15	cop	_	_
the	_	DET	DT	_	_	15	det	_	_
be	_	AUX	VB	_	_	15	cop	_	_
the	_	DET	DT	_	_	15	det	_	_
Hulk	_	PROPN	NNP	_	_	6	conj	_	_
.	_	PUNCT	.	_	_	6	punct	_	_"
he going to put up the man up on the air .,"he	_	_	_	_	_	2	nsubj	_	_
going	_	_	_	_	_	0	root	_	_
to	_	_	_	_	_	4	mark	_	_
put	_	_	_	_	_	2	xcomp	_	_
up	_	_	_	_	_	4	compound:prt	_	_
the	_	_	_	_	_	7	det	_	_
man	_	_	_	_	_	4	obj	_	_
up	_	_	_	_	_	11	advmod	_	_
on	_	_	_	_	_	11	case	_	_
the	_	_	_	_	_	11	det	_	_
air	_	_	_	_	_	4	obl	_	_
.	_	_	_	_	_	2	punct	_	_","he	_	_	_	_	_	2	nsubj	_	_
going	_	_	_	_	_	0	root	_	_
to	_	_	_	_	_	4	mark	_	_
put	_	_	_	_	_	2	xcomp	_	_
up	_	_	_	_	_	4	compound:prt	_	_
the	_	_	_	_	_	7	det	_	_
man	_	_	_	_	_	4	obj	_	_
up	_	_	_	_	_	4	compound:prt	_	_
on	_	_	_	_	_	11	case	_	_
the	_	_	_	_	_	11	det	_	_
air	_	_	_	_	_	4	obl	_	_
.	_	_	_	_	_	2	punct	_	_","he	_	PRON	PRP	_	_	2	nsubj	_	_
going	_	VERB	VBG	_	_	0	root	_	_
to	_	PART	TO	_	_	4	mark	_	_
put	_	VERB	VB	_	_	2	xcomp	_	_
up	_	ADP	RP	_	_	4	compound:prt	_	_
the	_	DET	DT	_	_	7	det	_	_
man	_	NOUN	NN	_	_	4	obj	_	_
up	_	ADP	RP	_	_	4	compound:prt	_	_
on	_	ADP	IN	_	_	11	case	_	_
the	_	DET	DT	_	_	11	det	_	_
air	_	NOUN	NN	_	_	4	obl	_	_
.	_	PUNCT	.	_	_	2	punct	_	_"
pick up the pick up on the air .,"pick	_	_	_	_	_	4	reparandum	_	_
up	_	_	_	_	_	1	compound:prt	_	_
the	_	_	_	_	_	4	reparandum	_	_
pick	_	_	_	_	_	0	root	_	_
up	_	_	_	_	_	4	compound:prt	_	_
on	_	_	_	_	_	8	case	_	_
the	_	_	_	_	_	8	det	_	_
air	_	_	_	_	_	4	obl	_	_
.	_	_	_	_	_	4	punct	_	_","pick	_	_	_	_	_	0	root	_	_
up	_	_	_	_	_	1	compound:prt	_	_
the	_	_	_	_	_	4	det	_	_
pick	_	_	_	_	_	1	obj	_	_
up	_	_	_	_	_	4	compound:prt	_	_
on	_	_	_	_	_	8	case	_	_
the	_	_	_	_	_	8	det	_	_
air	_	_	_	_	_	4	nmod	_	_
.	_	_	_	_	_	1	punct	_	_","pick	_	VERB	VB	_	_	0	root	_	_
up	_	ADP	RP	_	_	1	compound:prt	_	_
the	_	DET	DT	_	_	4	det	_	_
pick	_	NOUN	NN	_	_	1	obj	_	_
up	_	ADP	RP	_	_	1	compound:prt	_	_
on	_	ADP	IN	_	_	8	case	_	_
the	_	DET	DT	_	_	8	det	_	_
air	_	NOUN	NN	_	_	1	obl	_	_
.	_	PUNCT	.	_	_	1	punct	_	_"
pick up pick up the air .,"pick	_	_	_	_	_	3	reparandum	_	_
up	_	_	_	_	_	1	compound:prt	_	_
pick	_	_	_	_	_	0	root	_	_
up	_	_	_	_	_	3	compound:prt	_	_
the	_	_	_	_	_	6	det	_	_
air	_	_	_	_	_	3	obj	_	_
.	_	_	_	_	_	3	punct	_	_","pick	_	_	_	_	_	0	root	_	_
up	_	_	_	_	_	1	compound:prt	_	_
pick	_	_	_	_	_	1	parataxis	_	_
up	_	_	_	_	_	3	compound:prt	_	_
the	_	_	_	_	_	6	det	_	_
air	_	_	_	_	_	3	obj	_	_
.	_	_	_	_	_	1	punct	_	_","pick	_	VERB	VB	_	_	0	root	_	_
up	_	ADP	RP	_	_	1	compound:prt	_	_
pick	_	VERB	VB	_	_	1	xcomp	_	_
up	_	ADP	RP	_	_	3	compound:prt	_	_
the	_	DET	DT	_	_	6	det	_	_
air	_	NOUN	NN	_	_	3	obj	_	_
.	_	PUNCT	.	_	_	1	punct	_	_"
and why why why does Doctor David Banner gets mad ?,"and	_	_	_	_	_	9	cc	_	_
why	_	_	_	_	_	9	advmod	_	_
why	_	_	_	_	_	2	conj	_	_
why	_	_	_	_	_	2	conj	_	_
does	_	_	_	_	_	9	aux	_	_
Doctor	_	_	_	_	_	9	nsubj	_	_
David	_	_	_	_	_	6	flat	_	_
Banner	_	_	_	_	_	6	flat	_	_
gets	_	_	_	_	_	0	root	_	_
mad	_	_	_	_	_	9	xcomp	_	_
?	_	_	_	_	_	9	punct	_	_","and	_	_	_	_	_	9	cc	_	_
why	_	_	_	_	_	9	advmod	_	_
why	_	_	_	_	_	9	discourse	_	_
why	_	_	_	_	_	9	advmod	_	_
does	_	_	_	_	_	9	aux	_	_
Doctor	_	_	_	_	_	7	nmod:desc	_	_
David	_	_	_	_	_	9	nsubj	_	_
Banner	_	_	_	_	_	7	flat	_	_
gets	_	_	_	_	_	0	root	_	_
mad	_	_	_	_	_	9	xcomp	_	_
?	_	_	_	_	_	9	punct	_	_","and	_	CCONJ	CC	_	_	9	cc	_	_
why	_	ADV	WRB	_	_	9	advmod	_	_
why	_	ADV	WRB	_	_	9	advmod	_	_
why	_	ADV	WRB	_	_	9	advmod	_	_
does	_	AUX	VBZ	_	_	9	aux	_	_
Doctor	_	PROPN	NNP	_	_	9	nsubj	_	_
David	_	PROPN	NNP	_	_	6	flat	_	_
Banner	_	PROPN	NNP	_	_	6	flat	_	_
gets	_	VERB	VBZ	_	_	0	root	_	_
mad	_	ADJ	JJ	_	_	9	xcomp	_	_
?	_	PUNCT	.	_	_	9	punct	_	_"
hey daddy hey daddy Doctor David Banner talk too much much ?,"hey	_	_	_	_	_	8	discourse	_	_
daddy	_	_	_	_	_	1	vocative	_	_
hey	_	_	_	_	_	1	conj	_	_
daddy	_	_	_	_	_	1	vocative	_	_
Doctor	_	_	_	_	_	8	nsubj	_	_
David	_	_	_	_	_	5	flat	_	_
Banner	_	_	_	_	_	5	flat	_	_
talk	_	_	_	_	_	0	root	_	_
too	_	_	_	_	_	10	advmod	_	_
much	_	_	_	_	_	8	advmod	_	_
much	_	_	_	_	_	10	conj	_	_
?	_	_	_	_	_	8	punct	_	_","hey	_	_	_	_	_	0	root	_	_
daddy	_	_	_	_	_	1	discourse	_	_
hey	_	_	_	_	_	4	discourse	_	_
daddy	_	_	_	_	_	1	vocative	_	_
Doctor	_	_	_	_	_	6	nmod:desc	_	_
David	_	_	_	_	_	1	vocative	_	_
Banner	_	_	_	_	_	6	flat	_	_
talk	_	_	_	_	_	4	parataxis	_	_
too	_	_	_	_	_	10	advmod	_	_
much	_	_	_	_	_	8	advmod	_	_
much	_	_	_	_	_	8	advmod	_	_
?	_	_	_	_	_	1	punct	_	_","hey	_	INTJ	UH	_	_	8	discourse	_	_
daddy	_	INTJ	UH	_	_	8	discourse	_	_
hey	_	INTJ	UH	_	_	8	discourse	_	_
daddy	_	PROPN	NNP	_	_	8	nsubj	_	_
Doctor	_	PROPN	NNP	_	_	8	nsubj	_	_
David	_	PROPN	NNP	_	_	5	flat	_	_
Banner	_	PROPN	NNP	_	_	5	flat	_	_
talk	_	VERB	VB	_	_	0	root	_	_
too	_	ADV	RB	_	_	10	advmod	_	_
much	_	ADV	RB	_	_	11	advmod	_	_
much	_	ADJ	JJ	_	_	8	advmod	_	_
?	_	PUNCT	.	_	_	8	punct	_	_"
um um and Doctor David Banner turn in the Hulk .,"um	_	_	_	_	_	4	discourse	_	_
um	_	_	_	_	_	1	conj	_	_
and	_	_	_	_	_	7	cc	_	_
Doctor	_	_	_	_	_	7	nsubj	_	_
David	_	_	_	_	_	4	flat	_	_
Banner	_	_	_	_	_	4	flat	_	_
turn	_	_	_	_	_	0	root	_	_
in	_	_	_	_	_	7	compound:prt	_	_
the	_	_	_	_	_	10	det	_	_
Hulk	_	_	_	_	_	7	obj	_	_
.	_	_	_	_	_	7	punct	_	_","um	_	_	_	_	_	7	discourse	_	_
um	_	_	_	_	_	7	discourse	_	_
and	_	_	_	_	_	7	cc	_	_
Doctor	_	_	_	_	_	5	nmod:desc	_	_
David	_	_	_	_	_	7	nsubj	_	_
Banner	_	_	_	_	_	5	flat	_	_
turn	_	_	_	_	_	0	root	_	_
in	_	_	_	_	_	7	compound:prt	_	_
the	_	_	_	_	_	10	det	_	_
Hulk	_	_	_	_	_	7	obj	_	_
.	_	_	_	_	_	7	punct	_	_","um	_	INTJ	UH	_	_	7	discourse	_	_
um	_	INTJ	UH	_	_	7	discourse	_	_
and	_	CCONJ	CC	_	_	4	cc	_	_
Doctor	_	PROPN	NNP	_	_	7	nsubj	_	_
David	_	PROPN	NNP	_	_	4	flat	_	_
Banner	_	PROPN	NNP	_	_	4	flat	_	_
turn	_	VERB	VB	_	_	0	root	_	_
in	_	ADP	IN	_	_	10	case	_	_
the	_	DET	DT	_	_	10	det	_	_
Hulk	_	PROPN	NNP	_	_	7	obl	_	_
.	_	PUNCT	.	_	_	7	punct	_	_"
this my nose .,"this	_	_	_	_	_	3	nsubj	_	_
my	_	_	_	_	_	3	nmod:poss	_	_
nose	_	_	_	_	_	0	root	_	_
.	_	_	_	_	_	3	punct	_	_","this	_	_	_	_	_	3	nsubj	_	_
my	_	_	_	_	_	3	nmod:poss	_	_
nose	_	_	_	_	_	0	root	_	_
.	_	_	_	_	_	3	punct	_	_","this	_	DET	DT	_	_	3	det	_	_
my	_	PRON	PRP$	_	_	3	nmod:poss	_	_
nose	_	NOUN	NN	_	_	0	root	_	_
.	_	PUNCT	.	_	_	3	punct	_	_"
look look it .,"look	_	_	_	_	_	2	reparandum	_	_
look	_	_	_	_	_	0	root	_	_
it	_	_	_	_	_	2	obj	_	_
.	_	_	_	_	_	2	punct	_	_","look	_	_	_	_	_	0	root	_	_
look	_	_	_	_	_	1	parataxis	_	_
it	_	_	_	_	_	2	obj	_	_
.	_	_	_	_	_	1	punct	_	_","look	_	VERB	VB	_	_	0	root	_	_
look	_	VERB	VB	_	_	1	xcomp	_	_
it	_	PRON	PRP	_	_	2	obj	_	_
.	_	PUNCT	.	_	_	1	punct	_	_"
this mommy .,"this	_	_	_	_	_	0	root	_	_
mommy	_	_	_	_	_	1	vocative	_	_
.	_	_	_	_	_	1	punct	_	_","this	_	_	_	_	_	2	det	_	_
mommy	_	_	_	_	_	0	root	_	_
.	_	_	_	_	_	2	punct	_	_","this	_	DET	DT	_	_	2	det	_	_
mommy	_	NOUN	NN	_	_	0	root	_	_
.	_	PUNCT	.	_	_	2	punct	_	_"
this mommy mouth .,"this	_	_	_	_	_	3	det	_	_
mommy	_	_	_	_	_	3	nmod:poss	_	_
mouth	_	_	_	_	_	0	root	_	_
.	_	_	_	_	_	3	punct	_	_","this	_	_	_	_	_	3	det	_	_
mommy	_	_	_	_	_	3	compound	_	_
mouth	_	_	_	_	_	0	root	_	_
.	_	_	_	_	_	3	punct	_	_","this	_	DET	DT	_	_	3	det	_	_
mommy	_	ADJ	JJ	_	_	3	amod	_	_
mouth	_	NOUN	NN	_	_	0	root	_	_
.	_	PUNCT	.	_	_	3	punct	_	_"
like mommy teeth .,"like	_	_	_	_	_	3	case	_	_
mommy	_	_	_	_	_	3	nmod:poss	_	_
teeth	_	_	_	_	_	0	root	_	_
.	_	_	_	_	_	3	punct	_	_","like	_	_	_	_	_	3	discourse	_	_
mommy	_	_	_	_	_	3	compound	_	_
teeth	_	_	_	_	_	0	root	_	_
.	_	_	_	_	_	3	punct	_	_","like	_	INTJ	UH	_	_	3	discourse	_	_
mommy	_	NOUN	NN	_	_	3	compound	_	_
teeth	_	NOUN	NNS	_	_	0	root	_	_
.	_	PUNCT	.	_	_	3	punct	_	_"
oh no is mine eyes .,"oh	_	_	_	_	_	5	discourse	_	_
no	_	_	_	_	_	5	discourse	_	_
is	_	_	_	_	_	5	cop	_	_
mine	_	_	_	_	_	5	nmod:poss	_	_
eyes	_	_	_	_	_	0	root	_	_
.	_	_	_	_	_	5	punct	_	_","oh	_	_	_	_	_	5	discourse	_	_
no	_	_	_	_	_	5	discourse	_	_
is	_	_	_	_	_	5	cop	_	_
mine	_	_	_	_	_	5	nmod:poss	_	_
eyes	_	_	_	_	_	0	root	_	_
.	_	_	_	_	_	5	punct	_	_","oh	_	INTJ	UH	_	_	5	discourse	_	_
no	_	INTJ	UH	_	_	5	discourse	_	_
is	_	AUX	VBZ	_	_	5	cop	_	_
mine	_	PRON	PRP	_	_	5	compound	_	_
eyes	_	NOUN	NNS	_	_	0	root	_	_
.	_	PUNCT	.	_	_	5	punct	_	_"
here mine eyes .,"here	_	_	_	_	_	0	root	_	_
mine	_	_	_	_	_	3	nmod:poss	_	_
eyes	_	_	_	_	_	1	nsubj	_	_
.	_	_	_	_	_	1	punct	_	_","here	_	_	_	_	_	0	root	_	_
mine	_	_	_	_	_	3	nmod:poss	_	_
eyes	_	_	_	_	_	1	nsubj	_	_
.	_	_	_	_	_	1	punct	_	_","here	_	ADV	RB	_	_	0	root	_	_
mine	_	PRON	PRP	_	_	1	nsubj	_	_
eyes	_	NOUN	NNS	_	_	1	nsubj	_	_
.	_	PUNCT	.	_	_	1	punct	_	_"
no mine mommy .,"no	_	_	_	_	_	2	discourse	_	_
mine	_	_	_	_	_	0	root	_	_
mommy	_	_	_	_	_	2	vocative	_	_
.	_	_	_	_	_	2	punct	_	_","no	_	_	_	_	_	2	discourse	_	_
mine	_	_	_	_	_	0	root	_	_
mommy	_	_	_	_	_	2	vocative	_	_
.	_	_	_	_	_	2	punct	_	_","no	_	DET	DT	_	_	3	det	_	_
mine	_	PRON	PRP	_	_	3	compound	_	_
mommy	_	NOUN	NN	_	_	0	root	_	_
.	_	PUNCT	.	_	_	3	punct	_	_"
it's my .,"it's	_	_	_	_	_	2	nsubj	_	_
my	_	_	_	_	_	0	root	_	_
.	_	_	_	_	_	2	punct	_	_","it's	_	_	_	_	_	2	cop	_	_
my	_	_	_	_	_	0	root	_	_
.	_	_	_	_	_	2	punct	_	_","it	_	PRON	PRP	_	_	3	nsubj	_	_
's	_	AUX	VBZ	_	_	3	cop	_	_
my	_	PRON	PRP	_	_	0	root	_	_
.	_	PUNCT	.	_	_	3	punct	_	_"
is more mommy mo .,"is	_	_	_	_	_	2	cop	_	_
more	_	_	_	_	_	0	root	_	_
mommy	_	_	_	_	_	2	vocative	_	_
mo	_	_	_	_	_	3	flat	_	_
.	_	_	_	_	_	2	punct	_	_","is	_	_	_	_	_	4	cop	_	_
more	_	_	_	_	_	4	advmod	_	_
mommy	_	_	_	_	_	4	compound	_	_
mo	_	_	_	_	_	0	root	_	_
.	_	_	_	_	_	4	punct	_	_","is	_	AUX	VBZ	_	_	4	cop	_	_
more	_	ADV	RBR	_	_	4	advmod	_	_
mommy	_	NOUN	NN	_	_	4	compound	_	_
mo	_	NOUN	NN	_	_	0	root	_	_
.	_	PUNCT	.	_	_	4	punct	_	_"
what where daddy mouth .,"what	_	_	_	_	_	2	reparandum	_	_
where	_	_	_	_	_	0	root	_	_
daddy	_	_	_	_	_	4	nmod:poss	_	_
mouth	_	_	_	_	_	2	nsubj	_	_
.	_	_	_	_	_	2	punct	_	_","what	_	_	_	_	_	4	nsubj	_	_
where	_	_	_	_	_	4	cop	_	_
daddy	_	_	_	_	_	4	nmod:poss	_	_
mouth	_	_	_	_	_	0	root	_	_
.	_	_	_	_	_	4	punct	_	_","what	_	PRON	WP	_	_	0	root	_	_
where	_	ADV	WRB	_	_	4	advmod	_	_
daddy	_	NOUN	NN	_	_	4	compound	_	_
mouth	_	NOUN	NN	_	_	1	nsubj	_	_
.	_	PUNCT	.	_	_	1	punct	_	_"
this momma mouth .,"this	_	_	_	_	_	3	det	_	_
momma	_	_	_	_	_	3	nmod:poss	_	_
mouth	_	_	_	_	_	0	root	_	_
.	_	_	_	_	_	3	punct	_	_","this	_	_	_	_	_	3	det	_	_
momma	_	_	_	_	_	3	compound	_	_
mouth	_	_	_	_	_	0	root	_	_
.	_	_	_	_	_	3	punct	_	_","this	_	DET	DT	_	_	3	det	_	_
momma	_	NOUN	NN	_	_	3	compound	_	_
mouth	_	NOUN	NN	_	_	0	root	_	_
.	_	PUNCT	.	_	_	3	punct	_	_"
here's mine ears .,"here's	_	_	_	_	_	0	root	_	_
mine	_	_	_	_	_	3	nmod:poss	_	_
ears	_	_	_	_	_	1	nsubj	_	_
.	_	_	_	_	_	1	punct	_	_","here's	_	_	_	_	_	0	root	_	_
mine	_	_	_	_	_	3	nmod:poss	_	_
ears	_	_	_	_	_	1	nsubj	_	_
.	_	_	_	_	_	1	punct	_	_","here	_	ADV	RB	_	_	0	root	_	_
's	_	AUX	VBZ	_	_	1	cop	_	_
mine	_	PRON	PRP	_	_	4	compound	_	_
ears	_	NOUN	NNS	_	_	1	nsubj	_	_
.	_	PUNCT	.	_	_	1	punct	_	_"
mommy what these go down ?,"mommy	_	_	_	_	_	4	vocative	_	_
what	_	_	_	_	_	4	obl	_	_
these	_	_	_	_	_	4	nsubj	_	_
go	_	_	_	_	_	0	root	_	_
down	_	_	_	_	_	4	advmod	_	_
?	_	_	_	_	_	4	punct	_	_","mommy	_	_	_	_	_	2	vocative	_	_
what	_	_	_	_	_	0	root	_	_
these	_	_	_	_	_	4	nsubj	_	_
go	_	_	_	_	_	2	acl:relcl	_	_
down	_	_	_	_	_	4	advmod	_	_
?	_	_	_	_	_	2	punct	_	_","mommy	_	INTJ	UH	_	_	2	discourse	_	_
what	_	PRON	WP	_	_	0	root	_	_
these	_	PRON	DT	_	_	4	nsubj	_	_
go	_	VERB	VBP	_	_	2	acl:relcl	_	_
down	_	ADP	RP	_	_	4	compound:prt	_	_
?	_	PUNCT	.	_	_	2	punct	_	_"
that's daddy take tongue .,"that's	_	_	_	_	_	2	nsubj	_	_
daddy	_	_	_	_	_	0	root	_	_
take	_	_	_	_	_	2	parataxis	_	_
tongue	_	_	_	_	_	3	obj	_	_
.	_	_	_	_	_	2	punct	_	_","that's	_	_	_	_	_	2	cop	_	_
daddy	_	_	_	_	_	0	root	_	_
take	_	_	_	_	_	2	parataxis	_	_
tongue	_	_	_	_	_	3	obj	_	_
.	_	_	_	_	_	2	punct	_	_","that	_	PRON	DT	_	_	4	nsubj	_	_
's	_	AUX	VBZ	_	_	4	aux	_	_
daddy	_	NOUN	NN	_	_	4	nsubj	_	_
take	_	VERB	VB	_	_	0	root	_	_
tongue	_	NOUN	NN	_	_	4	obj	_	_
.	_	PUNCT	.	_	_	4	punct	_	_"
no mommy going take tongue .,"no	_	_	_	_	_	3	discourse	_	_
mommy	_	_	_	_	_	3	nsubj	_	_
going	_	_	_	_	_	0	root	_	_
take	_	_	_	_	_	3	xcomp	_	_
tongue	_	_	_	_	_	4	obj	_	_
.	_	_	_	_	_	3	punct	_	_","no	_	_	_	_	_	2	discourse	_	_
mommy	_	_	_	_	_	3	nsubj	_	_
going	_	_	_	_	_	0	root	_	_
take	_	_	_	_	_	3	xcomp	_	_
tongue	_	_	_	_	_	4	obj	_	_
.	_	_	_	_	_	3	punct	_	_","no	_	DET	DT	_	_	2	det	_	_
mommy	_	NOUN	NN	_	_	3	nsubj	_	_
going	_	VERB	VBG	_	_	0	root	_	_
take	_	VERB	VB	_	_	3	xcomp	_	_
tongue	_	NOUN	NN	_	_	4	obj	_	_
.	_	PUNCT	.	_	_	3	punct	_	_"
put daddy glass on .,"put	_	_	_	_	_	0	root	_	_
daddy	_	_	_	_	_	3	nmod:poss	_	_
glass	_	_	_	_	_	1	obj	_	_
on	_	_	_	_	_	1	compound:prt	_	_
.	_	_	_	_	_	1	punct	_	_","put	_	_	_	_	_	0	root	_	_
daddy	_	_	_	_	_	3	compound	_	_
glass	_	_	_	_	_	1	obj	_	_
on	_	_	_	_	_	1	compound:prt	_	_
.	_	_	_	_	_	1	punct	_	_","put	_	VERB	VB	_	_	0	root	_	_
daddy	_	NOUN	NN	_	_	3	compound	_	_
glass	_	NOUN	NN	_	_	1	obj	_	_
on	_	ADP	RP	_	_	1	compound:prt	_	_
.	_	PUNCT	.	_	_	1	punct	_	_"
mommy's going take purse .,"mommy's	_	_	_	_	_	2	nsubj	_	_
going	_	_	_	_	_	0	root	_	_
take	_	_	_	_	_	2	xcomp	_	_
purse	_	_	_	_	_	3	obj	_	_
.	_	_	_	_	_	2	punct	_	_","mommy's	_	_	_	_	_	2	nsubj	_	_
going	_	_	_	_	_	0	root	_	_
take	_	_	_	_	_	2	xcomp	_	_
purse	_	_	_	_	_	3	obj	_	_
.	_	_	_	_	_	2	punct	_	_","mommy	_	NOUN	NN	_	_	3	nsubj	_	_
's	_	PART	POS	_	_	1	case	_	_
going	_	VERB	VBG	_	_	4	nsubj	_	_
take	_	VERB	VB	_	_	0	root	_	_
purse	_	NOUN	NN	_	_	4	obj	_	_
.	_	PUNCT	.	_	_	3	punct	_	_"
mommy go in cow .,"mommy	_	_	_	_	_	2	vocative	_	_
go	_	_	_	_	_	0	root	_	_
in	_	_	_	_	_	4	case	_	_
cow	_	_	_	_	_	2	obl	_	_
.	_	_	_	_	_	2	punct	_	_","mommy	_	_	_	_	_	2	vocative	_	_
go	_	_	_	_	_	0	root	_	_
in	_	_	_	_	_	4	case	_	_
cow	_	_	_	_	_	2	obl	_	_
.	_	_	_	_	_	2	punct	_	_","mommy	_	NOUN	NN	_	_	2	nsubj	_	_
go	_	VERB	VB	_	_	0	root	_	_
in	_	ADP	IN	_	_	4	case	_	_
cow	_	NOUN	NN	_	_	2	obl	_	_
.	_	PUNCT	.	_	_	2	punct	_	_"
go in cow .,"go	_	_	_	_	_	0	root	_	_
in	_	_	_	_	_	1	advmod	_	_
cow	_	_	_	_	_	1	vocative	_	_
.	_	_	_	_	_	1	punct	_	_","go	_	_	_	_	_	0	root	_	_
in	_	_	_	_	_	3	case	_	_
cow	_	_	_	_	_	1	obl	_	_
.	_	_	_	_	_	1	punct	_	_","go	_	VERB	VB	_	_	0	root	_	_
in	_	ADP	IN	_	_	1	compound:prt	_	_
cow	_	NOUN	NN	_	_	1	obl	_	_
.	_	PUNCT	.	_	_	1	punct	_	_"
this this sheeps go in .,"this	_	_	_	_	_	2	reparandum	_	_
this	_	_	_	_	_	3	det	_	_
sheeps	_	_	_	_	_	4	nsubj	_	_
go	_	_	_	_	_	0	root	_	_
in	_	_	_	_	_	4	advmod	_	_
.	_	_	_	_	_	4	punct	_	_","this	_	_	_	_	_	2	reparandum	_	_
this	_	_	_	_	_	3	det	_	_
sheeps	_	_	_	_	_	4	nsubj	_	_
go	_	_	_	_	_	0	root	_	_
in	_	_	_	_	_	4	advmod	_	_
.	_	_	_	_	_	4	punct	_	_","this	_	PRON	DT	_	_	4	nsubj	_	_
this	_	DET	DT	_	_	3	det	_	_
sheeps	_	NOUN	NNS	_	_	4	nsubj	_	_
go	_	VERB	VBP	_	_	0	root	_	_
in	_	ADP	RP	_	_	4	compound:prt	_	_
.	_	PUNCT	.	_	_	4	punct	_	_"
there baby sheeps .,"there	_	_	_	_	_	3	expl	_	_
baby	_	_	_	_	_	3	amod	_	_
sheeps	_	_	_	_	_	0	root	_	_
.	_	_	_	_	_	3	punct	_	_","there	_	_	_	_	_	3	expl	_	_
baby	_	_	_	_	_	3	amod	_	_
sheeps	_	_	_	_	_	0	root	_	_
.	_	_	_	_	_	3	punct	_	_","there	_	PRON	PRP$	_	_	3	nmod:poss	_	_
baby	_	NOUN	NN	_	_	3	compound	_	_
sheeps	_	NOUN	NNS	_	_	0	root	_	_
.	_	PUNCT	.	_	_	3	punct	_	_"
mommy mommy want him go here ?,"mommy	_	_	_	_	_	3	vocative	_	_
mommy	_	_	_	_	_	1	conj	_	_
want	_	_	_	_	_	0	root	_	_
him	_	_	_	_	_	3	obj	_	_
go	_	_	_	_	_	3	xcomp	_	_
here	_	_	_	_	_	5	advmod	_	_
?	_	_	_	_	_	3	punct	_	_","mommy	_	_	_	_	_	2	discourse	_	_
mommy	_	_	_	_	_	3	discourse	_	_
want	_	_	_	_	_	0	root	_	_
him	_	_	_	_	_	3	obj	_	_
go	_	_	_	_	_	3	xcomp	_	_
here	_	_	_	_	_	5	advmod	_	_
?	_	_	_	_	_	3	punct	_	_","mommy	_	NOUN	NN	_	_	2	compound	_	_
mommy	_	NOUN	NN	_	_	3	nsubj	_	_
want	_	VERB	VB	_	_	0	root	_	_
him	_	PRON	PRP	_	_	3	obj	_	_
go	_	VERB	VB	_	_	3	xcomp	_	_
here	_	ADV	RB	_	_	5	advmod	_	_
?	_	PUNCT	.	_	_	3	punct	_	_"
mommy go .,"mommy	_	_	_	_	_	2	vocative	_	_
go	_	_	_	_	_	0	root	_	_
.	_	_	_	_	_	2	punct	_	_","mommy	_	_	_	_	_	2	vocative	_	_
go	_	_	_	_	_	0	root	_	_
.	_	_	_	_	_	2	punct	_	_","mommy	_	NOUN	NN	_	_	2	nsubj	_	_
go	_	VERB	VB	_	_	0	root	_	_
.	_	PUNCT	.	_	_	2	punct	_	_"
no I wanna go to what that thing and see if I'm tall .,"no	_	_	_	_	_	3	discourse	_	_
I	_	_	_	_	_	3	nsubj	_	_
wanna	_	_	_	_	_	0	root	_	_
go	_	_	_	_	_	3	xcomp	_	_
to	_	_	_	_	_	8	case	_	_
what	_	_	_	_	_	8	reparandum	_	_
that	_	_	_	_	_	8	det	_	_
thing	_	_	_	_	_	4	obl	_	_
and	_	_	_	_	_	10	cc	_	_
see	_	_	_	_	_	4	conj	_	_
if	_	_	_	_	_	13	mark	_	_
I'm	_	_	_	_	_	13	cop	_	_
tall	_	_	_	_	_	10	ccomp	_	_
.	_	_	_	_	_	3	punct	_	_","no	_	_	_	_	_	3	discourse	_	_
I	_	_	_	_	_	3	nsubj	_	_
wanna	_	_	_	_	_	0	root	_	_
go	_	_	_	_	_	3	xcomp	_	_
to	_	_	_	_	_	6	case	_	_
what	_	_	_	_	_	4	obl	_	_
that	_	_	_	_	_	8	det	_	_
thing	_	_	_	_	_	6	nsubj	_	_
and	_	_	_	_	_	10	cc	_	_
see	_	_	_	_	_	4	conj	_	_
if	_	_	_	_	_	13	mark	_	_
I'm	_	_	_	_	_	13	cop	_	_
tall	_	_	_	_	_	10	ccomp	_	_
.	_	_	_	_	_	3	punct	_	_","no	_	INTJ	UH	_	_	3	discourse	_	_
I	_	PRON	PRP	_	_	3	nsubj	_	_
wan	_	VERB	VBP	_	_	0	root	_	_
na	_	PART	TO	_	_	5	mark	_	_
go	_	VERB	VB	_	_	3	xcomp	_	_
to	_	ADP	IN	_	_	7	case	_	_
what	_	DET	WDT	_	_	9	det:predet	_	_
that	_	DET	DT	_	_	9	det	_	_
thing	_	NOUN	NN	_	_	5	obl	_	_
and	_	CCONJ	CC	_	_	11	cc	_	_
see	_	VERB	VB	_	_	5	conj	_	_
if	_	SCONJ	IN	_	_	15	mark	_	_
I	_	PRON	PRP	_	_	15	nsubj	_	_
'm	_	AUX	VBP	_	_	15	cop	_	_
tall	_	ADJ	JJ	_	_	11	ccomp	_	_
.	_	PUNCT	.	_	_	3	punct	_	_"
I'm going to make .,"I'm	_	_	_	_	_	2	nsubj	_	_
going	_	_	_	_	_	0	root	_	_
to	_	_	_	_	_	4	mark	_	_
make	_	_	_	_	_	2	xcomp	_	_
.	_	_	_	_	_	2	punct	_	_","I'm	_	_	_	_	_	2	nsubj	_	_
going	_	_	_	_	_	0	root	_	_
to	_	_	_	_	_	4	mark	_	_
make	_	_	_	_	_	2	xcomp	_	_
.	_	_	_	_	_	2	punct	_	_","I	_	PRON	PRP	_	_	3	nsubj	_	_
'm	_	AUX	VBP	_	_	3	aux	_	_
going	_	VERB	VBG	_	_	0	root	_	_
to	_	PART	TO	_	_	5	mark	_	_
make	_	VERB	VB	_	_	3	xcomp	_	_
.	_	PUNCT	.	_	_	3	punct	_	_"
then we put her at down .,"then	_	_	_	_	_	3	advmod	_	_
we	_	_	_	_	_	3	nsubj	_	_
put	_	_	_	_	_	0	root	_	_
her	_	_	_	_	_	3	obj	_	_
at	_	_	_	_	_	6	case	_	_
down	_	_	_	_	_	3	obl	_	_
.	_	_	_	_	_	3	punct	_	_","then	_	_	_	_	_	3	advmod	_	_
we	_	_	_	_	_	3	nsubj	_	_
put	_	_	_	_	_	0	root	_	_
her	_	_	_	_	_	3	obj	_	_
at	_	_	_	_	_	6	case	_	_
down	_	_	_	_	_	3	obl	_	_
.	_	_	_	_	_	3	punct	_	_","then	_	ADV	RB	_	_	3	advmod	_	_
we	_	PRON	PRP	_	_	3	nsubj	_	_
put	_	VERB	VBD	_	_	0	root	_	_
her	_	PRON	PRP	_	_	3	obj	_	_
at	_	ADP	IN	_	_	3	advmod	_	_
down	_	ADP	RP	_	_	3	compound:prt	_	_
.	_	PUNCT	.	_	_	3	punct	_	_"
oh I'm going stupid that hair on there .,"oh	_	_	_	_	_	3	discourse	_	_
I'm	_	_	_	_	_	3	nsubj	_	_
going	_	_	_	_	_	0	root	_	_
stupid	_	_	_	_	_	3	xcomp	_	_
that	_	_	_	_	_	6	det	_	_
hair	_	_	_	_	_	3	parataxis	_	_
on	_	_	_	_	_	8	case	_	_
there	_	_	_	_	_	6	nmod	_	_
.	_	_	_	_	_	3	punct	_	_","oh	_	_	_	_	_	3	discourse	_	_
I'm	_	_	_	_	_	3	nsubj	_	_
going	_	_	_	_	_	0	root	_	_
stupid	_	_	_	_	_	3	xcomp	_	_
that	_	_	_	_	_	6	det	_	_
hair	_	_	_	_	_	3	parataxis	_	_
on	_	_	_	_	_	8	case	_	_
there	_	_	_	_	_	6	nmod	_	_
.	_	_	_	_	_	3	punct	_	_","oh	_	INTJ	UH	_	_	4	discourse	_	_
I	_	PRON	PRP	_	_	4	nsubj	_	_
'm	_	AUX	VBP	_	_	4	aux	_	_
going	_	VERB	VBG	_	_	0	root	_	_
stupid	_	ADJ	JJ	_	_	4	xcomp	_	_
that	_	DET	DT	_	_	7	det	_	_
hair	_	NOUN	NN	_	_	5	obj	_	_
on	_	ADP	IN	_	_	9	case	_	_
there	_	ADV	RB	_	_	4	obl	_	_
.	_	PUNCT	.	_	_	4	punct	_	_"
yup you .,"yup	_	_	_	_	_	2	discourse	_	_
you	_	_	_	_	_	0	root	_	_
.	_	_	_	_	_	2	punct	_	_","yup	_	_	_	_	_	2	discourse	_	_
you	_	_	_	_	_	0	root	_	_
.	_	_	_	_	_	2	punct	_	_","yup	_	VERB	VB	_	_	0	root	_	_
you	_	PRON	PRP	_	_	1	obj	_	_
.	_	PUNCT	.	_	_	1	punct	_	_"
other roll it on here .,"other	_	_	_	_	_	2	discourse	_	_
roll	_	_	_	_	_	0	root	_	_
it	_	_	_	_	_	2	obj	_	_
on	_	_	_	_	_	5	case	_	_
here	_	_	_	_	_	2	obl	_	_
.	_	_	_	_	_	2	punct	_	_","other	_	_	_	_	_	2	discourse	_	_
roll	_	_	_	_	_	0	root	_	_
it	_	_	_	_	_	2	obj	_	_
on	_	_	_	_	_	5	case	_	_
here	_	_	_	_	_	2	obl	_	_
.	_	_	_	_	_	2	punct	_	_","other	_	ADJ	JJ	_	_	2	nsubj	_	_
roll	_	VERB	VB	_	_	0	root	_	_
it	_	PRON	PRP	_	_	2	obj	_	_
on	_	ADP	IN	_	_	2	compound:prt	_	_
here	_	ADV	RB	_	_	2	obl	_	_
.	_	PUNCT	.	_	_	2	punct	_	_"
it's my .,"it's	_	_	_	_	_	2	nsubj	_	_
my	_	_	_	_	_	0	root	_	_
.	_	_	_	_	_	2	punct	_	_","it's	_	_	_	_	_	2	cop	_	_
my	_	_	_	_	_	0	root	_	_
.	_	_	_	_	_	2	punct	_	_","it	_	PRON	PRP	_	_	3	nsubj	_	_
's	_	AUX	VBZ	_	_	3	cop	_	_
my	_	PRON	PRP	_	_	0	root	_	_
.	_	PUNCT	.	_	_	3	punct	_	_"
what's my do on play dough ?,"what's	_	_	_	_	_	3	aux	_	_
my	_	_	_	_	_	3	nsubj	_	_
do	_	_	_	_	_	0	root	_	_
on	_	_	_	_	_	6	case	_	_
play	_	_	_	_	_	6	compound	_	_
dough	_	_	_	_	_	3	obl	_	_
?	_	_	_	_	_	3	punct	_	_","what's	_	_	_	_	_	3	cop	_	_
my	_	_	_	_	_	3	nmod:poss	_	_
do	_	_	_	_	_	0	root	_	_
on	_	_	_	_	_	6	case	_	_
play	_	_	_	_	_	6	compound	_	_
dough	_	_	_	_	_	3	nmod	_	_
?	_	_	_	_	_	3	punct	_	_","what	_	PRON	WP	_	_	0	root	_	_
's	_	AUX	VBZ	_	_	1	cop	_	_
my	_	PRON	PRP$	_	_	4	nmod:poss	_	_
do	_	NOUN	NN	_	_	7	compound	_	_
on	_	ADP	IN	_	_	7	case	_	_
play	_	NOUN	NN	_	_	7	compound	_	_
dough	_	NOUN	NN	_	_	1	nsubj	_	_
?	_	PUNCT	.	_	_	1	punct	_	_"
that what she sayed .,"that	_	_	_	_	_	2	nsubj	_	_
what	_	_	_	_	_	0	root	_	_
she	_	_	_	_	_	4	nsubj	_	_
sayed	_	_	_	_	_	2	acl:relcl	_	_
.	_	_	_	_	_	2	punct	_	_","that	_	_	_	_	_	2	nsubj	_	_
what	_	_	_	_	_	0	root	_	_
she	_	_	_	_	_	4	nsubj	_	_
sayed	_	_	_	_	_	2	acl:relcl	_	_
.	_	_	_	_	_	2	punct	_	_","that	_	SCONJ	IN	_	_	2	mark	_	_
what	_	PRON	WP	_	_	0	root	_	_
she	_	PRON	PRP	_	_	4	nsubj	_	_
sayed	_	VERB	VBD	_	_	2	acl:relcl	_	_
.	_	PUNCT	.	_	_	2	punct	_	_"
the the alligator come out and bite his chin .,"the	_	_	_	_	_	2	reparandum	_	_
the	_	_	_	_	_	3	det	_	_
alligator	_	_	_	_	_	4	nsubj	_	_
come	_	_	_	_	_	0	root	_	_
out	_	_	_	_	_	4	advmod	_	_
and	_	_	_	_	_	7	cc	_	_
bite	_	_	_	_	_	4	conj	_	_
his	_	_	_	_	_	9	nmod:poss	_	_
chin	_	_	_	_	_	7	obj	_	_
.	_	_	_	_	_	4	punct	_	_","the	_	_	_	_	_	3	reparandum	_	_
the	_	_	_	_	_	3	det	_	_
alligator	_	_	_	_	_	4	nsubj	_	_
come	_	_	_	_	_	0	root	_	_
out	_	_	_	_	_	4	advmod	_	_
and	_	_	_	_	_	7	cc	_	_
bite	_	_	_	_	_	4	conj	_	_
his	_	_	_	_	_	9	nmod:poss	_	_
chin	_	_	_	_	_	7	obj	_	_
.	_	_	_	_	_	4	punct	_	_","the	_	DET	DT	_	_	3	det	_	_
the	_	DET	DT	_	_	3	det	_	_
alligator	_	NOUN	NN	_	_	4	nsubj	_	_
come	_	VERB	VB	_	_	0	root	_	_
out	_	ADP	RP	_	_	4	compound:prt	_	_
and	_	CCONJ	CC	_	_	7	cc	_	_
bite	_	VERB	VB	_	_	4	conj	_	_
his	_	PRON	PRP$	_	_	9	nmod:poss	_	_
chin	_	NOUN	NN	_	_	7	obj	_	_
.	_	PUNCT	.	_	_	4	punct	_	_"
what you making ?,"what	_	_	_	_	_	3	obj	_	_
you	_	_	_	_	_	3	nsubj	_	_
making	_	_	_	_	_	0	root	_	_
?	_	_	_	_	_	3	punct	_	_","what	_	_	_	_	_	3	obj	_	_
you	_	_	_	_	_	3	nsubj	_	_
making	_	_	_	_	_	0	root	_	_
?	_	_	_	_	_	3	punct	_	_","what	_	PRON	WP	_	_	0	root	_	_
you	_	PRON	PRP	_	_	3	nsubj	_	_
making	_	VERB	VBG	_	_	1	acl:relcl	_	_
?	_	PUNCT	.	_	_	3	punct	_	_"
a ball you make Mommy .,"a	_	_	_	_	_	2	det	_	_
ball	_	_	_	_	_	0	root	_	_
you	_	_	_	_	_	4	nsubj	_	_
make	_	_	_	_	_	2	acl:relcl	_	_
Mommy	_	_	_	_	_	4	vocative	_	_
.	_	_	_	_	_	2	punct	_	_","a	_	_	_	_	_	2	det	_	_
ball	_	_	_	_	_	0	root	_	_
you	_	_	_	_	_	4	nsubj	_	_
make	_	_	_	_	_	2	acl:relcl	_	_
Mommy	_	_	_	_	_	4	vocative	_	_
.	_	_	_	_	_	2	punct	_	_","a	_	DET	DT	_	_	2	det	_	_
ball	_	NOUN	NN	_	_	0	root	_	_
you	_	PRON	PRP	_	_	4	nsubj	_	_
make	_	VERB	VBP	_	_	2	acl:relcl	_	_
Mommy	_	PROPN	NNP	_	_	4	obj	_	_
.	_	PUNCT	.	_	_	2	punct	_	_"
make play dough ball .,"make	_	_	_	_	_	0	root	_	_
play	_	_	_	_	_	1	xcomp	_	_
dough	_	_	_	_	_	4	compound	_	_
ball	_	_	_	_	_	1	parataxis	_	_
.	_	_	_	_	_	1	punct	_	_","make	_	_	_	_	_	0	root	_	_
play	_	_	_	_	_	1	xcomp	_	_
dough	_	_	_	_	_	4	compound	_	_
ball	_	_	_	_	_	1	obj	_	_
.	_	_	_	_	_	1	punct	_	_","make	_	VERB	VB	_	_	0	root	_	_
play	_	NOUN	NN	_	_	4	compound	_	_
dough	_	NOUN	NN	_	_	4	compound	_	_
ball	_	NOUN	NN	_	_	1	obj	_	_
.	_	PUNCT	.	_	_	1	punct	_	_"
what you make with this one ?,"what	_	_	_	_	_	3	obj	_	_
you	_	_	_	_	_	3	nsubj	_	_
make	_	_	_	_	_	0	root	_	_
with	_	_	_	_	_	6	case	_	_
this	_	_	_	_	_	6	det	_	_
one	_	_	_	_	_	3	obl	_	_
?	_	_	_	_	_	3	punct	_	_","what	_	_	_	_	_	3	obj	_	_
you	_	_	_	_	_	3	nsubj	_	_
make	_	_	_	_	_	0	root	_	_
with	_	_	_	_	_	6	case	_	_
this	_	_	_	_	_	6	det	_	_
one	_	_	_	_	_	3	obl	_	_
?	_	_	_	_	_	3	punct	_	_","what	_	PRON	WP	_	_	0	root	_	_
you	_	PRON	PRP	_	_	3	nsubj	_	_
make	_	VERB	VBP	_	_	1	acl:relcl	_	_
with	_	ADP	IN	_	_	6	case	_	_
this	_	DET	DT	_	_	6	det	_	_
one	_	NOUN	NN	_	_	3	obl	_	_
?	_	PUNCT	.	_	_	1	punct	_	_"
she's crying from the snake .,"she's	_	_	_	_	_	2	nsubj	_	_
crying	_	_	_	_	_	0	root	_	_
from	_	_	_	_	_	5	case	_	_
the	_	_	_	_	_	5	det	_	_
snake	_	_	_	_	_	2	obl	_	_
.	_	_	_	_	_	2	punct	_	_","she's	_	_	_	_	_	2	nsubj	_	_
crying	_	_	_	_	_	0	root	_	_
from	_	_	_	_	_	5	case	_	_
the	_	_	_	_	_	5	det	_	_
snake	_	_	_	_	_	2	obl	_	_
.	_	_	_	_	_	2	punct	_	_","she	_	PRON	PRP	_	_	3	nsubj	_	_
's	_	AUX	VBZ	_	_	3	aux	_	_
crying	_	VERB	VBG	_	_	0	root	_	_
from	_	ADP	IN	_	_	6	case	_	_
the	_	DET	DT	_	_	6	det	_	_
snake	_	NOUN	NN	_	_	3	obl	_	_
.	_	PUNCT	.	_	_	3	punct	_	_"
I'm going to put on your shoulder .,"I'm	_	_	_	_	_	2	nsubj	_	_
going	_	_	_	_	_	0	root	_	_
to	_	_	_	_	_	4	mark	_	_
put	_	_	_	_	_	2	xcomp	_	_
on	_	_	_	_	_	7	case	_	_
your	_	_	_	_	_	7	nmod:poss	_	_
shoulder	_	_	_	_	_	4	obl	_	_
.	_	_	_	_	_	2	punct	_	_","I'm	_	_	_	_	_	2	nsubj	_	_
going	_	_	_	_	_	0	root	_	_
to	_	_	_	_	_	4	mark	_	_
put	_	_	_	_	_	2	xcomp	_	_
on	_	_	_	_	_	7	case	_	_
your	_	_	_	_	_	7	nmod:poss	_	_
shoulder	_	_	_	_	_	4	obl	_	_
.	_	_	_	_	_	2	punct	_	_","I	_	PRON	PRP	_	_	3	nsubj	_	_
'm	_	AUX	VBP	_	_	3	aux	_	_
going	_	VERB	VBG	_	_	0	root	_	_
to	_	PART	TO	_	_	5	mark	_	_
put	_	VERB	VB	_	_	3	xcomp	_	_
on	_	ADP	IN	_	_	5	compound:prt	_	_
your	_	PRON	PRP$	_	_	8	nmod:poss	_	_
shoulder	_	NOUN	NN	_	_	5	obl	_	_
.	_	PUNCT	.	_	_	3	punct	_	_"
now what we going to do with the play dough ?,"now	_	_	_	_	_	4	advmod	_	_
what	_	_	_	_	_	6	obj	_	_
we	_	_	_	_	_	4	nsubj	_	_
going	_	_	_	_	_	0	root	_	_
to	_	_	_	_	_	6	mark	_	_
do	_	_	_	_	_	4	xcomp	_	_
with	_	_	_	_	_	10	case	_	_
the	_	_	_	_	_	10	det	_	_
play	_	_	_	_	_	10	compound	_	_
dough	_	_	_	_	_	6	obl	_	_
?	_	_	_	_	_	4	punct	_	_","now	_	_	_	_	_	4	advmod	_	_
what	_	_	_	_	_	4	obj	_	_
we	_	_	_	_	_	4	nsubj	_	_
going	_	_	_	_	_	0	root	_	_
to	_	_	_	_	_	6	mark	_	_
do	_	_	_	_	_	4	xcomp	_	_
with	_	_	_	_	_	10	case	_	_
the	_	_	_	_	_	10	det	_	_
play	_	_	_	_	_	10	compound	_	_
dough	_	_	_	_	_	6	obl	_	_
?	_	_	_	_	_	4	punct	_	_","now	_	ADV	RB	_	_	2	advmod	_	_
what	_	PRON	WP	_	_	0	root	_	_
we	_	PRON	PRP	_	_	4	nsubj	_	_
going	_	VERB	VBG	_	_	2	acl:relcl	_	_
to	_	PART	TO	_	_	6	mark	_	_
do	_	VERB	VB	_	_	4	xcomp	_	_
with	_	ADP	IN	_	_	10	case	_	_
the	_	DET	DT	_	_	10	det	_	_
play	_	NOUN	NN	_	_	10	compound	_	_
dough	_	NOUN	NN	_	_	6	obl	_	_
?	_	PUNCT	.	_	_	2	punct	_	_"
and and some .,"and	_	_	_	_	_	2	reparandum	_	_
and	_	_	_	_	_	3	cc	_	_
some	_	_	_	_	_	0	root	_	_
.	_	_	_	_	_	3	punct	_	_","and	_	_	_	_	_	3	cc	_	_
and	_	_	_	_	_	3	cc	_	_
some	_	_	_	_	_	0	root	_	_
.	_	_	_	_	_	3	punct	_	_","and	_	CCONJ	CC	_	_	3	cc	_	_
and	_	CCONJ	CC	_	_	3	cc	_	_
some	_	DET	DT	_	_	0	root	_	_
.	_	PUNCT	.	_	_	3	punct	_	_"
does do I do ?,"does	_	_	_	_	_	2	reparandum	_	_
do	_	_	_	_	_	0	root	_	_
I	_	_	_	_	_	4	nsubj	_	_
do	_	_	_	_	_	1	parataxis	_	_
?	_	_	_	_	_	2	punct	_	_","does	_	_	_	_	_	4	reparandum	_	_
do	_	_	_	_	_	4	aux	_	_
I	_	_	_	_	_	4	nsubj	_	_
do	_	_	_	_	_	0	root	_	_
?	_	_	_	_	_	4	punct	_	_","does	_	AUX	VBZ	_	_	4	aux	_	_
do	_	AUX	VBP	_	_	4	aux	_	_
I	_	PRON	PRP	_	_	4	nsubj	_	_
do	_	VERB	VB	_	_	0	root	_	_
?	_	PUNCT	.	_	_	4	punct	_	_"
look it .,"look	_	_	_	_	_	0	root	_	_
it	_	_	_	_	_	1	obl	_	_
.	_	_	_	_	_	1	punct	_	_","look	_	_	_	_	_	0	root	_	_
it	_	_	_	_	_	1	obj	_	_
.	_	_	_	_	_	1	punct	_	_","look	_	VERB	VB	_	_	0	root	_	_
it	_	PRON	PRP	_	_	1	obj	_	_
.	_	PUNCT	.	_	_	1	punct	_	_"
something has inside here .,"something	_	_	_	_	_	2	nsubj	_	_
has	_	_	_	_	_	0	root	_	_
inside	_	_	_	_	_	4	case	_	_
here	_	_	_	_	_	2	obl	_	_
.	_	_	_	_	_	2	punct	_	_","something	_	_	_	_	_	2	nsubj	_	_
has	_	_	_	_	_	0	root	_	_
inside	_	_	_	_	_	4	case	_	_
here	_	_	_	_	_	2	obl	_	_
.	_	_	_	_	_	2	punct	_	_","something	_	PRON	NN	_	_	2	nsubj	_	_
has	_	AUX	VBZ	_	_	0	root	_	_
inside	_	ADV	RB	_	_	2	advmod	_	_
here	_	ADV	RB	_	_	2	advmod	_	_
.	_	PUNCT	.	_	_	2	punct	_	_"
I wanna make sad face .,"I	_	_	_	_	_	2	nsubj	_	_
wanna	_	_	_	_	_	0	root	_	_
make	_	_	_	_	_	2	xcomp	_	_
sad	_	_	_	_	_	5	amod	_	_
face	_	_	_	_	_	3	obj	_	_
.	_	_	_	_	_	2	punct	_	_","I	_	_	_	_	_	2	nsubj	_	_
wanna	_	_	_	_	_	0	root	_	_
make	_	_	_	_	_	2	xcomp	_	_
sad	_	_	_	_	_	5	amod	_	_
face	_	_	_	_	_	3	obj	_	_
.	_	_	_	_	_	2	punct	_	_","I	_	PRON	PRP	_	_	2	nsubj	_	_
wan	_	VERB	VBP	_	_	0	root	_	_
na	_	PART	TO	_	_	4	mark	_	_
make	_	VERB	VB	_	_	2	xcomp	_	_
sad	_	ADJ	JJ	_	_	6	amod	_	_
face	_	NOUN	NN	_	_	4	obj	_	_
.	_	PUNCT	.	_	_	2	punct	_	_"
"I think about cutting this um , this this hallow - this .","I	_	_	_	_	_	2	nsubj	_	_
think	_	_	_	_	_	0	root	_	_
about	_	_	_	_	_	4	mark	_	_
cutting	_	_	_	_	_	2	xcomp	_	_
this	_	_	_	_	_	4	obj	_	_
um	_	_	_	_	_	4	discourse	_	_
,	_	_	_	_	_	8	reparandum	_	_
this	_	_	_	_	_	9	reparandum	_	_
this	_	_	_	_	_	10	det	_	_
hallow	_	_	_	_	_	4	parataxis	_	_
-	_	_	_	_	_	12	cc	_	_
this	_	_	_	_	_	10	conj	_	_
.	_	_	_	_	_	2	punct	_	_","I	_	_	_	_	_	2	nsubj	_	_
think	_	_	_	_	_	0	root	_	_
about	_	_	_	_	_	4	mark	_	_
cutting	_	_	_	_	_	2	advcl	_	_
this	_	_	_	_	_	8	reparandum	_	_
um	_	_	_	_	_	8	discourse	_	_
,	_	_	_	_	_	6	punct	_	_
this	_	_	_	_	_	4	obj	_	_
this	_	_	_	_	_	12	det	_	_
hallow	_	_	_	_	_	12	reparandum	_	_
-	_	_	_	_	_	10	punct	_	_
this	_	_	_	_	_	4	obj	_	_
.	_	_	_	_	_	2	punct	_	_","I	_	PRON	PRP	_	_	2	nsubj	_	_
think	_	VERB	VBP	_	_	0	root	_	_
about	_	SCONJ	IN	_	_	4	mark	_	_
cutting	_	VERB	VBG	_	_	2	advcl	_	_
this	_	DET	DT	_	_	8	reparandum	_	_
um	_	INTJ	UH	_	_	10	discourse	_	_
,	_	PUNCT	,	_	_	6	punct	_	_
this	_	PRON	DT	_	_	10	nsubj	_	_
this	_	DET	DT	_	_	10	det	_	_
hallow	_	NOUN	NN	_	_	4	obj	_	_
-	_	PUNCT	,	_	_	12	punct	_	_
this	_	PRON	DT	_	_	10	appos	_	_
.	_	PUNCT	.	_	_	2	punct	_	_"
it's jack - o - lantern .,"it's	_	_	_	_	_	2	cop	_	_
jack	_	_	_	_	_	0	root	_	_
-	_	_	_	_	_	6	compound	_	_
o	_	_	_	_	_	6	case	_	_
-	_	_	_	_	_	6	det	_	_
lantern	_	_	_	_	_	2	nmod	_	_
.	_	_	_	_	_	2	punct	_	_","it's	_	_	_	_	_	2	nsubj	_	_
jack	_	_	_	_	_	0	root	_	_
-	_	_	_	_	_	6	punct	_	_
o	_	_	_	_	_	6	case	_	_
-	_	_	_	_	_	4	punct	_	_
lantern	_	_	_	_	_	2	nmod	_	_
.	_	_	_	_	_	2	punct	_	_","it	_	PRON	PRP	_	_	7	nsubj	_	_
's	_	AUX	VBZ	_	_	7	cop	_	_
jack	_	NOUN	NN	_	_	7	compound	_	_
-	_	PUNCT	HYPH	_	_	5	punct	_	_
o	_	ADP	IN	_	_	7	case	_	_
-	_	PUNCT	HYPH	_	_	5	punct	_	_
lantern	_	NOUN	NN	_	_	0	root	_	_
.	_	PUNCT	.	_	_	7	punct	_	_"
pineapple pineapple .,"pineapple	_	_	_	_	_	0	root	_	_
pineapple	_	_	_	_	_	1	conj	_	_
.	_	_	_	_	_	1	punct	_	_","pineapple	_	_	_	_	_	2	compound	_	_
pineapple	_	_	_	_	_	0	root	_	_
.	_	_	_	_	_	2	punct	_	_","pineapple	_	NOUN	NN	_	_	2	compound	_	_
pineapple	_	NOUN	NN	_	_	0	root	_	_
.	_	PUNCT	.	_	_	2	punct	_	_"
like there was a hundred .,"like	_	_	_	_	_	3	mark	_	_
there	_	_	_	_	_	3	expl	_	_
was	_	_	_	_	_	0	root	_	_
a	_	_	_	_	_	5	det	_	_
hundred	_	_	_	_	_	3	nsubj	_	_
.	_	_	_	_	_	3	punct	_	_","like	_	_	_	_	_	3	discourse	_	_
there	_	_	_	_	_	3	expl	_	_
was	_	_	_	_	_	0	root	_	_
a	_	_	_	_	_	5	det	_	_
hundred	_	_	_	_	_	3	nsubj	_	_
.	_	_	_	_	_	3	punct	_	_","like	_	SCONJ	IN	_	_	3	mark	_	_
there	_	PRON	EX	_	_	3	expl	_	_
was	_	VERB	VBD	_	_	0	root	_	_
a	_	DET	DT	_	_	5	det	_	_
hundred	_	NUM	CD	_	_	3	nsubj	_	_
.	_	PUNCT	.	_	_	3	punct	_	_"
it's old old old grandma .,"it's	_	_	_	_	_	5	nsubj	_	_
old	_	_	_	_	_	5	amod	_	_
old	_	_	_	_	_	2	conj	_	_
old	_	_	_	_	_	2	conj	_	_
grandma	_	_	_	_	_	0	root	_	_
.	_	_	_	_	_	5	punct	_	_","it's	_	_	_	_	_	5	cop	_	_
old	_	_	_	_	_	5	amod	_	_
old	_	_	_	_	_	5	amod	_	_
old	_	_	_	_	_	5	amod	_	_
grandma	_	_	_	_	_	0	root	_	_
.	_	_	_	_	_	5	punct	_	_","it	_	PRON	PRP	_	_	6	nsubj	_	_
's	_	AUX	VBZ	_	_	6	cop	_	_
old	_	ADJ	JJ	_	_	6	amod	_	_
old	_	ADJ	JJ	_	_	6	amod	_	_
old	_	ADJ	JJ	_	_	6	amod	_	_
grandma	_	NOUN	NN	_	_	0	root	_	_
.	_	PUNCT	.	_	_	6	punct	_	_"
it's a old old old .,"it's	_	_	_	_	_	3	nsubj	_	_
a	_	_	_	_	_	3	det	_	_
old	_	_	_	_	_	0	root	_	_
old	_	_	_	_	_	3	conj	_	_
old	_	_	_	_	_	3	conj	_	_
.	_	_	_	_	_	3	punct	_	_","it's	_	_	_	_	_	5	nsubj	_	_
a	_	_	_	_	_	5	det	_	_
old	_	_	_	_	_	5	amod	_	_
old	_	_	_	_	_	5	amod	_	_
old	_	_	_	_	_	0	root	_	_
.	_	_	_	_	_	5	punct	_	_","it	_	PRON	PRP	_	_	6	nsubj	_	_
's	_	AUX	VBZ	_	_	6	cop	_	_
a	_	DET	DT	_	_	6	det	_	_
old	_	ADJ	JJ	_	_	6	amod	_	_
old	_	ADJ	JJ	_	_	6	amod	_	_
old	_	ADJ	JJ	_	_	0	root	_	_
.	_	PUNCT	.	_	_	6	punct	_	_"
let's turn the .,"let's	_	_	_	_	_	0	root	_	_
turn	_	_	_	_	_	1	xcomp	_	_
the	_	_	_	_	_	2	obj	_	_
.	_	_	_	_	_	1	punct	_	_","let's	_	_	_	_	_	0	root	_	_
turn	_	_	_	_	_	1	xcomp	_	_
the	_	_	_	_	_	2	obj	_	_
.	_	_	_	_	_	1	punct	_	_","let	_	VERB	VB	_	_	0	root	_	_
's	_	PRON	PRP	_	_	1	obj	_	_
turn	_	VERB	VB	_	_	1	xcomp	_	_
the	_	DET	DT	_	_	3	obj	_	_
.	_	PUNCT	.	_	_	1	punct	_	_"
yellow trousers walking .,"yellow	_	_	_	_	_	2	amod	_	_
trousers	_	_	_	_	_	0	root	_	_
walking	_	_	_	_	_	2	acl	_	_
.	_	_	_	_	_	2	punct	_	_","yellow	_	_	_	_	_	2	amod	_	_
trousers	_	_	_	_	_	0	root	_	_
walking	_	_	_	_	_	2	acl	_	_
.	_	_	_	_	_	2	punct	_	_","yellow	_	ADJ	JJ	_	_	2	amod	_	_
trousers	_	NOUN	NNS	_	_	3	nsubj	_	_
walking	_	VERB	VBG	_	_	0	root	_	_
.	_	PUNCT	.	_	_	3	punct	_	_"
where dustbin man .,"where	_	_	_	_	_	0	root	_	_
dustbin	_	_	_	_	_	3	compound	_	_
man	_	_	_	_	_	1	nsubj	_	_
.	_	_	_	_	_	1	punct	_	_","where	_	_	_	_	_	2	advmod	_	_
dustbin	_	_	_	_	_	0	root	_	_
man	_	_	_	_	_	2	vocative	_	_
.	_	_	_	_	_	2	punct	_	_","where	_	ADV	WRB	_	_	3	advmod	_	_
dustbin	_	NOUN	NN	_	_	3	compound	_	_
man	_	NOUN	NN	_	_	0	root	_	_
.	_	PUNCT	.	_	_	1	punct	_	_"
Purdie jump over your window .,"Purdie	_	_	_	_	_	2	nsubj	_	_
jump	_	_	_	_	_	0	root	_	_
over	_	_	_	_	_	5	case	_	_
your	_	_	_	_	_	5	nmod:poss	_	_
window	_	_	_	_	_	2	obl	_	_
.	_	_	_	_	_	2	punct	_	_","Purdie	_	_	_	_	_	2	vocative	_	_
jump	_	_	_	_	_	0	root	_	_
over	_	_	_	_	_	5	case	_	_
your	_	_	_	_	_	5	nmod:poss	_	_
window	_	_	_	_	_	2	obl	_	_
.	_	_	_	_	_	2	punct	_	_","Purdie	_	PROPN	NNP	_	_	2	nsubj	_	_
jump	_	VERB	VBP	_	_	0	root	_	_
over	_	ADP	IN	_	_	5	case	_	_
your	_	PRON	PRP$	_	_	5	nmod:poss	_	_
window	_	NOUN	NN	_	_	2	obl	_	_
.	_	PUNCT	.	_	_	2	punct	_	_"
dustbin men gone now round corner .,"dustbin	_	_	_	_	_	2	compound	_	_
men	_	_	_	_	_	3	nsubj	_	_
gone	_	_	_	_	_	0	root	_	_
now	_	_	_	_	_	3	advmod	_	_
round	_	_	_	_	_	6	case	_	_
corner	_	_	_	_	_	3	obl	_	_
.	_	_	_	_	_	3	punct	_	_","dustbin	_	_	_	_	_	2	compound	_	_
men	_	_	_	_	_	3	nsubj	_	_
gone	_	_	_	_	_	0	root	_	_
now	_	_	_	_	_	3	advmod	_	_
round	_	_	_	_	_	6	case	_	_
corner	_	_	_	_	_	3	obl	_	_
.	_	_	_	_	_	3	punct	_	_","dustbin	_	NOUN	NN	_	_	2	compound	_	_
men	_	NOUN	NNS	_	_	3	nsubj	_	_
gone	_	VERB	VBD	_	_	0	root	_	_
now	_	ADV	RB	_	_	5	advmod	_	_
round	_	ADJ	JJ	_	_	6	amod	_	_
corner	_	NOUN	NN	_	_	3	obj	_	_
.	_	PUNCT	.	_	_	3	punct	_	_"
"next time your see them , Purdie .","next	_	_	_	_	_	2	amod	_	_
time	_	_	_	_	_	4	obl:unmarked	_	_
your	_	_	_	_	_	4	nsubj	_	_
see	_	_	_	_	_	0	root	_	_
them	_	_	_	_	_	4	obj	_	_
,	_	_	_	_	_	4	discourse	_	_
Purdie	_	_	_	_	_	4	vocative	_	_
.	_	_	_	_	_	4	punct	_	_","next	_	_	_	_	_	2	amod	_	_
time	_	_	_	_	_	0	root	_	_
your	_	_	_	_	_	4	nsubj	_	_
see	_	_	_	_	_	2	acl:relcl	_	_
them	_	_	_	_	_	4	obj	_	_
,	_	_	_	_	_	7	punct	_	_
Purdie	_	_	_	_	_	2	vocative	_	_
.	_	_	_	_	_	7	punct	_	_","next	_	ADJ	JJ	_	_	2	amod	_	_
time	_	NOUN	NN	_	_	4	obl:unmarked	_	_
your	_	PRON	PRP$	_	_	4	nsubj	_	_
see	_	VERB	VB	_	_	0	root	_	_
them	_	PRON	PRP	_	_	4	obj	_	_
,	_	PUNCT	,	_	_	7	punct	_	_
Purdie	_	PROPN	NNP	_	_	4	vocative	_	_
.	_	PUNCT	.	_	_	4	punct	_	_"
"Monday get it , Purdie .","Monday	_	_	_	_	_	2	nsubj	_	_
get	_	_	_	_	_	0	root	_	_
it	_	_	_	_	_	2	obj	_	_
,	_	_	_	_	_	2	vocative	_	_
Purdie	_	_	_	_	_	2	vocative	_	_
.	_	_	_	_	_	1	punct	_	_","Monday	_	_	_	_	_	0	root	_	_
get	_	_	_	_	_	1	parataxis	_	_
it	_	_	_	_	_	2	obj	_	_
,	_	_	_	_	_	5	punct	_	_
Purdie	_	_	_	_	_	2	vocative	_	_
.	_	_	_	_	_	1	punct	_	_","Monday	_	PROPN	NNP	_	_	2	nsubj	_	_
get	_	VERB	VB	_	_	0	root	_	_
it	_	PRON	PRP	_	_	2	obj	_	_
,	_	PUNCT	,	_	_	5	punct	_	_
Purdie	_	PROPN	NNP	_	_	2	vocative	_	_
.	_	PUNCT	.	_	_	2	punct	_	_"
which way they going ?,"which	_	_	_	_	_	2	det	_	_
way	_	_	_	_	_	4	obj	_	_
they	_	_	_	_	_	4	nsubj	_	_
going	_	_	_	_	_	0	root	_	_
?	_	_	_	_	_	4	punct	_	_","which	_	_	_	_	_	2	det	_	_
way	_	_	_	_	_	4	obl:unmarked	_	_
they	_	_	_	_	_	4	nsubj	_	_
going	_	_	_	_	_	0	root	_	_
?	_	_	_	_	_	4	punct	_	_","which	_	DET	WDT	_	_	2	det	_	_
way	_	NOUN	NN	_	_	0	root	_	_
they	_	PRON	PRP	_	_	4	nsubj	_	_
going	_	VERB	VBG	_	_	2	acl:relcl	_	_
?	_	PUNCT	.	_	_	2	punct	_	_"
eating eating Purdie .,"eating	_	_	_	_	_	0	root	_	_
eating	_	_	_	_	_	1	conj	_	_
Purdie	_	_	_	_	_	1	vocative	_	_
.	_	_	_	_	_	2	punct	_	_","eating	_	_	_	_	_	0	root	_	_
eating	_	_	_	_	_	3	compound	_	_
Purdie	_	_	_	_	_	1	vocative	_	_
.	_	_	_	_	_	1	punct	_	_","eating	_	VERB	VBG	_	_	0	root	_	_
eating	_	VERB	VBG	_	_	1	xcomp	_	_
Purdie	_	PROPN	NNP	_	_	2	obj	_	_
.	_	PUNCT	.	_	_	1	punct	_	_"
I not need go .,"I	_	_	_	_	_	3	nsubj	_	_
not	_	_	_	_	_	3	advmod	_	_
need	_	_	_	_	_	0	root	_	_
go	_	_	_	_	_	3	xcomp	_	_
.	_	_	_	_	_	3	punct	_	_","I	_	_	_	_	_	4	nsubj	_	_
not	_	_	_	_	_	3	advmod	_	_
need	_	_	_	_	_	4	aux	_	_
go	_	_	_	_	_	0	root	_	_
.	_	_	_	_	_	4	punct	_	_","I	_	PRON	PRP	_	_	3	nsubj	_	_
not	_	PART	RB	_	_	3	advmod	_	_
need	_	VERB	VBP	_	_	0	root	_	_
go	_	VERB	VB	_	_	3	xcomp	_	_
.	_	PUNCT	.	_	_	3	punct	_	_"
you're not .,"you're	_	_	_	_	_	2	nsubj	_	_
not	_	_	_	_	_	0	root	_	_
.	_	_	_	_	_	2	punct	_	_","you're	_	_	_	_	_	2	nsubj	_	_
not	_	_	_	_	_	0	root	_	_
.	_	_	_	_	_	2	punct	_	_","you	_	PRON	PRP	_	_	2	nsubj	_	_
're	_	AUX	VBP	_	_	0	root	_	_
not	_	PART	RB	_	_	2	advmod	_	_
.	_	PUNCT	.	_	_	2	punct	_	_"
I wanna jump out my fire engine .,"I	_	_	_	_	_	2	nsubj	_	_
wanna	_	_	_	_	_	0	root	_	_
jump	_	_	_	_	_	2	xcomp	_	_
out	_	_	_	_	_	7	case	_	_
my	_	_	_	_	_	7	nmod:poss	_	_
fire	_	_	_	_	_	7	compound	_	_
engine	_	_	_	_	_	3	obl	_	_
.	_	_	_	_	_	2	punct	_	_","I	_	_	_	_	_	2	nsubj	_	_
wanna	_	_	_	_	_	0	root	_	_
jump	_	_	_	_	_	2	xcomp	_	_
out	_	_	_	_	_	7	case	_	_
my	_	_	_	_	_	7	nmod:poss	_	_
fire	_	_	_	_	_	7	compound	_	_
engine	_	_	_	_	_	3	obl	_	_
.	_	_	_	_	_	2	punct	_	_","I	_	PRON	PRP	_	_	2	nsubj	_	_
wan	_	VERB	VBP	_	_	0	root	_	_
na	_	PART	TO	_	_	4	mark	_	_
jump	_	VERB	VB	_	_	2	xcomp	_	_
out	_	ADP	RP	_	_	4	compound:prt	_	_
my	_	PRON	PRP$	_	_	8	nmod:poss	_	_
fire	_	NOUN	NN	_	_	8	compound	_	_
engine	_	NOUN	NN	_	_	4	obj	_	_
.	_	PUNCT	.	_	_	2	punct	_	_"
wanna hold it .,"wanna	_	_	_	_	_	0	root	_	_
hold	_	_	_	_	_	1	xcomp	_	_
it	_	_	_	_	_	2	obj	_	_
.	_	_	_	_	_	1	punct	_	_","wanna	_	_	_	_	_	0	root	_	_
hold	_	_	_	_	_	1	xcomp	_	_
it	_	_	_	_	_	2	obj	_	_
.	_	_	_	_	_	1	punct	_	_","wan	_	VERB	VBP	_	_	0	root	_	_
na	_	PART	TO	_	_	3	mark	_	_
hold	_	VERB	VB	_	_	1	xcomp	_	_
it	_	PRON	PRP	_	_	3	obj	_	_
.	_	PUNCT	.	_	_	1	punct	_	_"
it's a big .,"it's	_	_	_	_	_	3	cop	_	_
a	_	_	_	_	_	3	det	_	_
big	_	_	_	_	_	0	root	_	_
.	_	_	_	_	_	3	punct	_	_","it's	_	_	_	_	_	3	cop	_	_
a	_	_	_	_	_	3	det	_	_
big	_	_	_	_	_	0	root	_	_
.	_	_	_	_	_	3	punct	_	_","it	_	PRON	PRP	_	_	4	nsubj	_	_
's	_	AUX	VBZ	_	_	4	cop	_	_
a	_	DET	DT	_	_	4	det	_	_
big	_	ADJ	JJ	_	_	0	root	_	_
.	_	PUNCT	.	_	_	4	punct	_	_"
it's surprise .,"it's	_	_	_	_	_	2	nsubj	_	_
surprise	_	_	_	_	_	0	root	_	_
.	_	_	_	_	_	2	punct	_	_","it's	_	_	_	_	_	2	nsubj	_	_
surprise	_	_	_	_	_	0	root	_	_
.	_	_	_	_	_	2	punct	_	_","it	_	PRON	PRP	_	_	3	nsubj	_	_
's	_	AUX	VBZ	_	_	3	cop	_	_
surprise	_	NOUN	NN	_	_	0	root	_	_
.	_	PUNCT	.	_	_	3	punct	_	_"
"it's surprise , Purdie .","it's	_	_	_	_	_	2	nsubj	_	_
surprise	_	_	_	_	_	0	root	_	_
,	_	_	_	_	_	2	discourse	_	_
Purdie	_	_	_	_	_	2	vocative	_	_
.	_	_	_	_	_	2	punct	_	_","it's	_	_	_	_	_	2	cop	_	_
surprise	_	_	_	_	_	0	root	_	_
,	_	_	_	_	_	4	punct	_	_
Purdie	_	_	_	_	_	2	vocative	_	_
.	_	_	_	_	_	2	punct	_	_","it	_	PRON	PRP	_	_	3	nsubj	_	_
's	_	AUX	VBZ	_	_	3	cop	_	_
surprise	_	NOUN	NN	_	_	0	root	_	_
,	_	PUNCT	,	_	_	5	punct	_	_
Purdie	_	PROPN	NNP	_	_	3	vocative	_	_
.	_	PUNCT	.	_	_	3	punct	_	_"
this a fire engine's hosepipe .,"this	_	_	_	_	_	5	nsubj	_	_
a	_	_	_	_	_	5	det	_	_
fire	_	_	_	_	_	4	compound	_	_
engine's	_	_	_	_	_	5	nmod:poss	_	_
hosepipe	_	_	_	_	_	0	root	_	_
.	_	_	_	_	_	5	punct	_	_","this	_	_	_	_	_	5	nsubj	_	_
a	_	_	_	_	_	5	det	_	_
fire	_	_	_	_	_	4	compound	_	_
engine's	_	_	_	_	_	5	nmod:poss	_	_
hosepipe	_	_	_	_	_	0	root	_	_
.	_	_	_	_	_	5	punct	_	_","this	_	PRON	DT	_	_	6	nsubj	_	_
a	_	DET	DT	_	_	4	det	_	_
fire	_	NOUN	NN	_	_	4	compound	_	_
engine	_	NOUN	NN	_	_	6	nmod:poss	_	_
's	_	PART	POS	_	_	4	case	_	_
hosepipe	_	NOUN	NN	_	_	0	root	_	_
.	_	PUNCT	.	_	_	6	punct	_	_"
I Postman Pat .,"I	_	_	_	_	_	2	nsubj	_	_
Postman	_	_	_	_	_	0	root	_	_
Pat	_	_	_	_	_	2	flat	_	_
.	_	_	_	_	_	2	punct	_	_","I	_	_	_	_	_	3	nsubj	_	_
Postman	_	_	_	_	_	3	compound	_	_
Pat	_	_	_	_	_	0	root	_	_
.	_	_	_	_	_	3	punct	_	_","I	_	PRON	PRP	_	_	2	nsubj	_	_
Postman	_	PROPN	NNP	_	_	0	root	_	_
Pat	_	PROPN	NNP	_	_	2	flat	_	_
.	_	PUNCT	.	_	_	2	punct	_	_"
"I open it for you , Puss .","I	_	_	_	_	_	2	nsubj	_	_
open	_	_	_	_	_	0	root	_	_
it	_	_	_	_	_	2	obj	_	_
for	_	_	_	_	_	5	case	_	_
you	_	_	_	_	_	2	obl	_	_
,	_	_	_	_	_	2	vocative	_	_
Puss	_	_	_	_	_	2	vocative	_	_
.	_	_	_	_	_	2	punct	_	_","I	_	_	_	_	_	2	nsubj	_	_
open	_	_	_	_	_	0	root	_	_
it	_	_	_	_	_	2	obj	_	_
for	_	_	_	_	_	5	case	_	_
you	_	_	_	_	_	2	obl	_	_
,	_	_	_	_	_	7	punct	_	_
Puss	_	_	_	_	_	2	vocative	_	_
.	_	_	_	_	_	2	punct	_	_","I	_	PRON	PRP	_	_	2	nsubj	_	_
open	_	VERB	VBP	_	_	0	root	_	_
it	_	PRON	PRP	_	_	2	obj	_	_
for	_	ADP	IN	_	_	5	case	_	_
you	_	PRON	PRP	_	_	2	obl	_	_
,	_	PUNCT	,	_	_	7	punct	_	_
Puss	_	PROPN	NNP	_	_	2	vocative	_	_
.	_	PUNCT	.	_	_	2	punct	_	_"
"like your ears , Purdie .","like	_	_	_	_	_	0	root	_	_
your	_	_	_	_	_	3	nmod:poss	_	_
ears	_	_	_	_	_	1	obj	_	_
,	_	_	_	_	_	3	vocative	_	_
Purdie	_	_	_	_	_	1	vocative	_	_
.	_	_	_	_	_	1	punct	_	_","like	_	_	_	_	_	3	case	_	_
your	_	_	_	_	_	3	nmod:poss	_	_
ears	_	_	_	_	_	0	root	_	_
,	_	_	_	_	_	5	punct	_	_
Purdie	_	_	_	_	_	3	vocative	_	_
.	_	_	_	_	_	3	punct	_	_","like	_	ADP	IN	_	_	3	case	_	_
your	_	PRON	PRP$	_	_	3	nmod:poss	_	_
ears	_	NOUN	NNS	_	_	0	root	_	_
,	_	PUNCT	,	_	_	5	punct	_	_
Purdie	_	PROPN	NNP	_	_	3	vocative	_	_
.	_	PUNCT	.	_	_	3	punct	_	_"
Purdie see something .,"Purdie	_	_	_	_	_	2	vocative	_	_
see	_	_	_	_	_	0	root	_	_
something	_	_	_	_	_	2	obj	_	_
.	_	_	_	_	_	2	punct	_	_","Purdie	_	_	_	_	_	2	nsubj	_	_
see	_	_	_	_	_	0	root	_	_
something	_	_	_	_	_	2	obj	_	_
.	_	_	_	_	_	2	punct	_	_","Purdie	_	PROPN	NNP	_	_	2	nsubj	_	_
see	_	VERB	VB	_	_	0	root	_	_
something	_	PRON	NN	_	_	2	obj	_	_
.	_	PUNCT	.	_	_	2	punct	_	_"
I Postman Pat jump .,"I	_	_	_	_	_	2	reparandum	_	_
Postman	_	_	_	_	_	4	nsubj	_	_
Pat	_	_	_	_	_	2	flat	_	_
jump	_	_	_	_	_	0	root	_	_
.	_	_	_	_	_	4	punct	_	_","I	_	_	_	_	_	4	nsubj	_	_
Postman	_	_	_	_	_	4	compound	_	_
Pat	_	_	_	_	_	2	flat	_	_
jump	_	_	_	_	_	0	root	_	_
.	_	_	_	_	_	4	punct	_	_","I	_	PRON	PRP	_	_	4	nsubj	_	_
Postman	_	PROPN	NNP	_	_	4	nsubj	_	_
Pat	_	PROPN	NNP	_	_	2	flat	_	_
jump	_	VERB	VBP	_	_	0	root	_	_
.	_	PUNCT	.	_	_	4	punct	_	_"
key on key on your ring .,"key	_	_	_	_	_	0	root	_	_
on	_	_	_	_	_	1	advmod	_	_
key	_	_	_	_	_	1	parataxis	_	_
on	_	_	_	_	_	6	case	_	_
your	_	_	_	_	_	6	nmod:poss	_	_
ring	_	_	_	_	_	3	nmod	_	_
.	_	_	_	_	_	1	punct	_	_","key	_	_	_	_	_	0	root	_	_
on	_	_	_	_	_	3	case	_	_
key	_	_	_	_	_	1	nmod	_	_
on	_	_	_	_	_	6	case	_	_
your	_	_	_	_	_	6	nmod:poss	_	_
ring	_	_	_	_	_	1	nmod	_	_
.	_	_	_	_	_	1	punct	_	_","key	_	ADJ	JJ	_	_	0	root	_	_
on	_	ADP	IN	_	_	3	case	_	_
key	_	NOUN	NN	_	_	1	obl	_	_
on	_	ADP	IN	_	_	6	case	_	_
your	_	PRON	PRP$	_	_	6	nmod:poss	_	_
ring	_	NOUN	NN	_	_	3	nmod	_	_
.	_	PUNCT	.	_	_	1	punct	_	_"
finding a poke it on Purdie's fur .,"finding	_	_	_	_	_	0	root	_	_
a	_	_	_	_	_	3	reparandum	_	_
poke	_	_	_	_	_	1	parataxis	_	_
it	_	_	_	_	_	3	obj	_	_
on	_	_	_	_	_	7	case	_	_
Purdie's	_	_	_	_	_	7	nmod:poss	_	_
fur	_	_	_	_	_	3	obl	_	_
.	_	_	_	_	_	1	punct	_	_","finding	_	_	_	_	_	0	root	_	_
a	_	_	_	_	_	3	reparandum	_	_
poke	_	_	_	_	_	1	obj	_	_
it	_	_	_	_	_	3	obj	_	_
on	_	_	_	_	_	7	case	_	_
Purdie's	_	_	_	_	_	7	nmod:poss	_	_
fur	_	_	_	_	_	3	obl	_	_
.	_	_	_	_	_	1	punct	_	_","finding	_	VERB	VBG	_	_	0	root	_	_
a	_	DET	DT	_	_	3	det	_	_
poke	_	NOUN	NN	_	_	1	obj	_	_
it	_	PRON	PRP	_	_	1	obj	_	_
on	_	ADP	IN	_	_	8	case	_	_
Purdie	_	PROPN	NNP	_	_	8	nmod:poss	_	_
's	_	PART	POS	_	_	6	case	_	_
fur	_	NOUN	NN	_	_	1	obl	_	_
.	_	PUNCT	.	_	_	1	punct	_	_"
mommy want open this house .,"mommy	_	_	_	_	_	2	vocative	_	_
want	_	_	_	_	_	0	root	_	_
open	_	_	_	_	_	2	xcomp	_	_
this	_	_	_	_	_	5	det	_	_
house	_	_	_	_	_	3	obj	_	_
.	_	_	_	_	_	2	punct	_	_","mommy	_	_	_	_	_	2	nsubj	_	_
want	_	_	_	_	_	0	root	_	_
open	_	_	_	_	_	2	xcomp	_	_
this	_	_	_	_	_	5	det	_	_
house	_	_	_	_	_	3	obj	_	_
.	_	_	_	_	_	2	punct	_	_","mommy	_	NOUN	NN	_	_	2	nsubj	_	_
want	_	VERB	VB	_	_	0	root	_	_
open	_	VERB	VB	_	_	2	xcomp	_	_
this	_	DET	DT	_	_	5	det	_	_
house	_	NOUN	NN	_	_	3	obj	_	_
.	_	PUNCT	.	_	_	2	punct	_	_"
I wonder when Susie coming .,"I	_	_	_	_	_	2	nsubj	_	_
wonder	_	_	_	_	_	0	root	_	_
when	_	_	_	_	_	5	mark	_	_
Susie	_	_	_	_	_	5	nsubj	_	_
coming	_	_	_	_	_	2	ccomp	_	_
.	_	_	_	_	_	2	punct	_	_","I	_	_	_	_	_	2	nsubj	_	_
wonder	_	_	_	_	_	0	root	_	_
when	_	_	_	_	_	5	advmod	_	_
Susie	_	_	_	_	_	5	nsubj	_	_
coming	_	_	_	_	_	2	ccomp	_	_
.	_	_	_	_	_	2	punct	_	_","I	_	PRON	PRP	_	_	2	nsubj	_	_
wonder	_	VERB	VBP	_	_	0	root	_	_
when	_	ADV	WRB	_	_	5	advmod	_	_
Susie	_	PROPN	NNP	_	_	5	nsubj	_	_
coming	_	VERB	VBG	_	_	2	advcl	_	_
.	_	PUNCT	.	_	_	2	punct	_	_"
then what see the pockets are full .,"then	_	_	_	_	_	2	advmod	_	_
what	_	_	_	_	_	0	root	_	_
see	_	_	_	_	_	2	parataxis	_	_
the	_	_	_	_	_	5	det	_	_
pockets	_	_	_	_	_	7	nsubj	_	_
are	_	_	_	_	_	7	cop	_	_
full	_	_	_	_	_	3	parataxis	_	_
.	_	_	_	_	_	2	punct	_	_","then	_	_	_	_	_	2	advmod	_	_
what	_	_	_	_	_	0	root	_	_
see	_	_	_	_	_	2	parataxis	_	_
the	_	_	_	_	_	5	det	_	_
pockets	_	_	_	_	_	7	nsubj	_	_
are	_	_	_	_	_	7	cop	_	_
full	_	_	_	_	_	3	ccomp	_	_
.	_	_	_	_	_	2	punct	_	_","then	_	ADV	RB	_	_	7	advmod	_	_
what	_	PRON	WP	_	_	7	nsubj	_	_
see	_	VERB	VBP	_	_	2	acl:relcl	_	_
the	_	DET	DT	_	_	5	det	_	_
pockets	_	NOUN	NNS	_	_	3	obj	_	_
are	_	AUX	VBP	_	_	7	cop	_	_
full	_	ADJ	JJ	_	_	0	root	_	_
.	_	PUNCT	.	_	_	7	punct	_	_"
I'll turn .,"I'll	_	_	_	_	_	2	nsubj	_	_
turn	_	_	_	_	_	0	root	_	_
.	_	_	_	_	_	2	punct	_	_","I'll	_	_	_	_	_	2	nsubj	_	_
turn	_	_	_	_	_	0	root	_	_
.	_	_	_	_	_	2	punct	_	_","I	_	PRON	PRP	_	_	3	nsubj	_	_
'll	_	AUX	MD	_	_	3	aux	_	_
turn	_	VERB	VB	_	_	0	root	_	_
.	_	PUNCT	.	_	_	3	punct	_	_"
oh why is football have the have the name foot in it ?,"oh	_	_	_	_	_	5	discourse	_	_
why	_	_	_	_	_	5	advmod	_	_
is	_	_	_	_	_	5	aux	_	_
football	_	_	_	_	_	5	nsubj	_	_
have	_	_	_	_	_	0	root	_	_
the	_	_	_	_	_	7	mark	_	_
have	_	_	_	_	_	5	xcomp	_	_
the	_	_	_	_	_	9	det	_	_
name	_	_	_	_	_	7	obj	_	_
foot	_	_	_	_	_	7	obj	_	_
in	_	_	_	_	_	12	case	_	_
it	_	_	_	_	_	7	obl	_	_
?	_	_	_	_	_	5	punct	_	_","oh	_	_	_	_	_	5	discourse	_	_
why	_	_	_	_	_	5	advmod	_	_
is	_	_	_	_	_	5	cop	_	_
football	_	_	_	_	_	5	nsubj	_	_
have	_	_	_	_	_	0	root	_	_
the	_	_	_	_	_	7	reparandum	_	_
have	_	_	_	_	_	5	xcomp	_	_
the	_	_	_	_	_	9	det	_	_
name	_	_	_	_	_	7	obj	_	_
foot	_	_	_	_	_	7	obj	_	_
in	_	_	_	_	_	12	case	_	_
it	_	_	_	_	_	7	obl	_	_
?	_	_	_	_	_	5	punct	_	_","oh	_	INTJ	UH	_	_	5	discourse	_	_
why	_	ADV	WRB	_	_	5	advmod	_	_
is	_	AUX	VBZ	_	_	5	aux	_	_
football	_	NOUN	NN	_	_	5	nsubj	_	_
have	_	VERB	VB	_	_	0	root	_	_
the	_	DET	DT	_	_	7	obj	_	_
have	_	VERB	VB	_	_	5	xcomp	_	_
the	_	DET	DT	_	_	10	det	_	_
name	_	NOUN	NN	_	_	10	compound	_	_
foot	_	NOUN	NN	_	_	7	obj	_	_
in	_	ADP	IN	_	_	12	case	_	_
it	_	PRON	PRP	_	_	7	obl	_	_
?	_	PUNCT	.	_	_	5	punct	_	_"
cra- crayfish .,"cra-	_	_	_	_	_	2	reparandum	_	_
crayfish	_	_	_	_	_	0	root	_	_
.	_	_	_	_	_	2	punct	_	_","cra-	_	_	_	_	_	2	reparandum	_	_
crayfish	_	_	_	_	_	0	root	_	_
.	_	_	_	_	_	2	punct	_	_","cra-	_	INTJ	UH	_	_	2	discourse	_	_
crayfish	_	NOUN	NNS	_	_	0	root	_	_
.	_	PUNCT	.	_	_	2	punct	_	_"
ready turn the page ?,"ready	_	_	_	_	_	0	root	_	_
turn	_	_	_	_	_	1	xcomp	_	_
the	_	_	_	_	_	4	det	_	_
page	_	_	_	_	_	2	obj	_	_
?	_	_	_	_	_	1	punct	_	_","ready	_	_	_	_	_	0	root	_	_
turn	_	_	_	_	_	1	parataxis	_	_
the	_	_	_	_	_	4	det	_	_
page	_	_	_	_	_	2	obj	_	_
?	_	_	_	_	_	1	punct	_	_","ready	_	ADJ	JJ	_	_	0	root	_	_
turn	_	VERB	VB	_	_	1	xcomp	_	_
the	_	DET	DT	_	_	4	det	_	_
page	_	NOUN	NN	_	_	2	obj	_	_
?	_	PUNCT	.	_	_	1	punct	_	_"
he just said because he brought el a elephant for show and tell .,"he	_	_	_	_	_	3	nsubj	_	_
just	_	_	_	_	_	3	advmod	_	_
said	_	_	_	_	_	0	root	_	_
because	_	_	_	_	_	6	mark	_	_
he	_	_	_	_	_	6	nsubj	_	_
brought	_	_	_	_	_	3	advcl	_	_
el	_	_	_	_	_	6	iobj	_	_
a	_	_	_	_	_	9	det	_	_
elephant	_	_	_	_	_	6	obj	_	_
for	_	_	_	_	_	11	case	_	_
show	_	_	_	_	_	6	obl	_	_
and	_	_	_	_	_	13	cc	_	_
tell	_	_	_	_	_	11	conj	_	_
.	_	_	_	_	_	3	punct	_	_","he	_	_	_	_	_	3	nsubj	_	_
just	_	_	_	_	_	3	advmod	_	_
said	_	_	_	_	_	0	root	_	_
because	_	_	_	_	_	6	mark	_	_
he	_	_	_	_	_	6	nsubj	_	_
brought	_	_	_	_	_	3	advcl	_	_
el	_	_	_	_	_	6	iobj	_	_
a	_	_	_	_	_	9	det	_	_
elephant	_	_	_	_	_	6	obj	_	_
for	_	_	_	_	_	11	case	_	_
show	_	_	_	_	_	6	obl	_	_
and	_	_	_	_	_	13	cc	_	_
tell	_	_	_	_	_	11	conj	_	_
.	_	_	_	_	_	3	punct	_	_","he	_	PRON	PRP	_	_	3	nsubj	_	_
just	_	ADV	RB	_	_	3	advmod	_	_
said	_	VERB	VBD	_	_	0	root	_	_
because	_	SCONJ	IN	_	_	6	mark	_	_
he	_	PRON	PRP	_	_	6	nsubj	_	_
brought	_	VERB	VBD	_	_	3	advcl	_	_
el	_	ADP	IN	_	_	6	compound:prt	_	_
a	_	DET	DT	_	_	9	det	_	_
elephant	_	NOUN	NN	_	_	6	obj	_	_
for	_	ADP	IN	_	_	11	case	_	_
show	_	NOUN	NN	_	_	6	obl	_	_
and	_	CCONJ	CC	_	_	13	cc	_	_
tell	_	VERB	VB	_	_	6	conj	_	_
.	_	PUNCT	.	_	_	3	punct	_	_"
and that one on .,"and	_	_	_	_	_	4	cc	_	_
that	_	_	_	_	_	3	det	_	_
one	_	_	_	_	_	0	root	_	_
on	_	_	_	_	_	3	advmod	_	_
.	_	_	_	_	_	4	punct	_	_","and	_	_	_	_	_	3	cc	_	_
that	_	_	_	_	_	3	det	_	_
one	_	_	_	_	_	0	root	_	_
on	_	_	_	_	_	3	advmod	_	_
.	_	_	_	_	_	3	punct	_	_","and	_	CCONJ	CC	_	_	4	cc	_	_
that	_	DET	DT	_	_	3	det	_	_
one	_	NUM	CD	_	_	4	nsubj	_	_
on	_	ADP	IN	_	_	0	root	_	_
.	_	PUNCT	.	_	_	4	punct	_	_"
what this ?,"what	_	_	_	_	_	0	root	_	_
this	_	_	_	_	_	1	nsubj	_	_
?	_	_	_	_	_	1	punct	_	_","what	_	_	_	_	_	2	nsubj	_	_
this	_	_	_	_	_	0	root	_	_
?	_	_	_	_	_	2	punct	_	_","what	_	PRON	WP	_	_	0	root	_	_
this	_	PRON	DT	_	_	1	nsubj	_	_
?	_	PUNCT	.	_	_	1	punct	_	_"
Mummy do it ?,"Mummy	_	_	_	_	_	2	vocative	_	_
do	_	_	_	_	_	0	root	_	_
it	_	_	_	_	_	2	obj	_	_
?	_	_	_	_	_	2	punct	_	_","Mummy	_	_	_	_	_	2	vocative	_	_
do	_	_	_	_	_	0	root	_	_
it	_	_	_	_	_	2	obj	_	_
?	_	_	_	_	_	2	punct	_	_","Mummy	_	NOUN	NN	_	_	2	nsubj	_	_
do	_	VERB	VB	_	_	0	root	_	_
it	_	PRON	PRP	_	_	2	obj	_	_
?	_	PUNCT	.	_	_	2	punct	_	_"
hurt hurt me .,"hurt	_	_	_	_	_	2	reparandum	_	_
hurt	_	_	_	_	_	0	root	_	_
me	_	_	_	_	_	2	obj	_	_
.	_	_	_	_	_	2	punct	_	_","hurt	_	_	_	_	_	2	nsubj	_	_
hurt	_	_	_	_	_	0	root	_	_
me	_	_	_	_	_	2	obj	_	_
.	_	_	_	_	_	2	punct	_	_","hurt	_	VERB	VB	_	_	0	root	_	_
hurt	_	VERB	VBD	_	_	1	xcomp	_	_
me	_	PRON	PRP	_	_	2	obj	_	_
.	_	PUNCT	.	_	_	1	punct	_	_"
Po on .,"Po	_	_	_	_	_	0	root	_	_
on	_	_	_	_	_	1	advmod	_	_
.	_	_	_	_	_	1	punct	_	_","Po	_	_	_	_	_	0	root	_	_
on	_	_	_	_	_	1	advmod	_	_
.	_	_	_	_	_	1	punct	_	_","Po	_	VERB	VB	_	_	0	root	_	_
on	_	ADP	RP	_	_	1	compound:prt	_	_
.	_	PUNCT	.	_	_	1	punct	_	_"
fish head Wellingtons .,"fish	_	_	_	_	_	2	compound	_	_
head	_	_	_	_	_	3	nsubj	_	_
Wellingtons	_	_	_	_	_	0	root	_	_
.	_	_	_	_	_	3	punct	_	_","fish	_	_	_	_	_	2	compound	_	_
head	_	_	_	_	_	3	compound	_	_
Wellingtons	_	_	_	_	_	0	root	_	_
.	_	_	_	_	_	3	punct	_	_","fish	_	NOUN	NN	_	_	2	compound	_	_
head	_	NOUN	NN	_	_	3	compound	_	_
Wellingtons	_	PROPN	NNPS	_	_	0	root	_	_
.	_	PUNCT	.	_	_	3	punct	_	_"
"uh um , a teddy bear like a apple .","uh	_	_	_	_	_	6	discourse	_	_
um	_	_	_	_	_	1	conj	_	_
,	_	_	_	_	_	6	punct	_	_
a	_	_	_	_	_	6	det	_	_
teddy	_	_	_	_	_	6	compound	_	_
bear	_	_	_	_	_	0	root	_	_
like	_	_	_	_	_	9	case	_	_
a	_	_	_	_	_	9	det	_	_
apple	_	_	_	_	_	6	nmod	_	_
.	_	_	_	_	_	6	punct	_	_","uh	_	_	_	_	_	6	discourse	_	_
um	_	_	_	_	_	6	discourse	_	_
,	_	_	_	_	_	2	punct	_	_
a	_	_	_	_	_	6	det	_	_
teddy	_	_	_	_	_	6	compound	_	_
bear	_	_	_	_	_	0	root	_	_
like	_	_	_	_	_	9	case	_	_
a	_	_	_	_	_	9	det	_	_
apple	_	_	_	_	_	6	nmod	_	_
.	_	_	_	_	_	6	punct	_	_","uh	_	INTJ	UH	_	_	6	discourse	_	_
um	_	INTJ	UH	_	_	6	discourse	_	_
,	_	PUNCT	,	_	_	2	punct	_	_
a	_	DET	DT	_	_	6	det	_	_
teddy	_	NOUN	NN	_	_	6	compound	_	_
bear	_	NOUN	NN	_	_	0	root	_	_
like	_	ADP	IN	_	_	9	case	_	_
a	_	DET	DT	_	_	9	det	_	_
apple	_	NOUN	NN	_	_	6	nmod	_	_
.	_	PUNCT	.	_	_	6	punct	_	_"
don't like .,"don't	_	_	_	_	_	2	advmod	_	_
like	_	_	_	_	_	0	root	_	_
.	_	_	_	_	_	2	punct	_	_","don't	_	_	_	_	_	2	advmod	_	_
like	_	_	_	_	_	0	root	_	_
.	_	_	_	_	_	2	punct	_	_","do	_	AUX	VB	_	_	3	aux	_	_
n't	_	PART	RB	_	_	3	advmod	_	_
like	_	VERB	VB	_	_	0	root	_	_
.	_	PUNCT	.	_	_	3	punct	_	_"
what has happened now cone ?,"what	_	_	_	_	_	3	nsubj	_	_
has	_	_	_	_	_	3	aux	_	_
happened	_	_	_	_	_	0	root	_	_
now	_	_	_	_	_	3	advmod	_	_
cone	_	_	_	_	_	3	vocative	_	_
?	_	_	_	_	_	3	punct	_	_","what	_	_	_	_	_	3	nsubj	_	_
has	_	_	_	_	_	3	aux	_	_
happened	_	_	_	_	_	0	root	_	_
now	_	_	_	_	_	3	advmod	_	_
cone	_	_	_	_	_	3	vocative	_	_
?	_	_	_	_	_	3	punct	_	_","what	_	PRON	WP	_	_	3	nsubj	_	_
has	_	AUX	VBZ	_	_	3	aux	_	_
happened	_	VERB	VBN	_	_	0	root	_	_
now	_	ADV	RB	_	_	3	advmod	_	_
cone	_	NOUN	NN	_	_	3	obj	_	_
?	_	PUNCT	.	_	_	3	punct	_	_"
leaves coming now .,"leaves	_	_	_	_	_	2	nsubj	_	_
coming	_	_	_	_	_	0	root	_	_
now	_	_	_	_	_	2	advmod	_	_
.	_	_	_	_	_	2	punct	_	_","leaves	_	_	_	_	_	2	nsubj	_	_
coming	_	_	_	_	_	0	root	_	_
now	_	_	_	_	_	2	advmod	_	_
.	_	_	_	_	_	2	punct	_	_","leaves	_	VERB	VBZ	_	_	0	root	_	_
coming	_	VERB	VBG	_	_	1	xcomp	_	_
now	_	ADV	RB	_	_	2	advmod	_	_
.	_	PUNCT	.	_	_	1	punct	_	_"
leaves blowing off the tree .,"leaves	_	_	_	_	_	2	nsubj	_	_
blowing	_	_	_	_	_	0	root	_	_
off	_	_	_	_	_	5	case	_	_
the	_	_	_	_	_	5	det	_	_
tree	_	_	_	_	_	2	obl	_	_
.	_	_	_	_	_	2	punct	_	_","leaves	_	_	_	_	_	2	nsubj	_	_
blowing	_	_	_	_	_	0	root	_	_
off	_	_	_	_	_	5	case	_	_
the	_	_	_	_	_	5	det	_	_
tree	_	_	_	_	_	2	obl	_	_
.	_	_	_	_	_	2	punct	_	_","leaves	_	VERB	VBZ	_	_	0	root	_	_
blowing	_	VERB	VBG	_	_	1	xcomp	_	_
off	_	ADP	IN	_	_	5	case	_	_
the	_	DET	DT	_	_	5	det	_	_
tree	_	NOUN	NN	_	_	2	obl	_	_
.	_	PUNCT	.	_	_	1	punct	_	_"
ice cream this one .,"ice	_	_	_	_	_	2	compound	_	_
cream	_	_	_	_	_	0	root	_	_
this	_	_	_	_	_	4	det	_	_
one	_	_	_	_	_	2	parataxis	_	_
.	_	_	_	_	_	2	punct	_	_","ice	_	_	_	_	_	2	compound	_	_
cream	_	_	_	_	_	0	root	_	_
this	_	_	_	_	_	4	det	_	_
one	_	_	_	_	_	2	nmod:unmarked	_	_
.	_	_	_	_	_	2	punct	_	_","ice	_	NOUN	NN	_	_	2	compound	_	_
cream	_	NOUN	NN	_	_	0	root	_	_
this	_	DET	DT	_	_	4	det	_	_
one	_	NOUN	NN	_	_	2	nmod:unmarked	_	_
.	_	PUNCT	.	_	_	2	punct	_	_"
no bang it .,"no	_	_	_	_	_	2	discourse	_	_
bang	_	_	_	_	_	0	root	_	_
it	_	_	_	_	_	2	obj	_	_
.	_	_	_	_	_	2	punct	_	_","no	_	_	_	_	_	2	discourse	_	_
bang	_	_	_	_	_	0	root	_	_
it	_	_	_	_	_	2	obj	_	_
.	_	_	_	_	_	2	punct	_	_","no	_	DET	DT	_	_	2	det	_	_
bang	_	NOUN	NN	_	_	0	root	_	_
it	_	PRON	PRP	_	_	2	vocative	_	_
.	_	PUNCT	.	_	_	2	punct	_	_"
no bang it .,"no	_	_	_	_	_	2	discourse	_	_
bang	_	_	_	_	_	0	root	_	_
it	_	_	_	_	_	2	obj	_	_
.	_	_	_	_	_	2	punct	_	_","no	_	_	_	_	_	2	discourse	_	_
bang	_	_	_	_	_	0	root	_	_
it	_	_	_	_	_	2	obj	_	_
.	_	_	_	_	_	2	punct	_	_","no	_	DET	DT	_	_	2	det	_	_
bang	_	NOUN	NN	_	_	0	root	_	_
it	_	PRON	PRP	_	_	2	vocative	_	_
.	_	PUNCT	.	_	_	2	punct	_	_"
that one off .,"that	_	_	_	_	_	2	det	_	_
one	_	_	_	_	_	3	nsubj	_	_
off	_	_	_	_	_	0	root	_	_
.	_	_	_	_	_	3	punct	_	_","that	_	_	_	_	_	2	det	_	_
one	_	_	_	_	_	0	root	_	_
off	_	_	_	_	_	2	advmod	_	_
.	_	_	_	_	_	2	punct	_	_","that	_	DET	DT	_	_	2	det	_	_
one	_	NUM	CD	_	_	0	root	_	_
off	_	ADP	RP	_	_	2	advmod	_	_
.	_	PUNCT	.	_	_	3	punct	_	_"
Thomas The Tank Engine really useful engine .,"Thomas	_	_	_	_	_	0	root	_	_
The	_	_	_	_	_	4	det	_	_
Tank	_	_	_	_	_	4	compound	_	_
Engine	_	_	_	_	_	1	flat	_	_
really	_	_	_	_	_	6	advmod	_	_
useful	_	_	_	_	_	7	amod	_	_
engine	_	_	_	_	_	1	appos	_	_
.	_	_	_	_	_	4	punct	_	_","Thomas	_	_	_	_	_	0	root	_	_
The	_	_	_	_	_	4	det	_	_
Tank	_	_	_	_	_	4	compound	_	_
Engine	_	_	_	_	_	1	appos	_	_
really	_	_	_	_	_	6	advmod	_	_
useful	_	_	_	_	_	7	amod	_	_
engine	_	_	_	_	_	1	parataxis	_	_
.	_	_	_	_	_	7	punct	_	_","Thomas	_	PROPN	NNP	_	_	0	root	_	_
The	_	DET	DT	_	_	6	det	_	_
Tank	_	NOUN	NN	_	_	3	compound	_	_
Engine	_	NOUN	NN	_	_	6	compound	_	_
really	_	ADV	RB	_	_	5	advmod	_	_
useful	_	ADJ	JJ	_	_	6	amod	_	_
engine	_	NOUN	NN	_	_	0	root	_	_
.	_	PUNCT	.	_	_	6	punct	_	_"
it's noisy Thomas The Tank .,"it's	_	_	_	_	_	2	nsubj	_	_
noisy	_	_	_	_	_	0	root	_	_
Thomas	_	_	_	_	_	2	vocative	_	_
The	_	_	_	_	_	5	det	_	_
Tank	_	_	_	_	_	3	flat	_	_
.	_	_	_	_	_	2	punct	_	_","it's	_	_	_	_	_	3	cop	_	_
noisy	_	_	_	_	_	3	amod	_	_
Thomas	_	_	_	_	_	0	root	_	_
The	_	_	_	_	_	5	det	_	_
Tank	_	_	_	_	_	3	appos	_	_
.	_	_	_	_	_	3	punct	_	_","it	_	PRON	PRP	_	_	3	nsubj	_	_
's	_	AUX	VBZ	_	_	3	cop	_	_
noisy	_	ADJ	JJ	_	_	0	root	_	_
Thomas	_	PROPN	NNP	_	_	3	vocative	_	_
The	_	DET	DT	_	_	6	det	_	_
Tank	_	PROPN	NNP	_	_	3	vocative	_	_
.	_	PUNCT	.	_	_	3	punct	_	_"
wanna wanna blow it .,"wanna	_	_	_	_	_	2	reparandum	_	_
wanna	_	_	_	_	_	0	root	_	_
blow	_	_	_	_	_	2	xcomp	_	_
it	_	_	_	_	_	3	obj	_	_
.	_	_	_	_	_	2	punct	_	_","wanna	_	_	_	_	_	3	reparandum	_	_
wanna	_	_	_	_	_	3	reparandum	_	_
blow	_	_	_	_	_	0	root	_	_
it	_	_	_	_	_	3	obj	_	_
.	_	_	_	_	_	3	punct	_	_","wan	_	VERB	VBP	_	_	0	root	_	_
na	_	PART	TO	_	_	3	mark	_	_
wan	_	VERB	VB	_	_	1	xcomp	_	_
na	_	PART	TO	_	_	5	mark	_	_
blow	_	VERB	VB	_	_	3	xcomp	_	_
it	_	PRON	PRP	_	_	5	obj	_	_
.	_	PUNCT	.	_	_	1	punct	_	_"
no Isabel's .,"no	_	_	_	_	_	2	discourse	_	_
Isabel's	_	_	_	_	_	0	root	_	_
.	_	_	_	_	_	2	punct	_	_","no	_	_	_	_	_	2	det	_	_
Isabel's	_	_	_	_	_	0	root	_	_
.	_	_	_	_	_	2	punct	_	_","no	_	INTJ	UH	_	_	2	discourse	_	_
Isabel	_	PROPN	NNP	_	_	0	root	_	_
's	_	PART	POS	_	_	2	case	_	_
.	_	PUNCT	.	_	_	2	punct	_	_"
uh snow little teddy bear .,"uh	_	_	_	_	_	2	discourse	_	_
snow	_	_	_	_	_	0	root	_	_
little	_	_	_	_	_	5	amod	_	_
teddy	_	_	_	_	_	5	compound	_	_
bear	_	_	_	_	_	2	parataxis	_	_
.	_	_	_	_	_	2	punct	_	_","uh	_	_	_	_	_	5	discourse	_	_
snow	_	_	_	_	_	5	compound	_	_
little	_	_	_	_	_	5	amod	_	_
teddy	_	_	_	_	_	5	compound	_	_
bear	_	_	_	_	_	0	root	_	_
.	_	_	_	_	_	5	punct	_	_","uh	_	INTJ	UH	_	_	5	discourse	_	_
snow	_	NOUN	NN	_	_	5	compound	_	_
little	_	ADJ	JJ	_	_	5	amod	_	_
teddy	_	NOUN	NN	_	_	5	compound	_	_
bear	_	NOUN	NN	_	_	0	root	_	_
.	_	PUNCT	.	_	_	5	punct	_	_"
it on the telly a big bear .,"it	_	_	_	_	_	0	root	_	_
on	_	_	_	_	_	4	case	_	_
the	_	_	_	_	_	4	det	_	_
telly	_	_	_	_	_	1	nmod	_	_
a	_	_	_	_	_	7	det	_	_
big	_	_	_	_	_	7	amod	_	_
bear	_	_	_	_	_	1	parataxis	_	_
.	_	_	_	_	_	1	punct	_	_","it	_	_	_	_	_	0	root	_	_
on	_	_	_	_	_	4	case	_	_
the	_	_	_	_	_	4	det	_	_
telly	_	_	_	_	_	1	nmod	_	_
a	_	_	_	_	_	7	det	_	_
big	_	_	_	_	_	7	amod	_	_
bear	_	_	_	_	_	1	appos	_	_
.	_	_	_	_	_	1	punct	_	_","it	_	PRON	PRP	_	_	7	nsubj	_	_
on	_	ADP	IN	_	_	4	case	_	_
the	_	DET	DT	_	_	4	det	_	_
telly	_	NOUN	NN	_	_	7	obl	_	_
a	_	DET	DT	_	_	7	det	_	_
big	_	ADJ	JJ	_	_	7	amod	_	_
bear	_	NOUN	NN	_	_	0	root	_	_
.	_	PUNCT	.	_	_	7	punct	_	_"
is a big snowball big snowball and Milly .,"is	_	_	_	_	_	4	cop	_	_
a	_	_	_	_	_	4	det	_	_
big	_	_	_	_	_	4	amod	_	_
snowball	_	_	_	_	_	0	root	_	_
big	_	_	_	_	_	6	amod	_	_
snowball	_	_	_	_	_	4	parataxis	_	_
and	_	_	_	_	_	8	cc	_	_
Milly	_	_	_	_	_	4	conj	_	_
.	_	_	_	_	_	4	punct	_	_","is	_	_	_	_	_	6	cop	_	_
a	_	_	_	_	_	6	det	_	_
big	_	_	_	_	_	4	amod	_	_
snowball	_	_	_	_	_	6	compound	_	_
big	_	_	_	_	_	6	amod	_	_
snowball	_	_	_	_	_	0	root	_	_
and	_	_	_	_	_	8	cc	_	_
Milly	_	_	_	_	_	4	conj	_	_
.	_	_	_	_	_	6	punct	_	_","is	_	AUX	VBZ	_	_	6	cop	_	_
a	_	DET	DT	_	_	6	det	_	_
big	_	ADJ	JJ	_	_	6	amod	_	_
snowball	_	NOUN	NN	_	_	6	compound	_	_
big	_	ADJ	JJ	_	_	6	amod	_	_
snowball	_	NOUN	NN	_	_	0	root	_	_
and	_	CCONJ	CC	_	_	8	cc	_	_
Milly	_	PROPN	NNP	_	_	6	conj	_	_
.	_	PUNCT	.	_	_	6	punct	_	_"
uh uh Thomas going up my ladders again .,"uh	_	_	_	_	_	4	discourse	_	_
uh	_	_	_	_	_	1	conj	_	_
Thomas	_	_	_	_	_	4	nsubj	_	_
going	_	_	_	_	_	0	root	_	_
up	_	_	_	_	_	7	case	_	_
my	_	_	_	_	_	7	nmod:poss	_	_
ladders	_	_	_	_	_	4	obl	_	_
again	_	_	_	_	_	4	advmod	_	_
.	_	_	_	_	_	4	punct	_	_","uh	_	_	_	_	_	4	discourse	_	_
uh	_	_	_	_	_	4	discourse	_	_
Thomas	_	_	_	_	_	4	nsubj	_	_
going	_	_	_	_	_	0	root	_	_
up	_	_	_	_	_	7	case	_	_
my	_	_	_	_	_	7	nmod:poss	_	_
ladders	_	_	_	_	_	4	obl	_	_
again	_	_	_	_	_	4	advmod	_	_
.	_	_	_	_	_	4	punct	_	_","uh	_	INTJ	UH	_	_	4	discourse	_	_
uh	_	INTJ	UH	_	_	4	discourse	_	_
Thomas	_	PROPN	NNP	_	_	4	nsubj	_	_
going	_	VERB	VBG	_	_	0	root	_	_
up	_	ADP	IN	_	_	4	compound:prt	_	_
my	_	PRON	PRP$	_	_	7	nmod:poss	_	_
ladders	_	NOUN	NNS	_	_	4	obl	_	_
again	_	ADV	RB	_	_	4	advmod	_	_
.	_	PUNCT	.	_	_	4	punct	_	_"
where you been ?,"where	_	_	_	_	_	0	root	_	_
you	_	_	_	_	_	1	nsubj	_	_
been	_	_	_	_	_	1	cop	_	_
?	_	_	_	_	_	1	punct	_	_","where	_	_	_	_	_	0	root	_	_
you	_	_	_	_	_	1	nsubj	_	_
been	_	_	_	_	_	1	cop	_	_
?	_	_	_	_	_	1	punct	_	_","where	_	ADV	WRB	_	_	0	root	_	_
you	_	PRON	PRP	_	_	3	nsubj	_	_
been	_	AUX	VBN	_	_	1	cop	_	_
?	_	PUNCT	.	_	_	1	punct	_	_"
it's not .,"it's	_	_	_	_	_	2	nsubj	_	_
not	_	_	_	_	_	0	root	_	_
.	_	_	_	_	_	2	punct	_	_","it's	_	_	_	_	_	2	nsubj	_	_
not	_	_	_	_	_	0	root	_	_
.	_	_	_	_	_	2	punct	_	_","it	_	PRON	PRP	_	_	2	nsubj	_	_
's	_	AUX	VBZ	_	_	0	root	_	_
not	_	PART	RB	_	_	2	advmod	_	_
.	_	PUNCT	.	_	_	2	punct	_	_"
it's not well .,"it's	_	_	_	_	_	3	cop	_	_
not	_	_	_	_	_	3	advmod	_	_
well	_	_	_	_	_	0	root	_	_
.	_	_	_	_	_	3	punct	_	_","it's	_	_	_	_	_	3	cop	_	_
not	_	_	_	_	_	3	advmod	_	_
well	_	_	_	_	_	0	root	_	_
.	_	_	_	_	_	3	punct	_	_","it	_	PRON	PRP	_	_	4	nsubj	_	_
's	_	AUX	VBZ	_	_	4	cop	_	_
not	_	PART	RB	_	_	4	advmod	_	_
well	_	ADV	RB	_	_	0	root	_	_
.	_	PUNCT	.	_	_	4	punct	_	_"
it's not .,"it's	_	_	_	_	_	2	nsubj	_	_
not	_	_	_	_	_	0	root	_	_
.	_	_	_	_	_	2	punct	_	_","it's	_	_	_	_	_	2	nsubj	_	_
not	_	_	_	_	_	0	root	_	_
.	_	_	_	_	_	2	punct	_	_","it	_	PRON	PRP	_	_	2	nsubj	_	_
's	_	AUX	VBZ	_	_	0	root	_	_
not	_	PART	RB	_	_	2	advmod	_	_
.	_	PUNCT	.	_	_	2	punct	_	_"
Purdie Purdie like balloons .,"Purdie	_	_	_	_	_	0	root	_	_
Purdie	_	_	_	_	_	1	conj	_	_
like	_	_	_	_	_	4	case	_	_
balloons	_	_	_	_	_	1	parataxis	_	_
.	_	_	_	_	_	1	punct	_	_","Purdie	_	_	_	_	_	3	nsubj	_	_
Purdie	_	_	_	_	_	1	flat	_	_
like	_	_	_	_	_	0	root	_	_
balloons	_	_	_	_	_	3	obj	_	_
.	_	_	_	_	_	3	punct	_	_","Purdie	_	PROPN	NNP	_	_	3	nsubj	_	_
Purdie	_	PROPN	NNP	_	_	1	flat	_	_
like	_	VERB	VBP	_	_	0	root	_	_
balloons	_	NOUN	NNS	_	_	3	obj	_	_
.	_	PUNCT	.	_	_	3	punct	_	_"
the crocodile staying in bed .,"the	_	_	_	_	_	2	det	_	_
crocodile	_	_	_	_	_	3	nsubj	_	_
staying	_	_	_	_	_	0	root	_	_
in	_	_	_	_	_	5	case	_	_
bed	_	_	_	_	_	3	obl	_	_
.	_	_	_	_	_	3	punct	_	_","the	_	_	_	_	_	2	det	_	_
crocodile	_	_	_	_	_	0	root	_	_
staying	_	_	_	_	_	2	acl	_	_
in	_	_	_	_	_	5	case	_	_
bed	_	_	_	_	_	3	obl	_	_
.	_	_	_	_	_	2	punct	_	_","the	_	DET	DT	_	_	2	det	_	_
crocodile	_	NOUN	NN	_	_	0	root	_	_
staying	_	VERB	VBG	_	_	2	acl	_	_
in	_	ADP	IN	_	_	5	case	_	_
bed	_	NOUN	NN	_	_	3	obl	_	_
.	_	PUNCT	.	_	_	2	punct	_	_"
going see television Teletubbies on .,"going	_	_	_	_	_	0	root	_	_
see	_	_	_	_	_	1	xcomp	_	_
television	_	_	_	_	_	4	compound	_	_
Teletubbies	_	_	_	_	_	2	obj	_	_
on	_	_	_	_	_	2	advmod	_	_
.	_	_	_	_	_	1	punct	_	_","going	_	_	_	_	_	0	root	_	_
see	_	_	_	_	_	1	xcomp	_	_
television	_	_	_	_	_	4	compound	_	_
Teletubbies	_	_	_	_	_	2	obj	_	_
on	_	_	_	_	_	4	advmod	_	_
.	_	_	_	_	_	1	punct	_	_","going	_	VERB	VBG	_	_	0	root	_	_
see	_	VERB	VB	_	_	1	xcomp	_	_
television	_	NOUN	NN	_	_	4	compound	_	_
Teletubbies	_	PROPN	NNPS	_	_	2	obj	_	_
on	_	ADP	IN	_	_	2	compound:prt	_	_
.	_	PUNCT	.	_	_	1	punct	_	_"
I kiss Purdie's fur .,"I	_	_	_	_	_	2	nsubj	_	_
kiss	_	_	_	_	_	0	root	_	_
Purdie's	_	_	_	_	_	4	nmod:poss	_	_
fur	_	_	_	_	_	2	obj	_	_
.	_	_	_	_	_	2	punct	_	_","I	_	_	_	_	_	2	nsubj	_	_
kiss	_	_	_	_	_	0	root	_	_
Purdie's	_	_	_	_	_	4	nmod:poss	_	_
fur	_	_	_	_	_	2	obj	_	_
.	_	_	_	_	_	2	punct	_	_","I	_	PRON	PRP	_	_	2	nsubj	_	_
kiss	_	VERB	VBP	_	_	0	root	_	_
Purdie	_	PROPN	NNP	_	_	5	nmod:poss	_	_
's	_	PART	POS	_	_	3	case	_	_
fur	_	NOUN	NN	_	_	2	obj	_	_
.	_	PUNCT	.	_	_	2	punct	_	_"
pat pat pat patter cake .,"pat	_	_	_	_	_	5	compound	_	_
pat	_	_	_	_	_	1	conj	_	_
pat	_	_	_	_	_	5	compound	_	_
patter	_	_	_	_	_	5	compound	_	_
cake	_	_	_	_	_	0	root	_	_
.	_	_	_	_	_	5	punct	_	_","pat	_	_	_	_	_	5	discourse	_	_
pat	_	_	_	_	_	5	compound	_	_
pat	_	_	_	_	_	5	compound	_	_
patter	_	_	_	_	_	5	compound	_	_
cake	_	_	_	_	_	0	root	_	_
.	_	_	_	_	_	5	punct	_	_","pat	_	VERB	VB	_	_	0	root	_	_
pat	_	NOUN	NN	_	_	5	compound	_	_
pat	_	NOUN	NN	_	_	5	compound	_	_
patter	_	NOUN	NN	_	_	5	compound	_	_
cake	_	NOUN	NN	_	_	1	obj	_	_
.	_	PUNCT	.	_	_	1	punct	_	_"
patter cake patter cake .,"patter	_	_	_	_	_	2	compound	_	_
cake	_	_	_	_	_	0	root	_	_
patter	_	_	_	_	_	4	compound	_	_
cake	_	_	_	_	_	2	conj	_	_
.	_	_	_	_	_	2	punct	_	_","patter	_	_	_	_	_	2	compound	_	_
cake	_	_	_	_	_	0	root	_	_
patter	_	_	_	_	_	4	compound	_	_
cake	_	_	_	_	_	2	parataxis	_	_
.	_	_	_	_	_	2	punct	_	_","patter	_	NOUN	NN	_	_	2	compound	_	_
cake	_	NOUN	NN	_	_	4	compound	_	_
patter	_	NOUN	NN	_	_	4	compound	_	_
cake	_	NOUN	NN	_	_	0	root	_	_
.	_	PUNCT	.	_	_	4	punct	_	_"
Dips Dipsy come here and and Tinky Winky .,"Dips	_	_	_	_	_	3	vocative	_	_
Dipsy	_	_	_	_	_	1	conj	_	_
come	_	_	_	_	_	0	root	_	_
here	_	_	_	_	_	3	advmod	_	_
and	_	_	_	_	_	6	reparandum	_	_
and	_	_	_	_	_	7	cc	_	_
Tinky	_	_	_	_	_	3	conj	_	_
Winky	_	_	_	_	_	7	conj	_	_
.	_	_	_	_	_	3	punct	_	_","Dips	_	_	_	_	_	3	nsubj	_	_
Dipsy	_	_	_	_	_	1	flat	_	_
come	_	_	_	_	_	0	root	_	_
here	_	_	_	_	_	3	advmod	_	_
and	_	_	_	_	_	7	cc	_	_
and	_	_	_	_	_	7	cc	_	_
Tinky	_	_	_	_	_	3	conj	_	_
Winky	_	_	_	_	_	7	flat	_	_
.	_	_	_	_	_	3	punct	_	_","Dips	_	NOUN	NNS	_	_	3	nsubj	_	_
Dipsy	_	PROPN	NNP	_	_	1	flat	_	_
come	_	VERB	VBP	_	_	0	root	_	_
here	_	ADV	RB	_	_	3	advmod	_	_
and	_	CCONJ	CC	_	_	7	cc	_	_
and	_	CCONJ	CC	_	_	7	cc	_	_
Tinky	_	PROPN	NNP	_	_	3	conj	_	_
Winky	_	PROPN	NNP	_	_	7	flat	_	_
.	_	PUNCT	.	_	_	3	punct	_	_"
all dancing .,"all	_	_	_	_	_	2	advmod	_	_
dancing	_	_	_	_	_	0	root	_	_
.	_	_	_	_	_	2	punct	_	_","all	_	_	_	_	_	2	advmod	_	_
dancing	_	_	_	_	_	0	root	_	_
.	_	_	_	_	_	2	punct	_	_","all	_	DET	DT	_	_	2	det	_	_
dancing	_	NOUN	NN	_	_	0	root	_	_
.	_	PUNCT	.	_	_	2	punct	_	_"
more like a cake a make .,"more	_	_	_	_	_	4	advmod	_	_
like	_	_	_	_	_	4	case	_	_
a	_	_	_	_	_	4	det	_	_
cake	_	_	_	_	_	0	root	_	_
a	_	_	_	_	_	6	mark	_	_
make	_	_	_	_	_	4	acl	_	_
.	_	_	_	_	_	4	punct	_	_","more	_	_	_	_	_	4	advmod	_	_
like	_	_	_	_	_	4	case	_	_
a	_	_	_	_	_	4	det	_	_
cake	_	_	_	_	_	0	root	_	_
a	_	_	_	_	_	6	mark	_	_
make	_	_	_	_	_	4	acl	_	_
.	_	_	_	_	_	4	punct	_	_","more	_	ADV	RBR	_	_	4	advmod	_	_
like	_	ADP	IN	_	_	4	case	_	_
a	_	DET	DT	_	_	4	det	_	_
cake	_	NOUN	NN	_	_	0	root	_	_
a	_	DET	DT	_	_	6	det	_	_
make	_	NOUN	NN	_	_	4	vocative	_	_
.	_	PUNCT	.	_	_	4	punct	_	_"
more like dirty cream .,"more	_	_	_	_	_	4	advmod	_	_
like	_	_	_	_	_	4	case	_	_
dirty	_	_	_	_	_	4	amod	_	_
cream	_	_	_	_	_	0	root	_	_
.	_	_	_	_	_	4	punct	_	_","more	_	_	_	_	_	4	advmod	_	_
like	_	_	_	_	_	4	case	_	_
dirty	_	_	_	_	_	4	amod	_	_
cream	_	_	_	_	_	0	root	_	_
.	_	_	_	_	_	4	punct	_	_","more	_	ADJ	JJR	_	_	0	root	_	_
like	_	ADP	IN	_	_	4	case	_	_
dirty	_	ADJ	JJ	_	_	4	amod	_	_
cream	_	NOUN	NN	_	_	1	obl	_	_
.	_	PUNCT	.	_	_	1	punct	_	_"
little girl eat one .,"little	_	_	_	_	_	2	amod	_	_
girl	_	_	_	_	_	3	nsubj	_	_
eat	_	_	_	_	_	0	root	_	_
one	_	_	_	_	_	3	obj	_	_
.	_	_	_	_	_	3	punct	_	_","little	_	_	_	_	_	2	amod	_	_
girl	_	_	_	_	_	3	vocative	_	_
eat	_	_	_	_	_	0	root	_	_
one	_	_	_	_	_	3	obj	_	_
.	_	_	_	_	_	3	punct	_	_","little	_	ADJ	JJ	_	_	2	amod	_	_
girl	_	NOUN	NN	_	_	3	nsubj	_	_
eat	_	VERB	VB	_	_	0	root	_	_
one	_	NUM	CD	_	_	3	obj	_	_
.	_	PUNCT	.	_	_	3	punct	_	_"
little boy little girl .,"little	_	_	_	_	_	2	amod	_	_
boy	_	_	_	_	_	0	root	_	_
little	_	_	_	_	_	4	amod	_	_
girl	_	_	_	_	_	2	conj	_	_
.	_	_	_	_	_	2	punct	_	_","little	_	_	_	_	_	2	amod	_	_
boy	_	_	_	_	_	0	root	_	_
little	_	_	_	_	_	4	amod	_	_
girl	_	_	_	_	_	2	conj	_	_
.	_	_	_	_	_	2	punct	_	_","little	_	ADJ	JJ	_	_	4	amod	_	_
boy	_	NOUN	NN	_	_	4	compound	_	_
little	_	ADJ	JJ	_	_	4	amod	_	_
girl	_	NOUN	NN	_	_	0	root	_	_
.	_	PUNCT	.	_	_	4	punct	_	_"
I can't talk her my a little baby .,"I	_	_	_	_	_	3	nsubj	_	_
can't	_	_	_	_	_	3	aux	_	_
talk	_	_	_	_	_	0	root	_	_
her	_	_	_	_	_	3	obj	_	_
my	_	_	_	_	_	8	nmod:poss	_	_
a	_	_	_	_	_	8	det	_	_
little	_	_	_	_	_	8	amod	_	_
baby	_	_	_	_	_	3	parataxis	_	_
.	_	_	_	_	_	3	punct	_	_","I	_	_	_	_	_	3	nsubj	_	_
can't	_	_	_	_	_	3	advmod	_	_
talk	_	_	_	_	_	0	root	_	_
her	_	_	_	_	_	3	obj	_	_
my	_	_	_	_	_	8	nmod:poss	_	_
a	_	_	_	_	_	8	det	_	_
little	_	_	_	_	_	8	amod	_	_
baby	_	_	_	_	_	3	obl	_	_
.	_	_	_	_	_	3	punct	_	_","I	_	PRON	PRP	_	_	4	nsubj	_	_
ca	_	AUX	MD	_	_	4	aux	_	_
n't	_	PART	RB	_	_	4	advmod	_	_
talk	_	VERB	VB	_	_	0	root	_	_
her	_	PRON	PRP	_	_	4	iobj	_	_
my	_	PRON	PRP$	_	_	9	nmod:poss	_	_
a	_	DET	DT	_	_	9	det	_	_
little	_	ADJ	JJ	_	_	9	amod	_	_
baby	_	NOUN	NN	_	_	4	obj	_	_
.	_	PUNCT	.	_	_	4	punct	_	_"
Dipsy's hat on floor .,"Dipsy's	_	_	_	_	_	2	nmod:poss	_	_
hat	_	_	_	_	_	0	root	_	_
on	_	_	_	_	_	4	case	_	_
floor	_	_	_	_	_	2	nmod	_	_
.	_	_	_	_	_	4	punct	_	_","Dipsy's	_	_	_	_	_	2	nmod:poss	_	_
hat	_	_	_	_	_	4	nsubj	_	_
on	_	_	_	_	_	4	case	_	_
floor	_	_	_	_	_	0	root	_	_
.	_	_	_	_	_	4	punct	_	_","Dipsy	_	PROPN	NNP	_	_	3	nmod:poss	_	_
's	_	PART	POS	_	_	1	case	_	_
hat	_	NOUN	NN	_	_	0	root	_	_
on	_	ADP	IN	_	_	5	case	_	_
floor	_	NOUN	NN	_	_	3	nmod	_	_
.	_	PUNCT	.	_	_	3	punct	_	_"
Dipsy tummy .,"Dipsy	_	_	_	_	_	2	nmod:poss	_	_
tummy	_	_	_	_	_	0	root	_	_
.	_	_	_	_	_	2	punct	_	_","Dipsy	_	_	_	_	_	2	amod	_	_
tummy	_	_	_	_	_	0	root	_	_
.	_	_	_	_	_	2	punct	_	_","Dipsy	_	PROPN	NNP	_	_	2	compound	_	_
tummy	_	NOUN	NN	_	_	0	root	_	_
.	_	PUNCT	.	_	_	2	punct	_	_"
Purdie like strawberries .,"Purdie	_	_	_	_	_	2	nsubj	_	_
like	_	_	_	_	_	0	root	_	_
strawberries	_	_	_	_	_	2	obj	_	_
.	_	_	_	_	_	1	punct	_	_","Purdie	_	_	_	_	_	2	nsubj	_	_
like	_	_	_	_	_	0	root	_	_
strawberries	_	_	_	_	_	2	obj	_	_
.	_	_	_	_	_	2	punct	_	_","Purdie	_	PROPN	NNP	_	_	0	root	_	_
like	_	ADP	IN	_	_	3	case	_	_
strawberries	_	NOUN	NNS	_	_	1	nmod	_	_
.	_	PUNCT	.	_	_	1	punct	_	_"
put the cushion down floor .,"put	_	_	_	_	_	0	root	_	_
the	_	_	_	_	_	3	det	_	_
cushion	_	_	_	_	_	1	obj	_	_
down	_	_	_	_	_	5	case	_	_
floor	_	_	_	_	_	1	obl	_	_
.	_	_	_	_	_	1	punct	_	_","put	_	_	_	_	_	0	root	_	_
the	_	_	_	_	_	3	det	_	_
cushion	_	_	_	_	_	1	obj	_	_
down	_	_	_	_	_	5	case	_	_
floor	_	_	_	_	_	1	obl:unmarked	_	_
.	_	_	_	_	_	1	punct	_	_","put	_	VERB	VB	_	_	0	root	_	_
the	_	DET	DT	_	_	5	det	_	_
cushion	_	NOUN	NN	_	_	5	compound	_	_
down	_	ADP	RP	_	_	1	compound:prt	_	_
floor	_	NOUN	NN	_	_	1	obj	_	_
.	_	PUNCT	.	_	_	1	punct	_	_"
oh like a kiss .,"oh	_	_	_	_	_	4	discourse	_	_
like	_	_	_	_	_	4	case	_	_
a	_	_	_	_	_	4	det	_	_
kiss	_	_	_	_	_	0	root	_	_
.	_	_	_	_	_	4	punct	_	_","oh	_	_	_	_	_	4	discourse	_	_
like	_	_	_	_	_	4	discourse	_	_
a	_	_	_	_	_	4	det	_	_
kiss	_	_	_	_	_	0	root	_	_
.	_	_	_	_	_	4	punct	_	_","oh	_	INTJ	UH	_	_	4	discourse	_	_
like	_	INTJ	UH	_	_	4	discourse	_	_
a	_	DET	DT	_	_	4	det	_	_
kiss	_	NOUN	NN	_	_	0	root	_	_
.	_	PUNCT	.	_	_	4	punct	_	_"
I no like doggypoos .,"I	_	_	_	_	_	3	nsubj	_	_
no	_	_	_	_	_	3	advmod	_	_
like	_	_	_	_	_	0	root	_	_
doggypoos	_	_	_	_	_	3	obj	_	_
.	_	_	_	_	_	3	punct	_	_","I	_	_	_	_	_	3	nsubj	_	_
no	_	_	_	_	_	3	advmod	_	_
like	_	_	_	_	_	0	root	_	_
doggypoos	_	_	_	_	_	3	obj	_	_
.	_	_	_	_	_	3	punct	_	_","I	_	PRON	PRP	_	_	4	nsubj	_	_
no	_	INTJ	UH	_	_	4	discourse	_	_
like	_	INTJ	UH	_	_	4	discourse	_	_
doggypoos	_	NOUN	NNS	_	_	0	root	_	_
.	_	PUNCT	.	_	_	4	punct	_	_"
getting on fine .,"getting	_	_	_	_	_	0	root	_	_
on	_	_	_	_	_	1	compound:prt	_	_
fine	_	_	_	_	_	1	advmod	_	_
.	_	_	_	_	_	1	punct	_	_","getting	_	_	_	_	_	0	root	_	_
on	_	_	_	_	_	1	compound:prt	_	_
fine	_	_	_	_	_	1	advmod	_	_
.	_	_	_	_	_	1	punct	_	_","getting	_	VERB	VBG	_	_	0	root	_	_
on	_	ADP	IN	_	_	1	compound:prt	_	_
fine	_	ADJ	JJ	_	_	1	obl	_	_
.	_	PUNCT	.	_	_	1	punct	_	_"
what has happened the fridge ?,"what	_	_	_	_	_	3	nsubj	_	_
has	_	_	_	_	_	3	aux	_	_
happened	_	_	_	_	_	0	root	_	_
the	_	_	_	_	_	5	det	_	_
fridge	_	_	_	_	_	3	parataxis	_	_
?	_	_	_	_	_	3	punct	_	_","what	_	_	_	_	_	3	nsubj	_	_
has	_	_	_	_	_	3	aux	_	_
happened	_	_	_	_	_	0	root	_	_
the	_	_	_	_	_	5	det	_	_
fridge	_	_	_	_	_	3	obl	_	_
?	_	_	_	_	_	3	punct	_	_","what	_	PRON	WP	_	_	3	nsubj	_	_
has	_	AUX	VBZ	_	_	3	aux	_	_
happened	_	VERB	VBN	_	_	0	root	_	_
the	_	DET	DT	_	_	5	det	_	_
fridge	_	NOUN	NN	_	_	3	obj	_	_
?	_	PUNCT	.	_	_	3	punct	_	_"
what's happening the freezer ?,"what's	_	_	_	_	_	2	aux	_	_
happening	_	_	_	_	_	0	root	_	_
the	_	_	_	_	_	4	det	_	_
freezer	_	_	_	_	_	2	parataxis	_	_
?	_	_	_	_	_	2	punct	_	_","what's	_	_	_	_	_	2	nsubj	_	_
happening	_	_	_	_	_	0	root	_	_
the	_	_	_	_	_	4	det	_	_
freezer	_	_	_	_	_	2	obl	_	_
?	_	_	_	_	_	2	punct	_	_","what	_	PRON	WP	_	_	3	nsubj	_	_
's	_	AUX	VBZ	_	_	3	aux	_	_
happening	_	VERB	VBG	_	_	0	root	_	_
the	_	DET	DT	_	_	5	det	_	_
freezer	_	NOUN	NN	_	_	3	obj	_	_
?	_	PUNCT	.	_	_	3	punct	_	_"
I'm not open anything .,"I'm	_	_	_	_	_	3	aux	_	_
not	_	_	_	_	_	3	advmod	_	_
open	_	_	_	_	_	0	root	_	_
anything	_	_	_	_	_	3	obj	_	_
.	_	_	_	_	_	3	punct	_	_","I'm	_	_	_	_	_	3	nsubj	_	_
not	_	_	_	_	_	3	advmod	_	_
open	_	_	_	_	_	0	root	_	_
anything	_	_	_	_	_	3	obj	_	_
.	_	_	_	_	_	3	punct	_	_","I	_	PRON	PRP	_	_	4	nsubj	_	_
'm	_	AUX	VBP	_	_	4	aux	_	_
not	_	PART	RB	_	_	4	advmod	_	_
open	_	VERB	VB	_	_	0	root	_	_
anything	_	PRON	NN	_	_	4	obj	_	_
.	_	PUNCT	.	_	_	4	punct	_	_"
want smell strawberries .,"want	_	_	_	_	_	0	root	_	_
smell	_	_	_	_	_	1	xcomp	_	_
strawberries	_	_	_	_	_	2	obj	_	_
.	_	_	_	_	_	1	punct	_	_","want	_	_	_	_	_	0	root	_	_
smell	_	_	_	_	_	1	xcomp	_	_
strawberries	_	_	_	_	_	2	obj	_	_
.	_	_	_	_	_	1	punct	_	_","want	_	VERB	VB	_	_	0	root	_	_
smell	_	NOUN	NN	_	_	3	compound	_	_
strawberries	_	NOUN	NNS	_	_	1	obj	_	_
.	_	PUNCT	.	_	_	1	punct	_	_"
um Teletubbies not say bye bye .,"um	_	_	_	_	_	4	discourse	_	_
Teletubbies	_	_	_	_	_	4	nsubj	_	_
not	_	_	_	_	_	4	advmod	_	_
say	_	_	_	_	_	0	root	_	_
bye	_	_	_	_	_	4	obj	_	_
bye	_	_	_	_	_	5	compound	_	_
.	_	_	_	_	_	4	punct	_	_","um	_	_	_	_	_	4	discourse	_	_
Teletubbies	_	_	_	_	_	4	nsubj	_	_
not	_	_	_	_	_	4	advmod	_	_
say	_	_	_	_	_	0	root	_	_
bye	_	_	_	_	_	4	obj	_	_
bye	_	_	_	_	_	5	flat	_	_
.	_	_	_	_	_	4	punct	_	_","um	_	INTJ	UH	_	_	4	discourse	_	_
Teletubbies	_	PROPN	NNPS	_	_	4	nsubj	_	_
not	_	PART	RB	_	_	4	advmod	_	_
say	_	VERB	VB	_	_	0	root	_	_
bye	_	INTJ	UH	_	_	6	discourse	_	_
bye	_	NOUN	NN	_	_	4	obj	_	_
.	_	PUNCT	.	_	_	4	punct	_	_"
Daddy is this a antique cup ?,"Daddy	_	_	_	_	_	6	vocative	_	_
is	_	_	_	_	_	6	cop	_	_
this	_	_	_	_	_	6	nsubj	_	_
a	_	_	_	_	_	6	det	_	_
antique	_	_	_	_	_	6	amod	_	_
cup	_	_	_	_	_	0	root	_	_
?	_	_	_	_	_	6	punct	_	_","Daddy	_	_	_	_	_	6	vocative	_	_
is	_	_	_	_	_	6	cop	_	_
this	_	_	_	_	_	6	nsubj	_	_
a	_	_	_	_	_	6	det	_	_
antique	_	_	_	_	_	6	amod	_	_
cup	_	_	_	_	_	0	root	_	_
?	_	_	_	_	_	6	punct	_	_","Daddy	_	PROPN	NNP	_	_	6	nsubj	_	_
is	_	AUX	VBZ	_	_	6	cop	_	_
this	_	PRON	DT	_	_	6	nsubj	_	_
a	_	DET	DT	_	_	6	det	_	_
antique	_	ADJ	JJ	_	_	6	amod	_	_
cup	_	NOUN	NN	_	_	0	root	_	_
?	_	PUNCT	.	_	_	6	punct	_	_"
antique this ?,"antique	_	_	_	_	_	0	root	_	_
this	_	_	_	_	_	1	nsubj	_	_
?	_	_	_	_	_	1	punct	_	_","antique	_	_	_	_	_	2	amod	_	_
this	_	_	_	_	_	0	root	_	_
?	_	_	_	_	_	2	punct	_	_","antique	_	VERB	VB	_	_	0	root	_	_
this	_	PRON	DT	_	_	1	obj	_	_
?	_	PUNCT	.	_	_	1	punct	_	_"
mine me is my thing .,"mine	_	_	_	_	_	2	reparandum	_	_
me	_	_	_	_	_	5	nsubj	_	_
is	_	_	_	_	_	5	cop	_	_
my	_	_	_	_	_	5	nmod:poss	_	_
thing	_	_	_	_	_	0	root	_	_
.	_	_	_	_	_	5	punct	_	_","mine	_	_	_	_	_	5	nsubj	_	_
me	_	_	_	_	_	1	nmod:unmarked	_	_
is	_	_	_	_	_	5	cop	_	_
my	_	_	_	_	_	5	nmod:poss	_	_
thing	_	_	_	_	_	0	root	_	_
.	_	_	_	_	_	5	punct	_	_","mine	_	PRON	PRP	_	_	5	nsubj	_	_
me	_	PRON	PRP	_	_	5	nsubj	_	_
is	_	AUX	VBZ	_	_	5	cop	_	_
my	_	PRON	PRP$	_	_	5	nmod:poss	_	_
thing	_	NOUN	NN	_	_	0	root	_	_
.	_	PUNCT	.	_	_	5	punct	_	_"
white white truck .,"white	_	_	_	_	_	2	reparandum	_	_
white	_	_	_	_	_	3	amod	_	_
truck	_	_	_	_	_	0	root	_	_
.	_	_	_	_	_	3	punct	_	_","white	_	_	_	_	_	3	amod	_	_
white	_	_	_	_	_	3	amod	_	_
truck	_	_	_	_	_	0	root	_	_
.	_	_	_	_	_	3	punct	_	_","white	_	ADJ	JJ	_	_	3	amod	_	_
white	_	ADJ	JJ	_	_	3	amod	_	_
truck	_	NOUN	NN	_	_	0	root	_	_
.	_	PUNCT	.	_	_	3	punct	_	_"
Nin Nin chair .,"Nin	_	_	_	_	_	2	reparandum	_	_
Nin	_	_	_	_	_	3	nummod	_	_
chair	_	_	_	_	_	0	root	_	_
.	_	_	_	_	_	3	punct	_	_","Nin	_	_	_	_	_	3	compound	_	_
Nin	_	_	_	_	_	3	compound	_	_
chair	_	_	_	_	_	0	root	_	_
.	_	_	_	_	_	3	punct	_	_","Nin	_	PROPN	NNP	_	_	0	root	_	_
Nin	_	PROPN	NNP	_	_	1	flat	_	_
chair	_	NOUN	NN	_	_	1	flat	_	_
.	_	PUNCT	.	_	_	1	punct	_	_"
Nin Nin chair .,"Nin	_	_	_	_	_	2	reparandum	_	_
Nin	_	_	_	_	_	3	nummod	_	_
chair	_	_	_	_	_	0	root	_	_
.	_	_	_	_	_	3	punct	_	_","Nin	_	_	_	_	_	3	compound	_	_
Nin	_	_	_	_	_	3	compound	_	_
chair	_	_	_	_	_	0	root	_	_
.	_	_	_	_	_	3	punct	_	_","Nin	_	PROPN	NNP	_	_	0	root	_	_
Nin	_	PROPN	NNP	_	_	1	flat	_	_
chair	_	NOUN	NN	_	_	1	flat	_	_
.	_	PUNCT	.	_	_	1	punct	_	_"
Nin Nin chair .,"Nin	_	_	_	_	_	2	reparandum	_	_
Nin	_	_	_	_	_	3	nummod	_	_
chair	_	_	_	_	_	0	root	_	_
.	_	_	_	_	_	3	punct	_	_","Nin	_	_	_	_	_	3	compound	_	_
Nin	_	_	_	_	_	3	compound	_	_
chair	_	_	_	_	_	0	root	_	_
.	_	_	_	_	_	3	punct	_	_","Nin	_	PROPN	NNP	_	_	0	root	_	_
Nin	_	PROPN	NNP	_	_	1	flat	_	_
chair	_	NOUN	NN	_	_	1	flat	_	_
.	_	PUNCT	.	_	_	1	punct	_	_"
Nin Nin chair .,"Nin	_	_	_	_	_	2	reparandum	_	_
Nin	_	_	_	_	_	3	nummod	_	_
chair	_	_	_	_	_	0	root	_	_
.	_	_	_	_	_	3	punct	_	_","Nin	_	_	_	_	_	3	compound	_	_
Nin	_	_	_	_	_	3	compound	_	_
chair	_	_	_	_	_	0	root	_	_
.	_	_	_	_	_	3	punct	_	_","Nin	_	PROPN	NNP	_	_	0	root	_	_
Nin	_	PROPN	NNP	_	_	1	flat	_	_
chair	_	NOUN	NN	_	_	1	flat	_	_
.	_	PUNCT	.	_	_	1	punct	_	_"
Nin Nin chair .,"Nin	_	_	_	_	_	2	reparandum	_	_
Nin	_	_	_	_	_	3	nummod	_	_
chair	_	_	_	_	_	0	root	_	_
.	_	_	_	_	_	3	punct	_	_","Nin	_	_	_	_	_	3	compound	_	_
Nin	_	_	_	_	_	3	compound	_	_
chair	_	_	_	_	_	0	root	_	_
.	_	_	_	_	_	3	punct	_	_","Nin	_	PROPN	NNP	_	_	0	root	_	_
Nin	_	PROPN	NNP	_	_	1	flat	_	_
chair	_	NOUN	NN	_	_	1	flat	_	_
.	_	PUNCT	.	_	_	1	punct	_	_"
Nin Nin chair .,"Nin	_	_	_	_	_	2	reparandum	_	_
Nin	_	_	_	_	_	3	nummod	_	_
chair	_	_	_	_	_	0	root	_	_
.	_	_	_	_	_	3	punct	_	_","Nin	_	_	_	_	_	3	compound	_	_
Nin	_	_	_	_	_	3	compound	_	_
chair	_	_	_	_	_	0	root	_	_
.	_	_	_	_	_	3	punct	_	_","Nin	_	PROPN	NNP	_	_	0	root	_	_
Nin	_	PROPN	NNP	_	_	1	flat	_	_
chair	_	NOUN	NN	_	_	1	flat	_	_
.	_	PUNCT	.	_	_	1	punct	_	_"
scissors all done .,"scissors	_	_	_	_	_	3	nsubj	_	_
all	_	_	_	_	_	3	advmod	_	_
done	_	_	_	_	_	0	root	_	_
.	_	_	_	_	_	3	punct	_	_","scissors	_	_	_	_	_	3	nsubj	_	_
all	_	_	_	_	_	3	advmod	_	_
done	_	_	_	_	_	0	root	_	_
.	_	_	_	_	_	3	punct	_	_","scissors	_	NOUN	NNS	_	_	3	nsubj	_	_
all	_	DET	DT	_	_	1	det	_	_
done	_	VERB	VBN	_	_	0	root	_	_
.	_	PUNCT	.	_	_	3	punct	_	_"
Nin Nin chair .,"Nin	_	_	_	_	_	2	reparandum	_	_
Nin	_	_	_	_	_	3	nummod	_	_
chair	_	_	_	_	_	0	root	_	_
.	_	_	_	_	_	3	punct	_	_","Nin	_	_	_	_	_	3	compound	_	_
Nin	_	_	_	_	_	3	compound	_	_
chair	_	_	_	_	_	0	root	_	_
.	_	_	_	_	_	3	punct	_	_","Nin	_	PROPN	NNP	_	_	0	root	_	_
Nin	_	PROPN	NNP	_	_	1	flat	_	_
chair	_	NOUN	NN	_	_	1	flat	_	_
.	_	PUNCT	.	_	_	1	punct	_	_"
Nin Nin chair .,"Nin	_	_	_	_	_	2	reparandum	_	_
Nin	_	_	_	_	_	3	nummod	_	_
chair	_	_	_	_	_	0	root	_	_
.	_	_	_	_	_	3	punct	_	_","Nin	_	_	_	_	_	3	compound	_	_
Nin	_	_	_	_	_	3	compound	_	_
chair	_	_	_	_	_	0	root	_	_
.	_	_	_	_	_	3	punct	_	_","Nin	_	PROPN	NNP	_	_	0	root	_	_
Nin	_	PROPN	NNP	_	_	1	flat	_	_
chair	_	NOUN	NN	_	_	1	flat	_	_
.	_	PUNCT	.	_	_	1	punct	_	_"
sit Nin Nin's knee now .,"sit	_	_	_	_	_	0	root	_	_
Nin	_	_	_	_	_	4	nmod:poss	_	_
Nin's	_	_	_	_	_	4	nmod:poss	_	_
knee	_	_	_	_	_	1	obl	_	_
now	_	_	_	_	_	1	advmod	_	_
.	_	_	_	_	_	1	punct	_	_","sit	_	_	_	_	_	0	root	_	_
Nin	_	_	_	_	_	4	nmod:poss	_	_
Nin's	_	_	_	_	_	2	flat	_	_
knee	_	_	_	_	_	1	obj	_	_
now	_	_	_	_	_	1	advmod	_	_
.	_	_	_	_	_	1	punct	_	_","sit	_	VERB	VB	_	_	0	root	_	_
Nin	_	PROPN	NNP	_	_	5	nmod:poss	_	_
Nin	_	PROPN	NNP	_	_	2	flat	_	_
's	_	PART	POS	_	_	2	case	_	_
knee	_	NOUN	NN	_	_	1	obj	_	_
now	_	ADV	RB	_	_	1	advmod	_	_
.	_	PUNCT	.	_	_	1	punct	_	_"
in case one used up .,"in	_	_	_	_	_	4	mark	_	_
case	_	_	_	_	_	4	mark	_	_
one	_	_	_	_	_	4	nsubj	_	_
used	_	_	_	_	_	0	root	_	_
up	_	_	_	_	_	4	compound:prt	_	_
.	_	_	_	_	_	4	punct	_	_","in	_	_	_	_	_	4	mark	_	_
case	_	_	_	_	_	1	fixed	_	_
one	_	_	_	_	_	4	nsubj	_	_
used	_	_	_	_	_	0	root	_	_
up	_	_	_	_	_	4	compound:prt	_	_
.	_	_	_	_	_	4	punct	_	_","in	_	ADP	IN	_	_	4	advmod	_	_
case	_	NOUN	NN	_	_	1	fixed	_	_
one	_	NUM	CD	_	_	4	nsubj	_	_
used	_	VERB	VBD	_	_	0	root	_	_
up	_	ADP	RP	_	_	4	compound:prt	_	_
.	_	PUNCT	.	_	_	4	punct	_	_"
in case another one used up we got another one .,"in	_	_	_	_	_	5	mark	_	_
case	_	_	_	_	_	5	mark	_	_
another	_	_	_	_	_	4	det	_	_
one	_	_	_	_	_	5	nsubj	_	_
used	_	_	_	_	_	8	advcl	_	_
up	_	_	_	_	_	5	compound:prt	_	_
we	_	_	_	_	_	8	nsubj	_	_
got	_	_	_	_	_	0	root	_	_
another	_	_	_	_	_	10	det	_	_
one	_	_	_	_	_	8	obj	_	_
.	_	_	_	_	_	8	punct	_	_","in	_	_	_	_	_	5	mark	_	_
case	_	_	_	_	_	5	obl	_	_
another	_	_	_	_	_	4	det	_	_
one	_	_	_	_	_	5	nsubj	_	_
used	_	_	_	_	_	8	advcl	_	_
up	_	_	_	_	_	5	compound:prt	_	_
we	_	_	_	_	_	8	nsubj	_	_
got	_	_	_	_	_	0	root	_	_
another	_	_	_	_	_	10	det	_	_
one	_	_	_	_	_	8	obj	_	_
.	_	_	_	_	_	8	punct	_	_","in	_	ADP	IN	_	_	5	mark	_	_
case	_	NOUN	NN	_	_	1	fixed	_	_
another	_	DET	DT	_	_	4	det	_	_
one	_	NOUN	NN	_	_	5	nsubj	_	_
used	_	VERB	VBD	_	_	8	advcl	_	_
up	_	ADP	RP	_	_	5	compound:prt	_	_
we	_	PRON	PRP	_	_	8	nsubj	_	_
got	_	VERB	VBD	_	_	0	root	_	_
another	_	DET	DT	_	_	10	det	_	_
one	_	NOUN	NN	_	_	8	obj	_	_
.	_	PUNCT	.	_	_	8	punct	_	_"
I smell waiting toast and food .,"I	_	_	_	_	_	2	nsubj	_	_
smell	_	_	_	_	_	0	root	_	_
waiting	_	_	_	_	_	4	amod	_	_
toast	_	_	_	_	_	2	obj	_	_
and	_	_	_	_	_	6	cc	_	_
food	_	_	_	_	_	4	conj	_	_
.	_	_	_	_	_	2	punct	_	_","I	_	_	_	_	_	2	nsubj	_	_
smell	_	_	_	_	_	0	root	_	_
waiting	_	_	_	_	_	4	amod	_	_
toast	_	_	_	_	_	2	obj	_	_
and	_	_	_	_	_	6	cc	_	_
food	_	_	_	_	_	4	conj	_	_
.	_	_	_	_	_	2	punct	_	_","I	_	PRON	PRP	_	_	2	nsubj	_	_
smell	_	VERB	VBP	_	_	0	root	_	_
waiting	_	VERB	VBG	_	_	2	xcomp	_	_
toast	_	NOUN	NN	_	_	3	obj	_	_
and	_	CCONJ	CC	_	_	6	cc	_	_
food	_	NOUN	NN	_	_	4	conj	_	_
.	_	PUNCT	.	_	_	2	punct	_	_"
I got new milk for us when when when that milk used up .,"I	_	_	_	_	_	2	nsubj	_	_
got	_	_	_	_	_	0	root	_	_
new	_	_	_	_	_	4	amod	_	_
milk	_	_	_	_	_	2	obj	_	_
for	_	_	_	_	_	6	case	_	_
us	_	_	_	_	_	2	obl	_	_
when	_	_	_	_	_	9	reparandum	_	_
when	_	_	_	_	_	9	reparandum	_	_
when	_	_	_	_	_	12	mark	_	_
that	_	_	_	_	_	11	det	_	_
milk	_	_	_	_	_	12	nsubj	_	_
used	_	_	_	_	_	2	advcl	_	_
up	_	_	_	_	_	12	compound:prt	_	_
.	_	_	_	_	_	2	punct	_	_","I	_	_	_	_	_	2	nsubj	_	_
got	_	_	_	_	_	0	root	_	_
new	_	_	_	_	_	4	amod	_	_
milk	_	_	_	_	_	2	obj	_	_
for	_	_	_	_	_	6	case	_	_
us	_	_	_	_	_	2	obl	_	_
when	_	_	_	_	_	12	advmod	_	_
when	_	_	_	_	_	12	advmod	_	_
when	_	_	_	_	_	12	advmod	_	_
that	_	_	_	_	_	11	det	_	_
milk	_	_	_	_	_	12	nsubj	_	_
used	_	_	_	_	_	2	advcl	_	_
up	_	_	_	_	_	12	compound:prt	_	_
.	_	_	_	_	_	2	punct	_	_","I	_	PRON	PRP	_	_	2	nsubj	_	_
got	_	VERB	VBD	_	_	0	root	_	_
new	_	ADJ	JJ	_	_	4	amod	_	_
milk	_	NOUN	NN	_	_	2	obj	_	_
for	_	ADP	IN	_	_	6	case	_	_
us	_	PRON	PRP	_	_	2	obl	_	_
when	_	ADV	WRB	_	_	12	advmod	_	_
when	_	ADV	WRB	_	_	12	advmod	_	_
when	_	ADV	WRB	_	_	12	advmod	_	_
that	_	DET	DT	_	_	11	det	_	_
milk	_	NOUN	NN	_	_	12	nsubj	_	_
used	_	VERB	VBD	_	_	2	advcl	_	_
up	_	ADP	RP	_	_	12	compound:prt	_	_
.	_	PUNCT	.	_	_	2	punct	_	_"
"where's my one baby , Mama ?","where's	_	_	_	_	_	0	root	_	_
my	_	_	_	_	_	4	nmod:poss	_	_
one	_	_	_	_	_	4	nummod	_	_
baby	_	_	_	_	_	1	nsubj	_	_
,	_	_	_	_	_	1	punct	_	_
Mama	_	_	_	_	_	1	vocative	_	_
?	_	_	_	_	_	1	punct	_	_","where's	_	_	_	_	_	0	root	_	_
my	_	_	_	_	_	4	nmod:poss	_	_
one	_	_	_	_	_	4	nummod	_	_
baby	_	_	_	_	_	1	nsubj	_	_
,	_	_	_	_	_	6	punct	_	_
Mama	_	_	_	_	_	1	vocative	_	_
?	_	_	_	_	_	1	punct	_	_","where	_	ADV	WRB	_	_	0	root	_	_
's	_	AUX	VBZ	_	_	1	cop	_	_
my	_	PRON	PRP$	_	_	5	nmod:poss	_	_
one	_	NUM	CD	_	_	5	nummod	_	_
baby	_	NOUN	NN	_	_	1	nsubj	_	_
,	_	PUNCT	,	_	_	7	punct	_	_
Mama	_	NOUN	NN	_	_	5	vocative	_	_
?	_	PUNCT	.	_	_	1	punct	_	_"
um Daddy telephone .,"um	_	_	_	_	_	3	discourse	_	_
Daddy	_	_	_	_	_	3	nmod:poss	_	_
telephone	_	_	_	_	_	0	root	_	_
.	_	_	_	_	_	3	punct	_	_","um	_	_	_	_	_	3	discourse	_	_
Daddy	_	_	_	_	_	3	compound	_	_
telephone	_	_	_	_	_	0	root	_	_
.	_	_	_	_	_	3	punct	_	_","um	_	INTJ	UH	_	_	3	discourse	_	_
Daddy	_	PROPN	NNP	_	_	3	compound	_	_
telephone	_	NOUN	NN	_	_	0	root	_	_
.	_	PUNCT	.	_	_	3	punct	_	_"
Mummy up .,"Mummy	_	_	_	_	_	2	nsubj	_	_
up	_	_	_	_	_	0	root	_	_
.	_	_	_	_	_	2	punct	_	_","Mummy	_	_	_	_	_	2	nsubj	_	_
up	_	_	_	_	_	0	root	_	_
.	_	_	_	_	_	2	punct	_	_","Mummy	_	NOUN	NN	_	_	0	root	_	_
up	_	ADP	RP	_	_	1	advmod	_	_
.	_	PUNCT	.	_	_	1	punct	_	_"
crane crane .,"crane	_	_	_	_	_	0	root	_	_
crane	_	_	_	_	_	1	conj	_	_
.	_	_	_	_	_	1	punct	_	_","crane	_	_	_	_	_	2	compound	_	_
crane	_	_	_	_	_	0	root	_	_
.	_	_	_	_	_	2	punct	_	_","crane	_	NOUN	NN	_	_	2	compound	_	_
crane	_	NOUN	NN	_	_	0	root	_	_
.	_	PUNCT	.	_	_	2	punct	_	_"
"blue car , blue one .","blue	_	_	_	_	_	2	amod	_	_
car	_	_	_	_	_	0	root	_	_
,	_	_	_	_	_	5	cc	_	_
blue	_	_	_	_	_	5	amod	_	_
one	_	_	_	_	_	2	conj	_	_
.	_	_	_	_	_	2	punct	_	_","blue	_	_	_	_	_	2	amod	_	_
car	_	_	_	_	_	0	root	_	_
,	_	_	_	_	_	5	punct	_	_
blue	_	_	_	_	_	5	amod	_	_
one	_	_	_	_	_	2	conj	_	_
.	_	_	_	_	_	2	punct	_	_","blue	_	ADJ	JJ	_	_	2	amod	_	_
car	_	NOUN	NN	_	_	0	root	_	_
,	_	PUNCT	,	_	_	5	punct	_	_
blue	_	ADJ	JJ	_	_	5	amod	_	_
one	_	NOUN	NN	_	_	2	conj	_	_
.	_	PUNCT	.	_	_	2	punct	_	_"
that's too !,"that's	_	_	_	_	_	0	root	_	_
too	_	_	_	_	_	1	advmod	_	_
!	_	_	_	_	_	1	punct	_	_","that's	_	_	_	_	_	2	nsubj	_	_
too	_	_	_	_	_	0	root	_	_
!	_	_	_	_	_	2	punct	_	_","that	_	PRON	DT	_	_	2	nsubj	_	_
's	_	AUX	VBZ	_	_	3	cop	_	_
too	_	ADV	RB	_	_	0	root	_	_
!	_	PUNCT	.	_	_	3	punct	_	_"
I lying on .,"I	_	_	_	_	_	2	nsubj	_	_
lying	_	_	_	_	_	0	root	_	_
on	_	_	_	_	_	2	obl	_	_
.	_	_	_	_	_	2	punct	_	_","I	_	_	_	_	_	2	nsubj	_	_
lying	_	_	_	_	_	0	root	_	_
on	_	_	_	_	_	2	compound:prt	_	_
.	_	_	_	_	_	2	punct	_	_","I	_	PRON	PRP	_	_	2	nsubj	_	_
lying	_	VERB	VBG	_	_	0	root	_	_
on	_	ADP	RP	_	_	2	compound:prt	_	_
.	_	PUNCT	.	_	_	2	punct	_	_"
got got two engines .,"got	_	_	_	_	_	2	reparandum	_	_
got	_	_	_	_	_	0	root	_	_
two	_	_	_	_	_	4	nummod	_	_
engines	_	_	_	_	_	2	obj	_	_
.	_	_	_	_	_	2	punct	_	_","got	_	_	_	_	_	2	reparandum	_	_
got	_	_	_	_	_	0	root	_	_
two	_	_	_	_	_	4	nummod	_	_
engines	_	_	_	_	_	2	obj	_	_
.	_	_	_	_	_	2	punct	_	_","got	_	AUX	VBD	_	_	2	aux	_	_
got	_	VERB	VBN	_	_	0	root	_	_
two	_	NUM	CD	_	_	4	nummod	_	_
engines	_	NOUN	NNS	_	_	2	obj	_	_
.	_	PUNCT	.	_	_	2	punct	_	_"
James putting the animals .,"James	_	_	_	_	_	2	nsubj	_	_
putting	_	_	_	_	_	0	root	_	_
the	_	_	_	_	_	4	det	_	_
animals	_	_	_	_	_	2	obj	_	_
.	_	_	_	_	_	2	punct	_	_","James	_	_	_	_	_	0	root	_	_
putting	_	_	_	_	_	1	parataxis	_	_
the	_	_	_	_	_	4	det	_	_
animals	_	_	_	_	_	2	obj	_	_
.	_	_	_	_	_	1	punct	_	_","James	_	PROPN	NNP	_	_	2	nsubj	_	_
putting	_	VERB	VBG	_	_	0	root	_	_
the	_	DET	DT	_	_	4	det	_	_
animals	_	NOUN	NNS	_	_	2	obj	_	_
.	_	PUNCT	.	_	_	2	punct	_	_"
Thomas very cross .,"Thomas	_	_	_	_	_	3	nsubj	_	_
very	_	_	_	_	_	3	advmod	_	_
cross	_	_	_	_	_	0	root	_	_
.	_	_	_	_	_	3	punct	_	_","Thomas	_	_	_	_	_	0	root	_	_
very	_	_	_	_	_	3	advmod	_	_
cross	_	_	_	_	_	1	parataxis	_	_
.	_	_	_	_	_	3	punct	_	_","Thomas	_	PROPN	NNP	_	_	3	nsubj	_	_
very	_	ADV	RB	_	_	3	advmod	_	_
cross	_	NOUN	NN	_	_	0	root	_	_
.	_	PUNCT	.	_	_	3	punct	_	_"
fat controller waking up two two ears .,"fat	_	_	_	_	_	2	amod	_	_
controller	_	_	_	_	_	3	nsubj	_	_
waking	_	_	_	_	_	0	root	_	_
up	_	_	_	_	_	3	compound:prt	_	_
two	_	_	_	_	_	6	reparandum	_	_
two	_	_	_	_	_	7	nummod	_	_
ears	_	_	_	_	_	3	obj	_	_
.	_	_	_	_	_	3	punct	_	_","fat	_	_	_	_	_	2	amod	_	_
controller	_	_	_	_	_	3	nsubj	_	_
waking	_	_	_	_	_	0	root	_	_
up	_	_	_	_	_	3	compound:prt	_	_
two	_	_	_	_	_	7	nummod	_	_
two	_	_	_	_	_	7	nummod	_	_
ears	_	_	_	_	_	3	obj	_	_
.	_	_	_	_	_	3	punct	_	_","fat	_	ADJ	JJ	_	_	2	amod	_	_
controller	_	NOUN	NN	_	_	0	root	_	_
waking	_	VERB	VBG	_	_	2	acl	_	_
up	_	ADP	RP	_	_	3	compound:prt	_	_
two	_	NUM	CD	_	_	7	nummod	_	_
two	_	NUM	CD	_	_	7	nummod	_	_
ears	_	NOUN	NNS	_	_	3	obj	_	_
.	_	PUNCT	.	_	_	2	punct	_	_"
I not looking this now .,"I	_	_	_	_	_	3	nsubj	_	_
not	_	_	_	_	_	3	advmod	_	_
looking	_	_	_	_	_	0	root	_	_
this	_	_	_	_	_	3	obj	_	_
now	_	_	_	_	_	3	advmod	_	_
.	_	_	_	_	_	3	punct	_	_","I	_	_	_	_	_	3	nsubj	_	_
not	_	_	_	_	_	3	advmod	_	_
looking	_	_	_	_	_	0	root	_	_
this	_	_	_	_	_	3	xcomp	_	_
now	_	_	_	_	_	3	advmod	_	_
.	_	_	_	_	_	3	punct	_	_","I	_	PRON	PRP	_	_	3	nsubj	_	_
not	_	PART	RB	_	_	3	advmod	_	_
looking	_	VERB	VBG	_	_	0	root	_	_
this	_	PRON	DT	_	_	3	obj	_	_
now	_	ADV	RB	_	_	3	advmod	_	_
.	_	PUNCT	.	_	_	3	punct	_	_"
fire the fire engine the big football .,"fire	_	_	_	_	_	0	root	_	_
the	_	_	_	_	_	4	det	_	_
fire	_	_	_	_	_	4	compound	_	_
engine	_	_	_	_	_	1	obj	_	_
the	_	_	_	_	_	7	det	_	_
big	_	_	_	_	_	7	amod	_	_
football	_	_	_	_	_	1	parataxis	_	_
.	_	_	_	_	_	1	punct	_	_","fire	_	_	_	_	_	0	root	_	_
the	_	_	_	_	_	4	det	_	_
fire	_	_	_	_	_	4	compound	_	_
engine	_	_	_	_	_	1	iobj	_	_
the	_	_	_	_	_	7	det	_	_
big	_	_	_	_	_	7	amod	_	_
football	_	_	_	_	_	1	obj	_	_
.	_	_	_	_	_	1	punct	_	_","fire	_	VERB	VB	_	_	0	root	_	_
the	_	DET	DT	_	_	4	det	_	_
fire	_	NOUN	NN	_	_	4	compound	_	_
engine	_	NOUN	NN	_	_	1	obj	_	_
the	_	DET	DT	_	_	7	det	_	_
big	_	ADJ	JJ	_	_	7	amod	_	_
football	_	NOUN	NN	_	_	1	obj	_	_
.	_	PUNCT	.	_	_	1	punct	_	_"
firemen fire .,"firemen	_	_	_	_	_	0	root	_	_
fire	_	_	_	_	_	1	conj	_	_
.	_	_	_	_	_	1	punct	_	_","firemen	_	_	_	_	_	2	nsubj	_	_
fire	_	_	_	_	_	0	root	_	_
.	_	_	_	_	_	2	punct	_	_","firemen	_	NOUN	NNS	_	_	2	compound	_	_
fire	_	NOUN	NN	_	_	0	root	_	_
.	_	PUNCT	.	_	_	2	punct	_	_"
the fire not again cross .,"the	_	_	_	_	_	2	det	_	_
fire	_	_	_	_	_	5	nsubj	_	_
not	_	_	_	_	_	5	advmod	_	_
again	_	_	_	_	_	5	advmod	_	_
cross	_	_	_	_	_	0	root	_	_
.	_	_	_	_	_	5	punct	_	_","the	_	_	_	_	_	2	det	_	_
fire	_	_	_	_	_	5	nsubj	_	_
not	_	_	_	_	_	4	advmod	_	_
again	_	_	_	_	_	5	advmod	_	_
cross	_	_	_	_	_	0	root	_	_
.	_	_	_	_	_	5	punct	_	_","the	_	DET	DT	_	_	2	det	_	_
fire	_	NOUN	NN	_	_	5	nsubj	_	_
not	_	PART	RB	_	_	5	advmod	_	_
again	_	ADV	RB	_	_	5	advmod	_	_
cross	_	VERB	VB	_	_	0	root	_	_
.	_	PUNCT	.	_	_	5	punct	_	_"
uh Gordon get a fright .,"uh	_	_	_	_	_	3	discourse	_	_
Gordon	_	_	_	_	_	3	vocative	_	_
get	_	_	_	_	_	0	root	_	_
a	_	_	_	_	_	5	det	_	_
fright	_	_	_	_	_	3	obj	_	_
.	_	_	_	_	_	3	punct	_	_","uh	_	_	_	_	_	3	discourse	_	_
Gordon	_	_	_	_	_	3	vocative	_	_
get	_	_	_	_	_	0	root	_	_
a	_	_	_	_	_	5	det	_	_
fright	_	_	_	_	_	3	obj	_	_
.	_	_	_	_	_	3	punct	_	_","uh	_	INTJ	UH	_	_	3	discourse	_	_
Gordon	_	PROPN	NNP	_	_	3	nsubj	_	_
get	_	VERB	VBP	_	_	0	root	_	_
a	_	DET	DT	_	_	5	det	_	_
fright	_	NOUN	NN	_	_	3	obj	_	_
.	_	PUNCT	.	_	_	3	punct	_	_"
Gordon get frightened .,"Gordon	_	_	_	_	_	2	nsubj	_	_
get	_	_	_	_	_	0	root	_	_
frightened	_	_	_	_	_	2	xcomp	_	_
.	_	_	_	_	_	2	punct	_	_","Gordon	_	_	_	_	_	3	nsubj:pass	_	_
get	_	_	_	_	_	0	root	_	_
frightened	_	_	_	_	_	2	xcomp	_	_
.	_	_	_	_	_	3	punct	_	_","Gordon	_	PROPN	NNP	_	_	3	nsubj:pass	_	_
get	_	AUX	VBP	_	_	3	aux:pass	_	_
frightened	_	VERB	VBN	_	_	0	root	_	_
.	_	PUNCT	.	_	_	3	punct	_	_"
it's triangle .,"it's	_	_	_	_	_	2	nsubj	_	_
triangle	_	_	_	_	_	0	root	_	_
.	_	_	_	_	_	2	punct	_	_","it's	_	_	_	_	_	2	nsubj	_	_
triangle	_	_	_	_	_	0	root	_	_
.	_	_	_	_	_	2	punct	_	_","it	_	PRON	PRP	_	_	3	nsubj	_	_
's	_	AUX	VBZ	_	_	3	cop	_	_
triangle	_	NOUN	NN	_	_	0	root	_	_
.	_	PUNCT	.	_	_	3	punct	_	_"
lot lot lots of men in your side .,"lot	_	_	_	_	_	0	root	_	_
lot	_	_	_	_	_	3	conj	_	_
lots	_	_	_	_	_	1	conj	_	_
of	_	_	_	_	_	5	case	_	_
men	_	_	_	_	_	3	nmod	_	_
in	_	_	_	_	_	8	case	_	_
your	_	_	_	_	_	8	nmod:poss	_	_
side	_	_	_	_	_	5	nmod	_	_
.	_	_	_	_	_	3	punct	_	_","lot	_	_	_	_	_	3	reparandum	_	_
lot	_	_	_	_	_	3	compound	_	_
lots	_	_	_	_	_	0	root	_	_
of	_	_	_	_	_	5	case	_	_
men	_	_	_	_	_	3	nmod	_	_
in	_	_	_	_	_	8	case	_	_
your	_	_	_	_	_	8	nmod:poss	_	_
side	_	_	_	_	_	5	nmod	_	_
.	_	_	_	_	_	3	punct	_	_","lot	_	NOUN	NN	_	_	2	compound	_	_
lot	_	NOUN	NN	_	_	3	nmod:unmarked	_	_
lots	_	NOUN	NNS	_	_	0	root	_	_
of	_	ADP	IN	_	_	5	case	_	_
men	_	NOUN	NNS	_	_	3	nmod	_	_
in	_	ADP	IN	_	_	8	case	_	_
your	_	PRON	PRP$	_	_	8	nmod:poss	_	_
side	_	NOUN	NN	_	_	3	nmod	_	_
.	_	PUNCT	.	_	_	3	punct	_	_"
round a square .,"round	_	_	_	_	_	3	advmod	_	_
a	_	_	_	_	_	3	det	_	_
square	_	_	_	_	_	0	root	_	_
.	_	_	_	_	_	1	punct	_	_","round	_	_	_	_	_	3	case	_	_
a	_	_	_	_	_	3	det	_	_
square	_	_	_	_	_	0	root	_	_
.	_	_	_	_	_	3	punct	_	_","round	_	ADP	IN	_	_	3	case	_	_
a	_	DET	DT	_	_	3	det	_	_
square	_	NOUN	NN	_	_	0	root	_	_
.	_	PUNCT	.	_	_	3	punct	_	_"
I getting see something .,"I	_	_	_	_	_	2	nsubj	_	_
getting	_	_	_	_	_	0	root	_	_
see	_	_	_	_	_	2	xcomp	_	_
something	_	_	_	_	_	3	obj	_	_
.	_	_	_	_	_	2	punct	_	_","I	_	_	_	_	_	3	nsubj	_	_
getting	_	_	_	_	_	3	advmod	_	_
see	_	_	_	_	_	0	root	_	_
something	_	_	_	_	_	3	obj	_	_
.	_	_	_	_	_	3	punct	_	_","I	_	PRON	PRP	_	_	3	nsubj	_	_
getting	_	AUX	VBG	_	_	3	aux	_	_
see	_	VERB	VB	_	_	0	root	_	_
something	_	PRON	NN	_	_	3	obj	_	_
.	_	PUNCT	.	_	_	3	punct	_	_"
this box cornflakes in .,"this	_	_	_	_	_	2	det	_	_
box	_	_	_	_	_	0	root	_	_
cornflakes	_	_	_	_	_	2	parataxis	_	_
in	_	_	_	_	_	2	advmod	_	_
.	_	_	_	_	_	2	punct	_	_","this	_	_	_	_	_	2	det	_	_
box	_	_	_	_	_	0	root	_	_
cornflakes	_	_	_	_	_	2	appos	_	_
in	_	_	_	_	_	2	advmod	_	_
.	_	_	_	_	_	2	punct	_	_","this	_	DET	DT	_	_	3	det	_	_
box	_	NOUN	NN	_	_	3	compound	_	_
cornflakes	_	NOUN	NNS	_	_	0	root	_	_
in	_	ADP	RP	_	_	3	advmod	_	_
.	_	PUNCT	.	_	_	4	punct	_	_"
putting cornflakes in .,"putting	_	_	_	_	_	0	root	_	_
cornflakes	_	_	_	_	_	1	obj	_	_
in	_	_	_	_	_	1	advmod	_	_
.	_	_	_	_	_	1	punct	_	_","putting	_	_	_	_	_	0	root	_	_
cornflakes	_	_	_	_	_	1	obj	_	_
in	_	_	_	_	_	1	advmod	_	_
.	_	_	_	_	_	1	punct	_	_","putting	_	VERB	VBG	_	_	0	root	_	_
cornflakes	_	NOUN	NNS	_	_	1	obj	_	_
in	_	ADP	IN	_	_	1	compound:prt	_	_
.	_	PUNCT	.	_	_	1	punct	_	_"
lots lots in here .,"lots	_	_	_	_	_	0	root	_	_
lots	_	_	_	_	_	1	conj	_	_
in	_	_	_	_	_	4	case	_	_
here	_	_	_	_	_	1	nmod	_	_
.	_	_	_	_	_	1	punct	_	_","lots	_	_	_	_	_	0	root	_	_
lots	_	_	_	_	_	1	conj	_	_
in	_	_	_	_	_	4	case	_	_
here	_	_	_	_	_	2	nmod	_	_
.	_	_	_	_	_	1	punct	_	_","lots	_	NOUN	NNS	_	_	2	compound	_	_
lots	_	NOUN	NNS	_	_	0	root	_	_
in	_	ADP	IN	_	_	4	case	_	_
here	_	ADV	RB	_	_	2	nmod	_	_
.	_	PUNCT	.	_	_	2	punct	_	_"
and I not need the track on it .,"and	_	_	_	_	_	4	cc	_	_
I	_	_	_	_	_	4	nsubj	_	_
not	_	_	_	_	_	4	advmod	_	_
need	_	_	_	_	_	0	root	_	_
the	_	_	_	_	_	6	det	_	_
track	_	_	_	_	_	4	obj	_	_
on	_	_	_	_	_	8	case	_	_
it	_	_	_	_	_	6	nmod	_	_
.	_	_	_	_	_	4	punct	_	_","and	_	_	_	_	_	4	cc	_	_
I	_	_	_	_	_	4	nsubj	_	_
not	_	_	_	_	_	4	advmod	_	_
need	_	_	_	_	_	0	root	_	_
the	_	_	_	_	_	6	det	_	_
track	_	_	_	_	_	4	obj	_	_
on	_	_	_	_	_	8	case	_	_
it	_	_	_	_	_	4	obl	_	_
.	_	_	_	_	_	4	punct	_	_","and	_	CCONJ	CC	_	_	4	cc	_	_
I	_	PRON	PRP	_	_	4	nsubj	_	_
not	_	PART	RB	_	_	4	advmod	_	_
need	_	VERB	VBP	_	_	0	root	_	_
the	_	DET	DT	_	_	6	det	_	_
track	_	NOUN	NN	_	_	4	obj	_	_
on	_	ADP	IN	_	_	8	case	_	_
it	_	PRON	PRP	_	_	4	obl	_	_
.	_	PUNCT	.	_	_	4	punct	_	_"
Thomas not dropping off two passengers on .,"Thomas	_	_	_	_	_	3	nsubj	_	_
not	_	_	_	_	_	3	advmod	_	_
dropping	_	_	_	_	_	0	root	_	_
off	_	_	_	_	_	3	compound:prt	_	_
two	_	_	_	_	_	6	nummod	_	_
passengers	_	_	_	_	_	3	obj	_	_
on	_	_	_	_	_	3	advmod	_	_
.	_	_	_	_	_	3	punct	_	_","Thomas	_	_	_	_	_	3	nsubj	_	_
not	_	_	_	_	_	3	advmod	_	_
dropping	_	_	_	_	_	0	root	_	_
off	_	_	_	_	_	3	compound:prt	_	_
two	_	_	_	_	_	6	nummod	_	_
passengers	_	_	_	_	_	3	obj	_	_
on	_	_	_	_	_	3	obl	_	_
.	_	_	_	_	_	3	punct	_	_","Thomas	_	PROPN	NNP	_	_	3	nsubj	_	_
not	_	PART	RB	_	_	3	advmod	_	_
dropping	_	VERB	VBG	_	_	0	root	_	_
off	_	ADP	RP	_	_	3	compound:prt	_	_
two	_	NUM	CD	_	_	6	nummod	_	_
passengers	_	NOUN	NNS	_	_	3	obj	_	_
on	_	ADP	IN	_	_	3	advmod	_	_
.	_	PUNCT	.	_	_	3	punct	_	_"
oh it's not work .,"oh	_	_	_	_	_	4	discourse	_	_
it's	_	_	_	_	_	4	cop	_	_
not	_	_	_	_	_	4	advmod	_	_
work	_	_	_	_	_	0	root	_	_
.	_	_	_	_	_	4	punct	_	_","oh	_	_	_	_	_	4	discourse	_	_
it's	_	_	_	_	_	4	cop	_	_
not	_	_	_	_	_	4	advmod	_	_
work	_	_	_	_	_	0	root	_	_
.	_	_	_	_	_	4	punct	_	_","oh	_	INTJ	UH	_	_	5	discourse	_	_
it	_	PRON	PRP	_	_	5	nsubj	_	_
's	_	AUX	VBZ	_	_	5	cop	_	_
not	_	PART	RB	_	_	5	advmod	_	_
work	_	NOUN	NN	_	_	0	root	_	_
.	_	PUNCT	.	_	_	5	punct	_	_"
it's stopping Mummy's side .,"it's	_	_	_	_	_	2	nsubj	_	_
stopping	_	_	_	_	_	0	root	_	_
Mummy's	_	_	_	_	_	4	nmod:poss	_	_
side	_	_	_	_	_	2	obj	_	_
.	_	_	_	_	_	2	punct	_	_","it's	_	_	_	_	_	2	nsubj	_	_
stopping	_	_	_	_	_	0	root	_	_
Mummy's	_	_	_	_	_	4	nmod:poss	_	_
side	_	_	_	_	_	2	obj	_	_
.	_	_	_	_	_	2	punct	_	_","it	_	PRON	PRP	_	_	3	nsubj	_	_
's	_	AUX	VBZ	_	_	3	aux	_	_
stopping	_	VERB	VBG	_	_	0	root	_	_
Mummy	_	PROPN	NNP	_	_	6	nmod:poss	_	_
's	_	PART	POS	_	_	4	case	_	_
side	_	NOUN	NN	_	_	3	obj	_	_
.	_	PUNCT	.	_	_	3	punct	_	_"
driving off .,"driving	_	_	_	_	_	0	root	_	_
off	_	_	_	_	_	1	advmod	_	_
.	_	_	_	_	_	1	punct	_	_","driving	_	_	_	_	_	0	root	_	_
off	_	_	_	_	_	1	advmod	_	_
.	_	_	_	_	_	1	punct	_	_","driving	_	VERB	VBG	_	_	0	root	_	_
off	_	ADP	RP	_	_	1	compound:prt	_	_
.	_	PUNCT	.	_	_	1	punct	_	_"
that out .,"that	_	_	_	_	_	2	nsubj	_	_
out	_	_	_	_	_	0	root	_	_
.	_	_	_	_	_	2	punct	_	_","that	_	_	_	_	_	2	nsubj	_	_
out	_	_	_	_	_	0	root	_	_
.	_	_	_	_	_	1	punct	_	_","that	_	PRON	DT	_	_	2	nsubj	_	_
out	_	ADP	RP	_	_	0	root	_	_
.	_	PUNCT	.	_	_	2	punct	_	_"
when the mixers comes .,"when	_	_	_	_	_	4	mark	_	_
the	_	_	_	_	_	3	det	_	_
mixers	_	_	_	_	_	4	nsubj	_	_
comes	_	_	_	_	_	0	root	_	_
.	_	_	_	_	_	4	punct	_	_","when	_	_	_	_	_	0	root	_	_
the	_	_	_	_	_	3	det	_	_
mixers	_	_	_	_	_	4	nsubj	_	_
comes	_	_	_	_	_	1	advcl:relcl	_	_
.	_	_	_	_	_	4	punct	_	_","when	_	ADV	WRB	_	_	4	advmod	_	_
the	_	DET	DT	_	_	3	det	_	_
mixers	_	NOUN	NNS	_	_	4	nsubj	_	_
comes	_	VERB	VBZ	_	_	0	root	_	_
.	_	PUNCT	.	_	_	4	punct	_	_"
um um Mummy's .,"um	_	_	_	_	_	3	discourse	_	_
um	_	_	_	_	_	1	conj	_	_
Mummy's	_	_	_	_	_	0	root	_	_
.	_	_	_	_	_	3	punct	_	_","um	_	_	_	_	_	3	discourse	_	_
um	_	_	_	_	_	3	discourse	_	_
Mummy's	_	_	_	_	_	0	root	_	_
.	_	_	_	_	_	3	punct	_	_","um	_	INTJ	UH	_	_	3	discourse	_	_
um	_	INTJ	UH	_	_	3	discourse	_	_
Mummy	_	PROPN	NNP	_	_	0	root	_	_
's	_	PART	POS	_	_	3	case	_	_
.	_	PUNCT	.	_	_	3	punct	_	_"
Mummy's house mix mix mix .,"Mummy's	_	_	_	_	_	3	nmod:poss	_	_
house	_	_	_	_	_	3	compound	_	_
mix	_	_	_	_	_	0	root	_	_
mix	_	_	_	_	_	3	conj	_	_
mix	_	_	_	_	_	3	conj	_	_
.	_	_	_	_	_	3	punct	_	_","Mummy's	_	_	_	_	_	5	nmod:poss	_	_
house	_	_	_	_	_	3	compound	_	_
mix	_	_	_	_	_	5	compound	_	_
mix	_	_	_	_	_	5	compound	_	_
mix	_	_	_	_	_	0	root	_	_
.	_	_	_	_	_	5	punct	_	_","Mummy	_	PROPN	NNP	_	_	6	nmod:poss	_	_
's	_	PART	POS	_	_	1	case	_	_
house	_	NOUN	NN	_	_	4	compound	_	_
mix	_	NOUN	NN	_	_	6	compound	_	_
mix	_	NOUN	NN	_	_	6	compound	_	_
mix	_	NOUN	NN	_	_	0	root	_	_
.	_	PUNCT	.	_	_	6	punct	_	_"
the mixer round and round .,"the	_	_	_	_	_	2	det	_	_
mixer	_	_	_	_	_	3	nsubj	_	_
round	_	_	_	_	_	0	root	_	_
and	_	_	_	_	_	5	cc	_	_
round	_	_	_	_	_	3	conj	_	_
.	_	_	_	_	_	3	punct	_	_","the	_	_	_	_	_	2	det	_	_
mixer	_	_	_	_	_	3	nsubj	_	_
round	_	_	_	_	_	0	root	_	_
and	_	_	_	_	_	5	cc	_	_
round	_	_	_	_	_	3	conj	_	_
.	_	_	_	_	_	3	punct	_	_","the	_	DET	DT	_	_	2	det	_	_
mixer	_	NOUN	NN	_	_	0	root	_	_
round	_	ADV	RB	_	_	2	advmod	_	_
and	_	CCONJ	CC	_	_	5	cc	_	_
round	_	ADV	RB	_	_	3	conj	_	_
.	_	PUNCT	.	_	_	2	punct	_	_"
stop it hurt .,"stop	_	_	_	_	_	0	root	_	_
it	_	_	_	_	_	3	nsubj	_	_
hurt	_	_	_	_	_	1	parataxis	_	_
.	_	_	_	_	_	1	punct	_	_","stop	_	_	_	_	_	0	root	_	_
it	_	_	_	_	_	3	nsubj	_	_
hurt	_	_	_	_	_	1	parataxis	_	_
.	_	_	_	_	_	1	punct	_	_","stop	_	VERB	VB	_	_	0	root	_	_
it	_	PRON	PRP	_	_	1	obj	_	_
hurt	_	VERB	VBN	_	_	1	xcomp	_	_
.	_	PUNCT	.	_	_	1	punct	_	_"
what have you .,"what	_	_	_	_	_	2	obj	_	_
have	_	_	_	_	_	0	root	_	_
you	_	_	_	_	_	2	nsubj	_	_
.	_	_	_	_	_	2	punct	_	_","what	_	_	_	_	_	2	obj	_	_
have	_	_	_	_	_	0	root	_	_
you	_	_	_	_	_	2	nsubj	_	_
.	_	_	_	_	_	2	punct	_	_","what	_	PRON	WP	_	_	2	nsubj	_	_
have	_	AUX	VBP	_	_	0	root	_	_
you	_	PRON	PRP	_	_	2	nsubj	_	_
.	_	PUNCT	.	_	_	1	punct	_	_"
um apples pears .,"um	_	_	_	_	_	2	discourse	_	_
apples	_	_	_	_	_	0	root	_	_
pears	_	_	_	_	_	2	conj	_	_
.	_	_	_	_	_	2	punct	_	_","um	_	_	_	_	_	2	discourse	_	_
apples	_	_	_	_	_	0	root	_	_
pears	_	_	_	_	_	2	conj	_	_
.	_	_	_	_	_	2	punct	_	_","um	_	INTJ	UH	_	_	3	discourse	_	_
apples	_	NOUN	NNS	_	_	3	compound	_	_
pears	_	NOUN	NNS	_	_	0	root	_	_
.	_	PUNCT	.	_	_	3	punct	_	_"
leaves covered in .,"leaves	_	_	_	_	_	0	root	_	_
covered	_	_	_	_	_	1	acl	_	_
in	_	_	_	_	_	2	obl	_	_
.	_	_	_	_	_	1	punct	_	_","leaves	_	_	_	_	_	0	root	_	_
covered	_	_	_	_	_	1	acl	_	_
in	_	_	_	_	_	2	obl	_	_
.	_	_	_	_	_	1	punct	_	_","leaves	_	NOUN	NNS	_	_	0	root	_	_
covered	_	VERB	VBN	_	_	1	acl	_	_
in	_	ADP	RP	_	_	2	compound:prt	_	_
.	_	PUNCT	.	_	_	1	punct	_	_"
not this stick it .,"not	_	_	_	_	_	2	advmod	_	_
this	_	_	_	_	_	0	root	_	_
stick	_	_	_	_	_	2	parataxis	_	_
it	_	_	_	_	_	3	obj	_	_
.	_	_	_	_	_	2	punct	_	_","not	_	_	_	_	_	2	advmod	_	_
this	_	_	_	_	_	0	root	_	_
stick	_	_	_	_	_	2	parataxis	_	_
it	_	_	_	_	_	3	obj	_	_
.	_	_	_	_	_	3	punct	_	_","not	_	PART	RB	_	_	3	advmod	_	_
this	_	PRON	DT	_	_	3	nsubj	_	_
stick	_	VERB	VB	_	_	0	root	_	_
it	_	PRON	PRP	_	_	3	obj	_	_
.	_	PUNCT	.	_	_	3	punct	_	_"
big digger coming .,"big	_	_	_	_	_	2	amod	_	_
digger	_	_	_	_	_	3	nsubj	_	_
coming	_	_	_	_	_	0	root	_	_
.	_	_	_	_	_	3	punct	_	_","big	_	_	_	_	_	2	amod	_	_
digger	_	_	_	_	_	3	nsubj	_	_
coming	_	_	_	_	_	0	root	_	_
.	_	_	_	_	_	3	punct	_	_","big	_	ADJ	JJ	_	_	2	amod	_	_
digger	_	NOUN	NN	_	_	0	root	_	_
coming	_	VERB	VBG	_	_	2	acl	_	_
.	_	PUNCT	.	_	_	2	punct	_	_"
minute minute .,"minute	_	_	_	_	_	0	root	_	_
minute	_	_	_	_	_	1	conj	_	_
.	_	_	_	_	_	1	punct	_	_","minute	_	_	_	_	_	2	compound	_	_
minute	_	_	_	_	_	0	root	_	_
.	_	_	_	_	_	2	punct	_	_","minute	_	NOUN	NN	_	_	2	compound	_	_
minute	_	NOUN	NN	_	_	0	root	_	_
.	_	PUNCT	.	_	_	2	punct	_	_"
minute stops .,"minute	_	_	_	_	_	2	nsubj	_	_
stops	_	_	_	_	_	0	root	_	_
.	_	_	_	_	_	2	punct	_	_","minute	_	_	_	_	_	2	nsubj	_	_
stops	_	_	_	_	_	0	root	_	_
.	_	_	_	_	_	2	punct	_	_","minute	_	NOUN	NN	_	_	2	compound	_	_
stops	_	NOUN	NNS	_	_	0	root	_	_
.	_	PUNCT	.	_	_	2	punct	_	_"
Mummy it .,"Mummy	_	_	_	_	_	2	vocative	_	_
it	_	_	_	_	_	0	root	_	_
.	_	_	_	_	_	2	punct	_	_","Mummy	_	_	_	_	_	0	root	_	_
it	_	_	_	_	_	1	obj	_	_
.	_	_	_	_	_	1	punct	_	_","Mummy	_	NOUN	NN	_	_	0	root	_	_
it	_	PRON	PRP	_	_	1	obj	_	_
.	_	PUNCT	.	_	_	1	punct	_	_"
snow snow snow on there .,"snow	_	_	_	_	_	0	root	_	_
snow	_	_	_	_	_	1	conj	_	_
snow	_	_	_	_	_	1	conj	_	_
on	_	_	_	_	_	5	case	_	_
there	_	_	_	_	_	1	nmod	_	_
.	_	_	_	_	_	1	punct	_	_","snow	_	_	_	_	_	0	root	_	_
snow	_	_	_	_	_	3	compound	_	_
snow	_	_	_	_	_	1	conj	_	_
on	_	_	_	_	_	5	case	_	_
there	_	_	_	_	_	3	nmod	_	_
.	_	_	_	_	_	1	punct	_	_","snow	_	NOUN	NN	_	_	3	compound	_	_
snow	_	NOUN	NN	_	_	3	compound	_	_
snow	_	NOUN	NN	_	_	0	root	_	_
on	_	ADP	IN	_	_	5	case	_	_
there	_	ADV	RB	_	_	3	nmod	_	_
.	_	PUNCT	.	_	_	3	punct	_	_"
big the big .,"big	_	_	_	_	_	0	root	_	_
the	_	_	_	_	_	3	det	_	_
big	_	_	_	_	_	1	parataxis	_	_
.	_	_	_	_	_	1	punct	_	_","big	_	_	_	_	_	0	root	_	_
the	_	_	_	_	_	3	det	_	_
big	_	_	_	_	_	1	parataxis	_	_
.	_	_	_	_	_	1	punct	_	_","big	_	ADJ	JJ	_	_	0	root	_	_
the	_	DET	DT	_	_	3	det	_	_
big	_	ADJ	JJ	_	_	1	nsubj	_	_
.	_	PUNCT	.	_	_	1	punct	_	_"
the big big um .,"the	_	_	_	_	_	2	det	_	_
big	_	_	_	_	_	0	root	_	_
big	_	_	_	_	_	2	conj	_	_
um	_	_	_	_	_	2	discourse	_	_
.	_	_	_	_	_	2	punct	_	_","the	_	_	_	_	_	3	det	_	_
big	_	_	_	_	_	3	amod	_	_
big	_	_	_	_	_	0	root	_	_
um	_	_	_	_	_	3	discourse	_	_
.	_	_	_	_	_	3	punct	_	_","the	_	DET	DT	_	_	3	det	_	_
big	_	ADJ	JJ	_	_	3	amod	_	_
big	_	ADJ	JJ	_	_	0	root	_	_
um	_	INTJ	UH	_	_	3	discourse	_	_
.	_	PUNCT	.	_	_	3	punct	_	_"
don't worry there .,"don't	_	_	_	_	_	2	aux	_	_
worry	_	_	_	_	_	0	root	_	_
there	_	_	_	_	_	2	advmod	_	_
.	_	_	_	_	_	2	punct	_	_","don't	_	_	_	_	_	2	advmod	_	_
worry	_	_	_	_	_	0	root	_	_
there	_	_	_	_	_	2	advmod	_	_
.	_	_	_	_	_	2	punct	_	_","do	_	AUX	VB	_	_	3	aux	_	_
n't	_	PART	RB	_	_	3	advmod	_	_
worry	_	VERB	VB	_	_	0	root	_	_
there	_	ADV	RB	_	_	3	advmod	_	_
.	_	PUNCT	.	_	_	3	punct	_	_"
wait wait minute .,"wait	_	_	_	_	_	2	reparandum	_	_
wait	_	_	_	_	_	0	root	_	_
minute	_	_	_	_	_	2	obl:unmarked	_	_
.	_	_	_	_	_	2	punct	_	_","wait	_	_	_	_	_	0	root	_	_
wait	_	_	_	_	_	1	parataxis	_	_
minute	_	_	_	_	_	2	obj	_	_
.	_	_	_	_	_	1	punct	_	_","wait	_	VERB	VB	_	_	0	root	_	_
wait	_	NOUN	NN	_	_	3	compound	_	_
minute	_	NOUN	NN	_	_	1	obj	_	_
.	_	PUNCT	.	_	_	1	punct	_	_"
man at man digging now at Mummy's house .,"man	_	_	_	_	_	0	root	_	_
at	_	_	_	_	_	3	case	_	_
man	_	_	_	_	_	1	nmod	_	_
digging	_	_	_	_	_	1	parataxis	_	_
now	_	_	_	_	_	4	advmod	_	_
at	_	_	_	_	_	8	case	_	_
Mummy's	_	_	_	_	_	8	nmod:poss	_	_
house	_	_	_	_	_	4	obl	_	_
.	_	_	_	_	_	1	punct	_	_","man	_	_	_	_	_	4	nsubj	_	_
at	_	_	_	_	_	3	case	_	_
man	_	_	_	_	_	1	nmod	_	_
digging	_	_	_	_	_	0	root	_	_
now	_	_	_	_	_	4	advmod	_	_
at	_	_	_	_	_	8	case	_	_
Mummy's	_	_	_	_	_	8	nmod:poss	_	_
house	_	_	_	_	_	4	obl	_	_
.	_	_	_	_	_	4	punct	_	_","man	_	NOUN	NN	_	_	0	root	_	_
at	_	ADP	IN	_	_	3	case	_	_
man	_	NOUN	NN	_	_	1	nmod	_	_
digging	_	VERB	VBG	_	_	1	acl	_	_
now	_	ADV	RB	_	_	4	advmod	_	_
at	_	ADP	IN	_	_	9	case	_	_
Mummy	_	PROPN	NNP	_	_	9	nmod:poss	_	_
's	_	PART	POS	_	_	7	case	_	_
house	_	NOUN	NN	_	_	4	obl	_	_
.	_	PUNCT	.	_	_	1	punct	_	_"
"Mummy , lost him .","Mummy	_	_	_	_	_	3	vocative	_	_
,	_	_	_	_	_	3	nsubj	_	_
lost	_	_	_	_	_	0	root	_	_
him	_	_	_	_	_	3	obj	_	_
.	_	_	_	_	_	3	punct	_	_","Mummy	_	_	_	_	_	3	nsubj	_	_
,	_	_	_	_	_	1	punct	_	_
lost	_	_	_	_	_	0	root	_	_
him	_	_	_	_	_	3	obj	_	_
.	_	_	_	_	_	3	punct	_	_","Mummy	_	NOUN	NN	_	_	3	vocative	_	_
,	_	PUNCT	,	_	_	1	punct	_	_
lost	_	VERB	VBD	_	_	0	root	_	_
him	_	PRON	PRP	_	_	3	obj	_	_
.	_	PUNCT	.	_	_	3	punct	_	_"
no no read .,"no	_	_	_	_	_	3	discourse	_	_
no	_	_	_	_	_	1	conj	_	_
read	_	_	_	_	_	0	root	_	_
.	_	_	_	_	_	3	punct	_	_","no	_	_	_	_	_	3	discourse	_	_
no	_	_	_	_	_	3	discourse	_	_
read	_	_	_	_	_	0	root	_	_
.	_	_	_	_	_	3	punct	_	_","no	_	DET	DT	_	_	3	det	_	_
no	_	DET	DT	_	_	3	det	_	_
read	_	NOUN	NN	_	_	0	root	_	_
.	_	PUNCT	.	_	_	3	punct	_	_"
no Elena .,"no	_	_	_	_	_	0	root	_	_
Elena	_	_	_	_	_	1	vocative	_	_
.	_	_	_	_	_	1	punct	_	_","no	_	_	_	_	_	2	det	_	_
Elena	_	_	_	_	_	0	root	_	_
.	_	_	_	_	_	2	punct	_	_","no	_	INTJ	UH	_	_	2	discourse	_	_
Elena	_	PROPN	NNP	_	_	0	root	_	_
.	_	PUNCT	.	_	_	1	punct	_	_"
no shattered .,"no	_	_	_	_	_	2	discourse	_	_
shattered	_	_	_	_	_	0	root	_	_
.	_	_	_	_	_	2	punct	_	_","no	_	_	_	_	_	2	det	_	_
shattered	_	_	_	_	_	0	root	_	_
.	_	_	_	_	_	2	punct	_	_","no	_	DET	DT	_	_	2	det	_	_
shattered	_	VERB	VBN	_	_	0	root	_	_
.	_	PUNCT	.	_	_	2	punct	_	_"
man drove off .,"man	_	_	_	_	_	2	nsubj	_	_
drove	_	_	_	_	_	0	root	_	_
off	_	_	_	_	_	2	advmod	_	_
.	_	_	_	_	_	2	punct	_	_","man	_	_	_	_	_	2	nsubj	_	_
drove	_	_	_	_	_	0	root	_	_
off	_	_	_	_	_	2	advmod	_	_
.	_	_	_	_	_	2	punct	_	_","man	_	NOUN	NN	_	_	2	nsubj	_	_
drove	_	VERB	VBD	_	_	0	root	_	_
off	_	ADP	RP	_	_	2	compound:prt	_	_
.	_	PUNCT	.	_	_	2	punct	_	_"
big birdie's on it .,"big	_	_	_	_	_	2	amod	_	_
birdie's	_	_	_	_	_	4	nsubj	_	_
on	_	_	_	_	_	4	case	_	_
it	_	_	_	_	_	0	root	_	_
.	_	_	_	_	_	4	punct	_	_","big	_	_	_	_	_	2	amod	_	_
birdie's	_	_	_	_	_	4	nsubj	_	_
on	_	_	_	_	_	4	case	_	_
it	_	_	_	_	_	0	root	_	_
.	_	_	_	_	_	4	punct	_	_","big	_	ADJ	JJ	_	_	2	amod	_	_
birdie	_	NOUN	NN	_	_	5	nsubj	_	_
's	_	AUX	VBZ	_	_	5	cop	_	_
on	_	ADP	IN	_	_	5	case	_	_
it	_	PRON	PRP	_	_	0	root	_	_
.	_	PUNCT	.	_	_	5	punct	_	_"
big birdie's on it .,"big	_	_	_	_	_	2	amod	_	_
birdie's	_	_	_	_	_	4	nsubj	_	_
on	_	_	_	_	_	4	case	_	_
it	_	_	_	_	_	0	root	_	_
.	_	_	_	_	_	4	punct	_	_","big	_	_	_	_	_	2	amod	_	_
birdie's	_	_	_	_	_	4	nsubj	_	_
on	_	_	_	_	_	4	case	_	_
it	_	_	_	_	_	0	root	_	_
.	_	_	_	_	_	4	punct	_	_","big	_	ADJ	JJ	_	_	2	amod	_	_
birdie	_	NOUN	NN	_	_	5	nsubj	_	_
's	_	AUX	VBZ	_	_	5	cop	_	_
on	_	ADP	IN	_	_	5	case	_	_
it	_	PRON	PRP	_	_	0	root	_	_
.	_	PUNCT	.	_	_	5	punct	_	_"
no no no say hello Daddy .,"no	_	_	_	_	_	4	discourse	_	_
no	_	_	_	_	_	1	conj	_	_
no	_	_	_	_	_	1	conj	_	_
say	_	_	_	_	_	0	root	_	_
hello	_	_	_	_	_	4	obj	_	_
Daddy	_	_	_	_	_	4	vocative	_	_
.	_	_	_	_	_	4	punct	_	_","no	_	_	_	_	_	4	discourse	_	_
no	_	_	_	_	_	1	discourse	_	_
no	_	_	_	_	_	1	discourse	_	_
say	_	_	_	_	_	0	root	_	_
hello	_	_	_	_	_	4	obj	_	_
Daddy	_	_	_	_	_	4	vocative	_	_
.	_	_	_	_	_	4	punct	_	_","no	_	INTJ	UH	_	_	4	discourse	_	_
no	_	INTJ	UH	_	_	4	discourse	_	_
no	_	INTJ	UH	_	_	4	discourse	_	_
say	_	VERB	VB	_	_	0	root	_	_
hello	_	INTJ	UH	_	_	4	obj	_	_
Daddy	_	PROPN	NNP	_	_	4	vocative	_	_
.	_	PUNCT	.	_	_	4	punct	_	_"
big car going backwards like a fish .,"big	_	_	_	_	_	2	amod	_	_
car	_	_	_	_	_	3	nsubj	_	_
going	_	_	_	_	_	0	root	_	_
backwards	_	_	_	_	_	3	advmod	_	_
like	_	_	_	_	_	7	case	_	_
a	_	_	_	_	_	7	det	_	_
fish	_	_	_	_	_	3	obl	_	_
.	_	_	_	_	_	3	punct	_	_","big	_	_	_	_	_	2	amod	_	_
car	_	_	_	_	_	0	root	_	_
going	_	_	_	_	_	2	acl	_	_
backwards	_	_	_	_	_	3	advmod	_	_
like	_	_	_	_	_	7	case	_	_
a	_	_	_	_	_	7	det	_	_
fish	_	_	_	_	_	3	obl	_	_
.	_	_	_	_	_	2	punct	_	_","big	_	ADJ	JJ	_	_	2	amod	_	_
car	_	NOUN	NN	_	_	0	root	_	_
going	_	VERB	VBG	_	_	2	acl	_	_
backwards	_	ADV	RB	_	_	3	advmod	_	_
like	_	ADP	IN	_	_	7	case	_	_
a	_	DET	DT	_	_	7	det	_	_
fish	_	NOUN	NN	_	_	3	obl	_	_
.	_	PUNCT	.	_	_	2	punct	_	_"
dark round here .,"dark	_	_	_	_	_	0	root	_	_
round	_	_	_	_	_	3	case	_	_
here	_	_	_	_	_	1	obl	_	_
.	_	_	_	_	_	1	punct	_	_","dark	_	_	_	_	_	0	root	_	_
round	_	_	_	_	_	3	case	_	_
here	_	_	_	_	_	1	obl	_	_
.	_	_	_	_	_	1	punct	_	_","dark	_	ADJ	JJ	_	_	0	root	_	_
round	_	ADV	RB	_	_	1	advmod	_	_
here	_	ADV	RB	_	_	1	advmod	_	_
.	_	PUNCT	.	_	_	1	punct	_	_"
there's a .,"there's	_	_	_	_	_	0	root	_	_
a	_	_	_	_	_	1	nsubj	_	_
.	_	_	_	_	_	1	punct	_	_","there's	_	_	_	_	_	0	root	_	_
a	_	_	_	_	_	1	nsubj	_	_
.	_	_	_	_	_	1	punct	_	_","there	_	PRON	EX	_	_	2	expl	_	_
's	_	VERB	VBZ	_	_	0	root	_	_
a	_	DET	DT	_	_	2	nsubj	_	_
.	_	PUNCT	.	_	_	2	punct	_	_"
post police car and fire engine .,"post	_	_	_	_	_	0	root	_	_
police	_	_	_	_	_	3	compound	_	_
car	_	_	_	_	_	1	parataxis	_	_
and	_	_	_	_	_	6	cc	_	_
fire	_	_	_	_	_	6	compound	_	_
engine	_	_	_	_	_	3	conj	_	_
.	_	_	_	_	_	1	punct	_	_","post	_	_	_	_	_	3	case	_	_
police	_	_	_	_	_	3	compound	_	_
car	_	_	_	_	_	0	root	_	_
and	_	_	_	_	_	6	cc	_	_
fire	_	_	_	_	_	6	compound	_	_
engine	_	_	_	_	_	3	conj	_	_
.	_	_	_	_	_	3	punct	_	_","post	_	NOUN	NN	_	_	3	compound	_	_
police	_	NOUN	NN	_	_	3	compound	_	_
car	_	NOUN	NN	_	_	0	root	_	_
and	_	CCONJ	CC	_	_	6	cc	_	_
fire	_	NOUN	NN	_	_	6	compound	_	_
engine	_	NOUN	NN	_	_	3	conj	_	_
.	_	PUNCT	.	_	_	3	punct	_	_"
no Purdie brave .,"no	_	_	_	_	_	3	discourse	_	_
Purdie	_	_	_	_	_	3	nsubj	_	_
brave	_	_	_	_	_	0	root	_	_
.	_	_	_	_	_	3	punct	_	_","no	_	_	_	_	_	2	discourse	_	_
Purdie	_	_	_	_	_	0	root	_	_
brave	_	_	_	_	_	2	amod	_	_
.	_	_	_	_	_	2	punct	_	_","no	_	DET	DT	_	_	3	det	_	_
Purdie	_	PROPN	NNP	_	_	3	nsubj	_	_
brave	_	ADJ	JJ	_	_	0	root	_	_
.	_	PUNCT	.	_	_	3	punct	_	_"
not a lot like blue .,"not	_	_	_	_	_	3	advmod	_	_
a	_	_	_	_	_	3	det	_	_
lot	_	_	_	_	_	0	root	_	_
like	_	_	_	_	_	5	case	_	_
blue	_	_	_	_	_	3	nmod	_	_
.	_	_	_	_	_	3	punct	_	_","not	_	_	_	_	_	3	advmod	_	_
a	_	_	_	_	_	3	det	_	_
lot	_	_	_	_	_	0	root	_	_
like	_	_	_	_	_	5	case	_	_
blue	_	_	_	_	_	3	nmod	_	_
.	_	_	_	_	_	3	punct	_	_","not	_	PART	RB	_	_	5	advmod	_	_
a	_	DET	DT	_	_	3	det	_	_
lot	_	NOUN	NN	_	_	5	obl:unmarked	_	_
like	_	ADP	IN	_	_	5	case	_	_
blue	_	ADJ	JJ	_	_	0	root	_	_
.	_	PUNCT	.	_	_	5	punct	_	_"
not hot soup potatoes .,"not	_	_	_	_	_	4	advmod	_	_
hot	_	_	_	_	_	3	amod	_	_
soup	_	_	_	_	_	4	compound	_	_
potatoes	_	_	_	_	_	0	root	_	_
.	_	_	_	_	_	4	punct	_	_","not	_	_	_	_	_	4	advmod	_	_
hot	_	_	_	_	_	4	amod	_	_
soup	_	_	_	_	_	4	compound	_	_
potatoes	_	_	_	_	_	0	root	_	_
.	_	_	_	_	_	4	punct	_	_","not	_	PART	RB	_	_	4	advmod	_	_
hot	_	ADJ	JJ	_	_	4	amod	_	_
soup	_	NOUN	NN	_	_	4	compound	_	_
potatoes	_	NOUN	NNS	_	_	0	root	_	_
.	_	PUNCT	.	_	_	4	punct	_	_"
baby one .,"baby	_	_	_	_	_	2	compound	_	_
one	_	_	_	_	_	0	root	_	_
.	_	_	_	_	_	2	punct	_	_","baby	_	_	_	_	_	0	root	_	_
one	_	_	_	_	_	1	flat	_	_
.	_	_	_	_	_	1	punct	_	_","baby	_	ADJ	JJ	_	_	2	amod	_	_
one	_	NOUN	NN	_	_	0	root	_	_
.	_	PUNCT	.	_	_	2	punct	_	_"
baby one .,"baby	_	_	_	_	_	2	compound	_	_
one	_	_	_	_	_	0	root	_	_
.	_	_	_	_	_	2	punct	_	_","baby	_	_	_	_	_	0	root	_	_
one	_	_	_	_	_	1	flat	_	_
.	_	_	_	_	_	1	punct	_	_","baby	_	ADJ	JJ	_	_	2	amod	_	_
one	_	NOUN	NN	_	_	0	root	_	_
.	_	PUNCT	.	_	_	2	punct	_	_"
um big baby one .,"um	_	_	_	_	_	4	discourse	_	_
big	_	_	_	_	_	4	amod	_	_
baby	_	_	_	_	_	4	amod	_	_
one	_	_	_	_	_	0	root	_	_
.	_	_	_	_	_	4	punct	_	_","um	_	_	_	_	_	4	discourse	_	_
big	_	_	_	_	_	4	amod	_	_
baby	_	_	_	_	_	4	compound	_	_
one	_	_	_	_	_	0	root	_	_
.	_	_	_	_	_	4	punct	_	_","um	_	INTJ	UH	_	_	4	discourse	_	_
big	_	ADJ	JJ	_	_	4	amod	_	_
baby	_	NOUN	NN	_	_	4	compound	_	_
one	_	NOUN	NN	_	_	0	root	_	_
.	_	PUNCT	.	_	_	4	punct	_	_"
red white blue .,"red	_	_	_	_	_	0	root	_	_
white	_	_	_	_	_	1	conj	_	_
blue	_	_	_	_	_	1	conj	_	_
.	_	_	_	_	_	1	punct	_	_","red	_	_	_	_	_	0	root	_	_
white	_	_	_	_	_	3	amod	_	_
blue	_	_	_	_	_	1	conj	_	_
.	_	_	_	_	_	1	punct	_	_","red	_	ADJ	JJ	_	_	3	amod	_	_
white	_	ADJ	JJ	_	_	3	amod	_	_
blue	_	NOUN	NN	_	_	0	root	_	_
.	_	PUNCT	.	_	_	3	punct	_	_"
not blue red .,"not	_	_	_	_	_	2	advmod	_	_
blue	_	_	_	_	_	0	root	_	_
red	_	_	_	_	_	2	parataxis	_	_
.	_	_	_	_	_	2	punct	_	_","not	_	_	_	_	_	3	advmod	_	_
blue	_	_	_	_	_	3	amod	_	_
red	_	_	_	_	_	0	root	_	_
.	_	_	_	_	_	3	punct	_	_","not	_	PART	RB	_	_	3	advmod	_	_
blue	_	ADJ	JJ	_	_	3	amod	_	_
red	_	ADJ	JJ	_	_	0	root	_	_
.	_	PUNCT	.	_	_	3	punct	_	_"
lights up here .,"lights	_	_	_	_	_	0	root	_	_
up	_	_	_	_	_	3	advmod	_	_
here	_	_	_	_	_	1	advmod	_	_
.	_	_	_	_	_	1	punct	_	_","lights	_	_	_	_	_	0	root	_	_
up	_	_	_	_	_	3	advmod	_	_
here	_	_	_	_	_	1	advmod	_	_
.	_	_	_	_	_	1	punct	_	_","lights	_	NOUN	NNS	_	_	0	root	_	_
up	_	ADP	RP	_	_	1	advmod	_	_
here	_	ADV	RB	_	_	1	advmod	_	_
.	_	PUNCT	.	_	_	1	punct	_	_"
to mean to .,"to	_	_	_	_	_	2	nsubj	_	_
mean	_	_	_	_	_	0	root	_	_
to	_	_	_	_	_	2	obj	_	_
.	_	_	_	_	_	2	punct	_	_","to	_	_	_	_	_	2	mark	_	_
mean	_	_	_	_	_	0	root	_	_
to	_	_	_	_	_	2	xcomp	_	_
.	_	_	_	_	_	2	punct	_	_","to	_	PART	TO	_	_	2	mark	_	_
mean	_	VERB	VB	_	_	0	root	_	_
to	_	PART	TO	_	_	2	xcomp	_	_
.	_	PUNCT	.	_	_	2	punct	_	_"
um big big loudly .,"um	_	_	_	_	_	2	discourse	_	_
big	_	_	_	_	_	0	root	_	_
big	_	_	_	_	_	2	conj	_	_
loudly	_	_	_	_	_	2	conj	_	_
.	_	_	_	_	_	2	punct	_	_","um	_	_	_	_	_	2	discourse	_	_
big	_	_	_	_	_	0	root	_	_
big	_	_	_	_	_	2	conj	_	_
loudly	_	_	_	_	_	2	advmod	_	_
.	_	_	_	_	_	2	punct	_	_","um	_	INTJ	UH	_	_	2	discourse	_	_
big	_	ADJ	JJ	_	_	0	root	_	_
big	_	ADJ	JJ	_	_	2	xcomp	_	_
loudly	_	ADV	RB	_	_	2	advmod	_	_
.	_	PUNCT	.	_	_	2	punct	_	_"
one no baby one .,"one	_	_	_	_	_	0	root	_	_
no	_	_	_	_	_	4	discourse	_	_
baby	_	_	_	_	_	4	amod	_	_
one	_	_	_	_	_	1	parataxis	_	_
.	_	_	_	_	_	1	punct	_	_","one	_	_	_	_	_	0	root	_	_
no	_	_	_	_	_	4	discourse	_	_
baby	_	_	_	_	_	1	conj	_	_
one	_	_	_	_	_	1	appos	_	_
.	_	_	_	_	_	1	punct	_	_","one	_	NUM	CD	_	_	4	nummod	_	_
no	_	DET	DT	_	_	4	det	_	_
baby	_	NOUN	NN	_	_	4	compound	_	_
one	_	NOUN	NN	_	_	0	root	_	_
.	_	PUNCT	.	_	_	4	punct	_	_"
one one bang .,"one	_	_	_	_	_	2	reparandum	_	_
one	_	_	_	_	_	3	nummod	_	_
bang	_	_	_	_	_	0	root	_	_
.	_	_	_	_	_	3	punct	_	_","one	_	_	_	_	_	3	nummod	_	_
one	_	_	_	_	_	3	nummod	_	_
bang	_	_	_	_	_	0	root	_	_
.	_	_	_	_	_	3	punct	_	_","one	_	NUM	CD	_	_	3	nummod	_	_
one	_	NUM	CD	_	_	3	nummod	_	_
bang	_	NOUN	NN	_	_	0	root	_	_
.	_	PUNCT	.	_	_	3	punct	_	_"
um Thomas The Tank Engine too too heavy for me .,"um	_	_	_	_	_	8	discourse	_	_
Thomas	_	_	_	_	_	8	nsubj	_	_
The	_	_	_	_	_	5	det	_	_
Tank	_	_	_	_	_	5	compound	_	_
Engine	_	_	_	_	_	2	flat	_	_
too	_	_	_	_	_	7	reparandum	_	_
too	_	_	_	_	_	8	advmod	_	_
heavy	_	_	_	_	_	0	root	_	_
for	_	_	_	_	_	10	case	_	_
me	_	_	_	_	_	8	obl	_	_
.	_	_	_	_	_	8	punct	_	_","um	_	_	_	_	_	2	discourse	_	_
Thomas	_	_	_	_	_	8	nsubj	_	_
The	_	_	_	_	_	5	det	_	_
Tank	_	_	_	_	_	5	compound	_	_
Engine	_	_	_	_	_	2	appos	_	_
too	_	_	_	_	_	8	advmod	_	_
too	_	_	_	_	_	8	advmod	_	_
heavy	_	_	_	_	_	0	root	_	_
for	_	_	_	_	_	10	case	_	_
me	_	_	_	_	_	8	obl	_	_
.	_	_	_	_	_	8	punct	_	_","um	_	INTJ	UH	_	_	8	discourse	_	_
Thomas	_	PROPN	NNP	_	_	8	nsubj	_	_
The	_	DET	DT	_	_	5	det	_	_
Tank	_	NOUN	NN	_	_	5	compound	_	_
Engine	_	PROPN	NNP	_	_	8	nsubj	_	_
too	_	ADV	RB	_	_	8	advmod	_	_
too	_	ADV	RB	_	_	8	advmod	_	_
heavy	_	ADJ	JJ	_	_	0	root	_	_
for	_	ADP	IN	_	_	10	case	_	_
me	_	PRON	PRP	_	_	8	obl	_	_
.	_	PUNCT	.	_	_	8	punct	_	_"
the sky too heavy for me .,"the	_	_	_	_	_	2	det	_	_
sky	_	_	_	_	_	4	nsubj	_	_
too	_	_	_	_	_	4	advmod	_	_
heavy	_	_	_	_	_	0	root	_	_
for	_	_	_	_	_	6	case	_	_
me	_	_	_	_	_	4	obl	_	_
.	_	_	_	_	_	4	punct	_	_","the	_	_	_	_	_	2	det	_	_
sky	_	_	_	_	_	0	root	_	_
too	_	_	_	_	_	4	advmod	_	_
heavy	_	_	_	_	_	2	amod	_	_
for	_	_	_	_	_	6	case	_	_
me	_	_	_	_	_	4	obl	_	_
.	_	_	_	_	_	2	punct	_	_","the	_	DET	DT	_	_	2	det	_	_
sky	_	NOUN	NN	_	_	4	nsubj	_	_
too	_	ADV	RB	_	_	4	advmod	_	_
heavy	_	ADJ	JJ	_	_	0	root	_	_
for	_	ADP	IN	_	_	6	case	_	_
me	_	PRON	PRP	_	_	4	obl	_	_
.	_	PUNCT	.	_	_	4	punct	_	_"
um no reach them lights .,"um	_	_	_	_	_	3	discourse	_	_
no	_	_	_	_	_	3	discourse	_	_
reach	_	_	_	_	_	0	root	_	_
them	_	_	_	_	_	3	obj	_	_
lights	_	_	_	_	_	3	vocative	_	_
.	_	_	_	_	_	3	punct	_	_","um	_	_	_	_	_	3	discourse	_	_
no	_	_	_	_	_	3	discourse	_	_
reach	_	_	_	_	_	0	root	_	_
them	_	_	_	_	_	3	obj	_	_
lights	_	_	_	_	_	3	vocative	_	_
.	_	_	_	_	_	3	punct	_	_","um	_	INTJ	UH	_	_	3	discourse	_	_
no	_	INTJ	UH	_	_	3	discourse	_	_
reach	_	VERB	VB	_	_	0	root	_	_
them	_	PRON	PRP	_	_	3	iobj	_	_
lights	_	NOUN	NNS	_	_	3	obj	_	_
.	_	PUNCT	.	_	_	3	punct	_	_"
man go upstairs .,"man	_	_	_	_	_	2	nsubj	_	_
go	_	_	_	_	_	0	root	_	_
upstairs	_	_	_	_	_	2	advmod	_	_
.	_	_	_	_	_	2	punct	_	_","man	_	_	_	_	_	2	vocative	_	_
go	_	_	_	_	_	0	root	_	_
upstairs	_	_	_	_	_	2	advmod	_	_
.	_	_	_	_	_	2	punct	_	_","man	_	NOUN	NN	_	_	2	nsubj	_	_
go	_	VERB	VB	_	_	0	root	_	_
upstairs	_	ADV	RB	_	_	2	advmod	_	_
.	_	PUNCT	.	_	_	2	punct	_	_"
lady go upstairs .,"lady	_	_	_	_	_	2	nsubj	_	_
go	_	_	_	_	_	0	root	_	_
upstairs	_	_	_	_	_	2	advmod	_	_
.	_	_	_	_	_	2	punct	_	_","lady	_	_	_	_	_	2	vocative	_	_
go	_	_	_	_	_	0	root	_	_
upstairs	_	_	_	_	_	2	advmod	_	_
.	_	_	_	_	_	2	punct	_	_","lady	_	NOUN	NN	_	_	2	nsubj	_	_
go	_	VERB	VB	_	_	0	root	_	_
upstairs	_	ADV	RB	_	_	2	advmod	_	_
.	_	PUNCT	.	_	_	2	punct	_	_"
lady go upstairs .,"lady	_	_	_	_	_	2	nsubj	_	_
go	_	_	_	_	_	0	root	_	_
upstairs	_	_	_	_	_	2	advmod	_	_
.	_	_	_	_	_	2	punct	_	_","lady	_	_	_	_	_	2	vocative	_	_
go	_	_	_	_	_	0	root	_	_
upstairs	_	_	_	_	_	2	advmod	_	_
.	_	_	_	_	_	2	punct	_	_","lady	_	NOUN	NN	_	_	2	nsubj	_	_
go	_	VERB	VB	_	_	0	root	_	_
upstairs	_	ADV	RB	_	_	2	advmod	_	_
.	_	PUNCT	.	_	_	2	punct	_	_"
someone ride in here .,"someone	_	_	_	_	_	2	nsubj	_	_
ride	_	_	_	_	_	0	root	_	_
in	_	_	_	_	_	4	case	_	_
here	_	_	_	_	_	2	obl	_	_
.	_	_	_	_	_	2	punct	_	_","someone	_	_	_	_	_	2	nsubj	_	_
ride	_	_	_	_	_	0	root	_	_
in	_	_	_	_	_	4	case	_	_
here	_	_	_	_	_	2	obl	_	_
.	_	_	_	_	_	2	punct	_	_","someone	_	PRON	NN	_	_	2	nsubj	_	_
ride	_	VERB	VB	_	_	0	root	_	_
in	_	ADP	IN	_	_	2	advmod	_	_
here	_	ADV	RB	_	_	2	obl	_	_
.	_	PUNCT	.	_	_	2	punct	_	_"
lady do that .,"lady	_	_	_	_	_	2	nsubj	_	_
do	_	_	_	_	_	0	root	_	_
that	_	_	_	_	_	2	obj	_	_
.	_	_	_	_	_	2	punct	_	_","lady	_	_	_	_	_	2	vocative	_	_
do	_	_	_	_	_	0	root	_	_
that	_	_	_	_	_	2	obj	_	_
.	_	_	_	_	_	2	punct	_	_","lady	_	NOUN	NN	_	_	2	nsubj	_	_
do	_	VERB	VB	_	_	0	root	_	_
that	_	PRON	DT	_	_	2	obj	_	_
.	_	PUNCT	.	_	_	2	punct	_	_"
that lady go up there .,"that	_	_	_	_	_	2	det	_	_
lady	_	_	_	_	_	3	nsubj	_	_
go	_	_	_	_	_	0	root	_	_
up	_	_	_	_	_	5	advmod	_	_
there	_	_	_	_	_	3	advmod	_	_
.	_	_	_	_	_	3	punct	_	_","that	_	_	_	_	_	2	det	_	_
lady	_	_	_	_	_	3	nsubj	_	_
go	_	_	_	_	_	0	root	_	_
up	_	_	_	_	_	5	advmod	_	_
there	_	_	_	_	_	3	advmod	_	_
.	_	_	_	_	_	3	punct	_	_","that	_	DET	DT	_	_	2	det	_	_
lady	_	NOUN	NN	_	_	3	nsubj	_	_
go	_	VERB	VBP	_	_	0	root	_	_
up	_	ADP	RP	_	_	3	compound:prt	_	_
there	_	ADV	RB	_	_	3	advmod	_	_
.	_	PUNCT	.	_	_	3	punct	_	_"
what that ?,"what	_	_	_	_	_	0	root	_	_
that	_	_	_	_	_	1	nsubj	_	_
?	_	_	_	_	_	1	punct	_	_","what	_	_	_	_	_	0	root	_	_
that	_	_	_	_	_	1	flat	_	_
?	_	_	_	_	_	2	punct	_	_","what	_	DET	WDT	_	_	2	det:predet	_	_
that	_	PRON	DT	_	_	0	root	_	_
?	_	PUNCT	.	_	_	2	punct	_	_"
Stephie do that .,"Stephie	_	_	_	_	_	2	vocative	_	_
do	_	_	_	_	_	0	root	_	_
that	_	_	_	_	_	2	obj	_	_
.	_	_	_	_	_	2	punct	_	_","Stephie	_	_	_	_	_	2	vocative	_	_
do	_	_	_	_	_	0	root	_	_
that	_	_	_	_	_	2	obj	_	_
.	_	_	_	_	_	2	punct	_	_","Stephie	_	PROPN	NNP	_	_	2	nsubj	_	_
do	_	VERB	VBP	_	_	0	root	_	_
that	_	PRON	DT	_	_	2	obj	_	_
.	_	PUNCT	.	_	_	2	punct	_	_"
put it on back .,"put	_	_	_	_	_	0	root	_	_
it	_	_	_	_	_	1	obj	_	_
on	_	_	_	_	_	4	case	_	_
back	_	_	_	_	_	1	obl	_	_
.	_	_	_	_	_	1	punct	_	_","put	_	_	_	_	_	0	root	_	_
it	_	_	_	_	_	1	obj	_	_
on	_	_	_	_	_	4	case	_	_
back	_	_	_	_	_	1	obl	_	_
.	_	_	_	_	_	1	punct	_	_","put	_	VERB	VB	_	_	0	root	_	_
it	_	PRON	PRP	_	_	1	obj	_	_
on	_	ADP	IN	_	_	1	compound:prt	_	_
back	_	ADV	RB	_	_	1	advmod	_	_
.	_	PUNCT	.	_	_	1	punct	_	_"
circle on my leg .,"circle	_	_	_	_	_	0	root	_	_
on	_	_	_	_	_	4	case	_	_
my	_	_	_	_	_	4	nmod:poss	_	_
leg	_	_	_	_	_	1	nmod	_	_
.	_	_	_	_	_	1	punct	_	_","circle	_	_	_	_	_	0	root	_	_
on	_	_	_	_	_	4	case	_	_
my	_	_	_	_	_	4	nmod:poss	_	_
leg	_	_	_	_	_	1	obl	_	_
.	_	_	_	_	_	1	punct	_	_","circle	_	NOUN	NN	_	_	0	root	_	_
on	_	ADP	IN	_	_	4	case	_	_
my	_	PRON	PRP$	_	_	4	nmod:poss	_	_
leg	_	NOUN	NN	_	_	1	nmod	_	_
.	_	PUNCT	.	_	_	1	punct	_	_"
wee down slide .,"wee	_	_	_	_	_	3	discourse	_	_
down	_	_	_	_	_	3	advmod	_	_
slide	_	_	_	_	_	0	root	_	_
.	_	_	_	_	_	3	punct	_	_","wee	_	_	_	_	_	3	discourse	_	_
down	_	_	_	_	_	3	amod	_	_
slide	_	_	_	_	_	0	root	_	_
.	_	_	_	_	_	3	punct	_	_","wee	_	NOUN	NN	_	_	3	compound	_	_
down	_	ADP	IN	_	_	3	case	_	_
slide	_	NOUN	NN	_	_	0	root	_	_
.	_	PUNCT	.	_	_	3	punct	_	_"
no happy birthday .,"no	_	_	_	_	_	3	discourse	_	_
happy	_	_	_	_	_	3	amod	_	_
birthday	_	_	_	_	_	0	root	_	_
.	_	_	_	_	_	3	punct	_	_","no	_	_	_	_	_	3	det	_	_
happy	_	_	_	_	_	3	amod	_	_
birthday	_	_	_	_	_	0	root	_	_
.	_	_	_	_	_	3	punct	_	_","no	_	DET	DT	_	_	3	det	_	_
happy	_	ADJ	JJ	_	_	3	amod	_	_
birthday	_	NOUN	NN	_	_	0	root	_	_
.	_	PUNCT	.	_	_	3	punct	_	_"
not me changed .,"not	_	_	_	_	_	3	advmod	_	_
me	_	_	_	_	_	3	nsubj	_	_
changed	_	_	_	_	_	0	root	_	_
.	_	_	_	_	_	3	punct	_	_","not	_	_	_	_	_	2	advmod	_	_
me	_	_	_	_	_	0	root	_	_
changed	_	_	_	_	_	2	acl	_	_
.	_	_	_	_	_	2	punct	_	_","not	_	PART	RB	_	_	3	advmod	_	_
me	_	PRON	PRP	_	_	3	nsubj	_	_
changed	_	VERB	VBN	_	_	0	root	_	_
.	_	PUNCT	.	_	_	3	punct	_	_"
no no no trailer .,"no	_	_	_	_	_	4	discourse	_	_
no	_	_	_	_	_	1	conj	_	_
no	_	_	_	_	_	4	det	_	_
trailer	_	_	_	_	_	0	root	_	_
.	_	_	_	_	_	4	punct	_	_","no	_	_	_	_	_	4	discourse	_	_
no	_	_	_	_	_	4	discourse	_	_
no	_	_	_	_	_	4	discourse	_	_
trailer	_	_	_	_	_	0	root	_	_
.	_	_	_	_	_	4	punct	_	_","no	_	DET	DT	_	_	4	det	_	_
no	_	DET	DT	_	_	4	det	_	_
no	_	DET	DT	_	_	4	det	_	_
trailer	_	NOUN	NN	_	_	0	root	_	_
.	_	PUNCT	.	_	_	4	punct	_	_"
no no no birthday .,"no	_	_	_	_	_	4	discourse	_	_
no	_	_	_	_	_	1	conj	_	_
no	_	_	_	_	_	4	det	_	_
birthday	_	_	_	_	_	0	root	_	_
.	_	_	_	_	_	4	punct	_	_","no	_	_	_	_	_	4	discourse	_	_
no	_	_	_	_	_	4	discourse	_	_
no	_	_	_	_	_	4	discourse	_	_
birthday	_	_	_	_	_	0	root	_	_
.	_	_	_	_	_	4	punct	_	_","no	_	DET	DT	_	_	4	det	_	_
no	_	DET	DT	_	_	4	det	_	_
no	_	DET	DT	_	_	4	det	_	_
birthday	_	NOUN	NN	_	_	0	root	_	_
.	_	PUNCT	.	_	_	4	punct	_	_"
piece train I think .,"piece	_	_	_	_	_	0	root	_	_
train	_	_	_	_	_	1	nmod	_	_
I	_	_	_	_	_	4	nsubj	_	_
think	_	_	_	_	_	1	parataxis	_	_
.	_	_	_	_	_	1	punct	_	_","piece	_	_	_	_	_	2	compound	_	_
train	_	_	_	_	_	4	ccomp	_	_
I	_	_	_	_	_	4	nsubj	_	_
think	_	_	_	_	_	0	root	_	_
.	_	_	_	_	_	4	punct	_	_","piece	_	NOUN	NN	_	_	2	compound	_	_
train	_	NOUN	NN	_	_	0	root	_	_
I	_	PRON	PRP	_	_	4	nsubj	_	_
think	_	VERB	VBP	_	_	2	acl:relcl	_	_
.	_	PUNCT	.	_	_	2	punct	_	_"
piece trailer .,"piece	_	_	_	_	_	0	root	_	_
trailer	_	_	_	_	_	1	nmod	_	_
.	_	_	_	_	_	1	punct	_	_","piece	_	_	_	_	_	2	compound	_	_
trailer	_	_	_	_	_	0	root	_	_
.	_	_	_	_	_	2	punct	_	_","piece	_	NOUN	NN	_	_	2	compound	_	_
trailer	_	NOUN	NN	_	_	0	root	_	_
.	_	PUNCT	.	_	_	2	punct	_	_"
ta much indeed .,"ta	_	_	_	_	_	2	mark	_	_
much	_	_	_	_	_	0	root	_	_
indeed	_	_	_	_	_	2	advmod	_	_
.	_	_	_	_	_	2	punct	_	_","ta	_	_	_	_	_	2	advmod	_	_
much	_	_	_	_	_	0	root	_	_
indeed	_	_	_	_	_	2	advmod	_	_
.	_	_	_	_	_	2	punct	_	_","ta	_	PART	TO	_	_	3	mark	_	_
much	_	ADV	RB	_	_	3	advmod	_	_
indeed	_	ADV	RB	_	_	0	root	_	_
.	_	PUNCT	.	_	_	3	punct	_	_"
ta much indeed .,"ta	_	_	_	_	_	2	mark	_	_
much	_	_	_	_	_	0	root	_	_
indeed	_	_	_	_	_	2	advmod	_	_
.	_	_	_	_	_	2	punct	_	_","ta	_	_	_	_	_	2	advmod	_	_
much	_	_	_	_	_	0	root	_	_
indeed	_	_	_	_	_	2	advmod	_	_
.	_	_	_	_	_	2	punct	_	_","ta	_	PART	TO	_	_	3	mark	_	_
much	_	ADV	RB	_	_	3	advmod	_	_
indeed	_	ADV	RB	_	_	0	root	_	_
.	_	PUNCT	.	_	_	3	punct	_	_"
sausage roll fell over .,"sausage	_	_	_	_	_	2	compound	_	_
roll	_	_	_	_	_	3	nsubj	_	_
fell	_	_	_	_	_	0	root	_	_
over	_	_	_	_	_	3	advmod	_	_
.	_	_	_	_	_	3	punct	_	_","sausage	_	_	_	_	_	2	compound	_	_
roll	_	_	_	_	_	3	nsubj	_	_
fell	_	_	_	_	_	0	root	_	_
over	_	_	_	_	_	3	compound:prt	_	_
.	_	_	_	_	_	3	punct	_	_","sausage	_	NOUN	NN	_	_	2	compound	_	_
roll	_	NOUN	NN	_	_	3	nsubj	_	_
fell	_	VERB	VBD	_	_	0	root	_	_
over	_	ADP	RP	_	_	3	compound:prt	_	_
.	_	PUNCT	.	_	_	3	punct	_	_"
no want those .,"no	_	_	_	_	_	2	discourse	_	_
want	_	_	_	_	_	0	root	_	_
those	_	_	_	_	_	2	obj	_	_
.	_	_	_	_	_	2	punct	_	_","no	_	_	_	_	_	2	advmod	_	_
want	_	_	_	_	_	0	root	_	_
those	_	_	_	_	_	2	obj	_	_
.	_	_	_	_	_	2	punct	_	_","no	_	INTJ	UH	_	_	2	discourse	_	_
want	_	VERB	VBP	_	_	0	root	_	_
those	_	PRON	DT	_	_	2	obj	_	_
.	_	PUNCT	.	_	_	2	punct	_	_"
no Sooty .,"no	_	_	_	_	_	0	root	_	_
Sooty	_	_	_	_	_	1	vocative	_	_
.	_	_	_	_	_	1	punct	_	_","no	_	_	_	_	_	2	det	_	_
Sooty	_	_	_	_	_	0	root	_	_
.	_	_	_	_	_	2	punct	_	_","no	_	DET	DT	_	_	2	det	_	_
Sooty	_	NOUN	NN	_	_	0	root	_	_
.	_	PUNCT	.	_	_	2	punct	_	_"
glass on .,"glass	_	_	_	_	_	0	root	_	_
on	_	_	_	_	_	1	advmod	_	_
.	_	_	_	_	_	1	punct	_	_","glass	_	_	_	_	_	0	root	_	_
on	_	_	_	_	_	1	advmod	_	_
.	_	_	_	_	_	1	punct	_	_","glass	_	NOUN	NN	_	_	2	nsubj	_	_
on	_	ADP	IN	_	_	0	root	_	_
.	_	PUNCT	.	_	_	2	punct	_	_"
the eat it .,"the	_	_	_	_	_	2	nsubj	_	_
eat	_	_	_	_	_	0	root	_	_
it	_	_	_	_	_	2	obj	_	_
.	_	_	_	_	_	2	punct	_	_","the	_	_	_	_	_	2	reparandum	_	_
eat	_	_	_	_	_	0	root	_	_
it	_	_	_	_	_	2	obj	_	_
.	_	_	_	_	_	2	punct	_	_","the	_	DET	DT	_	_	2	nsubj	_	_
eat	_	VERB	VB	_	_	0	root	_	_
it	_	PRON	PRP	_	_	2	obj	_	_
.	_	PUNCT	.	_	_	2	punct	_	_"
horse eat .,"horse	_	_	_	_	_	2	nsubj	_	_
eat	_	_	_	_	_	0	root	_	_
.	_	_	_	_	_	2	punct	_	_","horse	_	_	_	_	_	2	nsubj	_	_
eat	_	_	_	_	_	0	root	_	_
.	_	_	_	_	_	2	punct	_	_","horse	_	NOUN	NN	_	_	2	compound	_	_
eat	_	NOUN	NN	_	_	0	root	_	_
.	_	PUNCT	.	_	_	2	punct	_	_"
no late .,"no	_	_	_	_	_	2	det	_	_
late	_	_	_	_	_	0	root	_	_
.	_	_	_	_	_	2	punct	_	_","no	_	_	_	_	_	2	det	_	_
late	_	_	_	_	_	0	root	_	_
.	_	_	_	_	_	2	punct	_	_","no	_	ADV	RB	_	_	2	advmod	_	_
late	_	ADJ	JJ	_	_	0	root	_	_
.	_	PUNCT	.	_	_	2	punct	_	_"
no late .,"no	_	_	_	_	_	2	det	_	_
late	_	_	_	_	_	0	root	_	_
.	_	_	_	_	_	2	punct	_	_","no	_	_	_	_	_	2	det	_	_
late	_	_	_	_	_	0	root	_	_
.	_	_	_	_	_	2	punct	_	_","no	_	ADV	RB	_	_	2	advmod	_	_
late	_	ADJ	JJ	_	_	0	root	_	_
.	_	PUNCT	.	_	_	2	punct	_	_"
drive off now .,"drive	_	_	_	_	_	0	root	_	_
off	_	_	_	_	_	1	compound:prt	_	_
now	_	_	_	_	_	1	advmod	_	_
.	_	_	_	_	_	1	punct	_	_","drive	_	_	_	_	_	0	root	_	_
off	_	_	_	_	_	1	advmod	_	_
now	_	_	_	_	_	1	advmod	_	_
.	_	_	_	_	_	1	punct	_	_","drive	_	VERB	VB	_	_	0	root	_	_
off	_	ADP	RP	_	_	1	compound:prt	_	_
now	_	ADV	RB	_	_	1	advmod	_	_
.	_	PUNCT	.	_	_	1	punct	_	_"
not fall down .,"not	_	_	_	_	_	2	advmod	_	_
fall	_	_	_	_	_	0	root	_	_
down	_	_	_	_	_	2	advmod	_	_
.	_	_	_	_	_	2	punct	_	_","not	_	_	_	_	_	2	advmod	_	_
fall	_	_	_	_	_	0	root	_	_
down	_	_	_	_	_	2	compound:prt	_	_
.	_	_	_	_	_	2	punct	_	_","not	_	PART	RB	_	_	2	advmod	_	_
fall	_	VERB	VB	_	_	0	root	_	_
down	_	ADP	RP	_	_	2	compound:prt	_	_
.	_	PUNCT	.	_	_	2	punct	_	_"
not fall table .,"not	_	_	_	_	_	2	advmod	_	_
fall	_	_	_	_	_	0	root	_	_
table	_	_	_	_	_	2	obj	_	_
.	_	_	_	_	_	2	punct	_	_","not	_	_	_	_	_	3	advmod	_	_
fall	_	_	_	_	_	3	compound	_	_
table	_	_	_	_	_	0	root	_	_
.	_	_	_	_	_	3	punct	_	_","not	_	PART	RB	_	_	2	advmod	_	_
fall	_	VERB	VB	_	_	0	root	_	_
table	_	NOUN	NN	_	_	2	obj	_	_
.	_	PUNCT	.	_	_	2	punct	_	_"
the pieces off .,"the	_	_	_	_	_	2	det	_	_
pieces	_	_	_	_	_	0	root	_	_
off	_	_	_	_	_	2	advmod	_	_
.	_	_	_	_	_	2	punct	_	_","the	_	_	_	_	_	2	det	_	_
pieces	_	_	_	_	_	3	nsubj	_	_
off	_	_	_	_	_	0	root	_	_
.	_	_	_	_	_	3	punct	_	_","the	_	DET	DT	_	_	2	det	_	_
pieces	_	NOUN	NNS	_	_	0	root	_	_
off	_	ADP	RP	_	_	2	advmod	_	_
.	_	PUNCT	.	_	_	2	punct	_	_"
juice blackcurrant .,"juice	_	_	_	_	_	0	root	_	_
blackcurrant	_	_	_	_	_	1	conj	_	_
.	_	_	_	_	_	1	punct	_	_","juice	_	_	_	_	_	0	root	_	_
blackcurrant	_	_	_	_	_	1	obj	_	_
.	_	_	_	_	_	1	punct	_	_","juice	_	NOUN	NN	_	_	2	compound	_	_
blackcurrant	_	NOUN	NN	_	_	0	root	_	_
.	_	PUNCT	.	_	_	2	punct	_	_"
shops more .,"shops	_	_	_	_	_	0	root	_	_
more	_	_	_	_	_	1	advmod	_	_
.	_	_	_	_	_	1	punct	_	_","shops	_	_	_	_	_	0	root	_	_
more	_	_	_	_	_	1	advmod	_	_
.	_	_	_	_	_	1	punct	_	_","shops	_	NOUN	NNS	_	_	2	nsubj	_	_
more	_	ADJ	JJR	_	_	0	root	_	_
.	_	PUNCT	.	_	_	2	punct	_	_"
Daddy Rod eat it .,"Daddy	_	_	_	_	_	3	vocative	_	_
Rod	_	_	_	_	_	1	flat	_	_
eat	_	_	_	_	_	0	root	_	_
it	_	_	_	_	_	3	obj	_	_
.	_	_	_	_	_	3	punct	_	_","Daddy	_	_	_	_	_	2	nmod:desc	_	_
Rod	_	_	_	_	_	3	nsubj	_	_
eat	_	_	_	_	_	0	root	_	_
it	_	_	_	_	_	3	obj	_	_
.	_	_	_	_	_	3	punct	_	_","Daddy	_	PROPN	NNP	_	_	0	root	_	_
Rod	_	PROPN	NNP	_	_	2	nsubj	_	_
eat	_	VERB	VB	_	_	0	root	_	_
it	_	PRON	PRP	_	_	2	obj	_	_
.	_	PUNCT	.	_	_	2	punct	_	_"
Daddy Daddy Rod hungry .,"Daddy	_	_	_	_	_	2	reparandum	_	_
Daddy	_	_	_	_	_	4	nsubj	_	_
Rod	_	_	_	_	_	1	flat	_	_
hungry	_	_	_	_	_	0	root	_	_
.	_	_	_	_	_	4	punct	_	_","Daddy	_	_	_	_	_	3	compound	_	_
Daddy	_	_	_	_	_	3	compound	_	_
Rod	_	_	_	_	_	4	nsubj	_	_
hungry	_	_	_	_	_	0	root	_	_
.	_	_	_	_	_	4	punct	_	_","Daddy	_	PROPN	NNP	_	_	0	root	_	_
Daddy	_	PROPN	NNP	_	_	1	flat	_	_
Rod	_	PROPN	NNP	_	_	2	nsubj	_	_
hungry	_	ADJ	JJ	_	_	0	root	_	_
.	_	PUNCT	.	_	_	2	punct	_	_"
what we make ?,"what	_	_	_	_	_	3	obj	_	_
we	_	_	_	_	_	3	nsubj	_	_
make	_	_	_	_	_	0	root	_	_
?	_	_	_	_	_	3	punct	_	_","what	_	_	_	_	_	0	root	_	_
we	_	_	_	_	_	3	nsubj	_	_
make	_	_	_	_	_	1	acl:relcl	_	_
?	_	_	_	_	_	3	punct	_	_","what	_	PRON	WP	_	_	0	root	_	_
we	_	PRON	PRP	_	_	3	nsubj	_	_
make	_	VERB	VBP	_	_	1	acl:relcl	_	_
?	_	PUNCT	.	_	_	1	punct	_	_"
the shops big lorry .,"the	_	_	_	_	_	2	det	_	_
shops	_	_	_	_	_	0	root	_	_
big	_	_	_	_	_	4	amod	_	_
lorry	_	_	_	_	_	2	parataxis	_	_
.	_	_	_	_	_	2	punct	_	_","the	_	_	_	_	_	2	det	_	_
shops	_	_	_	_	_	4	nmod:poss	_	_
big	_	_	_	_	_	4	amod	_	_
lorry	_	_	_	_	_	0	root	_	_
.	_	_	_	_	_	4	punct	_	_","the	_	DET	DT	_	_	2	det	_	_
shops	_	NOUN	NNS	_	_	4	compound	_	_
big	_	ADJ	JJ	_	_	4	amod	_	_
lorry	_	NOUN	NN	_	_	0	root	_	_
.	_	PUNCT	.	_	_	4	punct	_	_"
Thomas bite it .,"Thomas	_	_	_	_	_	2	nsubj	_	_
bite	_	_	_	_	_	0	root	_	_
it	_	_	_	_	_	2	obj	_	_
.	_	_	_	_	_	2	punct	_	_","Thomas	_	_	_	_	_	2	vocative	_	_
bite	_	_	_	_	_	0	root	_	_
it	_	_	_	_	_	2	obj	_	_
.	_	_	_	_	_	2	punct	_	_","Thomas	_	PROPN	NNP	_	_	2	nsubj	_	_
bite	_	VERB	VBP	_	_	0	root	_	_
it	_	PRON	PRP	_	_	2	obj	_	_
.	_	PUNCT	.	_	_	2	punct	_	_"
Thomas bite it there .,"Thomas	_	_	_	_	_	2	nsubj	_	_
bite	_	_	_	_	_	0	root	_	_
it	_	_	_	_	_	2	obj	_	_
there	_	_	_	_	_	2	advmod	_	_
.	_	_	_	_	_	2	punct	_	_","Thomas	_	_	_	_	_	2	vocative	_	_
bite	_	_	_	_	_	0	root	_	_
it	_	_	_	_	_	2	obj	_	_
there	_	_	_	_	_	2	advmod	_	_
.	_	_	_	_	_	2	punct	_	_","Thomas	_	PROPN	NNP	_	_	2	nsubj	_	_
bite	_	VERB	VBP	_	_	0	root	_	_
it	_	PRON	PRP	_	_	2	obj	_	_
there	_	ADV	RB	_	_	2	advmod	_	_
.	_	PUNCT	.	_	_	2	punct	_	_"
all done now .,"all	_	_	_	_	_	2	advmod	_	_
done	_	_	_	_	_	0	root	_	_
now	_	_	_	_	_	2	advmod	_	_
.	_	_	_	_	_	2	punct	_	_","all	_	_	_	_	_	2	advmod	_	_
done	_	_	_	_	_	0	root	_	_
now	_	_	_	_	_	2	advmod	_	_
.	_	_	_	_	_	2	punct	_	_","all	_	DET	DT	_	_	2	nsubj:pass	_	_
done	_	VERB	VBN	_	_	0	root	_	_
now	_	ADV	RB	_	_	2	advmod	_	_
.	_	PUNCT	.	_	_	2	punct	_	_"
what are these thing ?,"what	_	_	_	_	_	0	root	_	_
are	_	_	_	_	_	1	cop	_	_
these	_	_	_	_	_	4	det	_	_
thing	_	_	_	_	_	1	nsubj	_	_
?	_	_	_	_	_	1	punct	_	_","what	_	_	_	_	_	4	nsubj	_	_
are	_	_	_	_	_	1	cop	_	_
these	_	_	_	_	_	4	det	_	_
thing	_	_	_	_	_	0	root	_	_
?	_	_	_	_	_	4	punct	_	_","what	_	PRON	WP	_	_	0	root	_	_
are	_	AUX	VBP	_	_	1	cop	_	_
these	_	DET	DT	_	_	4	det	_	_
thing	_	NOUN	NN	_	_	1	nsubj	_	_
?	_	PUNCT	.	_	_	1	punct	_	_"
where the mother to push him ?,"where	_	_	_	_	_	5	advmod	_	_
the	_	_	_	_	_	3	det	_	_
mother	_	_	_	_	_	0	root	_	_
to	_	_	_	_	_	5	mark	_	_
push	_	_	_	_	_	3	acl	_	_
him	_	_	_	_	_	5	obj	_	_
?	_	_	_	_	_	5	punct	_	_","where	_	_	_	_	_	5	advmod	_	_
the	_	_	_	_	_	3	det	_	_
mother	_	_	_	_	_	5	nsubj	_	_
to	_	_	_	_	_	5	mark	_	_
push	_	_	_	_	_	0	root	_	_
him	_	_	_	_	_	5	obj	_	_
?	_	_	_	_	_	5	punct	_	_","where	_	ADV	WRB	_	_	0	root	_	_
the	_	DET	DT	_	_	3	det	_	_
mother	_	NOUN	NN	_	_	5	nsubj	_	_
to	_	PART	TO	_	_	5	mark	_	_
push	_	VERB	VB	_	_	1	acl	_	_
him	_	PRON	PRP	_	_	5	obj	_	_
?	_	PUNCT	.	_	_	1	punct	_	_"
he's going to .,"he's	_	_	_	_	_	2	nsubj	_	_
going	_	_	_	_	_	0	root	_	_
to	_	_	_	_	_	2	xcomp	_	_
.	_	_	_	_	_	2	punct	_	_","he's	_	_	_	_	_	2	nsubj	_	_
going	_	_	_	_	_	0	root	_	_
to	_	_	_	_	_	2	xcomp	_	_
.	_	_	_	_	_	2	punct	_	_","he	_	PRON	PRP	_	_	3	nsubj	_	_
's	_	AUX	VBZ	_	_	3	aux	_	_
going	_	VERB	VBG	_	_	0	root	_	_
to	_	PART	TO	_	_	3	xcomp	_	_
.	_	PUNCT	.	_	_	3	punct	_	_"
there's a little grandmothers .,"there's	_	_	_	_	_	0	root	_	_
a	_	_	_	_	_	4	det	_	_
little	_	_	_	_	_	4	amod	_	_
grandmothers	_	_	_	_	_	1	nsubj	_	_
.	_	_	_	_	_	1	punct	_	_","there's	_	_	_	_	_	0	root	_	_
a	_	_	_	_	_	4	det	_	_
little	_	_	_	_	_	4	amod	_	_
grandmothers	_	_	_	_	_	1	nsubj	_	_
.	_	_	_	_	_	1	punct	_	_","there	_	PRON	EX	_	_	2	expl	_	_
's	_	VERB	VBZ	_	_	0	root	_	_
a	_	DET	DT	_	_	5	det	_	_
little	_	ADJ	JJ	_	_	5	amod	_	_
grandmothers	_	NOUN	NNS	_	_	2	nsubj	_	_
.	_	PUNCT	.	_	_	2	punct	_	_"
there's a grand .,"there's	_	_	_	_	_	0	root	_	_
a	_	_	_	_	_	3	det	_	_
grand	_	_	_	_	_	1	nsubj	_	_
.	_	_	_	_	_	1	punct	_	_","there's	_	_	_	_	_	0	root	_	_
a	_	_	_	_	_	3	det	_	_
grand	_	_	_	_	_	1	nsubj	_	_
.	_	_	_	_	_	1	punct	_	_","there	_	PRON	EX	_	_	2	expl	_	_
's	_	VERB	VBZ	_	_	0	root	_	_
a	_	DET	DT	_	_	4	det	_	_
grand	_	ADJ	JJ	_	_	2	nsubj	_	_
.	_	PUNCT	.	_	_	2	punct	_	_"
there's a mothers .,"there's	_	_	_	_	_	0	root	_	_
a	_	_	_	_	_	3	det	_	_
mothers	_	_	_	_	_	1	nsubj	_	_
.	_	_	_	_	_	1	punct	_	_","there's	_	_	_	_	_	0	root	_	_
a	_	_	_	_	_	3	det	_	_
mothers	_	_	_	_	_	1	nsubj	_	_
.	_	_	_	_	_	1	punct	_	_","there	_	PRON	EX	_	_	2	expl	_	_
's	_	VERB	VBZ	_	_	0	root	_	_
a	_	DET	DT	_	_	4	det	_	_
mothers	_	NOUN	NNS	_	_	2	nsubj	_	_
.	_	PUNCT	.	_	_	2	punct	_	_"
now they're lying down take a sunshine .,"now	_	_	_	_	_	3	advmod	_	_
they're	_	_	_	_	_	3	nsubj	_	_
lying	_	_	_	_	_	0	root	_	_
down	_	_	_	_	_	3	compound:prt	_	_
take	_	_	_	_	_	3	parataxis	_	_
a	_	_	_	_	_	7	det	_	_
sunshine	_	_	_	_	_	5	obj	_	_
.	_	_	_	_	_	3	punct	_	_","now	_	_	_	_	_	3	advmod	_	_
they're	_	_	_	_	_	3	nsubj	_	_
lying	_	_	_	_	_	5	advcl	_	_
down	_	_	_	_	_	3	compound:prt	_	_
take	_	_	_	_	_	0	root	_	_
a	_	_	_	_	_	7	det	_	_
sunshine	_	_	_	_	_	5	obj	_	_
.	_	_	_	_	_	5	punct	_	_","now	_	ADV	RB	_	_	4	advmod	_	_
they	_	PRON	PRP	_	_	4	nsubj	_	_
're	_	AUX	VBP	_	_	4	aux	_	_
lying	_	VERB	VBG	_	_	0	root	_	_
down	_	ADP	RP	_	_	4	compound:prt	_	_
take	_	VERB	VB	_	_	4	xcomp	_	_
a	_	DET	DT	_	_	8	det	_	_
sunshine	_	NOUN	NN	_	_	6	obj	_	_
.	_	PUNCT	.	_	_	4	punct	_	_"
now they're lying down take a sunshine .,"now	_	_	_	_	_	3	advmod	_	_
they're	_	_	_	_	_	3	nsubj	_	_
lying	_	_	_	_	_	0	root	_	_
down	_	_	_	_	_	3	compound:prt	_	_
take	_	_	_	_	_	3	parataxis	_	_
a	_	_	_	_	_	7	det	_	_
sunshine	_	_	_	_	_	5	obj	_	_
.	_	_	_	_	_	3	punct	_	_","now	_	_	_	_	_	3	advmod	_	_
they're	_	_	_	_	_	3	nsubj	_	_
lying	_	_	_	_	_	5	advcl	_	_
down	_	_	_	_	_	3	compound:prt	_	_
take	_	_	_	_	_	0	root	_	_
a	_	_	_	_	_	7	det	_	_
sunshine	_	_	_	_	_	5	obj	_	_
.	_	_	_	_	_	5	punct	_	_","now	_	ADV	RB	_	_	4	advmod	_	_
they	_	PRON	PRP	_	_	4	nsubj	_	_
're	_	AUX	VBP	_	_	4	aux	_	_
lying	_	VERB	VBG	_	_	0	root	_	_
down	_	ADP	RP	_	_	4	compound:prt	_	_
take	_	VERB	VB	_	_	4	xcomp	_	_
a	_	DET	DT	_	_	8	det	_	_
sunshine	_	NOUN	NN	_	_	6	obj	_	_
.	_	PUNCT	.	_	_	4	punct	_	_"
take a sunshine in the sun .,"take	_	_	_	_	_	0	root	_	_
a	_	_	_	_	_	3	det	_	_
sunshine	_	_	_	_	_	1	obj	_	_
in	_	_	_	_	_	6	case	_	_
the	_	_	_	_	_	6	det	_	_
sun	_	_	_	_	_	1	obl	_	_
.	_	_	_	_	_	1	punct	_	_","take	_	_	_	_	_	0	root	_	_
a	_	_	_	_	_	3	det	_	_
sunshine	_	_	_	_	_	1	obj	_	_
in	_	_	_	_	_	6	case	_	_
the	_	_	_	_	_	6	det	_	_
sun	_	_	_	_	_	3	nmod	_	_
.	_	_	_	_	_	1	punct	_	_","take	_	VERB	VB	_	_	0	root	_	_
a	_	DET	DT	_	_	3	det	_	_
sunshine	_	NOUN	NN	_	_	1	obj	_	_
in	_	ADP	IN	_	_	6	case	_	_
the	_	DET	DT	_	_	6	det	_	_
sun	_	NOUN	NN	_	_	1	obl	_	_
.	_	PUNCT	.	_	_	1	punct	_	_"
see what what the babies are ?,"see	_	_	_	_	_	0	root	_	_
what	_	_	_	_	_	3	reparandum	_	_
what	_	_	_	_	_	1	ccomp	_	_
the	_	_	_	_	_	5	det	_	_
babies	_	_	_	_	_	3	nsubj	_	_
are	_	_	_	_	_	3	cop	_	_
?	_	_	_	_	_	1	punct	_	_","see	_	_	_	_	_	0	root	_	_
what	_	_	_	_	_	1	ccomp	_	_
what	_	_	_	_	_	1	ccomp	_	_
the	_	_	_	_	_	5	det	_	_
babies	_	_	_	_	_	3	nsubj	_	_
are	_	_	_	_	_	3	cop	_	_
?	_	_	_	_	_	1	punct	_	_","see	_	VERB	VB	_	_	0	root	_	_
what	_	PRON	WP	_	_	1	obj	_	_
what	_	PRON	WP	_	_	1	ccomp	_	_
the	_	DET	DT	_	_	5	det	_	_
babies	_	NOUN	NNS	_	_	3	nsubj	_	_
are	_	AUX	VBP	_	_	3	cop	_	_
?	_	PUNCT	.	_	_	1	punct	_	_"
look it .,"look	_	_	_	_	_	0	root	_	_
it	_	_	_	_	_	1	obl	_	_
.	_	_	_	_	_	1	punct	_	_","look	_	_	_	_	_	0	root	_	_
it	_	_	_	_	_	1	obj	_	_
.	_	_	_	_	_	1	punct	_	_","look	_	VERB	VB	_	_	0	root	_	_
it	_	PRON	PRP	_	_	1	obj	_	_
.	_	PUNCT	.	_	_	1	punct	_	_"
look it .,"look	_	_	_	_	_	0	root	_	_
it	_	_	_	_	_	1	obl	_	_
.	_	_	_	_	_	1	punct	_	_","look	_	_	_	_	_	0	root	_	_
it	_	_	_	_	_	1	obj	_	_
.	_	_	_	_	_	1	punct	_	_","look	_	VERB	VB	_	_	0	root	_	_
it	_	PRON	PRP	_	_	1	obj	_	_
.	_	PUNCT	.	_	_	1	punct	_	_"
for we wanna go in to .,"for	_	_	_	_	_	3	mark	_	_
we	_	_	_	_	_	3	nsubj	_	_
wanna	_	_	_	_	_	0	root	_	_
go	_	_	_	_	_	3	xcomp	_	_
in	_	_	_	_	_	4	advmod	_	_
to	_	_	_	_	_	4	obl	_	_
.	_	_	_	_	_	3	punct	_	_","for	_	_	_	_	_	3	mark	_	_
we	_	_	_	_	_	3	nsubj	_	_
wanna	_	_	_	_	_	0	root	_	_
go	_	_	_	_	_	3	xcomp	_	_
in	_	_	_	_	_	4	advmod	_	_
to	_	_	_	_	_	5	fixed	_	_
.	_	_	_	_	_	3	punct	_	_","for	_	SCONJ	IN	_	_	3	mark	_	_
we	_	PRON	PRP	_	_	3	nsubj	_	_
wan	_	VERB	VBP	_	_	0	root	_	_
na	_	PART	TO	_	_	5	mark	_	_
go	_	VERB	VB	_	_	3	xcomp	_	_
in	_	ADP	IN	_	_	5	advmod	_	_
to	_	ADP	IN	_	_	5	obl	_	_
.	_	PUNCT	.	_	_	3	punct	_	_"
this baby wanna go in the carriage .,"this	_	_	_	_	_	2	det	_	_
baby	_	_	_	_	_	3	nsubj	_	_
wanna	_	_	_	_	_	0	root	_	_
go	_	_	_	_	_	3	xcomp	_	_
in	_	_	_	_	_	7	case	_	_
the	_	_	_	_	_	7	det	_	_
carriage	_	_	_	_	_	4	obl	_	_
.	_	_	_	_	_	3	punct	_	_","this	_	_	_	_	_	2	det	_	_
baby	_	_	_	_	_	3	nsubj	_	_
wanna	_	_	_	_	_	0	root	_	_
go	_	_	_	_	_	3	xcomp	_	_
in	_	_	_	_	_	7	case	_	_
the	_	_	_	_	_	7	det	_	_
carriage	_	_	_	_	_	4	obl	_	_
.	_	_	_	_	_	3	punct	_	_","this	_	DET	DT	_	_	2	det	_	_
baby	_	NOUN	NN	_	_	3	nsubj	_	_
wan	_	VERB	VBP	_	_	0	root	_	_
na	_	PART	TO	_	_	5	mark	_	_
go	_	VERB	VB	_	_	3	xcomp	_	_
in	_	ADP	IN	_	_	8	case	_	_
the	_	DET	DT	_	_	8	det	_	_
carriage	_	NOUN	NN	_	_	5	obl	_	_
.	_	PUNCT	.	_	_	3	punct	_	_"
now they both sleep .,"now	_	_	_	_	_	4	advmod	_	_
they	_	_	_	_	_	4	nsubj	_	_
both	_	_	_	_	_	2	det	_	_
sleep	_	_	_	_	_	0	root	_	_
.	_	_	_	_	_	4	punct	_	_","now	_	_	_	_	_	4	advmod	_	_
they	_	_	_	_	_	4	nsubj	_	_
both	_	_	_	_	_	4	advmod	_	_
sleep	_	_	_	_	_	0	root	_	_
.	_	_	_	_	_	4	punct	_	_","now	_	ADV	RB	_	_	4	advmod	_	_
they	_	PRON	PRP	_	_	4	nsubj	_	_
both	_	DET	DT	_	_	2	det	_	_
sleep	_	VERB	VBP	_	_	0	root	_	_
.	_	PUNCT	.	_	_	4	punct	_	_"
they're going to play with me with .,"they're	_	_	_	_	_	2	nsubj	_	_
going	_	_	_	_	_	0	root	_	_
to	_	_	_	_	_	4	mark	_	_
play	_	_	_	_	_	2	xcomp	_	_
with	_	_	_	_	_	6	case	_	_
me	_	_	_	_	_	4	obl	_	_
with	_	_	_	_	_	6	conj	_	_
.	_	_	_	_	_	2	punct	_	_","they're	_	_	_	_	_	2	nsubj	_	_
going	_	_	_	_	_	0	root	_	_
to	_	_	_	_	_	4	mark	_	_
play	_	_	_	_	_	2	xcomp	_	_
with	_	_	_	_	_	6	case	_	_
me	_	_	_	_	_	4	obl	_	_
with	_	_	_	_	_	4	obl	_	_
.	_	_	_	_	_	2	punct	_	_","they	_	PRON	PRP	_	_	3	nsubj	_	_
're	_	AUX	VBP	_	_	3	aux	_	_
going	_	VERB	VBG	_	_	0	root	_	_
to	_	PART	TO	_	_	5	mark	_	_
play	_	VERB	VB	_	_	3	xcomp	_	_
with	_	ADP	IN	_	_	7	case	_	_
me	_	PRON	PRP	_	_	5	obl	_	_
with	_	ADP	IN	_	_	5	obl	_	_
.	_	PUNCT	.	_	_	3	punct	_	_"
they're going to eat with me with this breakfast .,"they're	_	_	_	_	_	2	nsubj	_	_
going	_	_	_	_	_	0	root	_	_
to	_	_	_	_	_	4	mark	_	_
eat	_	_	_	_	_	2	xcomp	_	_
with	_	_	_	_	_	6	case	_	_
me	_	_	_	_	_	4	obl	_	_
with	_	_	_	_	_	9	case	_	_
this	_	_	_	_	_	9	det	_	_
breakfast	_	_	_	_	_	4	obl	_	_
.	_	_	_	_	_	2	punct	_	_","they're	_	_	_	_	_	2	nsubj	_	_
going	_	_	_	_	_	0	root	_	_
to	_	_	_	_	_	4	mark	_	_
eat	_	_	_	_	_	2	xcomp	_	_
with	_	_	_	_	_	6	case	_	_
me	_	_	_	_	_	4	obl	_	_
with	_	_	_	_	_	9	case	_	_
this	_	_	_	_	_	9	det	_	_
breakfast	_	_	_	_	_	4	obl	_	_
.	_	_	_	_	_	2	punct	_	_","they	_	PRON	PRP	_	_	3	nsubj	_	_
're	_	AUX	VBP	_	_	3	aux	_	_
going	_	VERB	VBG	_	_	0	root	_	_
to	_	PART	TO	_	_	5	mark	_	_
eat	_	VERB	VB	_	_	3	xcomp	_	_
with	_	ADP	IN	_	_	7	case	_	_
me	_	PRON	PRP	_	_	5	obl	_	_
with	_	ADP	IN	_	_	10	case	_	_
this	_	DET	DT	_	_	10	det	_	_
breakfast	_	NOUN	NN	_	_	5	obl	_	_
.	_	PUNCT	.	_	_	3	punct	_	_"
kitty wants to come in .,"kitty	_	_	_	_	_	2	nsubj	_	_
wants	_	_	_	_	_	0	root	_	_
to	_	_	_	_	_	4	mark	_	_
come	_	_	_	_	_	2	xcomp	_	_
in	_	_	_	_	_	4	advmod	_	_
.	_	_	_	_	_	2	punct	_	_","kitty	_	_	_	_	_	2	nsubj	_	_
wants	_	_	_	_	_	0	root	_	_
to	_	_	_	_	_	4	mark	_	_
come	_	_	_	_	_	2	xcomp	_	_
in	_	_	_	_	_	4	advmod	_	_
.	_	_	_	_	_	2	punct	_	_","kitty	_	NOUN	NN	_	_	2	nsubj	_	_
wants	_	VERB	VBZ	_	_	0	root	_	_
to	_	PART	TO	_	_	4	mark	_	_
come	_	VERB	VB	_	_	2	xcomp	_	_
in	_	ADP	RP	_	_	4	compound:prt	_	_
.	_	PUNCT	.	_	_	2	punct	_	_"
he's getting me .,"he's	_	_	_	_	_	2	nsubj	_	_
getting	_	_	_	_	_	0	root	_	_
me	_	_	_	_	_	2	obj	_	_
.	_	_	_	_	_	2	punct	_	_","he's	_	_	_	_	_	2	nsubj	_	_
getting	_	_	_	_	_	0	root	_	_
me	_	_	_	_	_	2	obj	_	_
.	_	_	_	_	_	2	punct	_	_","he	_	PRON	PRP	_	_	3	nsubj	_	_
's	_	AUX	VBZ	_	_	3	aux	_	_
getting	_	VERB	VBG	_	_	0	root	_	_
me	_	PRON	PRP	_	_	3	obj	_	_
.	_	PUNCT	.	_	_	3	punct	_	_"
he's getting me .,"he's	_	_	_	_	_	2	nsubj	_	_
getting	_	_	_	_	_	0	root	_	_
me	_	_	_	_	_	2	obj	_	_
.	_	_	_	_	_	2	punct	_	_","he's	_	_	_	_	_	2	nsubj	_	_
getting	_	_	_	_	_	0	root	_	_
me	_	_	_	_	_	2	obj	_	_
.	_	_	_	_	_	2	punct	_	_","he	_	PRON	PRP	_	_	3	nsubj	_	_
's	_	AUX	VBZ	_	_	3	aux	_	_
getting	_	VERB	VBG	_	_	0	root	_	_
me	_	PRON	PRP	_	_	3	obj	_	_
.	_	PUNCT	.	_	_	3	punct	_	_"
she she wanna see the moth .,"she	_	_	_	_	_	2	reparandum	_	_
she	_	_	_	_	_	3	nsubj	_	_
wanna	_	_	_	_	_	0	root	_	_
see	_	_	_	_	_	3	xcomp	_	_
the	_	_	_	_	_	6	det	_	_
moth	_	_	_	_	_	4	obj	_	_
.	_	_	_	_	_	3	punct	_	_","she	_	_	_	_	_	2	reparandum	_	_
she	_	_	_	_	_	3	nsubj	_	_
wanna	_	_	_	_	_	0	root	_	_
see	_	_	_	_	_	3	xcomp	_	_
the	_	_	_	_	_	6	det	_	_
moth	_	_	_	_	_	4	obj	_	_
.	_	_	_	_	_	3	punct	_	_","she	_	PRON	PRP	_	_	3	nsubj	_	_
she	_	PRON	PRP	_	_	3	nsubj	_	_
wan	_	VERB	VBP	_	_	0	root	_	_
na	_	PART	TO	_	_	5	mark	_	_
see	_	VERB	VB	_	_	3	xcomp	_	_
the	_	DET	DT	_	_	7	det	_	_
moth	_	NOUN	NN	_	_	5	obj	_	_
.	_	PUNCT	.	_	_	3	punct	_	_"
where Toffer ?,"where	_	_	_	_	_	0	root	_	_
Toffer	_	_	_	_	_	1	nsubj	_	_
?	_	_	_	_	_	1	punct	_	_","where	_	_	_	_	_	2	advmod	_	_
Toffer	_	_	_	_	_	0	root	_	_
?	_	_	_	_	_	2	punct	_	_","where	_	ADV	WRB	_	_	0	root	_	_
Toffer	_	PROPN	NNP	_	_	1	nsubj	_	_
?	_	PUNCT	.	_	_	1	punct	_	_"
him home .,"him	_	_	_	_	_	0	root	_	_
home	_	_	_	_	_	1	parataxis	_	_
.	_	_	_	_	_	2	punct	_	_","him	_	_	_	_	_	2	nsubj	_	_
home	_	_	_	_	_	0	root	_	_
.	_	_	_	_	_	2	punct	_	_","him	_	PRON	PRP	_	_	0	root	_	_
home	_	ADV	RB	_	_	1	advmod	_	_
.	_	PUNCT	.	_	_	2	punct	_	_"
don't scream me .,"don't	_	_	_	_	_	2	aux	_	_
scream	_	_	_	_	_	0	root	_	_
me	_	_	_	_	_	2	obj	_	_
.	_	_	_	_	_	2	punct	_	_","don't	_	_	_	_	_	2	advmod	_	_
scream	_	_	_	_	_	0	root	_	_
me	_	_	_	_	_	2	obj	_	_
.	_	_	_	_	_	2	punct	_	_","do	_	AUX	VB	_	_	3	aux	_	_
n't	_	PART	RB	_	_	3	advmod	_	_
scream	_	VERB	VB	_	_	0	root	_	_
me	_	PRON	PRP	_	_	3	obj	_	_
.	_	PUNCT	.	_	_	3	punct	_	_"
roll up you window hard you can .,"roll	_	_	_	_	_	0	root	_	_
up	_	_	_	_	_	1	compound:prt	_	_
you	_	_	_	_	_	4	nmod:poss	_	_
window	_	_	_	_	_	1	obj	_	_
hard	_	_	_	_	_	1	advmod	_	_
you	_	_	_	_	_	7	nsubj	_	_
can	_	_	_	_	_	1	parataxis	_	_
.	_	_	_	_	_	1	punct	_	_","roll	_	_	_	_	_	0	root	_	_
up	_	_	_	_	_	1	compound:prt	_	_
you	_	_	_	_	_	4	nmod:poss	_	_
window	_	_	_	_	_	1	obj	_	_
hard	_	_	_	_	_	1	advmod	_	_
you	_	_	_	_	_	7	nsubj	_	_
can	_	_	_	_	_	5	advcl	_	_
.	_	_	_	_	_	1	punct	_	_","roll	_	VERB	VB	_	_	0	root	_	_
up	_	ADP	RP	_	_	1	compound:prt	_	_
you	_	PRON	PRP$	_	_	4	nmod:poss	_	_
window	_	NOUN	NN	_	_	1	obj	_	_
hard	_	ADV	RB	_	_	1	advmod	_	_
you	_	PRON	PRP	_	_	7	nsubj	_	_
can	_	AUX	MD	_	_	1	parataxis	_	_
.	_	PUNCT	.	_	_	1	punct	_	_"
that fit ?,"that	_	_	_	_	_	2	nsubj	_	_
fit	_	_	_	_	_	0	root	_	_
?	_	_	_	_	_	2	punct	_	_","that	_	_	_	_	_	2	nsubj	_	_
fit	_	_	_	_	_	0	root	_	_
?	_	_	_	_	_	2	punct	_	_","that	_	DET	DT	_	_	2	det	_	_
fit	_	NOUN	NN	_	_	0	root	_	_
?	_	PUNCT	.	_	_	2	punct	_	_"
doesn't fit .,"doesn't	_	_	_	_	_	2	advmod	_	_
fit	_	_	_	_	_	0	root	_	_
.	_	_	_	_	_	2	punct	_	_","doesn't	_	_	_	_	_	2	advmod	_	_
fit	_	_	_	_	_	0	root	_	_
.	_	_	_	_	_	2	punct	_	_","does	_	AUX	VBZ	_	_	3	aux	_	_
n't	_	PART	RB	_	_	3	advmod	_	_
fit	_	VERB	VB	_	_	0	root	_	_
.	_	PUNCT	.	_	_	3	punct	_	_"
that fit .,"that	_	_	_	_	_	2	nsubj	_	_
fit	_	_	_	_	_	0	root	_	_
.	_	_	_	_	_	2	punct	_	_","that	_	_	_	_	_	2	nsubj	_	_
fit	_	_	_	_	_	0	root	_	_
.	_	_	_	_	_	2	punct	_	_","that	_	DET	DT	_	_	2	det	_	_
fit	_	NOUN	NN	_	_	0	root	_	_
.	_	PUNCT	.	_	_	2	punct	_	_"
do do right .,"do	_	_	_	_	_	2	reparandum	_	_
do	_	_	_	_	_	0	root	_	_
right	_	_	_	_	_	2	advmod	_	_
.	_	_	_	_	_	2	punct	_	_","do	_	_	_	_	_	2	discourse	_	_
do	_	_	_	_	_	0	root	_	_
right	_	_	_	_	_	2	advmod	_	_
.	_	_	_	_	_	2	punct	_	_","do	_	AUX	VB	_	_	2	aux	_	_
do	_	VERB	VB	_	_	0	root	_	_
right	_	ADJ	JJ	_	_	2	xcomp	_	_
.	_	PUNCT	.	_	_	2	punct	_	_"
go baseball .,"go	_	_	_	_	_	0	root	_	_
baseball	_	_	_	_	_	1	obl	_	_
.	_	_	_	_	_	1	punct	_	_","go	_	_	_	_	_	0	root	_	_
baseball	_	_	_	_	_	1	obj	_	_
.	_	_	_	_	_	1	punct	_	_","go	_	VERB	VB	_	_	0	root	_	_
baseball	_	NOUN	NN	_	_	1	obj	_	_
.	_	PUNCT	.	_	_	1	punct	_	_"
twenty third is Christmas .,"twenty	_	_	_	_	_	2	compound	_	_
third	_	_	_	_	_	4	nsubj	_	_
is	_	_	_	_	_	4	cop	_	_
Christmas	_	_	_	_	_	0	root	_	_
.	_	_	_	_	_	4	punct	_	_","twenty	_	_	_	_	_	2	nummod	_	_
third	_	_	_	_	_	4	nsubj	_	_
is	_	_	_	_	_	4	cop	_	_
Christmas	_	_	_	_	_	0	root	_	_
.	_	_	_	_	_	4	punct	_	_","twenty	_	NUM	CD	_	_	2	nummod	_	_
third	_	NOUN	NN	_	_	4	nsubj	_	_
is	_	AUX	VBZ	_	_	4	cop	_	_
Christmas	_	PROPN	NNP	_	_	0	root	_	_
.	_	PUNCT	.	_	_	4	punct	_	_"
I train man .,"I	_	_	_	_	_	2	nsubj	_	_
train	_	_	_	_	_	0	root	_	_
man	_	_	_	_	_	2	obj	_	_
.	_	_	_	_	_	2	punct	_	_","I	_	_	_	_	_	2	nsubj	_	_
train	_	_	_	_	_	0	root	_	_
man	_	_	_	_	_	2	vocative	_	_
.	_	_	_	_	_	2	punct	_	_","I	_	PRON	PRP	_	_	2	nsubj	_	_
train	_	VERB	VBP	_	_	0	root	_	_
man	_	NOUN	NN	_	_	2	obj	_	_
.	_	PUNCT	.	_	_	2	punct	_	_"
I ride round in my engine all up .,"I	_	_	_	_	_	2	nsubj	_	_
ride	_	_	_	_	_	0	root	_	_
round	_	_	_	_	_	2	advmod	_	_
in	_	_	_	_	_	6	case	_	_
my	_	_	_	_	_	6	nmod:poss	_	_
engine	_	_	_	_	_	2	obl	_	_
all	_	_	_	_	_	8	advmod	_	_
up	_	_	_	_	_	2	advmod	_	_
.	_	_	_	_	_	2	punct	_	_","I	_	_	_	_	_	2	nsubj	_	_
ride	_	_	_	_	_	0	root	_	_
round	_	_	_	_	_	2	advmod	_	_
in	_	_	_	_	_	6	case	_	_
my	_	_	_	_	_	6	nmod:poss	_	_
engine	_	_	_	_	_	2	obl	_	_
all	_	_	_	_	_	8	advmod	_	_
up	_	_	_	_	_	2	advcl	_	_
.	_	_	_	_	_	2	punct	_	_","I	_	PRON	PRP	_	_	2	nsubj	_	_
ride	_	VERB	VBP	_	_	0	root	_	_
round	_	ADV	RB	_	_	2	advmod	_	_
in	_	ADP	IN	_	_	6	case	_	_
my	_	PRON	PRP$	_	_	6	nmod:poss	_	_
engine	_	NOUN	NN	_	_	2	obl	_	_
all	_	DET	DT	_	_	8	det	_	_
up	_	ADP	RP	_	_	2	compound:prt	_	_
.	_	PUNCT	.	_	_	2	punct	_	_"
my James's driver .,"my	_	_	_	_	_	2	nmod:poss	_	_
James's	_	_	_	_	_	3	nmod:poss	_	_
driver	_	_	_	_	_	0	root	_	_
.	_	_	_	_	_	3	punct	_	_","my	_	_	_	_	_	2	nmod:poss	_	_
James's	_	_	_	_	_	3	nmod:poss	_	_
driver	_	_	_	_	_	0	root	_	_
.	_	_	_	_	_	3	punct	_	_","my	_	PRON	PRP$	_	_	2	nmod:poss	_	_
James	_	PROPN	NNP	_	_	4	nmod:poss	_	_
's	_	PART	POS	_	_	2	case	_	_
driver	_	NOUN	NN	_	_	0	root	_	_
.	_	PUNCT	.	_	_	4	punct	_	_"
I'm coming you're coming you .,"I'm	_	_	_	_	_	2	nsubj	_	_
coming	_	_	_	_	_	0	root	_	_
you're	_	_	_	_	_	4	nsubj	_	_
coming	_	_	_	_	_	2	parataxis	_	_
you	_	_	_	_	_	4	vocative	_	_
.	_	_	_	_	_	2	punct	_	_","I'm	_	_	_	_	_	2	nsubj	_	_
coming	_	_	_	_	_	0	root	_	_
you're	_	_	_	_	_	4	nsubj	_	_
coming	_	_	_	_	_	2	parataxis	_	_
you	_	_	_	_	_	4	vocative	_	_
.	_	_	_	_	_	2	punct	_	_","I	_	PRON	PRP	_	_	3	nsubj	_	_
'm	_	AUX	VBP	_	_	3	aux	_	_
coming	_	VERB	VBG	_	_	0	root	_	_
you	_	PRON	PRP	_	_	6	nsubj	_	_
're	_	AUX	VBP	_	_	6	aux	_	_
coming	_	VERB	VBG	_	_	3	ccomp	_	_
you	_	PRON	PRP	_	_	6	obj	_	_
.	_	PUNCT	.	_	_	3	punct	_	_"
I not got lots of seats for you .,"I	_	_	_	_	_	3	nsubj	_	_
not	_	_	_	_	_	3	advmod	_	_
got	_	_	_	_	_	0	root	_	_
lots	_	_	_	_	_	3	obj	_	_
of	_	_	_	_	_	6	case	_	_
seats	_	_	_	_	_	4	nmod	_	_
for	_	_	_	_	_	8	case	_	_
you	_	_	_	_	_	4	nmod	_	_
.	_	_	_	_	_	3	punct	_	_","I	_	_	_	_	_	3	nsubj	_	_
not	_	_	_	_	_	3	advmod	_	_
got	_	_	_	_	_	0	root	_	_
lots	_	_	_	_	_	3	obj	_	_
of	_	_	_	_	_	6	case	_	_
seats	_	_	_	_	_	4	nmod	_	_
for	_	_	_	_	_	8	case	_	_
you	_	_	_	_	_	3	obl	_	_
.	_	_	_	_	_	3	punct	_	_","I	_	PRON	PRP	_	_	3	nsubj	_	_
not	_	PART	RB	_	_	3	advmod	_	_
got	_	VERB	VBD	_	_	0	root	_	_
lots	_	NOUN	NNS	_	_	3	obj	_	_
of	_	ADP	IN	_	_	6	case	_	_
seats	_	NOUN	NNS	_	_	4	nmod	_	_
for	_	ADP	IN	_	_	8	case	_	_
you	_	PRON	PRP	_	_	3	obl	_	_
.	_	PUNCT	.	_	_	3	punct	_	_"
I just eated it all up .,"I	_	_	_	_	_	3	nsubj	_	_
just	_	_	_	_	_	3	advmod	_	_
eated	_	_	_	_	_	0	root	_	_
it	_	_	_	_	_	3	obj	_	_
all	_	_	_	_	_	6	advmod	_	_
up	_	_	_	_	_	3	compound:prt	_	_
.	_	_	_	_	_	3	punct	_	_","I	_	_	_	_	_	3	nsubj	_	_
just	_	_	_	_	_	3	advmod	_	_
eated	_	_	_	_	_	0	root	_	_
it	_	_	_	_	_	3	obj	_	_
all	_	_	_	_	_	4	nmod:unmarked	_	_
up	_	_	_	_	_	3	compound:prt	_	_
.	_	_	_	_	_	3	punct	_	_","I	_	PRON	PRP	_	_	3	nsubj	_	_
just	_	ADV	RB	_	_	3	advmod	_	_
eated	_	VERB	VBD	_	_	0	root	_	_
it	_	PRON	PRP	_	_	3	obj	_	_
all	_	DET	DT	_	_	6	det	_	_
up	_	ADP	RP	_	_	3	compound:prt	_	_
.	_	PUNCT	.	_	_	3	punct	_	_"
your chair all up .,"your	_	_	_	_	_	2	nmod:poss	_	_
chair	_	_	_	_	_	4	nsubj	_	_
all	_	_	_	_	_	4	advmod	_	_
up	_	_	_	_	_	0	root	_	_
.	_	_	_	_	_	4	punct	_	_","your	_	_	_	_	_	2	nmod:poss	_	_
chair	_	_	_	_	_	4	nsubj	_	_
all	_	_	_	_	_	4	advmod	_	_
up	_	_	_	_	_	0	root	_	_
.	_	_	_	_	_	4	punct	_	_","your	_	PRON	PRP$	_	_	2	nmod:poss	_	_
chair	_	NOUN	NN	_	_	4	nsubj	_	_
all	_	DET	DT	_	_	2	det	_	_
up	_	ADP	RP	_	_	0	root	_	_
.	_	PUNCT	.	_	_	4	punct	_	_"
your chair all up .,"your	_	_	_	_	_	2	nmod:poss	_	_
chair	_	_	_	_	_	4	nsubj	_	_
all	_	_	_	_	_	4	advmod	_	_
up	_	_	_	_	_	0	root	_	_
.	_	_	_	_	_	4	punct	_	_","your	_	_	_	_	_	2	nmod:poss	_	_
chair	_	_	_	_	_	4	nsubj	_	_
all	_	_	_	_	_	4	advmod	_	_
up	_	_	_	_	_	0	root	_	_
.	_	_	_	_	_	4	punct	_	_","your	_	PRON	PRP$	_	_	2	nmod:poss	_	_
chair	_	NOUN	NN	_	_	4	nsubj	_	_
all	_	DET	DT	_	_	2	det	_	_
up	_	ADP	RP	_	_	0	root	_	_
.	_	PUNCT	.	_	_	4	punct	_	_"
uh engine driver brush his my brush his hair .,"uh	_	_	_	_	_	3	discourse	_	_
engine	_	_	_	_	_	3	compound	_	_
driver	_	_	_	_	_	7	nsubj	_	_
brush	_	_	_	_	_	7	reparandum	_	_
his	_	_	_	_	_	6	reparandum	_	_
my	_	_	_	_	_	7	nsubj	_	_
brush	_	_	_	_	_	0	root	_	_
his	_	_	_	_	_	9	nmod:poss	_	_
hair	_	_	_	_	_	7	obj	_	_
.	_	_	_	_	_	7	punct	_	_","uh	_	_	_	_	_	4	discourse	_	_
engine	_	_	_	_	_	3	compound	_	_
driver	_	_	_	_	_	4	nsubj	_	_
brush	_	_	_	_	_	0	root	_	_
his	_	_	_	_	_	4	obj	_	_
my	_	_	_	_	_	7	obj	_	_
brush	_	_	_	_	_	4	parataxis	_	_
his	_	_	_	_	_	9	nmod:poss	_	_
hair	_	_	_	_	_	7	obj	_	_
.	_	_	_	_	_	4	punct	_	_","uh	_	INTJ	UH	_	_	4	discourse	_	_
engine	_	NOUN	NN	_	_	3	compound	_	_
driver	_	NOUN	NN	_	_	4	nsubj	_	_
brush	_	VERB	VB	_	_	0	root	_	_
his	_	PRON	PRP$	_	_	9	nmod:poss	_	_
my	_	PRON	PRP$	_	_	7	nmod:poss	_	_
brush	_	VERB	VB	_	_	4	xcomp	_	_
his	_	PRON	PRP$	_	_	9	nmod:poss	_	_
hair	_	NOUN	NN	_	_	7	obj	_	_
.	_	PUNCT	.	_	_	4	punct	_	_"
uh uh seaside .,"uh	_	_	_	_	_	3	discourse	_	_
uh	_	_	_	_	_	1	conj	_	_
seaside	_	_	_	_	_	0	root	_	_
.	_	_	_	_	_	3	punct	_	_","uh	_	_	_	_	_	3	discourse	_	_
uh	_	_	_	_	_	3	discourse	_	_
seaside	_	_	_	_	_	0	root	_	_
.	_	_	_	_	_	3	punct	_	_","uh	_	INTJ	UH	_	_	3	discourse	_	_
uh	_	INTJ	UH	_	_	3	discourse	_	_
seaside	_	NOUN	NN	_	_	0	root	_	_
.	_	PUNCT	.	_	_	3	punct	_	_"
my train driver man .,"my	_	_	_	_	_	3	nmod:poss	_	_
train	_	_	_	_	_	3	compound	_	_
driver	_	_	_	_	_	4	compound	_	_
man	_	_	_	_	_	0	root	_	_
.	_	_	_	_	_	3	punct	_	_","my	_	_	_	_	_	3	nmod:poss	_	_
train	_	_	_	_	_	3	compound	_	_
driver	_	_	_	_	_	0	root	_	_
man	_	_	_	_	_	3	vocative	_	_
.	_	_	_	_	_	3	punct	_	_","my	_	PRON	PRP$	_	_	4	nmod:poss	_	_
train	_	NOUN	NN	_	_	3	compound	_	_
driver	_	NOUN	NN	_	_	4	compound	_	_
man	_	NOUN	NN	_	_	0	root	_	_
.	_	PUNCT	.	_	_	4	punct	_	_"
like some Quavers .,"like	_	_	_	_	_	3	case	_	_
some	_	_	_	_	_	3	det	_	_
Quavers	_	_	_	_	_	0	root	_	_
.	_	_	_	_	_	3	punct	_	_","like	_	_	_	_	_	3	discourse	_	_
some	_	_	_	_	_	3	det	_	_
Quavers	_	_	_	_	_	0	root	_	_
.	_	_	_	_	_	3	punct	_	_","like	_	ADP	IN	_	_	3	case	_	_
some	_	DET	DT	_	_	3	det	_	_
Quavers	_	NOUN	NNS	_	_	0	root	_	_
.	_	PUNCT	.	_	_	3	punct	_	_"
like a sandwich .,"like	_	_	_	_	_	3	case	_	_
a	_	_	_	_	_	3	det	_	_
sandwich	_	_	_	_	_	0	root	_	_
.	_	_	_	_	_	3	punct	_	_","like	_	_	_	_	_	3	discourse	_	_
a	_	_	_	_	_	3	det	_	_
sandwich	_	_	_	_	_	0	root	_	_
.	_	_	_	_	_	3	punct	_	_","like	_	ADP	IN	_	_	3	case	_	_
a	_	DET	DT	_	_	3	det	_	_
sandwich	_	NOUN	NN	_	_	0	root	_	_
.	_	PUNCT	.	_	_	3	punct	_	_"
I like Mummy train driver said .,"I	_	_	_	_	_	2	nsubj	_	_
like	_	_	_	_	_	0	root	_	_
Mummy	_	_	_	_	_	2	obj	_	_
train	_	_	_	_	_	5	compound	_	_
driver	_	_	_	_	_	6	nsubj	_	_
said	_	_	_	_	_	2	parataxis	_	_
.	_	_	_	_	_	2	punct	_	_","I	_	_	_	_	_	2	nsubj	_	_
like	_	_	_	_	_	6	ccomp	_	_
Mummy	_	_	_	_	_	2	obj	_	_
train	_	_	_	_	_	5	compound	_	_
driver	_	_	_	_	_	6	nsubj	_	_
said	_	_	_	_	_	0	root	_	_
.	_	_	_	_	_	6	punct	_	_","I	_	PRON	PRP	_	_	2	nsubj	_	_
like	_	VERB	VBP	_	_	0	root	_	_
Mummy	_	PROPN	NNP	_	_	5	compound	_	_
train	_	NOUN	NN	_	_	5	compound	_	_
driver	_	NOUN	NN	_	_	6	nsubj	_	_
said	_	VERB	VBD	_	_	2	ccomp	_	_
.	_	PUNCT	.	_	_	2	punct	_	_"
wanna play a helicopter .,"wanna	_	_	_	_	_	0	root	_	_
play	_	_	_	_	_	1	xcomp	_	_
a	_	_	_	_	_	4	det	_	_
helicopter	_	_	_	_	_	2	obj	_	_
.	_	_	_	_	_	1	punct	_	_","wanna	_	_	_	_	_	0	root	_	_
play	_	_	_	_	_	1	xcomp	_	_
a	_	_	_	_	_	4	det	_	_
helicopter	_	_	_	_	_	2	obj	_	_
.	_	_	_	_	_	1	punct	_	_","wan	_	VERB	VBP	_	_	0	root	_	_
na	_	PART	TO	_	_	3	mark	_	_
play	_	VERB	VB	_	_	1	xcomp	_	_
a	_	DET	DT	_	_	5	det	_	_
helicopter	_	NOUN	NN	_	_	3	obj	_	_
.	_	PUNCT	.	_	_	1	punct	_	_"
a a giraffe is suitsuit .,"a	_	_	_	_	_	2	reparandum	_	_
a	_	_	_	_	_	3	det	_	_
giraffe	_	_	_	_	_	5	nsubj	_	_
is	_	_	_	_	_	5	cop	_	_
suitsuit	_	_	_	_	_	0	root	_	_
.	_	_	_	_	_	5	punct	_	_","a	_	_	_	_	_	5	reparandum	_	_
a	_	_	_	_	_	3	det	_	_
giraffe	_	_	_	_	_	5	nsubj	_	_
is	_	_	_	_	_	5	cop	_	_
suitsuit	_	_	_	_	_	0	root	_	_
.	_	_	_	_	_	5	punct	_	_","a	_	DET	DT	_	_	3	det	_	_
a	_	DET	DT	_	_	3	det	_	_
giraffe	_	NOUN	NN	_	_	5	nsubj	_	_
is	_	AUX	VBZ	_	_	5	cop	_	_
suitsuit	_	NOUN	NN	_	_	0	root	_	_
.	_	PUNCT	.	_	_	5	punct	_	_"
my say boo boo .,"my	_	_	_	_	_	2	nsubj	_	_
say	_	_	_	_	_	0	root	_	_
boo	_	_	_	_	_	2	obj	_	_
boo	_	_	_	_	_	3	flat	_	_
.	_	_	_	_	_	2	punct	_	_","my	_	_	_	_	_	2	nsubj	_	_
say	_	_	_	_	_	0	root	_	_
boo	_	_	_	_	_	2	ccomp	_	_
boo	_	_	_	_	_	3	flat	_	_
.	_	_	_	_	_	2	punct	_	_","my	_	PRON	PRP$	_	_	4	nmod:poss	_	_
say	_	VERB	VB	_	_	4	amod	_	_
boo	_	NOUN	NN	_	_	4	compound	_	_
boo	_	NOUN	NN	_	_	0	root	_	_
.	_	PUNCT	.	_	_	2	punct	_	_"
dustbin wagon pulled up .,"dustbin	_	_	_	_	_	2	compound	_	_
wagon	_	_	_	_	_	3	nsubj	_	_
pulled	_	_	_	_	_	0	root	_	_
up	_	_	_	_	_	3	compound:prt	_	_
.	_	_	_	_	_	3	punct	_	_","dustbin	_	_	_	_	_	2	compound	_	_
wagon	_	_	_	_	_	3	nsubj	_	_
pulled	_	_	_	_	_	0	root	_	_
up	_	_	_	_	_	3	compound:prt	_	_
.	_	_	_	_	_	3	punct	_	_","dustbin	_	NOUN	NN	_	_	2	compound	_	_
wagon	_	NOUN	NN	_	_	3	nsubj:pass	_	_
pulled	_	VERB	VBN	_	_	0	root	_	_
up	_	ADP	RP	_	_	3	compound:prt	_	_
.	_	PUNCT	.	_	_	3	punct	_	_"
fine now .,"fine	_	_	_	_	_	0	root	_	_
now	_	_	_	_	_	1	advmod	_	_
.	_	_	_	_	_	1	punct	_	_","fine	_	_	_	_	_	0	root	_	_
now	_	_	_	_	_	1	advmod	_	_
.	_	_	_	_	_	2	punct	_	_","fine	_	ADJ	JJ	_	_	0	root	_	_
now	_	ADV	RB	_	_	1	advmod	_	_
.	_	PUNCT	.	_	_	1	punct	_	_"
dustbin bag's on the floor .,"dustbin	_	_	_	_	_	2	compound	_	_
bag's	_	_	_	_	_	5	nsubj	_	_
on	_	_	_	_	_	5	case	_	_
the	_	_	_	_	_	5	det	_	_
floor	_	_	_	_	_	0	root	_	_
.	_	_	_	_	_	5	punct	_	_","dustbin	_	_	_	_	_	2	compound	_	_
bag's	_	_	_	_	_	5	nsubj	_	_
on	_	_	_	_	_	5	case	_	_
the	_	_	_	_	_	5	det	_	_
floor	_	_	_	_	_	0	root	_	_
.	_	_	_	_	_	5	punct	_	_","dustbin	_	NOUN	NN	_	_	2	compound	_	_
bag	_	NOUN	NN	_	_	6	nsubj	_	_
's	_	AUX	VBZ	_	_	6	cop	_	_
on	_	ADP	IN	_	_	6	case	_	_
the	_	DET	DT	_	_	6	det	_	_
floor	_	NOUN	NN	_	_	0	root	_	_
.	_	PUNCT	.	_	_	6	punct	_	_"
buy some more Quavers the shop .,"buy	_	_	_	_	_	0	root	_	_
some	_	_	_	_	_	4	det	_	_
more	_	_	_	_	_	4	amod	_	_
Quavers	_	_	_	_	_	1	obj	_	_
the	_	_	_	_	_	6	det	_	_
shop	_	_	_	_	_	1	parataxis	_	_
.	_	_	_	_	_	1	punct	_	_","buy	_	_	_	_	_	0	root	_	_
some	_	_	_	_	_	4	det	_	_
more	_	_	_	_	_	4	amod	_	_
Quavers	_	_	_	_	_	1	obj	_	_
the	_	_	_	_	_	6	det	_	_
shop	_	_	_	_	_	1	obl:unmarked	_	_
.	_	_	_	_	_	1	punct	_	_","buy	_	VERB	VB	_	_	0	root	_	_
some	_	DET	DT	_	_	4	det	_	_
more	_	ADJ	JJR	_	_	4	amod	_	_
Quavers	_	NOUN	NNS	_	_	1	obj	_	_
the	_	DET	DT	_	_	6	det	_	_
shop	_	NOUN	NN	_	_	1	obj	_	_
.	_	PUNCT	.	_	_	1	punct	_	_"
is my fireman's .,"is	_	_	_	_	_	3	cop	_	_
my	_	_	_	_	_	3	nmod:poss	_	_
fireman's	_	_	_	_	_	0	root	_	_
.	_	_	_	_	_	3	punct	_	_","is	_	_	_	_	_	3	cop	_	_
my	_	_	_	_	_	3	nmod:poss	_	_
fireman's	_	_	_	_	_	0	root	_	_
.	_	_	_	_	_	3	punct	_	_","is	_	AUX	VBZ	_	_	3	cop	_	_
my	_	PRON	PRP$	_	_	3	nmod:poss	_	_
fireman	_	NOUN	NN	_	_	0	root	_	_
's	_	PART	POS	_	_	3	case	_	_
.	_	PUNCT	.	_	_	3	punct	_	_"
look like like a mixer .,"look	_	_	_	_	_	0	root	_	_
like	_	_	_	_	_	3	reparandum	_	_
like	_	_	_	_	_	5	case	_	_
a	_	_	_	_	_	5	det	_	_
mixer	_	_	_	_	_	1	obl	_	_
.	_	_	_	_	_	1	punct	_	_","look	_	_	_	_	_	0	root	_	_
like	_	_	_	_	_	5	reparandum	_	_
like	_	_	_	_	_	5	case	_	_
a	_	_	_	_	_	5	det	_	_
mixer	_	_	_	_	_	1	obl	_	_
.	_	_	_	_	_	1	punct	_	_","look	_	VERB	VB	_	_	0	root	_	_
like	_	ADP	IN	_	_	5	case	_	_
like	_	ADP	IN	_	_	5	case	_	_
a	_	DET	DT	_	_	5	det	_	_
mixer	_	NOUN	NN	_	_	1	obl	_	_
.	_	PUNCT	.	_	_	1	punct	_	_"
lots lots bricks on it .,"lots	_	_	_	_	_	2	reparandum	_	_
lots	_	_	_	_	_	3	conj	_	_
bricks	_	_	_	_	_	0	root	_	_
on	_	_	_	_	_	5	case	_	_
it	_	_	_	_	_	3	nmod	_	_
.	_	_	_	_	_	3	punct	_	_","lots	_	_	_	_	_	3	discourse	_	_
lots	_	_	_	_	_	3	compound	_	_
bricks	_	_	_	_	_	0	root	_	_
on	_	_	_	_	_	5	case	_	_
it	_	_	_	_	_	3	nmod	_	_
.	_	_	_	_	_	3	punct	_	_","lots	_	NOUN	NNS	_	_	3	compound	_	_
lots	_	NOUN	NNS	_	_	3	compound	_	_
bricks	_	NOUN	NNS	_	_	0	root	_	_
on	_	ADP	IN	_	_	5	case	_	_
it	_	PRON	PRP	_	_	3	nmod	_	_
.	_	PUNCT	.	_	_	3	punct	_	_"
not lid off like that .,"not	_	_	_	_	_	2	advmod	_	_
lid	_	_	_	_	_	0	root	_	_
off	_	_	_	_	_	2	advmod	_	_
like	_	_	_	_	_	5	case	_	_
that	_	_	_	_	_	2	nmod	_	_
.	_	_	_	_	_	2	punct	_	_","not	_	_	_	_	_	2	advmod	_	_
lid	_	_	_	_	_	0	root	_	_
off	_	_	_	_	_	2	compound:prt	_	_
like	_	_	_	_	_	5	case	_	_
that	_	_	_	_	_	2	obl	_	_
.	_	_	_	_	_	2	punct	_	_","not	_	PART	RB	_	_	2	advmod	_	_
lid	_	VERB	VB	_	_	0	root	_	_
off	_	ADP	RP	_	_	2	compound:prt	_	_
like	_	ADP	IN	_	_	5	case	_	_
that	_	PRON	DT	_	_	2	obl	_	_
.	_	PUNCT	.	_	_	2	punct	_	_"
Mummy not cross .,"Mummy	_	_	_	_	_	3	vocative	_	_
not	_	_	_	_	_	3	advmod	_	_
cross	_	_	_	_	_	0	root	_	_
.	_	_	_	_	_	3	punct	_	_","Mummy	_	_	_	_	_	3	nsubj	_	_
not	_	_	_	_	_	3	advmod	_	_
cross	_	_	_	_	_	0	root	_	_
.	_	_	_	_	_	3	punct	_	_","Mummy	_	NOUN	NN	_	_	3	nsubj	_	_
not	_	PART	RB	_	_	3	advmod	_	_
cross	_	VERB	VB	_	_	0	root	_	_
.	_	PUNCT	.	_	_	3	punct	_	_"
want wanna get down now and wash my hands .,"want	_	_	_	_	_	2	reparandum	_	_
wanna	_	_	_	_	_	0	root	_	_
get	_	_	_	_	_	2	xcomp	_	_
down	_	_	_	_	_	3	advmod	_	_
now	_	_	_	_	_	3	advmod	_	_
and	_	_	_	_	_	7	cc	_	_
wash	_	_	_	_	_	3	conj	_	_
my	_	_	_	_	_	9	nmod:poss	_	_
hands	_	_	_	_	_	7	obj	_	_
.	_	_	_	_	_	2	punct	_	_","want	_	_	_	_	_	2	reparandum	_	_
wanna	_	_	_	_	_	0	root	_	_
get	_	_	_	_	_	2	xcomp	_	_
down	_	_	_	_	_	3	advmod	_	_
now	_	_	_	_	_	3	advmod	_	_
and	_	_	_	_	_	7	cc	_	_
wash	_	_	_	_	_	3	conj	_	_
my	_	_	_	_	_	9	nmod:poss	_	_
hands	_	_	_	_	_	7	obj	_	_
.	_	_	_	_	_	2	punct	_	_","want	_	VERB	VB	_	_	0	root	_	_
wan	_	VERB	VBP	_	_	1	xcomp	_	_
na	_	PART	TO	_	_	4	mark	_	_
get	_	VERB	VB	_	_	2	xcomp	_	_
down	_	ADP	RP	_	_	4	compound:prt	_	_
now	_	ADV	RB	_	_	4	advmod	_	_
and	_	CCONJ	CC	_	_	8	cc	_	_
wash	_	VERB	VB	_	_	4	conj	_	_
my	_	PRON	PRP$	_	_	10	nmod:poss	_	_
hands	_	NOUN	NNS	_	_	8	obj	_	_
.	_	PUNCT	.	_	_	1	punct	_	_"
I Bella's .,"I	_	_	_	_	_	2	nsubj	_	_
Bella's	_	_	_	_	_	0	root	_	_
.	_	_	_	_	_	2	punct	_	_","I	_	_	_	_	_	2	nsubj	_	_
Bella's	_	_	_	_	_	0	root	_	_
.	_	_	_	_	_	2	punct	_	_","I	_	PRON	PRP	_	_	2	nsubj	_	_
Bella	_	PROPN	NNP	_	_	0	root	_	_
's	_	PART	POS	_	_	2	case	_	_
.	_	PUNCT	.	_	_	2	punct	_	_"
in two two months .,"in	_	_	_	_	_	4	case	_	_
two	_	_	_	_	_	3	reparandum	_	_
two	_	_	_	_	_	4	nummod	_	_
months	_	_	_	_	_	0	root	_	_
.	_	_	_	_	_	4	punct	_	_","in	_	_	_	_	_	4	case	_	_
two	_	_	_	_	_	3	compound	_	_
two	_	_	_	_	_	4	nummod	_	_
months	_	_	_	_	_	0	root	_	_
.	_	_	_	_	_	4	punct	_	_","in	_	ADP	IN	_	_	4	case	_	_
two	_	NUM	CD	_	_	4	nummod	_	_
two	_	NUM	CD	_	_	4	nummod	_	_
months	_	NOUN	NNS	_	_	0	root	_	_
.	_	PUNCT	.	_	_	4	punct	_	_"
like Bella three .,"like	_	_	_	_	_	3	case	_	_
Bella	_	_	_	_	_	0	root	_	_
three	_	_	_	_	_	2	flat	_	_
.	_	_	_	_	_	3	punct	_	_","like	_	_	_	_	_	2	discourse	_	_
Bella	_	_	_	_	_	0	root	_	_
three	_	_	_	_	_	2	parataxis	_	_
.	_	_	_	_	_	2	punct	_	_","like	_	ADP	IN	_	_	2	case	_	_
Bella	_	PROPN	NNP	_	_	0	root	_	_
three	_	NUM	CD	_	_	2	nummod	_	_
.	_	PUNCT	.	_	_	2	punct	_	_"
not need Noo Noo .,"not	_	_	_	_	_	2	advmod	_	_
need	_	_	_	_	_	0	root	_	_
Noo	_	_	_	_	_	2	obj	_	_
Noo	_	_	_	_	_	3	flat	_	_
.	_	_	_	_	_	2	punct	_	_","not	_	_	_	_	_	2	advmod	_	_
need	_	_	_	_	_	0	root	_	_
Noo	_	_	_	_	_	2	obj	_	_
Noo	_	_	_	_	_	3	flat	_	_
.	_	_	_	_	_	2	punct	_	_","not	_	PART	RB	_	_	2	advmod	_	_
need	_	VERB	VB	_	_	0	root	_	_
Noo	_	INTJ	UH	_	_	2	discourse	_	_
Noo	_	INTJ	UH	_	_	2	discourse	_	_
.	_	PUNCT	.	_	_	2	punct	_	_"
Mummy need sweep Purdie all up .,"Mummy	_	_	_	_	_	2	vocative	_	_
need	_	_	_	_	_	0	root	_	_
sweep	_	_	_	_	_	2	xcomp	_	_
Purdie	_	_	_	_	_	3	obj	_	_
all	_	_	_	_	_	6	advmod	_	_
up	_	_	_	_	_	3	compound:prt	_	_
.	_	_	_	_	_	2	punct	_	_","Mummy	_	_	_	_	_	2	nsubj	_	_
need	_	_	_	_	_	0	root	_	_
sweep	_	_	_	_	_	2	xcomp	_	_
Purdie	_	_	_	_	_	3	obj	_	_
all	_	_	_	_	_	3	advmod	_	_
up	_	_	_	_	_	3	compound:prt	_	_
.	_	_	_	_	_	3	punct	_	_","Mummy	_	NOUN	NN	_	_	2	nsubj	_	_
need	_	VERB	VBP	_	_	0	root	_	_
sweep	_	NOUN	NN	_	_	2	obj	_	_
Purdie	_	PROPN	NNP	_	_	2	obj	_	_
all	_	DET	DT	_	_	6	det	_	_
up	_	ADP	RP	_	_	2	compound:prt	_	_
.	_	PUNCT	.	_	_	2	punct	_	_"
your head like a sausage .,"your	_	_	_	_	_	2	nmod:poss	_	_
head	_	_	_	_	_	0	root	_	_
like	_	_	_	_	_	5	case	_	_
a	_	_	_	_	_	5	det	_	_
sausage	_	_	_	_	_	2	nmod	_	_
.	_	_	_	_	_	2	punct	_	_","your	_	_	_	_	_	2	nmod:poss	_	_
head	_	_	_	_	_	0	root	_	_
like	_	_	_	_	_	5	case	_	_
a	_	_	_	_	_	5	det	_	_
sausage	_	_	_	_	_	2	nmod	_	_
.	_	_	_	_	_	2	punct	_	_","your	_	PRON	PRP$	_	_	2	nmod:poss	_	_
head	_	NOUN	NN	_	_	0	root	_	_
like	_	ADP	IN	_	_	5	case	_	_
a	_	DET	DT	_	_	5	det	_	_
sausage	_	NOUN	NN	_	_	2	nmod	_	_
.	_	PUNCT	.	_	_	5	punct	_	_"
Thomas green .,"Thomas	_	_	_	_	_	2	nsubj	_	_
green	_	_	_	_	_	0	root	_	_
.	_	_	_	_	_	2	punct	_	_","Thomas	_	_	_	_	_	2	compound	_	_
green	_	_	_	_	_	0	root	_	_
.	_	_	_	_	_	2	punct	_	_","Thomas	_	PROPN	NNP	_	_	2	nsubj	_	_
green	_	ADJ	JJ	_	_	0	root	_	_
.	_	PUNCT	.	_	_	2	punct	_	_"
come my own .,"come	_	_	_	_	_	0	root	_	_
my	_	_	_	_	_	3	nmod:poss	_	_
own	_	_	_	_	_	1	obj	_	_
.	_	_	_	_	_	1	punct	_	_","come	_	_	_	_	_	0	root	_	_
my	_	_	_	_	_	3	nmod:poss	_	_
own	_	_	_	_	_	1	xcomp	_	_
.	_	_	_	_	_	1	punct	_	_","come	_	VERB	VB	_	_	0	root	_	_
my	_	PRON	PRP$	_	_	3	nmod:poss	_	_
own	_	ADJ	JJ	_	_	1	obj	_	_
.	_	PUNCT	.	_	_	1	punct	_	_"
see see La La on see Lala on something .,"see	_	_	_	_	_	2	reparandum	_	_
see	_	_	_	_	_	0	root	_	_
La	_	_	_	_	_	2	obj	_	_
La	_	_	_	_	_	3	flat	_	_
on	_	_	_	_	_	2	reparandum	_	_
see	_	_	_	_	_	2	parataxis	_	_
Lala	_	_	_	_	_	6	obj	_	_
on	_	_	_	_	_	9	case	_	_
something	_	_	_	_	_	6	obl	_	_
.	_	_	_	_	_	2	punct	_	_","see	_	_	_	_	_	2	discourse	_	_
see	_	_	_	_	_	0	root	_	_
La	_	_	_	_	_	2	obj	_	_
La	_	_	_	_	_	3	flat	_	_
on	_	_	_	_	_	6	reparandum	_	_
see	_	_	_	_	_	2	parataxis	_	_
Lala	_	_	_	_	_	6	obj	_	_
on	_	_	_	_	_	9	case	_	_
something	_	_	_	_	_	6	obl	_	_
.	_	_	_	_	_	2	punct	_	_","see	_	VERB	VB	_	_	0	root	_	_
see	_	VERB	VB	_	_	1	xcomp	_	_
La	_	PROPN	NNP	_	_	2	obj	_	_
La	_	PROPN	NNP	_	_	3	flat	_	_
on	_	ADP	IN	_	_	6	mark	_	_
see	_	VERB	VB	_	_	2	xcomp	_	_
Lala	_	PROPN	NNP	_	_	6	obj	_	_
on	_	ADP	IN	_	_	9	case	_	_
something	_	PRON	NN	_	_	6	obl	_	_
.	_	PUNCT	.	_	_	1	punct	_	_"
is what policeman say .,"is	_	_	_	_	_	0	root	_	_
what	_	_	_	_	_	4	obj	_	_
policeman	_	_	_	_	_	4	nsubj	_	_
say	_	_	_	_	_	1	ccomp	_	_
.	_	_	_	_	_	1	punct	_	_","is	_	_	_	_	_	2	cop	_	_
what	_	_	_	_	_	0	root	_	_
policeman	_	_	_	_	_	4	nsubj	_	_
say	_	_	_	_	_	2	acl:relcl	_	_
.	_	_	_	_	_	2	punct	_	_","is	_	AUX	VBZ	_	_	2	cop	_	_
what	_	DET	WDT	_	_	0	root	_	_
policeman	_	NOUN	NN	_	_	4	nsubj	_	_
say	_	VERB	VBP	_	_	2	acl:relcl	_	_
.	_	PUNCT	.	_	_	2	punct	_	_"
ask Mummy .,"ask	_	_	_	_	_	0	root	_	_
Mummy	_	_	_	_	_	1	obj	_	_
.	_	_	_	_	_	1	punct	_	_","ask	_	_	_	_	_	0	root	_	_
Mummy	_	_	_	_	_	1	iobj	_	_
.	_	_	_	_	_	1	punct	_	_","ask	_	VERB	VB	_	_	0	root	_	_
Mummy	_	PROPN	NNP	_	_	1	obj	_	_
.	_	PUNCT	.	_	_	1	punct	_	_"
my policeman looking naughty boys .,"my	_	_	_	_	_	5	nmod:poss	_	_
policeman	_	_	_	_	_	5	compound	_	_
looking	_	_	_	_	_	5	amod	_	_
naughty	_	_	_	_	_	5	amod	_	_
boys	_	_	_	_	_	0	root	_	_
.	_	_	_	_	_	5	punct	_	_","my	_	_	_	_	_	5	nmod:poss	_	_
policeman	_	_	_	_	_	3	compound	_	_
looking	_	_	_	_	_	5	amod	_	_
naughty	_	_	_	_	_	5	amod	_	_
boys	_	_	_	_	_	0	root	_	_
.	_	_	_	_	_	5	punct	_	_","my	_	PRON	PRP$	_	_	2	nmod:poss	_	_
policeman	_	NOUN	NN	_	_	3	nsubj	_	_
looking	_	VERB	VBG	_	_	0	root	_	_
naughty	_	ADJ	JJ	_	_	5	amod	_	_
boys	_	NOUN	NNS	_	_	3	obj	_	_
.	_	PUNCT	.	_	_	3	punct	_	_"
my my big .,"my	_	_	_	_	_	2	reparandum	_	_
my	_	_	_	_	_	3	nmod:poss	_	_
big	_	_	_	_	_	0	root	_	_
.	_	_	_	_	_	3	punct	_	_","my	_	_	_	_	_	3	nmod:poss	_	_
my	_	_	_	_	_	3	nmod:poss	_	_
big	_	_	_	_	_	0	root	_	_
.	_	_	_	_	_	3	punct	_	_","my	_	PRON	PRP$	_	_	3	nmod:poss	_	_
my	_	PRON	PRP$	_	_	3	nmod:poss	_	_
big	_	ADJ	JJ	_	_	0	root	_	_
.	_	PUNCT	.	_	_	3	punct	_	_"
go another policeman like that .,"go	_	_	_	_	_	0	root	_	_
another	_	_	_	_	_	3	det	_	_
policeman	_	_	_	_	_	1	nsubj	_	_
like	_	_	_	_	_	5	case	_	_
that	_	_	_	_	_	3	nmod	_	_
.	_	_	_	_	_	1	punct	_	_","go	_	_	_	_	_	0	root	_	_
another	_	_	_	_	_	3	det	_	_
policeman	_	_	_	_	_	1	obj	_	_
like	_	_	_	_	_	5	case	_	_
that	_	_	_	_	_	1	obl	_	_
.	_	_	_	_	_	1	punct	_	_","go	_	VERB	VB	_	_	0	root	_	_
another	_	DET	DT	_	_	3	det	_	_
policeman	_	NOUN	NN	_	_	1	obj	_	_
like	_	ADP	IN	_	_	5	case	_	_
that	_	PRON	DT	_	_	1	obl	_	_
.	_	PUNCT	.	_	_	1	punct	_	_"
a go my back my van my naughty .,"a	_	_	_	_	_	2	discourse	_	_
go	_	_	_	_	_	0	root	_	_
my	_	_	_	_	_	4	nmod:poss	_	_
back	_	_	_	_	_	2	obl	_	_
my	_	_	_	_	_	6	nmod:poss	_	_
van	_	_	_	_	_	2	parataxis	_	_
my	_	_	_	_	_	8	nmod:poss	_	_
naughty	_	_	_	_	_	2	parataxis	_	_
.	_	_	_	_	_	2	punct	_	_","a	_	_	_	_	_	2	discourse	_	_
go	_	_	_	_	_	0	root	_	_
my	_	_	_	_	_	4	nmod:poss	_	_
back	_	_	_	_	_	2	advmod	_	_
my	_	_	_	_	_	6	nmod:poss	_	_
van	_	_	_	_	_	2	obj	_	_
my	_	_	_	_	_	8	nmod:poss	_	_
naughty	_	_	_	_	_	2	parataxis	_	_
.	_	_	_	_	_	2	punct	_	_","a	_	DET	DT	_	_	2	nsubj	_	_
go	_	VERB	VB	_	_	0	root	_	_
my	_	PRON	PRP$	_	_	4	nmod:poss	_	_
back	_	NOUN	NN	_	_	2	obj	_	_
my	_	PRON	PRP$	_	_	6	nmod:poss	_	_
van	_	NOUN	NN	_	_	2	obj	_	_
my	_	PRON	PRP$	_	_	8	nmod:poss	_	_
naughty	_	ADJ	JJ	_	_	2	obj	_	_
.	_	PUNCT	.	_	_	2	punct	_	_"
that's little friend .,"that's	_	_	_	_	_	3	nsubj	_	_
little	_	_	_	_	_	3	amod	_	_
friend	_	_	_	_	_	0	root	_	_
.	_	_	_	_	_	3	punct	_	_","that's	_	_	_	_	_	3	cop	_	_
little	_	_	_	_	_	3	amod	_	_
friend	_	_	_	_	_	0	root	_	_
.	_	_	_	_	_	3	punct	_	_","that	_	PRON	DT	_	_	4	nsubj	_	_
's	_	AUX	VBZ	_	_	4	cop	_	_
little	_	ADJ	JJ	_	_	4	amod	_	_
friend	_	NOUN	NN	_	_	0	root	_	_
.	_	PUNCT	.	_	_	4	punct	_	_"
a policeman look uh uh uh policeman looking at nice La La .,"a	_	_	_	_	_	2	det	_	_
policeman	_	_	_	_	_	3	nsubj	_	_
look	_	_	_	_	_	0	root	_	_
uh	_	_	_	_	_	3	discourse	_	_
uh	_	_	_	_	_	4	conj	_	_
uh	_	_	_	_	_	4	conj	_	_
policeman	_	_	_	_	_	8	nsubj	_	_
looking	_	_	_	_	_	2	parataxis	_	_
at	_	_	_	_	_	11	case	_	_
nice	_	_	_	_	_	11	amod	_	_
La	_	_	_	_	_	8	obl	_	_
La	_	_	_	_	_	11	flat	_	_
.	_	_	_	_	_	3	punct	_	_","a	_	_	_	_	_	2	det	_	_
policeman	_	_	_	_	_	3	nsubj	_	_
look	_	_	_	_	_	0	root	_	_
uh	_	_	_	_	_	3	discourse	_	_
uh	_	_	_	_	_	7	discourse	_	_
uh	_	_	_	_	_	7	discourse	_	_
policeman	_	_	_	_	_	3	parataxis	_	_
looking	_	_	_	_	_	7	acl	_	_
at	_	_	_	_	_	10	case	_	_
nice	_	_	_	_	_	8	obl	_	_
La	_	_	_	_	_	8	obl	_	_
La	_	_	_	_	_	11	flat	_	_
.	_	_	_	_	_	7	punct	_	_","a	_	DET	DT	_	_	2	det	_	_
policeman	_	NOUN	NN	_	_	3	nsubj	_	_
look	_	VERB	VB	_	_	0	root	_	_
uh	_	INTJ	UH	_	_	7	discourse	_	_
uh	_	INTJ	UH	_	_	7	discourse	_	_
uh	_	INTJ	UH	_	_	7	discourse	_	_
policeman	_	NOUN	NN	_	_	3	obj	_	_
looking	_	VERB	VBG	_	_	7	acl	_	_
at	_	ADP	IN	_	_	11	case	_	_
nice	_	ADJ	JJ	_	_	11	amod	_	_
La	_	PROPN	NNP	_	_	8	obl	_	_
La	_	PROPN	NNP	_	_	11	flat	_	_
.	_	PUNCT	.	_	_	3	punct	_	_"
policeman said hello Lala .,"policeman	_	_	_	_	_	2	nsubj	_	_
said	_	_	_	_	_	0	root	_	_
hello	_	_	_	_	_	2	obj	_	_
Lala	_	_	_	_	_	3	vocative	_	_
.	_	_	_	_	_	2	punct	_	_","policeman	_	_	_	_	_	2	nsubj	_	_
said	_	_	_	_	_	0	root	_	_
hello	_	_	_	_	_	2	ccomp	_	_
Lala	_	_	_	_	_	2	vocative	_	_
.	_	_	_	_	_	2	punct	_	_","policeman	_	NOUN	NN	_	_	2	nsubj	_	_
said	_	VERB	VBD	_	_	0	root	_	_
hello	_	INTJ	UH	_	_	2	obj	_	_
Lala	_	PROPN	NNP	_	_	3	flat	_	_
.	_	PUNCT	.	_	_	2	punct	_	_"
uh policeman La La's money .,"uh	_	_	_	_	_	5	discourse	_	_
policeman	_	_	_	_	_	5	nmod:poss	_	_
La	_	_	_	_	_	5	nmod:poss	_	_
La's	_	_	_	_	_	3	flat	_	_
money	_	_	_	_	_	0	root	_	_
.	_	_	_	_	_	5	punct	_	_","uh	_	_	_	_	_	5	discourse	_	_
policeman	_	_	_	_	_	3	nmod:desc	_	_
La	_	_	_	_	_	5	nmod:poss	_	_
La's	_	_	_	_	_	3	flat	_	_
money	_	_	_	_	_	0	root	_	_
.	_	_	_	_	_	5	punct	_	_","uh	_	INTJ	UH	_	_	6	discourse	_	_
policeman	_	NOUN	NN	_	_	6	nmod:poss	_	_
La	_	PROPN	NNP	_	_	2	flat	_	_
La	_	PROPN	NNP	_	_	3	flat	_	_
's	_	PART	POS	_	_	2	case	_	_
money	_	NOUN	NN	_	_	0	root	_	_
.	_	PUNCT	.	_	_	6	punct	_	_"
put in La La's in La La's La La's pocket .,"put	_	_	_	_	_	0	root	_	_
in	_	_	_	_	_	3	case	_	_
La	_	_	_	_	_	1	obl	_	_
La's	_	_	_	_	_	3	flat	_	_
in	_	_	_	_	_	10	case	_	_
La	_	_	_	_	_	10	reparandum	_	_
La's	_	_	_	_	_	6	flat	_	_
La	_	_	_	_	_	10	nmod:poss	_	_
La's	_	_	_	_	_	8	flat	_	_
pocket	_	_	_	_	_	1	obl	_	_
.	_	_	_	_	_	1	punct	_	_","put	_	_	_	_	_	0	root	_	_
in	_	_	_	_	_	3	case	_	_
La	_	_	_	_	_	1	obl	_	_
La's	_	_	_	_	_	3	flat	_	_
in	_	_	_	_	_	10	case	_	_
La	_	_	_	_	_	7	compound	_	_
La's	_	_	_	_	_	8	case	_	_
La	_	_	_	_	_	10	compound	_	_
La's	_	_	_	_	_	8	flat	_	_
pocket	_	_	_	_	_	1	obl	_	_
.	_	_	_	_	_	1	punct	_	_","put	_	VERB	VB	_	_	0	root	_	_
in	_	ADP	IN	_	_	1	compound:prt	_	_
La	_	PROPN	NNP	_	_	1	obl	_	_
La	_	PROPN	NNP	_	_	3	flat	_	_
's	_	PART	POS	_	_	3	case	_	_
in	_	ADP	IN	_	_	13	case	_	_
La	_	PROPN	NNP	_	_	13	nmod:poss	_	_
La	_	PROPN	NNP	_	_	7	flat	_	_
's	_	PART	POS	_	_	7	case	_	_
La	_	PROPN	NNP	_	_	13	nmod:poss	_	_
La	_	PROPN	NNP	_	_	10	flat	_	_
's	_	PART	POS	_	_	7	case	_	_
pocket	_	NOUN	NN	_	_	1	obl	_	_
.	_	PUNCT	.	_	_	1	punct	_	_"
what's La La doing down the floor ?,"what's	_	_	_	_	_	4	aux	_	_
La	_	_	_	_	_	4	nsubj	_	_
La	_	_	_	_	_	2	flat	_	_
doing	_	_	_	_	_	0	root	_	_
down	_	_	_	_	_	7	case	_	_
the	_	_	_	_	_	7	det	_	_
floor	_	_	_	_	_	4	obl	_	_
?	_	_	_	_	_	4	punct	_	_","what's	_	_	_	_	_	4	aux	_	_
La	_	_	_	_	_	4	nsubj	_	_
La	_	_	_	_	_	2	flat	_	_
doing	_	_	_	_	_	0	root	_	_
down	_	_	_	_	_	7	case	_	_
the	_	_	_	_	_	7	det	_	_
floor	_	_	_	_	_	4	obl	_	_
?	_	_	_	_	_	4	punct	_	_","what	_	PRON	WP	_	_	5	obj	_	_
's	_	AUX	VBZ	_	_	5	aux	_	_
La	_	PROPN	NNP	_	_	5	nsubj	_	_
La	_	PROPN	NNP	_	_	3	flat	_	_
doing	_	VERB	VBG	_	_	0	root	_	_
down	_	ADP	IN	_	_	8	case	_	_
the	_	DET	DT	_	_	8	det	_	_
floor	_	NOUN	NN	_	_	5	obl	_	_
?	_	PUNCT	.	_	_	5	punct	_	_"
that what he doesn't like .,"that	_	_	_	_	_	2	nsubj	_	_
what	_	_	_	_	_	0	root	_	_
he	_	_	_	_	_	5	nsubj	_	_
doesn't	_	_	_	_	_	5	aux	_	_
like	_	_	_	_	_	2	acl:relcl	_	_
.	_	_	_	_	_	2	punct	_	_","that	_	_	_	_	_	2	nsubj	_	_
what	_	_	_	_	_	0	root	_	_
he	_	_	_	_	_	5	nsubj	_	_
doesn't	_	_	_	_	_	5	advmod	_	_
like	_	_	_	_	_	2	acl:relcl	_	_
.	_	_	_	_	_	2	punct	_	_","that	_	SCONJ	IN	_	_	2	mark	_	_
what	_	PRON	WP	_	_	0	root	_	_
he	_	PRON	PRP	_	_	6	nsubj	_	_
does	_	AUX	VBZ	_	_	6	aux	_	_
n't	_	PART	RB	_	_	6	advmod	_	_
like	_	VERB	VB	_	_	2	acl:relcl	_	_
.	_	PUNCT	.	_	_	2	punct	_	_"
cause don't do that every time .,"cause	_	_	_	_	_	3	mark	_	_
don't	_	_	_	_	_	3	aux	_	_
do	_	_	_	_	_	0	root	_	_
that	_	_	_	_	_	3	obj	_	_
every	_	_	_	_	_	6	det	_	_
time	_	_	_	_	_	3	obl:unmarked	_	_
.	_	_	_	_	_	3	punct	_	_","cause	_	_	_	_	_	3	mark	_	_
don't	_	_	_	_	_	3	advmod	_	_
do	_	_	_	_	_	0	root	_	_
that	_	_	_	_	_	3	obj	_	_
every	_	_	_	_	_	6	det	_	_
time	_	_	_	_	_	3	obl:unmarked	_	_
.	_	_	_	_	_	3	punct	_	_","cause	_	SCONJ	IN	_	_	4	mark	_	_
do	_	AUX	VB	_	_	4	aux	_	_
n't	_	PART	RB	_	_	4	advmod	_	_
do	_	VERB	VB	_	_	0	root	_	_
that	_	PRON	DT	_	_	4	obj	_	_
every	_	DET	DT	_	_	7	det	_	_
time	_	NOUN	NN	_	_	4	obl:unmarked	_	_
.	_	PUNCT	.	_	_	4	punct	_	_"
put right on this shelf .,"put	_	_	_	_	_	0	root	_	_
right	_	_	_	_	_	5	advmod	_	_
on	_	_	_	_	_	5	case	_	_
this	_	_	_	_	_	5	det	_	_
shelf	_	_	_	_	_	1	obl	_	_
.	_	_	_	_	_	1	punct	_	_","put	_	_	_	_	_	0	root	_	_
right	_	_	_	_	_	5	advmod	_	_
on	_	_	_	_	_	5	case	_	_
this	_	_	_	_	_	5	det	_	_
shelf	_	_	_	_	_	1	obl	_	_
.	_	_	_	_	_	1	punct	_	_","put	_	VERB	VB	_	_	0	root	_	_
right	_	ADV	RB	_	_	1	advmod	_	_
on	_	ADP	IN	_	_	5	case	_	_
this	_	DET	DT	_	_	5	det	_	_
shelf	_	NOUN	NN	_	_	1	obl	_	_
.	_	PUNCT	.	_	_	1	punct	_	_"
have to cut this cake if you want another one okay ?,"have	_	_	_	_	_	0	root	_	_
to	_	_	_	_	_	3	mark	_	_
cut	_	_	_	_	_	1	xcomp	_	_
this	_	_	_	_	_	5	det	_	_
cake	_	_	_	_	_	3	obj	_	_
if	_	_	_	_	_	8	mark	_	_
you	_	_	_	_	_	8	nsubj	_	_
want	_	_	_	_	_	3	advcl	_	_
another	_	_	_	_	_	10	det	_	_
one	_	_	_	_	_	8	obj	_	_
okay	_	_	_	_	_	1	discourse	_	_
?	_	_	_	_	_	1	punct	_	_","have	_	_	_	_	_	0	root	_	_
to	_	_	_	_	_	3	mark	_	_
cut	_	_	_	_	_	1	xcomp	_	_
this	_	_	_	_	_	5	det	_	_
cake	_	_	_	_	_	3	obj	_	_
if	_	_	_	_	_	8	mark	_	_
you	_	_	_	_	_	8	nsubj	_	_
want	_	_	_	_	_	3	advcl	_	_
another	_	_	_	_	_	10	det	_	_
one	_	_	_	_	_	8	obj	_	_
okay	_	_	_	_	_	1	discourse	_	_
?	_	_	_	_	_	1	punct	_	_","have	_	VERB	VB	_	_	0	root	_	_
to	_	PART	TO	_	_	3	mark	_	_
cut	_	VERB	VB	_	_	1	xcomp	_	_
this	_	DET	DT	_	_	5	det	_	_
cake	_	NOUN	NN	_	_	3	obj	_	_
if	_	SCONJ	IN	_	_	8	mark	_	_
you	_	PRON	PRP	_	_	8	nsubj	_	_
want	_	VERB	VBP	_	_	3	advcl	_	_
another	_	DET	DT	_	_	10	det	_	_
one	_	NOUN	NN	_	_	8	obj	_	_
okay	_	ADJ	JJ	_	_	8	xcomp	_	_
?	_	PUNCT	.	_	_	1	punct	_	_"
and pretend knife .,"and	_	_	_	_	_	3	cc	_	_
pretend	_	_	_	_	_	3	compound	_	_
knife	_	_	_	_	_	0	root	_	_
.	_	_	_	_	_	3	punct	_	_","and	_	_	_	_	_	3	cc	_	_
pretend	_	_	_	_	_	3	amod	_	_
knife	_	_	_	_	_	0	root	_	_
.	_	_	_	_	_	3	punct	_	_","and	_	CCONJ	CC	_	_	3	cc	_	_
pretend	_	VERB	VB	_	_	3	amod	_	_
knife	_	NOUN	NN	_	_	0	root	_	_
.	_	PUNCT	.	_	_	3	punct	_	_"
she's going to give you .,"she's	_	_	_	_	_	2	nsubj	_	_
going	_	_	_	_	_	0	root	_	_
to	_	_	_	_	_	4	mark	_	_
give	_	_	_	_	_	2	xcomp	_	_
you	_	_	_	_	_	4	iobj	_	_
.	_	_	_	_	_	2	punct	_	_","she's	_	_	_	_	_	2	nsubj	_	_
going	_	_	_	_	_	0	root	_	_
to	_	_	_	_	_	4	mark	_	_
give	_	_	_	_	_	2	xcomp	_	_
you	_	_	_	_	_	4	iobj	_	_
.	_	_	_	_	_	2	punct	_	_","she	_	PRON	PRP	_	_	3	nsubj	_	_
's	_	AUX	VBZ	_	_	3	aux	_	_
going	_	VERB	VBG	_	_	0	root	_	_
to	_	PART	TO	_	_	5	mark	_	_
give	_	VERB	VB	_	_	3	xcomp	_	_
you	_	PRON	PRP	_	_	5	iobj	_	_
.	_	PUNCT	.	_	_	3	punct	_	_"
when you want another one .,"when	_	_	_	_	_	3	mark	_	_
you	_	_	_	_	_	3	nsubj	_	_
want	_	_	_	_	_	0	root	_	_
another	_	_	_	_	_	5	det	_	_
one	_	_	_	_	_	3	obj	_	_
.	_	_	_	_	_	3	punct	_	_","when	_	_	_	_	_	3	advmod	_	_
you	_	_	_	_	_	3	nsubj	_	_
want	_	_	_	_	_	0	root	_	_
another	_	_	_	_	_	5	det	_	_
one	_	_	_	_	_	3	obj	_	_
.	_	_	_	_	_	3	punct	_	_","when	_	ADV	WRB	_	_	3	advmod	_	_
you	_	PRON	PRP	_	_	3	nsubj	_	_
want	_	VERB	VBP	_	_	0	root	_	_
another	_	DET	DT	_	_	5	det	_	_
one	_	NOUN	NN	_	_	3	obj	_	_
.	_	PUNCT	.	_	_	3	punct	_	_"
but this where's the cake goes .,"but	_	_	_	_	_	2	cc	_	_
this	_	_	_	_	_	0	root	_	_
where's	_	_	_	_	_	6	advmod	_	_
the	_	_	_	_	_	5	det	_	_
cake	_	_	_	_	_	6	nsubj	_	_
goes	_	_	_	_	_	2	acl:relcl	_	_
.	_	_	_	_	_	2	punct	_	_","but	_	_	_	_	_	2	cc	_	_
this	_	_	_	_	_	0	root	_	_
where's	_	_	_	_	_	6	advmod	_	_
the	_	_	_	_	_	5	det	_	_
cake	_	_	_	_	_	6	nsubj	_	_
goes	_	_	_	_	_	2	acl:relcl	_	_
.	_	_	_	_	_	2	punct	_	_","but	_	CCONJ	CC	_	_	7	cc	_	_
this	_	PRON	DT	_	_	7	nsubj	_	_
where	_	ADV	WRB	_	_	7	advmod	_	_
's	_	AUX	VBZ	_	_	7	aux	_	_
the	_	DET	DT	_	_	6	det	_	_
cake	_	NOUN	NN	_	_	7	nsubj	_	_
goes	_	VERB	VBZ	_	_	0	root	_	_
.	_	PUNCT	.	_	_	7	punct	_	_"
cause these are all my thing .,"cause	_	_	_	_	_	6	mark	_	_
these	_	_	_	_	_	6	nsubj	_	_
are	_	_	_	_	_	6	cop	_	_
all	_	_	_	_	_	6	det:predet	_	_
my	_	_	_	_	_	6	nmod:poss	_	_
thing	_	_	_	_	_	0	root	_	_
.	_	_	_	_	_	6	punct	_	_","cause	_	_	_	_	_	6	mark	_	_
these	_	_	_	_	_	6	nsubj	_	_
are	_	_	_	_	_	6	cop	_	_
all	_	_	_	_	_	6	advmod	_	_
my	_	_	_	_	_	6	nmod:poss	_	_
thing	_	_	_	_	_	0	root	_	_
.	_	_	_	_	_	6	punct	_	_","cause	_	SCONJ	IN	_	_	6	mark	_	_
these	_	PRON	DT	_	_	6	nsubj	_	_
are	_	AUX	VBP	_	_	6	cop	_	_
all	_	DET	PDT	_	_	6	det:predet	_	_
my	_	PRON	PRP$	_	_	6	nmod:poss	_	_
thing	_	NOUN	NN	_	_	0	root	_	_
.	_	PUNCT	.	_	_	6	punct	_	_"
I matched the the .,"I	_	_	_	_	_	2	nsubj	_	_
matched	_	_	_	_	_	0	root	_	_
the	_	_	_	_	_	4	reparandum	_	_
the	_	_	_	_	_	2	obj	_	_
.	_	_	_	_	_	2	punct	_	_","I	_	_	_	_	_	2	nsubj	_	_
matched	_	_	_	_	_	0	root	_	_
the	_	_	_	_	_	4	reparandum	_	_
the	_	_	_	_	_	2	obj	_	_
.	_	_	_	_	_	2	punct	_	_","I	_	PRON	PRP	_	_	2	nsubj	_	_
matched	_	VERB	VBD	_	_	0	root	_	_
the	_	DET	DT	_	_	4	det	_	_
the	_	DET	DT	_	_	2	obj	_	_
.	_	PUNCT	.	_	_	2	punct	_	_"
you don't know how to .,"you	_	_	_	_	_	3	nsubj	_	_
don't	_	_	_	_	_	3	aux	_	_
know	_	_	_	_	_	0	root	_	_
how	_	_	_	_	_	5	mark	_	_
to	_	_	_	_	_	3	ccomp	_	_
.	_	_	_	_	_	3	punct	_	_","you	_	_	_	_	_	3	nsubj	_	_
don't	_	_	_	_	_	3	aux	_	_
know	_	_	_	_	_	0	root	_	_
how	_	_	_	_	_	3	obj	_	_
to	_	_	_	_	_	4	acl	_	_
.	_	_	_	_	_	3	punct	_	_","you	_	PRON	PRP	_	_	4	nsubj	_	_
do	_	AUX	VBP	_	_	4	aux	_	_
n't	_	PART	RB	_	_	4	advmod	_	_
know	_	VERB	VB	_	_	0	root	_	_
how	_	ADV	WRB	_	_	6	advmod	_	_
to	_	PART	TO	_	_	4	xcomp	_	_
.	_	PUNCT	.	_	_	4	punct	_	_"
he he bite the cake .,"he	_	_	_	_	_	2	reparandum	_	_
he	_	_	_	_	_	3	nsubj	_	_
bite	_	_	_	_	_	0	root	_	_
the	_	_	_	_	_	5	det	_	_
cake	_	_	_	_	_	3	obj	_	_
.	_	_	_	_	_	3	punct	_	_","he	_	_	_	_	_	2	reparandum	_	_
he	_	_	_	_	_	3	nsubj	_	_
bite	_	_	_	_	_	0	root	_	_
the	_	_	_	_	_	5	det	_	_
cake	_	_	_	_	_	3	obj	_	_
.	_	_	_	_	_	3	punct	_	_","he	_	PRON	PRP	_	_	3	nsubj	_	_
he	_	PRON	PRP	_	_	3	nsubj	_	_
bite	_	VERB	VBP	_	_	0	root	_	_
the	_	DET	DT	_	_	5	det	_	_
cake	_	NOUN	NN	_	_	3	obj	_	_
.	_	PUNCT	.	_	_	3	punct	_	_"
cause doesn't stand up very well .,"cause	_	_	_	_	_	3	mark	_	_
doesn't	_	_	_	_	_	3	aux	_	_
stand	_	_	_	_	_	0	root	_	_
up	_	_	_	_	_	3	compound:prt	_	_
very	_	_	_	_	_	6	advmod	_	_
well	_	_	_	_	_	3	advmod	_	_
.	_	_	_	_	_	3	punct	_	_","cause	_	_	_	_	_	3	mark	_	_
doesn't	_	_	_	_	_	3	advmod	_	_
stand	_	_	_	_	_	0	root	_	_
up	_	_	_	_	_	3	compound:prt	_	_
very	_	_	_	_	_	6	advmod	_	_
well	_	_	_	_	_	3	advmod	_	_
.	_	_	_	_	_	3	punct	_	_","cause	_	ADV	RB	_	_	4	advmod	_	_
does	_	AUX	VBZ	_	_	4	aux	_	_
n't	_	PART	RB	_	_	4	advmod	_	_
stand	_	VERB	VB	_	_	0	root	_	_
up	_	ADP	RP	_	_	4	compound:prt	_	_
very	_	ADV	RB	_	_	7	advmod	_	_
well	_	ADV	RB	_	_	4	advmod	_	_
.	_	PUNCT	.	_	_	4	punct	_	_"
on lamb because he's cold .,"on	_	_	_	_	_	2	case	_	_
lamb	_	_	_	_	_	0	root	_	_
because	_	_	_	_	_	5	mark	_	_
he's	_	_	_	_	_	5	cop	_	_
cold	_	_	_	_	_	2	advcl	_	_
.	_	_	_	_	_	2	punct	_	_","on	_	_	_	_	_	2	case	_	_
lamb	_	_	_	_	_	0	root	_	_
because	_	_	_	_	_	5	mark	_	_
he's	_	_	_	_	_	5	cop	_	_
cold	_	_	_	_	_	2	advcl	_	_
.	_	_	_	_	_	2	punct	_	_","on	_	ADP	IN	_	_	2	case	_	_
lamb	_	NOUN	NN	_	_	0	root	_	_
because	_	SCONJ	IN	_	_	6	mark	_	_
he	_	PRON	PRP	_	_	6	nsubj	_	_
's	_	AUX	VBZ	_	_	6	cop	_	_
cold	_	ADJ	JJ	_	_	2	advcl	_	_
.	_	PUNCT	.	_	_	2	punct	_	_"
is not coming out .,"is	_	_	_	_	_	3	aux	_	_
not	_	_	_	_	_	3	advmod	_	_
coming	_	_	_	_	_	0	root	_	_
out	_	_	_	_	_	3	advmod	_	_
.	_	_	_	_	_	3	punct	_	_","is	_	_	_	_	_	3	aux	_	_
not	_	_	_	_	_	3	advmod	_	_
coming	_	_	_	_	_	0	root	_	_
out	_	_	_	_	_	3	compound:prt	_	_
.	_	_	_	_	_	3	punct	_	_","is	_	AUX	VBZ	_	_	3	aux	_	_
not	_	PART	RB	_	_	3	advmod	_	_
coming	_	VERB	VBG	_	_	0	root	_	_
out	_	ADP	RP	_	_	3	compound:prt	_	_
.	_	PUNCT	.	_	_	3	punct	_	_"
and then comes up .,"and	_	_	_	_	_	3	cc	_	_
then	_	_	_	_	_	3	advmod	_	_
comes	_	_	_	_	_	0	root	_	_
up	_	_	_	_	_	3	advmod	_	_
.	_	_	_	_	_	3	punct	_	_","and	_	_	_	_	_	3	cc	_	_
then	_	_	_	_	_	3	advmod	_	_
comes	_	_	_	_	_	0	root	_	_
up	_	_	_	_	_	3	advmod	_	_
.	_	_	_	_	_	3	punct	_	_","and	_	CCONJ	CC	_	_	3	cc	_	_
then	_	ADV	RB	_	_	3	advmod	_	_
comes	_	VERB	VBZ	_	_	0	root	_	_
up	_	ADP	RP	_	_	3	compound:prt	_	_
.	_	PUNCT	.	_	_	3	punct	_	_"
no right on this hurt .,"no	_	_	_	_	_	5	discourse	_	_
right	_	_	_	_	_	3	advmod	_	_
on	_	_	_	_	_	5	advmod	_	_
this	_	_	_	_	_	5	nsubj	_	_
hurt	_	_	_	_	_	0	root	_	_
.	_	_	_	_	_	5	punct	_	_","no	_	_	_	_	_	2	det	_	_
right	_	_	_	_	_	0	root	_	_
on	_	_	_	_	_	5	case	_	_
this	_	_	_	_	_	5	det	_	_
hurt	_	_	_	_	_	2	nmod	_	_
.	_	_	_	_	_	2	punct	_	_","no	_	DET	DT	_	_	5	det	_	_
right	_	ADV	RB	_	_	5	advmod	_	_
on	_	ADP	IN	_	_	5	case	_	_
this	_	PRON	DT	_	_	5	det	_	_
hurt	_	NOUN	NN	_	_	0	root	_	_
.	_	PUNCT	.	_	_	5	punct	_	_"
how much people do you think liked them ?,"how	_	_	_	_	_	2	advmod	_	_
much	_	_	_	_	_	7	advmod	_	_
people	_	_	_	_	_	6	nsubj	_	_
do	_	_	_	_	_	6	aux	_	_
you	_	_	_	_	_	6	nsubj	_	_
think	_	_	_	_	_	0	root	_	_
liked	_	_	_	_	_	6	ccomp	_	_
them	_	_	_	_	_	7	obj	_	_
?	_	_	_	_	_	6	punct	_	_","how	_	_	_	_	_	2	advmod	_	_
much	_	_	_	_	_	3	amod	_	_
people	_	_	_	_	_	7	nsubj	_	_
do	_	_	_	_	_	6	aux	_	_
you	_	_	_	_	_	6	nsubj	_	_
think	_	_	_	_	_	0	root	_	_
liked	_	_	_	_	_	6	ccomp	_	_
them	_	_	_	_	_	7	obj	_	_
?	_	_	_	_	_	6	punct	_	_","how	_	ADV	WRB	_	_	2	advmod	_	_
much	_	ADJ	JJ	_	_	3	amod	_	_
people	_	NOUN	NNS	_	_	7	obj	_	_
do	_	AUX	VBP	_	_	6	aux	_	_
you	_	PRON	PRP	_	_	6	nsubj	_	_
think	_	VERB	VB	_	_	0	root	_	_
liked	_	VERB	VBN	_	_	6	xcomp	_	_
them	_	PRON	PRP	_	_	7	obj	_	_
?	_	PUNCT	.	_	_	6	punct	_	_"
you don't got no bluejeans on .,"you	_	_	_	_	_	3	nsubj	_	_
don't	_	_	_	_	_	3	aux	_	_
got	_	_	_	_	_	0	root	_	_
no	_	_	_	_	_	5	det	_	_
bluejeans	_	_	_	_	_	3	obj	_	_
on	_	_	_	_	_	3	advmod	_	_
.	_	_	_	_	_	3	punct	_	_","you	_	_	_	_	_	3	nsubj	_	_
don't	_	_	_	_	_	3	advmod	_	_
got	_	_	_	_	_	0	root	_	_
no	_	_	_	_	_	5	det	_	_
bluejeans	_	_	_	_	_	3	obj	_	_
on	_	_	_	_	_	3	advmod	_	_
.	_	_	_	_	_	3	punct	_	_","you	_	PRON	PRP	_	_	4	nsubj	_	_
do	_	AUX	VBP	_	_	4	aux	_	_
n't	_	PART	RB	_	_	4	advmod	_	_
got	_	VERB	VBN	_	_	0	root	_	_
no	_	DET	DT	_	_	6	det	_	_
bluejeans	_	NOUN	NNS	_	_	4	obj	_	_
on	_	ADP	IN	_	_	4	advmod	_	_
.	_	PUNCT	.	_	_	4	punct	_	_"
you mean some of the birds had a Thanksgiving .,"you	_	_	_	_	_	2	nsubj	_	_
mean	_	_	_	_	_	0	root	_	_
some	_	_	_	_	_	7	nsubj	_	_
of	_	_	_	_	_	6	case	_	_
the	_	_	_	_	_	6	det	_	_
birds	_	_	_	_	_	3	nmod	_	_
had	_	_	_	_	_	2	ccomp	_	_
a	_	_	_	_	_	9	det	_	_
Thanksgiving	_	_	_	_	_	7	obj	_	_
.	_	_	_	_	_	2	punct	_	_","you	_	_	_	_	_	2	nsubj	_	_
mean	_	_	_	_	_	0	root	_	_
some	_	_	_	_	_	7	nsubj	_	_
of	_	_	_	_	_	6	case	_	_
the	_	_	_	_	_	6	det	_	_
birds	_	_	_	_	_	3	nmod	_	_
had	_	_	_	_	_	2	ccomp	_	_
a	_	_	_	_	_	9	det	_	_
Thanksgiving	_	_	_	_	_	7	obj	_	_
.	_	_	_	_	_	2	punct	_	_","you	_	PRON	PRP	_	_	2	nsubj	_	_
mean	_	VERB	VBP	_	_	7	parataxis	_	_
some	_	DET	DT	_	_	7	nsubj	_	_
of	_	ADP	IN	_	_	6	case	_	_
the	_	DET	DT	_	_	6	det	_	_
birds	_	NOUN	NNS	_	_	3	nmod	_	_
had	_	VERB	VBD	_	_	0	root	_	_
a	_	DET	DT	_	_	9	det	_	_
Thanksgiving	_	PROPN	NNP	_	_	7	obj	_	_
.	_	PUNCT	.	_	_	7	punct	_	_"
one bird had a Thanksgiving when he ate our breads .,"one	_	_	_	_	_	2	nummod	_	_
bird	_	_	_	_	_	3	nsubj	_	_
had	_	_	_	_	_	0	root	_	_
a	_	_	_	_	_	5	det	_	_
Thanksgiving	_	_	_	_	_	3	obj	_	_
when	_	_	_	_	_	8	mark	_	_
he	_	_	_	_	_	8	nsubj	_	_
ate	_	_	_	_	_	5	acl:relcl	_	_
our	_	_	_	_	_	10	nmod:poss	_	_
breads	_	_	_	_	_	8	obj	_	_
.	_	_	_	_	_	3	punct	_	_","one	_	_	_	_	_	2	nummod	_	_
bird	_	_	_	_	_	3	nsubj	_	_
had	_	_	_	_	_	0	root	_	_
a	_	_	_	_	_	5	det	_	_
Thanksgiving	_	_	_	_	_	3	obj	_	_
when	_	_	_	_	_	8	advmod	_	_
he	_	_	_	_	_	8	nsubj	_	_
ate	_	_	_	_	_	3	advcl	_	_
our	_	_	_	_	_	10	nmod:poss	_	_
breads	_	_	_	_	_	8	obj	_	_
.	_	_	_	_	_	3	punct	_	_","one	_	NUM	CD	_	_	2	nummod	_	_
bird	_	NOUN	NN	_	_	3	nsubj	_	_
had	_	VERB	VBD	_	_	0	root	_	_
a	_	DET	DT	_	_	5	det	_	_
Thanksgiving	_	NOUN	NN	_	_	3	obj	_	_
when	_	ADV	WRB	_	_	8	advmod	_	_
he	_	PRON	PRP	_	_	8	nsubj	_	_
ate	_	VERB	VBD	_	_	3	advcl	_	_
our	_	PRON	PRP$	_	_	10	nmod:poss	_	_
breads	_	NOUN	NNS	_	_	8	obj	_	_
.	_	PUNCT	.	_	_	3	punct	_	_"
why didn't they pay for Karen and then Karen only goes ?,"why	_	_	_	_	_	4	advmod	_	_
didn't	_	_	_	_	_	4	aux	_	_
they	_	_	_	_	_	4	nsubj	_	_
pay	_	_	_	_	_	0	root	_	_
for	_	_	_	_	_	6	case	_	_
Karen	_	_	_	_	_	4	obl	_	_
and	_	_	_	_	_	11	cc	_	_
then	_	_	_	_	_	11	advmod	_	_
Karen	_	_	_	_	_	11	nsubj	_	_
only	_	_	_	_	_	11	advmod	_	_
goes	_	_	_	_	_	4	conj	_	_
?	_	_	_	_	_	4	punct	_	_","why	_	_	_	_	_	4	advmod	_	_
didn't	_	_	_	_	_	4	advmod	_	_
they	_	_	_	_	_	4	nsubj	_	_
pay	_	_	_	_	_	0	root	_	_
for	_	_	_	_	_	6	case	_	_
Karen	_	_	_	_	_	4	obl	_	_
and	_	_	_	_	_	11	cc	_	_
then	_	_	_	_	_	11	advmod	_	_
Karen	_	_	_	_	_	11	nsubj	_	_
only	_	_	_	_	_	11	advmod	_	_
goes	_	_	_	_	_	4	conj	_	_
?	_	_	_	_	_	4	punct	_	_","why	_	ADV	WRB	_	_	5	advmod	_	_
did	_	AUX	VBD	_	_	5	aux	_	_
n't	_	PART	RB	_	_	5	advmod	_	_
they	_	PRON	PRP	_	_	5	nsubj	_	_
pay	_	VERB	VB	_	_	0	root	_	_
for	_	ADP	IN	_	_	7	case	_	_
Karen	_	PROPN	NNP	_	_	5	obl	_	_
and	_	CCONJ	CC	_	_	12	cc	_	_
then	_	ADV	RB	_	_	12	advmod	_	_
Karen	_	PROPN	NNP	_	_	12	nsubj	_	_
only	_	ADV	RB	_	_	12	advmod	_	_
goes	_	VERB	VBZ	_	_	5	conj	_	_
?	_	PUNCT	.	_	_	5	punct	_	_"
Santa gots real magical powers if you look up he'll be up down .,"Santa	_	_	_	_	_	2	nsubj	_	_
gots	_	_	_	_	_	0	root	_	_
real	_	_	_	_	_	5	amod	_	_
magical	_	_	_	_	_	5	amod	_	_
powers	_	_	_	_	_	2	obj	_	_
if	_	_	_	_	_	8	mark	_	_
you	_	_	_	_	_	8	nsubj	_	_
look	_	_	_	_	_	13	advcl	_	_
up	_	_	_	_	_	8	compound:prt	_	_
he'll	_	_	_	_	_	12	nsubj	_	_
be	_	_	_	_	_	12	cop	_	_
up	_	_	_	_	_	13	advmod	_	_
down	_	_	_	_	_	2	conj	_	_
.	_	_	_	_	_	2	punct	_	_","Santa	_	_	_	_	_	2	nsubj	_	_
gots	_	_	_	_	_	0	root	_	_
real	_	_	_	_	_	5	amod	_	_
magical	_	_	_	_	_	5	amod	_	_
powers	_	_	_	_	_	2	obj	_	_
if	_	_	_	_	_	8	mark	_	_
you	_	_	_	_	_	8	nsubj	_	_
look	_	_	_	_	_	13	advcl	_	_
up	_	_	_	_	_	8	advmod	_	_
he'll	_	_	_	_	_	13	aux	_	_
be	_	_	_	_	_	13	cop	_	_
up	_	_	_	_	_	13	advmod	_	_
down	_	_	_	_	_	2	parataxis	_	_
.	_	_	_	_	_	2	punct	_	_","Santa	_	PROPN	NNP	_	_	2	nsubj	_	_
gots	_	VERB	VBZ	_	_	0	root	_	_
real	_	ADJ	JJ	_	_	5	amod	_	_
magical	_	ADJ	JJ	_	_	5	amod	_	_
powers	_	NOUN	NNS	_	_	2	obj	_	_
if	_	SCONJ	IN	_	_	8	mark	_	_
you	_	PRON	PRP	_	_	8	nsubj	_	_
look	_	VERB	VBP	_	_	13	advcl	_	_
up	_	ADP	RP	_	_	8	compound:prt	_	_
he	_	PRON	PRP	_	_	13	nsubj	_	_
'll	_	AUX	MD	_	_	13	aux	_	_
be	_	AUX	VB	_	_	13	cop	_	_
up	_	ADV	RB	_	_	2	parataxis	_	_
down	_	ADP	RP	_	_	13	advmod	_	_
.	_	PUNCT	.	_	_	2	punct	_	_"
he would just leave not presents for you .,"he	_	_	_	_	_	4	nsubj	_	_
would	_	_	_	_	_	4	aux	_	_
just	_	_	_	_	_	4	advmod	_	_
leave	_	_	_	_	_	0	root	_	_
not	_	_	_	_	_	6	advmod	_	_
presents	_	_	_	_	_	4	obj	_	_
for	_	_	_	_	_	8	case	_	_
you	_	_	_	_	_	6	nmod	_	_
.	_	_	_	_	_	4	punct	_	_","he	_	_	_	_	_	4	nsubj	_	_
would	_	_	_	_	_	4	aux	_	_
just	_	_	_	_	_	4	advmod	_	_
leave	_	_	_	_	_	0	root	_	_
not	_	_	_	_	_	6	advmod	_	_
presents	_	_	_	_	_	4	obj	_	_
for	_	_	_	_	_	8	case	_	_
you	_	_	_	_	_	6	nmod	_	_
.	_	_	_	_	_	4	punct	_	_","he	_	PRON	PRP	_	_	4	nsubj	_	_
would	_	AUX	MD	_	_	4	aux	_	_
just	_	ADV	RB	_	_	4	advmod	_	_
leave	_	VERB	VB	_	_	0	root	_	_
not	_	PART	RB	_	_	6	advmod	_	_
presents	_	NOUN	NNS	_	_	4	obj	_	_
for	_	ADP	IN	_	_	8	case	_	_
you	_	PRON	PRP	_	_	4	obl	_	_
.	_	PUNCT	.	_	_	4	punct	_	_"
Mom they pooping ?,"Mom	_	_	_	_	_	3	vocative	_	_
they	_	_	_	_	_	3	nsubj	_	_
pooping	_	_	_	_	_	0	root	_	_
?	_	_	_	_	_	3	punct	_	_","Mom	_	_	_	_	_	3	vocative	_	_
they	_	_	_	_	_	3	nsubj	_	_
pooping	_	_	_	_	_	0	root	_	_
?	_	_	_	_	_	3	punct	_	_","Mom	_	NOUN	NN	_	_	3	nsubj	_	_
they	_	PRON	PRP	_	_	3	nsubj	_	_
pooping	_	VERB	VBG	_	_	0	root	_	_
?	_	PUNCT	.	_	_	3	punct	_	_"
what they are pooping Mom ?,"what	_	_	_	_	_	4	obj	_	_
they	_	_	_	_	_	4	nsubj	_	_
are	_	_	_	_	_	4	aux	_	_
pooping	_	_	_	_	_	0	root	_	_
Mom	_	_	_	_	_	4	vocative	_	_
?	_	_	_	_	_	4	punct	_	_","what	_	_	_	_	_	4	obj	_	_
they	_	_	_	_	_	4	nsubj	_	_
are	_	_	_	_	_	4	aux	_	_
pooping	_	_	_	_	_	0	root	_	_
Mom	_	_	_	_	_	4	vocative	_	_
?	_	_	_	_	_	4	punct	_	_","what	_	PRON	WP	_	_	0	root	_	_
they	_	PRON	PRP	_	_	4	nsubj	_	_
are	_	AUX	VBP	_	_	4	aux	_	_
pooping	_	VERB	VBG	_	_	1	acl:relcl	_	_
Mom	_	NOUN	NN	_	_	4	obj	_	_
?	_	PUNCT	.	_	_	1	punct	_	_"
uhhuh Mom I have a piece okay ?,"uhhuh	_	_	_	_	_	4	discourse	_	_
Mom	_	_	_	_	_	4	vocative	_	_
I	_	_	_	_	_	4	nsubj	_	_
have	_	_	_	_	_	0	root	_	_
a	_	_	_	_	_	6	det	_	_
piece	_	_	_	_	_	4	obj	_	_
okay	_	_	_	_	_	4	discourse	_	_
?	_	_	_	_	_	4	punct	_	_","uhhuh	_	_	_	_	_	4	discourse	_	_
Mom	_	_	_	_	_	4	vocative	_	_
I	_	_	_	_	_	4	nsubj	_	_
have	_	_	_	_	_	0	root	_	_
a	_	_	_	_	_	6	det	_	_
piece	_	_	_	_	_	4	obj	_	_
okay	_	_	_	_	_	4	discourse	_	_
?	_	_	_	_	_	4	punct	_	_","uhhuh	_	INTJ	UH	_	_	4	discourse	_	_
Mom	_	NOUN	NN	_	_	4	vocative	_	_
I	_	PRON	PRP	_	_	4	nsubj	_	_
have	_	VERB	VBP	_	_	0	root	_	_
a	_	DET	DT	_	_	6	det	_	_
piece	_	NOUN	NN	_	_	4	obj	_	_
okay	_	ADJ	JJ	_	_	6	amod	_	_
?	_	PUNCT	.	_	_	4	punct	_	_"
Mom I have a piece okay ?,"Mom	_	_	_	_	_	3	vocative	_	_
I	_	_	_	_	_	3	nsubj	_	_
have	_	_	_	_	_	0	root	_	_
a	_	_	_	_	_	5	det	_	_
piece	_	_	_	_	_	3	obj	_	_
okay	_	_	_	_	_	3	discourse	_	_
?	_	_	_	_	_	3	punct	_	_","Mom	_	_	_	_	_	3	vocative	_	_
I	_	_	_	_	_	3	nsubj	_	_
have	_	_	_	_	_	0	root	_	_
a	_	_	_	_	_	5	det	_	_
piece	_	_	_	_	_	3	obj	_	_
okay	_	_	_	_	_	3	discourse	_	_
?	_	_	_	_	_	3	punct	_	_","Mom	_	NOUN	NN	_	_	3	vocative	_	_
I	_	PRON	PRP	_	_	3	nsubj	_	_
have	_	VERB	VBP	_	_	0	root	_	_
a	_	DET	DT	_	_	5	det	_	_
piece	_	NOUN	NN	_	_	3	obj	_	_
okay	_	ADJ	JJ	_	_	5	amod	_	_
?	_	PUNCT	.	_	_	3	punct	_	_"
my Daddy told it .,"my	_	_	_	_	_	2	nmod:poss	_	_
Daddy	_	_	_	_	_	3	nsubj	_	_
told	_	_	_	_	_	0	root	_	_
it	_	_	_	_	_	3	obj	_	_
.	_	_	_	_	_	3	punct	_	_","my	_	_	_	_	_	2	nmod:poss	_	_
Daddy	_	_	_	_	_	3	nsubj	_	_
told	_	_	_	_	_	0	root	_	_
it	_	_	_	_	_	3	iobj	_	_
.	_	_	_	_	_	3	punct	_	_","my	_	PRON	PRP$	_	_	2	nmod:poss	_	_
Daddy	_	PROPN	NNP	_	_	3	nsubj	_	_
told	_	VERB	VBD	_	_	0	root	_	_
it	_	PRON	PRP	_	_	3	iobj	_	_
.	_	PUNCT	.	_	_	3	punct	_	_"
what's what's why that's meat for tacos ?,"what's	_	_	_	_	_	2	reparandum	_	_
what's	_	_	_	_	_	3	reparandum	_	_
why	_	_	_	_	_	5	advmod	_	_
that's	_	_	_	_	_	5	cop	_	_
meat	_	_	_	_	_	0	root	_	_
for	_	_	_	_	_	7	case	_	_
tacos	_	_	_	_	_	5	nmod	_	_
?	_	_	_	_	_	2	punct	_	_","what's	_	_	_	_	_	2	reparandum	_	_
what's	_	_	_	_	_	3	reparandum	_	_
why	_	_	_	_	_	5	advmod	_	_
that's	_	_	_	_	_	5	nsubj	_	_
meat	_	_	_	_	_	0	root	_	_
for	_	_	_	_	_	7	case	_	_
tacos	_	_	_	_	_	5	nmod	_	_
?	_	_	_	_	_	5	punct	_	_","what	_	PRON	WP	_	_	3	nsubj	_	_
's	_	AUX	VBZ	_	_	3	cop	_	_
what	_	PRON	WP	_	_	0	root	_	_
's	_	AUX	VBZ	_	_	5	cop	_	_
why	_	ADV	WRB	_	_	3	advmod	_	_
that	_	PRON	DT	_	_	8	nsubj	_	_
's	_	AUX	VBZ	_	_	8	cop	_	_
meat	_	NOUN	NN	_	_	5	advcl:relcl	_	_
for	_	ADP	IN	_	_	10	case	_	_
tacos	_	NOUN	NNS	_	_	8	obl	_	_
?	_	PUNCT	.	_	_	3	punct	_	_"
Mom why that's meat for tacos ?,"Mom	_	_	_	_	_	4	vocative	_	_
why	_	_	_	_	_	4	advmod	_	_
that's	_	_	_	_	_	4	cop	_	_
meat	_	_	_	_	_	0	root	_	_
for	_	_	_	_	_	6	case	_	_
tacos	_	_	_	_	_	4	nmod	_	_
?	_	_	_	_	_	4	punct	_	_","Mom	_	_	_	_	_	4	vocative	_	_
why	_	_	_	_	_	4	advmod	_	_
that's	_	_	_	_	_	4	nsubj	_	_
meat	_	_	_	_	_	0	root	_	_
for	_	_	_	_	_	6	case	_	_
tacos	_	_	_	_	_	4	nmod	_	_
?	_	_	_	_	_	4	punct	_	_","Mom	_	NOUN	NN	_	_	5	vocative	_	_
why	_	ADV	WRB	_	_	5	advmod	_	_
that	_	PRON	DT	_	_	5	nsubj	_	_
's	_	AUX	VBZ	_	_	5	cop	_	_
meat	_	NOUN	NN	_	_	0	root	_	_
for	_	ADP	IN	_	_	7	case	_	_
tacos	_	NOUN	NNS	_	_	5	nmod	_	_
?	_	PUNCT	.	_	_	5	punct	_	_"
I don't want a woodpecker peck on me .,"I	_	_	_	_	_	3	nsubj	_	_
don't	_	_	_	_	_	3	aux	_	_
want	_	_	_	_	_	0	root	_	_
a	_	_	_	_	_	5	det	_	_
woodpecker	_	_	_	_	_	6	nsubj	_	_
peck	_	_	_	_	_	3	xcomp	_	_
on	_	_	_	_	_	8	case	_	_
me	_	_	_	_	_	6	obl	_	_
.	_	_	_	_	_	3	punct	_	_","I	_	_	_	_	_	3	nsubj	_	_
don't	_	_	_	_	_	3	advmod	_	_
want	_	_	_	_	_	0	root	_	_
a	_	_	_	_	_	5	det	_	_
woodpecker	_	_	_	_	_	3	obj	_	_
peck	_	_	_	_	_	3	xcomp	_	_
on	_	_	_	_	_	8	case	_	_
me	_	_	_	_	_	6	obl	_	_
.	_	_	_	_	_	3	punct	_	_","I	_	PRON	PRP	_	_	4	nsubj	_	_
do	_	AUX	VBP	_	_	4	aux	_	_
n't	_	PART	RB	_	_	4	advmod	_	_
want	_	VERB	VB	_	_	0	root	_	_
a	_	DET	DT	_	_	7	det	_	_
woodpecker	_	NOUN	NN	_	_	7	compound	_	_
peck	_	NOUN	NN	_	_	4	obj	_	_
on	_	ADP	IN	_	_	9	case	_	_
me	_	PRON	PRP	_	_	4	obl	_	_
.	_	PUNCT	.	_	_	4	punct	_	_"
uhhuh and then I can't walk when them peck holes on me .,"uhhuh	_	_	_	_	_	6	discourse	_	_
and	_	_	_	_	_	6	cc	_	_
then	_	_	_	_	_	6	advmod	_	_
I	_	_	_	_	_	6	nsubj	_	_
can't	_	_	_	_	_	6	aux	_	_
walk	_	_	_	_	_	0	root	_	_
when	_	_	_	_	_	9	mark	_	_
them	_	_	_	_	_	9	nsubj	_	_
peck	_	_	_	_	_	6	advcl	_	_
holes	_	_	_	_	_	9	obj	_	_
on	_	_	_	_	_	12	case	_	_
me	_	_	_	_	_	9	obl	_	_
.	_	_	_	_	_	6	punct	_	_","uhhuh	_	_	_	_	_	6	discourse	_	_
and	_	_	_	_	_	6	cc	_	_
then	_	_	_	_	_	6	advmod	_	_
I	_	_	_	_	_	6	nsubj	_	_
can't	_	_	_	_	_	6	advmod	_	_
walk	_	_	_	_	_	0	root	_	_
when	_	_	_	_	_	9	advmod	_	_
them	_	_	_	_	_	9	nsubj	_	_
peck	_	_	_	_	_	6	advcl	_	_
holes	_	_	_	_	_	9	obj	_	_
on	_	_	_	_	_	12	case	_	_
me	_	_	_	_	_	9	obl	_	_
.	_	_	_	_	_	6	punct	_	_","uhhuh	_	INTJ	UH	_	_	7	discourse	_	_
and	_	CCONJ	CC	_	_	7	cc	_	_
then	_	ADV	RB	_	_	7	advmod	_	_
I	_	PRON	PRP	_	_	7	nsubj	_	_
ca	_	AUX	MD	_	_	7	aux	_	_
n't	_	PART	RB	_	_	7	advmod	_	_
walk	_	VERB	VB	_	_	0	root	_	_
when	_	ADV	WRB	_	_	10	advmod	_	_
them	_	PRON	PRP	_	_	10	nsubj	_	_
peck	_	VERB	VBP	_	_	7	advcl	_	_
holes	_	NOUN	NNS	_	_	10	obj	_	_
on	_	ADP	IN	_	_	13	case	_	_
me	_	PRON	PRP	_	_	10	obl	_	_
.	_	PUNCT	.	_	_	7	punct	_	_"
hunhunh and then I can't walk when them peck holes on me .,"hunhunh	_	_	_	_	_	6	discourse	_	_
and	_	_	_	_	_	6	cc	_	_
then	_	_	_	_	_	6	advmod	_	_
I	_	_	_	_	_	6	nsubj	_	_
can't	_	_	_	_	_	6	aux	_	_
walk	_	_	_	_	_	0	root	_	_
when	_	_	_	_	_	9	mark	_	_
them	_	_	_	_	_	9	nsubj	_	_
peck	_	_	_	_	_	6	advcl	_	_
holes	_	_	_	_	_	9	obj	_	_
on	_	_	_	_	_	12	case	_	_
me	_	_	_	_	_	9	obl	_	_
.	_	_	_	_	_	6	punct	_	_","hunhunh	_	_	_	_	_	6	discourse	_	_
and	_	_	_	_	_	6	cc	_	_
then	_	_	_	_	_	6	advmod	_	_
I	_	_	_	_	_	6	nsubj	_	_
can't	_	_	_	_	_	6	advmod	_	_
walk	_	_	_	_	_	0	root	_	_
when	_	_	_	_	_	9	advmod	_	_
them	_	_	_	_	_	9	nsubj	_	_
peck	_	_	_	_	_	6	advcl	_	_
holes	_	_	_	_	_	9	obj	_	_
on	_	_	_	_	_	12	case	_	_
me	_	_	_	_	_	9	obl	_	_
.	_	_	_	_	_	6	punct	_	_","hunhunh	_	INTJ	UH	_	_	7	discourse	_	_
and	_	CCONJ	CC	_	_	7	cc	_	_
then	_	ADV	RB	_	_	7	advmod	_	_
I	_	PRON	PRP	_	_	7	nsubj	_	_
ca	_	AUX	MD	_	_	7	aux	_	_
n't	_	PART	RB	_	_	7	advmod	_	_
walk	_	VERB	VB	_	_	0	root	_	_
when	_	ADV	WRB	_	_	10	advmod	_	_
them	_	PRON	PRP	_	_	10	nsubj	_	_
peck	_	VERB	VBP	_	_	7	advcl	_	_
holes	_	NOUN	NNS	_	_	10	obj	_	_
on	_	ADP	IN	_	_	13	case	_	_
me	_	PRON	PRP	_	_	10	obl	_	_
.	_	PUNCT	.	_	_	7	punct	_	_"
I I blowed that Mommy .,"I	_	_	_	_	_	2	reparandum	_	_
I	_	_	_	_	_	3	nsubj	_	_
blowed	_	_	_	_	_	0	root	_	_
that	_	_	_	_	_	3	obj	_	_
Mommy	_	_	_	_	_	3	vocative	_	_
.	_	_	_	_	_	3	punct	_	_","I	_	_	_	_	_	3	reparandum	_	_
I	_	_	_	_	_	3	nsubj	_	_
blowed	_	_	_	_	_	0	root	_	_
that	_	_	_	_	_	3	obj	_	_
Mommy	_	_	_	_	_	3	obj	_	_
.	_	_	_	_	_	3	punct	_	_","I	_	PRON	PRP	_	_	3	nsubj	_	_
I	_	PRON	PRP	_	_	3	nsubj	_	_
blowed	_	VERB	VBD	_	_	0	root	_	_
that	_	DET	DT	_	_	5	det	_	_
Mommy	_	PROPN	NNP	_	_	3	obj	_	_
.	_	PUNCT	.	_	_	3	punct	_	_"
the the sugar I blowed the sugar Mom .,"the	_	_	_	_	_	2	reparandum	_	_
the	_	_	_	_	_	3	det	_	_
sugar	_	_	_	_	_	0	root	_	_
I	_	_	_	_	_	5	nsubj	_	_
blowed	_	_	_	_	_	3	parataxis	_	_
the	_	_	_	_	_	7	det	_	_
sugar	_	_	_	_	_	5	obj	_	_
Mom	_	_	_	_	_	5	vocative	_	_
.	_	_	_	_	_	3	punct	_	_","the	_	_	_	_	_	3	reparandum	_	_
the	_	_	_	_	_	3	det	_	_
sugar	_	_	_	_	_	5	parataxis	_	_
I	_	_	_	_	_	5	nsubj	_	_
blowed	_	_	_	_	_	0	root	_	_
the	_	_	_	_	_	7	det	_	_
sugar	_	_	_	_	_	5	obj	_	_
Mom	_	_	_	_	_	5	vocative	_	_
.	_	_	_	_	_	5	punct	_	_","the	_	DET	DT	_	_	3	det	_	_
the	_	DET	DT	_	_	3	det	_	_
sugar	_	NOUN	NN	_	_	5	nsubj	_	_
I	_	PRON	PRP	_	_	5	nsubj	_	_
blowed	_	VERB	VBD	_	_	0	root	_	_
the	_	DET	DT	_	_	8	det	_	_
sugar	_	NOUN	NN	_	_	8	compound	_	_
Mom	_	NOUN	NN	_	_	5	obj	_	_
.	_	PUNCT	.	_	_	5	punct	_	_"
why that's yellow Mom ?,"why	_	_	_	_	_	3	advmod	_	_
that's	_	_	_	_	_	3	cop	_	_
yellow	_	_	_	_	_	0	root	_	_
Mom	_	_	_	_	_	3	vocative	_	_
?	_	_	_	_	_	3	punct	_	_","why	_	_	_	_	_	3	advmod	_	_
that's	_	_	_	_	_	3	nsubj	_	_
yellow	_	_	_	_	_	0	root	_	_
Mom	_	_	_	_	_	3	vocative	_	_
?	_	_	_	_	_	3	punct	_	_","why	_	ADV	WRB	_	_	5	advmod	_	_
that	_	PRON	DT	_	_	5	nsubj	_	_
's	_	AUX	VBZ	_	_	5	cop	_	_
yellow	_	ADJ	JJ	_	_	5	amod	_	_
Mom	_	NOUN	NN	_	_	0	root	_	_
?	_	PUNCT	.	_	_	5	punct	_	_"
a e what's two letters ?,"a	_	_	_	_	_	0	root	_	_
e	_	_	_	_	_	1	conj	_	_
what's	_	_	_	_	_	1	parataxis	_	_
two	_	_	_	_	_	5	nummod	_	_
letters	_	_	_	_	_	3	nsubj	_	_
?	_	_	_	_	_	1	punct	_	_","a	_	_	_	_	_	5	discourse	_	_
e	_	_	_	_	_	1	punct	_	_
what's	_	_	_	_	_	5	cop	_	_
two	_	_	_	_	_	5	nummod	_	_
letters	_	_	_	_	_	0	root	_	_
?	_	_	_	_	_	5	punct	_	_","a	_	DET	DT	_	_	2	det	_	_
e	_	NOUN	NN	_	_	0	root	_	_
what	_	PRON	WP	_	_	6	nsubj	_	_
's	_	AUX	VBZ	_	_	6	cop	_	_
two	_	NUM	CD	_	_	6	nummod	_	_
letters	_	NOUN	NNS	_	_	2	acl:relcl	_	_
?	_	PUNCT	.	_	_	2	punct	_	_"
Mommy when you're through with .,"Mommy	_	_	_	_	_	4	vocative	_	_
when	_	_	_	_	_	4	mark	_	_
you're	_	_	_	_	_	4	nsubj	_	_
through	_	_	_	_	_	0	root	_	_
with	_	_	_	_	_	4	obl	_	_
.	_	_	_	_	_	4	punct	_	_","Mommy	_	_	_	_	_	0	root	_	_
when	_	_	_	_	_	4	advmod	_	_
you're	_	_	_	_	_	4	nsubj	_	_
through	_	_	_	_	_	1	advcl	_	_
with	_	_	_	_	_	4	obl	_	_
.	_	_	_	_	_	1	punct	_	_","Mommy	_	PROPN	NNP	_	_	0	root	_	_
when	_	ADV	WRB	_	_	5	advmod	_	_
you	_	PRON	PRP	_	_	5	nsubj	_	_
're	_	AUX	VBP	_	_	5	cop	_	_
through	_	ADP	IN	_	_	1	advcl	_	_
with	_	ADP	IN	_	_	5	obl	_	_
.	_	PUNCT	.	_	_	1	punct	_	_"
why that's cut all cut up ?,"why	_	_	_	_	_	5	advmod	_	_
that's	_	_	_	_	_	5	nsubj	_	_
cut	_	_	_	_	_	5	reparandum	_	_
all	_	_	_	_	_	5	advmod	_	_
cut	_	_	_	_	_	0	root	_	_
up	_	_	_	_	_	5	compound:prt	_	_
?	_	_	_	_	_	5	punct	_	_","why	_	_	_	_	_	3	advmod	_	_
that's	_	_	_	_	_	3	nsubj	_	_
cut	_	_	_	_	_	0	root	_	_
all	_	_	_	_	_	5	advmod	_	_
cut	_	_	_	_	_	3	parataxis	_	_
up	_	_	_	_	_	5	compound:prt	_	_
?	_	_	_	_	_	3	punct	_	_","why	_	ADV	WRB	_	_	4	advmod	_	_
that	_	PRON	DT	_	_	4	nsubj:pass	_	_
's	_	AUX	VBZ	_	_	4	aux:pass	_	_
cut	_	VERB	VBN	_	_	0	root	_	_
all	_	DET	DT	_	_	4	obj	_	_
cut	_	VERB	VBN	_	_	4	xcomp	_	_
up	_	ADP	RP	_	_	6	compound:prt	_	_
?	_	PUNCT	.	_	_	4	punct	_	_"
when you through with that I have a lick of bowl that bowl ?,"when	_	_	_	_	_	3	mark	_	_
you	_	_	_	_	_	3	nsubj	_	_
through	_	_	_	_	_	7	advcl	_	_
with	_	_	_	_	_	5	case	_	_
that	_	_	_	_	_	3	obl	_	_
I	_	_	_	_	_	7	nsubj	_	_
have	_	_	_	_	_	0	root	_	_
a	_	_	_	_	_	9	det	_	_
lick	_	_	_	_	_	7	obj	_	_
of	_	_	_	_	_	11	case	_	_
bowl	_	_	_	_	_	9	nmod	_	_
that	_	_	_	_	_	13	det	_	_
bowl	_	_	_	_	_	9	parataxis	_	_
?	_	_	_	_	_	7	punct	_	_","when	_	_	_	_	_	3	advmod	_	_
you	_	_	_	_	_	3	nsubj	_	_
through	_	_	_	_	_	7	advcl	_	_
with	_	_	_	_	_	5	case	_	_
that	_	_	_	_	_	3	obl	_	_
I	_	_	_	_	_	7	nsubj	_	_
have	_	_	_	_	_	0	root	_	_
a	_	_	_	_	_	9	det	_	_
lick	_	_	_	_	_	7	obj	_	_
of	_	_	_	_	_	13	case	_	_
bowl	_	_	_	_	_	13	reparandum	_	_
that	_	_	_	_	_	13	det	_	_
bowl	_	_	_	_	_	9	nmod	_	_
?	_	_	_	_	_	7	punct	_	_","when	_	ADV	WRB	_	_	3	advmod	_	_
you	_	PRON	PRP	_	_	3	nsubj	_	_
through	_	ADP	RP	_	_	7	advcl	_	_
with	_	ADP	IN	_	_	7	mark	_	_
that	_	SCONJ	IN	_	_	7	mark	_	_
I	_	PRON	PRP	_	_	7	nsubj	_	_
have	_	VERB	VBP	_	_	0	root	_	_
a	_	DET	DT	_	_	9	det	_	_
lick	_	NOUN	NN	_	_	7	obj	_	_
of	_	ADP	IN	_	_	11	case	_	_
bowl	_	NOUN	NN	_	_	9	nmod	_	_
that	_	DET	DT	_	_	13	det	_	_
bowl	_	NOUN	NN	_	_	9	nmod:unmarked	_	_
?	_	PUNCT	.	_	_	7	punct	_	_"
I lick one little piece okay ?,"I	_	_	_	_	_	2	nsubj	_	_
lick	_	_	_	_	_	0	root	_	_
one	_	_	_	_	_	5	nummod	_	_
little	_	_	_	_	_	5	amod	_	_
piece	_	_	_	_	_	2	obj	_	_
okay	_	_	_	_	_	2	discourse	_	_
?	_	_	_	_	_	2	punct	_	_","I	_	_	_	_	_	2	nsubj	_	_
lick	_	_	_	_	_	0	root	_	_
one	_	_	_	_	_	5	nummod	_	_
little	_	_	_	_	_	5	amod	_	_
piece	_	_	_	_	_	2	obj	_	_
okay	_	_	_	_	_	2	discourse	_	_
?	_	_	_	_	_	2	punct	_	_","I	_	PRON	PRP	_	_	2	nsubj	_	_
lick	_	VERB	VBP	_	_	0	root	_	_
one	_	NUM	CD	_	_	5	nummod	_	_
little	_	ADJ	JJ	_	_	5	amod	_	_
piece	_	NOUN	NN	_	_	2	obj	_	_
okay	_	ADJ	JJ	_	_	2	xcomp	_	_
?	_	PUNCT	.	_	_	2	punct	_	_"
Mommy I have one little another lick please .,"Mommy	_	_	_	_	_	3	vocative	_	_
I	_	_	_	_	_	3	nsubj	_	_
have	_	_	_	_	_	0	root	_	_
one	_	_	_	_	_	5	nummod	_	_
little	_	_	_	_	_	3	obj	_	_
another	_	_	_	_	_	7	det	_	_
lick	_	_	_	_	_	3	parataxis	_	_
please	_	_	_	_	_	3	discourse	_	_
.	_	_	_	_	_	3	punct	_	_","Mommy	_	_	_	_	_	3	vocative	_	_
I	_	_	_	_	_	3	nsubj	_	_
have	_	_	_	_	_	0	root	_	_
one	_	_	_	_	_	5	nummod	_	_
little	_	_	_	_	_	7	amod	_	_
another	_	_	_	_	_	7	amod	_	_
lick	_	_	_	_	_	3	obj	_	_
please	_	_	_	_	_	3	discourse	_	_
.	_	_	_	_	_	3	punct	_	_","Mommy	_	PROPN	NNP	_	_	3	vocative	_	_
I	_	PRON	PRP	_	_	3	nsubj	_	_
have	_	VERB	VBP	_	_	0	root	_	_
one	_	NUM	CD	_	_	5	nummod	_	_
little	_	ADJ	JJ	_	_	7	amod	_	_
another	_	DET	DT	_	_	7	det	_	_
lick	_	NOUN	NN	_	_	3	obj	_	_
please	_	INTJ	UH	_	_	3	discourse	_	_
.	_	PUNCT	.	_	_	3	punct	_	_"
not me either I will not fit in the pan .,"not	_	_	_	_	_	2	advmod	_	_
me	_	_	_	_	_	0	root	_	_
either	_	_	_	_	_	2	advmod	_	_
I	_	_	_	_	_	7	nsubj	_	_
will	_	_	_	_	_	7	aux	_	_
not	_	_	_	_	_	7	advmod	_	_
fit	_	_	_	_	_	2	parataxis	_	_
in	_	_	_	_	_	10	case	_	_
the	_	_	_	_	_	10	det	_	_
pan	_	_	_	_	_	7	obl	_	_
.	_	_	_	_	_	2	punct	_	_","not	_	_	_	_	_	2	advmod	_	_
me	_	_	_	_	_	0	root	_	_
either	_	_	_	_	_	2	advmod	_	_
I	_	_	_	_	_	7	nsubj	_	_
will	_	_	_	_	_	7	aux	_	_
not	_	_	_	_	_	7	advmod	_	_
fit	_	_	_	_	_	2	parataxis	_	_
in	_	_	_	_	_	10	case	_	_
the	_	_	_	_	_	10	det	_	_
pan	_	_	_	_	_	7	obl	_	_
.	_	_	_	_	_	2	punct	_	_","not	_	PART	RB	_	_	2	advmod	_	_
me	_	PRON	PRP	_	_	0	root	_	_
either	_	CCONJ	CC	_	_	7	cc:preconj	_	_
I	_	PRON	PRP	_	_	7	nsubj	_	_
will	_	AUX	MD	_	_	7	aux	_	_
not	_	PART	RB	_	_	7	advmod	_	_
fit	_	VERB	VB	_	_	2	parataxis	_	_
in	_	ADP	IN	_	_	10	case	_	_
the	_	DET	DT	_	_	10	det	_	_
pan	_	NOUN	NN	_	_	7	obl	_	_
.	_	PUNCT	.	_	_	2	punct	_	_"
hunhunh I have one more little taste Mom ?,"hunhunh	_	_	_	_	_	3	discourse	_	_
I	_	_	_	_	_	3	nsubj	_	_
have	_	_	_	_	_	0	root	_	_
one	_	_	_	_	_	7	nummod	_	_
more	_	_	_	_	_	7	amod	_	_
little	_	_	_	_	_	7	amod	_	_
taste	_	_	_	_	_	3	obj	_	_
Mom	_	_	_	_	_	3	vocative	_	_
?	_	_	_	_	_	3	punct	_	_","hunhunh	_	_	_	_	_	3	discourse	_	_
I	_	_	_	_	_	3	nsubj	_	_
have	_	_	_	_	_	0	root	_	_
one	_	_	_	_	_	7	nummod	_	_
more	_	_	_	_	_	7	amod	_	_
little	_	_	_	_	_	7	amod	_	_
taste	_	_	_	_	_	3	obj	_	_
Mom	_	_	_	_	_	3	vocative	_	_
?	_	_	_	_	_	3	punct	_	_","hunhunh	_	INTJ	UH	_	_	3	discourse	_	_
I	_	PRON	PRP	_	_	3	nsubj	_	_
have	_	VERB	VBP	_	_	0	root	_	_
one	_	NUM	CD	_	_	7	nummod	_	_
more	_	ADJ	JJR	_	_	7	amod	_	_
little	_	ADJ	JJ	_	_	7	amod	_	_
taste	_	NOUN	NN	_	_	3	obj	_	_
Mom	_	NOUN	NN	_	_	7	appos	_	_
?	_	PUNCT	.	_	_	3	punct	_	_"
I have a big taste Mom ?,"I	_	_	_	_	_	2	nsubj	_	_
have	_	_	_	_	_	0	root	_	_
a	_	_	_	_	_	5	det	_	_
big	_	_	_	_	_	5	amod	_	_
taste	_	_	_	_	_	2	obj	_	_
Mom	_	_	_	_	_	2	vocative	_	_
?	_	_	_	_	_	2	punct	_	_","I	_	_	_	_	_	2	nsubj	_	_
have	_	_	_	_	_	0	root	_	_
a	_	_	_	_	_	5	det	_	_
big	_	_	_	_	_	5	amod	_	_
taste	_	_	_	_	_	2	obj	_	_
Mom	_	_	_	_	_	2	vocative	_	_
?	_	_	_	_	_	2	punct	_	_","I	_	PRON	PRP	_	_	2	nsubj	_	_
have	_	VERB	VBP	_	_	0	root	_	_
a	_	DET	DT	_	_	5	det	_	_
big	_	ADJ	JJ	_	_	5	amod	_	_
taste	_	NOUN	NN	_	_	2	obj	_	_
Mom	_	NOUN	NN	_	_	5	appos	_	_
?	_	PUNCT	.	_	_	2	punct	_	_"
uhuh uhuh I eat a real tiny one like yours .,"uhuh	_	_	_	_	_	4	discourse	_	_
uhuh	_	_	_	_	_	1	flat	_	_
I	_	_	_	_	_	4	nsubj	_	_
eat	_	_	_	_	_	0	root	_	_
a	_	_	_	_	_	8	det	_	_
real	_	_	_	_	_	7	advmod	_	_
tiny	_	_	_	_	_	8	amod	_	_
one	_	_	_	_	_	4	obj	_	_
like	_	_	_	_	_	10	case	_	_
yours	_	_	_	_	_	8	nmod	_	_
.	_	_	_	_	_	4	punct	_	_","uhuh	_	_	_	_	_	4	discourse	_	_
uhuh	_	_	_	_	_	4	discourse	_	_
I	_	_	_	_	_	4	nsubj	_	_
eat	_	_	_	_	_	0	root	_	_
a	_	_	_	_	_	8	det	_	_
real	_	_	_	_	_	7	advmod	_	_
tiny	_	_	_	_	_	8	amod	_	_
one	_	_	_	_	_	4	obj	_	_
like	_	_	_	_	_	10	case	_	_
yours	_	_	_	_	_	8	nmod	_	_
.	_	_	_	_	_	4	punct	_	_","uhuh	_	INTJ	UH	_	_	4	discourse	_	_
uhuh	_	INTJ	UH	_	_	4	discourse	_	_
I	_	PRON	PRP	_	_	4	nsubj	_	_
eat	_	VERB	VBP	_	_	0	root	_	_
a	_	DET	DT	_	_	8	det	_	_
real	_	ADJ	JJ	_	_	8	amod	_	_
tiny	_	ADJ	JJ	_	_	8	amod	_	_
one	_	NOUN	NN	_	_	4	obj	_	_
like	_	ADP	IN	_	_	10	case	_	_
yours	_	PRON	PRP	_	_	8	nmod	_	_
.	_	PUNCT	.	_	_	4	punct	_	_"
Daddy what we watch Daddy .,"Daddy	_	_	_	_	_	4	vocative	_	_
what	_	_	_	_	_	4	obj	_	_
we	_	_	_	_	_	4	nsubj	_	_
watch	_	_	_	_	_	0	root	_	_
Daddy	_	_	_	_	_	4	vocative	_	_
.	_	_	_	_	_	4	punct	_	_","Daddy	_	_	_	_	_	0	root	_	_
what	_	_	_	_	_	4	obj	_	_
we	_	_	_	_	_	4	nsubj	_	_
watch	_	_	_	_	_	1	parataxis	_	_
Daddy	_	_	_	_	_	4	vocative	_	_
.	_	_	_	_	_	1	punct	_	_","Daddy	_	PROPN	NNP	_	_	0	root	_	_
what	_	PRON	WP	_	_	1	obj	_	_
we	_	PRON	PRP	_	_	4	nsubj	_	_
watch	_	VERB	VBP	_	_	2	acl:relcl	_	_
Daddy	_	PROPN	NNP	_	_	4	obj	_	_
.	_	PUNCT	.	_	_	1	punct	_	_"
Daddy soon that's a be gone .,"Daddy	_	_	_	_	_	6	vocative	_	_
soon	_	_	_	_	_	6	advmod	_	_
that's	_	_	_	_	_	6	aux	_	_
a	_	_	_	_	_	6	aux	_	_
be	_	_	_	_	_	6	cop	_	_
gone	_	_	_	_	_	0	root	_	_
.	_	_	_	_	_	6	punct	_	_","Daddy	_	_	_	_	_	6	vocative	_	_
soon	_	_	_	_	_	6	advmod	_	_
that's	_	_	_	_	_	6	nsubj	_	_
a	_	_	_	_	_	6	aux	_	_
be	_	_	_	_	_	6	cop	_	_
gone	_	_	_	_	_	0	root	_	_
.	_	_	_	_	_	6	punct	_	_","Daddy	_	PROPN	NNP	_	_	7	vocative	_	_
soon	_	ADV	RB	_	_	7	advmod	_	_
that	_	PRON	DT	_	_	7	nsubj	_	_
's	_	AUX	VBZ	_	_	7	cop	_	_
a	_	DET	DT	_	_	7	det	_	_
be	_	AUX	VB	_	_	7	cop	_	_
gone	_	ADJ	JJ	_	_	0	root	_	_
.	_	PUNCT	.	_	_	7	punct	_	_"
uhhuh I I don't want you eat them all .,"uhhuh	_	_	_	_	_	5	discourse	_	_
I	_	_	_	_	_	3	reparandum	_	_
I	_	_	_	_	_	5	nsubj	_	_
don't	_	_	_	_	_	5	aux	_	_
want	_	_	_	_	_	0	root	_	_
you	_	_	_	_	_	5	obj	_	_
eat	_	_	_	_	_	5	xcomp	_	_
them	_	_	_	_	_	7	obj	_	_
all	_	_	_	_	_	8	det	_	_
.	_	_	_	_	_	5	punct	_	_","uhhuh	_	_	_	_	_	5	discourse	_	_
I	_	_	_	_	_	5	reparandum	_	_
I	_	_	_	_	_	5	nsubj	_	_
don't	_	_	_	_	_	5	advmod	_	_
want	_	_	_	_	_	0	root	_	_
you	_	_	_	_	_	7	nsubj	_	_
eat	_	_	_	_	_	5	xcomp	_	_
them	_	_	_	_	_	7	obj	_	_
all	_	_	_	_	_	8	nmod:unmarked	_	_
.	_	_	_	_	_	5	punct	_	_","uhhuh	_	INTJ	UH	_	_	6	discourse	_	_
I	_	PRON	PRP	_	_	6	reparandum	_	_
I	_	PRON	PRP	_	_	6	nsubj	_	_
do	_	AUX	VBP	_	_	6	aux	_	_
n't	_	PART	RB	_	_	6	advmod	_	_
want	_	VERB	VB	_	_	0	root	_	_
you	_	PRON	PRP	_	_	6	obj	_	_
eat	_	VERB	VB	_	_	6	xcomp	_	_
them	_	PRON	PRP	_	_	8	obj	_	_
all	_	DET	DT	_	_	8	advmod	_	_
.	_	PUNCT	.	_	_	6	punct	_	_"
baby horse .,"baby	_	_	_	_	_	2	amod	_	_
horse	_	_	_	_	_	0	root	_	_
.	_	_	_	_	_	2	punct	_	_","baby	_	_	_	_	_	2	amod	_	_
horse	_	_	_	_	_	0	root	_	_
.	_	_	_	_	_	2	punct	_	_","baby	_	NOUN	NN	_	_	2	compound	_	_
horse	_	NOUN	NN	_	_	0	root	_	_
.	_	PUNCT	.	_	_	2	punct	_	_"
mm egg .,"mm	_	_	_	_	_	2	discourse	_	_
egg	_	_	_	_	_	0	root	_	_
.	_	_	_	_	_	2	punct	_	_","mm	_	_	_	_	_	2	compound	_	_
egg	_	_	_	_	_	0	root	_	_
.	_	_	_	_	_	2	punct	_	_","mm	_	INTJ	UH	_	_	2	discourse	_	_
egg	_	NOUN	NN	_	_	0	root	_	_
.	_	PUNCT	.	_	_	2	punct	_	_"
and they bring they bring me blockses .,"and	_	_	_	_	_	5	cc	_	_
they	_	_	_	_	_	3	nsubj	_	_
bring	_	_	_	_	_	5	reparandum	_	_
they	_	_	_	_	_	5	nsubj	_	_
bring	_	_	_	_	_	0	root	_	_
me	_	_	_	_	_	5	iobj	_	_
blockses	_	_	_	_	_	5	obj	_	_
.	_	_	_	_	_	5	punct	_	_","and	_	_	_	_	_	5	cc	_	_
they	_	_	_	_	_	3	nsubj	_	_
bring	_	_	_	_	_	5	reparandum	_	_
they	_	_	_	_	_	5	nsubj	_	_
bring	_	_	_	_	_	0	root	_	_
me	_	_	_	_	_	5	iobj	_	_
blockses	_	_	_	_	_	5	obj	_	_
.	_	_	_	_	_	5	punct	_	_","and	_	CCONJ	CC	_	_	3	cc	_	_
they	_	PRON	PRP	_	_	3	nsubj	_	_
bring	_	VERB	VBP	_	_	0	root	_	_
they	_	PRON	PRP	_	_	5	nsubj	_	_
bring	_	VERB	VBP	_	_	3	ccomp	_	_
me	_	PRON	PRP	_	_	5	iobj	_	_
blockses	_	NOUN	NNS	_	_	5	obj	_	_
.	_	PUNCT	.	_	_	3	punct	_	_"
Spidey don't have no more money .,"Spidey	_	_	_	_	_	3	nsubj	_	_
don't	_	_	_	_	_	3	advmod	_	_
have	_	_	_	_	_	0	root	_	_
no	_	_	_	_	_	6	det	_	_
more	_	_	_	_	_	6	amod	_	_
money	_	_	_	_	_	3	obj	_	_
.	_	_	_	_	_	3	punct	_	_","Spidey	_	_	_	_	_	3	nsubj	_	_
don't	_	_	_	_	_	3	advmod	_	_
have	_	_	_	_	_	0	root	_	_
no	_	_	_	_	_	6	det	_	_
more	_	_	_	_	_	6	amod	_	_
money	_	_	_	_	_	3	obj	_	_
.	_	_	_	_	_	3	punct	_	_","Spidey	_	PROPN	NNP	_	_	4	nsubj	_	_
do	_	AUX	VBP	_	_	4	aux	_	_
n't	_	PART	RB	_	_	4	advmod	_	_
have	_	VERB	VB	_	_	0	root	_	_
no	_	DET	DT	_	_	7	det	_	_
more	_	ADJ	JJR	_	_	7	amod	_	_
money	_	NOUN	NN	_	_	4	obj	_	_
.	_	PUNCT	.	_	_	4	punct	_	_"
the Hulk don't like chocolate .,"the	_	_	_	_	_	2	det	_	_
Hulk	_	_	_	_	_	4	nsubj	_	_
don't	_	_	_	_	_	4	aux	_	_
like	_	_	_	_	_	0	root	_	_
chocolate	_	_	_	_	_	4	obj	_	_
.	_	_	_	_	_	4	punct	_	_","the	_	_	_	_	_	2	det	_	_
Hulk	_	_	_	_	_	4	nsubj	_	_
don't	_	_	_	_	_	4	advmod	_	_
like	_	_	_	_	_	0	root	_	_
chocolate	_	_	_	_	_	4	obj	_	_
.	_	_	_	_	_	4	punct	_	_","the	_	DET	DT	_	_	2	det	_	_
Hulk	_	PROPN	NNP	_	_	5	nsubj	_	_
do	_	AUX	VBP	_	_	5	aux	_	_
n't	_	PART	RB	_	_	5	advmod	_	_
like	_	VERB	VB	_	_	0	root	_	_
chocolate	_	NOUN	NN	_	_	5	obj	_	_
.	_	PUNCT	.	_	_	5	punct	_	_"
ghostses and Snoopy is my friend .,"ghostses	_	_	_	_	_	0	root	_	_
and	_	_	_	_	_	6	cc	_	_
Snoopy	_	_	_	_	_	6	nsubj	_	_
is	_	_	_	_	_	6	cop	_	_
my	_	_	_	_	_	6	nmod:poss	_	_
friend	_	_	_	_	_	1	conj	_	_
.	_	_	_	_	_	1	punct	_	_","ghostses	_	_	_	_	_	6	nsubj	_	_
and	_	_	_	_	_	3	cc	_	_
Snoopy	_	_	_	_	_	1	conj	_	_
is	_	_	_	_	_	6	cop	_	_
my	_	_	_	_	_	6	nmod:poss	_	_
friend	_	_	_	_	_	0	root	_	_
.	_	_	_	_	_	6	punct	_	_","ghostses	_	PROPN	NNPS	_	_	6	nsubj	_	_
and	_	CCONJ	CC	_	_	3	cc	_	_
Snoopy	_	PROPN	NNP	_	_	1	conj	_	_
is	_	AUX	VBZ	_	_	6	cop	_	_
my	_	PRON	PRP$	_	_	6	nmod:poss	_	_
friend	_	NOUN	NN	_	_	0	root	_	_
.	_	PUNCT	.	_	_	6	punct	_	_"
go get dollar .,"go	_	_	_	_	_	0	root	_	_
get	_	_	_	_	_	1	compound	_	_
dollar	_	_	_	_	_	2	obj	_	_
.	_	_	_	_	_	1	punct	_	_","go	_	_	_	_	_	0	root	_	_
get	_	_	_	_	_	1	xcomp	_	_
dollar	_	_	_	_	_	2	obj	_	_
.	_	_	_	_	_	1	punct	_	_","go	_	VERB	VB	_	_	0	root	_	_
get	_	VERB	VB	_	_	1	xcomp	_	_
dollar	_	NOUN	NN	_	_	2	obj	_	_
.	_	PUNCT	.	_	_	1	punct	_	_"
go put in mouth .,"go	_	_	_	_	_	0	root	_	_
put	_	_	_	_	_	1	compound	_	_
in	_	_	_	_	_	4	case	_	_
mouth	_	_	_	_	_	2	obl	_	_
.	_	_	_	_	_	1	punct	_	_","go	_	_	_	_	_	0	root	_	_
put	_	_	_	_	_	1	parataxis	_	_
in	_	_	_	_	_	4	case	_	_
mouth	_	_	_	_	_	2	obl	_	_
.	_	_	_	_	_	1	punct	_	_","go	_	VERB	VB	_	_	0	root	_	_
put	_	VERB	VBN	_	_	1	xcomp	_	_
in	_	ADP	IN	_	_	4	case	_	_
mouth	_	NOUN	NN	_	_	2	obl	_	_
.	_	PUNCT	.	_	_	1	punct	_	_"
he was getting up and see Marky Rossy .,"he	_	_	_	_	_	3	nsubj	_	_
was	_	_	_	_	_	3	aux	_	_
getting	_	_	_	_	_	0	root	_	_
up	_	_	_	_	_	3	advmod	_	_
and	_	_	_	_	_	6	cc	_	_
see	_	_	_	_	_	3	conj	_	_
Marky	_	_	_	_	_	6	obj	_	_
Rossy	_	_	_	_	_	7	flat	_	_
.	_	_	_	_	_	3	punct	_	_","he	_	_	_	_	_	3	nsubj	_	_
was	_	_	_	_	_	3	aux	_	_
getting	_	_	_	_	_	0	root	_	_
up	_	_	_	_	_	3	compound:prt	_	_
and	_	_	_	_	_	6	cc	_	_
see	_	_	_	_	_	3	conj	_	_
Marky	_	_	_	_	_	6	obj	_	_
Rossy	_	_	_	_	_	7	flat	_	_
.	_	_	_	_	_	3	punct	_	_","he	_	PRON	PRP	_	_	3	nsubj	_	_
was	_	AUX	VBD	_	_	3	aux	_	_
getting	_	VERB	VBG	_	_	0	root	_	_
up	_	ADP	RP	_	_	3	compound:prt	_	_
and	_	CCONJ	CC	_	_	6	cc	_	_
see	_	VERB	VB	_	_	3	conj	_	_
Marky	_	PROPN	NNP	_	_	6	obj	_	_
Rossy	_	PROPN	NNP	_	_	7	flat	_	_
.	_	PUNCT	.	_	_	3	punct	_	_"
I don't broke it in two bits I broke it in one bit .,"I	_	_	_	_	_	3	nsubj	_	_
don't	_	_	_	_	_	3	aux	_	_
broke	_	_	_	_	_	0	root	_	_
it	_	_	_	_	_	3	obj	_	_
in	_	_	_	_	_	7	case	_	_
two	_	_	_	_	_	7	nummod	_	_
bits	_	_	_	_	_	3	obl	_	_
I	_	_	_	_	_	9	nsubj	_	_
broke	_	_	_	_	_	3	parataxis	_	_
it	_	_	_	_	_	9	obj	_	_
in	_	_	_	_	_	13	case	_	_
one	_	_	_	_	_	13	nummod	_	_
bit	_	_	_	_	_	9	obl	_	_
.	_	_	_	_	_	3	punct	_	_","I	_	_	_	_	_	3	nsubj	_	_
don't	_	_	_	_	_	3	advmod	_	_
broke	_	_	_	_	_	0	root	_	_
it	_	_	_	_	_	3	obj	_	_
in	_	_	_	_	_	7	case	_	_
two	_	_	_	_	_	7	nummod	_	_
bits	_	_	_	_	_	3	obl	_	_
I	_	_	_	_	_	9	nsubj	_	_
broke	_	_	_	_	_	3	parataxis	_	_
it	_	_	_	_	_	9	obj	_	_
in	_	_	_	_	_	13	case	_	_
one	_	_	_	_	_	13	nummod	_	_
bit	_	_	_	_	_	9	obl	_	_
.	_	_	_	_	_	3	punct	_	_","I	_	PRON	PRP	_	_	4	nsubj	_	_
do	_	AUX	VBP	_	_	4	aux	_	_
n't	_	PART	RB	_	_	4	advmod	_	_
broke	_	VERB	VBN	_	_	0	root	_	_
it	_	PRON	PRP	_	_	4	obj	_	_
in	_	ADP	IN	_	_	8	case	_	_
two	_	NUM	CD	_	_	8	nummod	_	_
bits	_	NOUN	NNS	_	_	4	obl	_	_
I	_	PRON	PRP	_	_	10	nsubj	_	_
broke	_	VERB	VBD	_	_	4	parataxis	_	_
it	_	PRON	PRP	_	_	10	obj	_	_
in	_	ADP	IN	_	_	14	case	_	_
one	_	NUM	CD	_	_	14	nummod	_	_
bit	_	NOUN	NN	_	_	10	obl	_	_
.	_	PUNCT	.	_	_	4	punct	_	_"
I told Mrs Mitchell the Great Pumpkin and Charlie Brown .,"I	_	_	_	_	_	2	nsubj	_	_
told	_	_	_	_	_	0	root	_	_
Mrs	_	_	_	_	_	2	iobj	_	_
Mitchell	_	_	_	_	_	3	flat	_	_
the	_	_	_	_	_	7	det	_	_
Great	_	_	_	_	_	7	amod	_	_
Pumpkin	_	_	_	_	_	2	obj	_	_
and	_	_	_	_	_	9	cc	_	_
Charlie	_	_	_	_	_	7	conj	_	_
Brown	_	_	_	_	_	9	flat	_	_
.	_	_	_	_	_	2	punct	_	_","I	_	_	_	_	_	2	nsubj	_	_
told	_	_	_	_	_	0	root	_	_
Mrs	_	_	_	_	_	4	nmod:desc	_	_
Mitchell	_	_	_	_	_	2	iobj	_	_
the	_	_	_	_	_	7	det	_	_
Great	_	_	_	_	_	7	amod	_	_
Pumpkin	_	_	_	_	_	2	obj	_	_
and	_	_	_	_	_	9	cc	_	_
Charlie	_	_	_	_	_	7	conj	_	_
Brown	_	_	_	_	_	9	flat	_	_
.	_	_	_	_	_	2	punct	_	_","I	_	PRON	PRP	_	_	2	nsubj	_	_
told	_	VERB	VBD	_	_	0	root	_	_
Mrs	_	PROPN	NNP	_	_	2	iobj	_	_
Mitchell	_	PROPN	NNP	_	_	3	flat	_	_
the	_	DET	DT	_	_	7	det	_	_
Great	_	ADJ	NNP	_	_	7	amod	_	_
Pumpkin	_	PROPN	NNP	_	_	3	appos	_	_
and	_	CCONJ	CC	_	_	9	cc	_	_
Charlie	_	PROPN	NNP	_	_	7	conj	_	_
Brown	_	PROPN	NNP	_	_	9	flat	_	_
.	_	PUNCT	.	_	_	2	punct	_	_"
I got elephants and Marky got elephants on .,"I	_	_	_	_	_	2	nsubj	_	_
got	_	_	_	_	_	0	root	_	_
elephants	_	_	_	_	_	2	obj	_	_
and	_	_	_	_	_	6	cc	_	_
Marky	_	_	_	_	_	6	nsubj	_	_
got	_	_	_	_	_	2	conj	_	_
elephants	_	_	_	_	_	6	obj	_	_
on	_	_	_	_	_	6	advmod	_	_
.	_	_	_	_	_	2	punct	_	_","I	_	_	_	_	_	2	nsubj	_	_
got	_	_	_	_	_	0	root	_	_
elephants	_	_	_	_	_	2	obj	_	_
and	_	_	_	_	_	6	cc	_	_
Marky	_	_	_	_	_	6	nsubj	_	_
got	_	_	_	_	_	2	conj	_	_
elephants	_	_	_	_	_	6	obj	_	_
on	_	_	_	_	_	6	compound:prt	_	_
.	_	_	_	_	_	2	punct	_	_","I	_	PRON	PRP	_	_	2	nsubj	_	_
got	_	VERB	VBD	_	_	0	root	_	_
elephants	_	NOUN	NNS	_	_	2	obj	_	_
and	_	CCONJ	CC	_	_	6	cc	_	_
Marky	_	PROPN	NNP	_	_	6	nsubj	_	_
got	_	VERB	VBD	_	_	2	conj	_	_
elephants	_	NOUN	NNS	_	_	6	obj	_	_
on	_	ADP	IN	_	_	6	compound:prt	_	_
.	_	PUNCT	.	_	_	2	punct	_	_"
but I'm to my home .,"but	_	_	_	_	_	5	cc	_	_
I'm	_	_	_	_	_	5	cop	_	_
to	_	_	_	_	_	5	case	_	_
my	_	_	_	_	_	5	nmod:poss	_	_
home	_	_	_	_	_	0	root	_	_
.	_	_	_	_	_	5	punct	_	_","but	_	_	_	_	_	5	cc	_	_
I'm	_	_	_	_	_	5	nsubj	_	_
to	_	_	_	_	_	5	case	_	_
my	_	_	_	_	_	5	nmod:poss	_	_
home	_	_	_	_	_	0	root	_	_
.	_	_	_	_	_	5	punct	_	_","but	_	CCONJ	CC	_	_	6	cc	_	_
I	_	PRON	PRP	_	_	6	nsubj	_	_
'm	_	AUX	VBP	_	_	6	cop	_	_
to	_	ADP	IN	_	_	6	case	_	_
my	_	PRON	PRP$	_	_	6	nmod:poss	_	_
home	_	NOUN	NN	_	_	0	root	_	_
.	_	PUNCT	.	_	_	6	punct	_	_"
no that pumpkin don't wanna be a .,"no	_	_	_	_	_	5	discourse	_	_
that	_	_	_	_	_	3	det	_	_
pumpkin	_	_	_	_	_	5	nsubj	_	_
don't	_	_	_	_	_	5	aux	_	_
wanna	_	_	_	_	_	0	root	_	_
be	_	_	_	_	_	7	cop	_	_
a	_	_	_	_	_	5	xcomp	_	_
.	_	_	_	_	_	5	punct	_	_","no	_	_	_	_	_	5	discourse	_	_
that	_	_	_	_	_	3	det	_	_
pumpkin	_	_	_	_	_	5	nsubj	_	_
don't	_	_	_	_	_	5	advmod	_	_
wanna	_	_	_	_	_	0	root	_	_
be	_	_	_	_	_	7	cop	_	_
a	_	_	_	_	_	5	xcomp	_	_
.	_	_	_	_	_	5	punct	_	_","no	_	INTJ	UH	_	_	6	discourse	_	_
that	_	SCONJ	IN	_	_	6	mark	_	_
pumpkin	_	NOUN	NN	_	_	6	nsubj	_	_
do	_	AUX	VBP	_	_	6	aux	_	_
n't	_	PART	RB	_	_	6	advmod	_	_
wan	_	VERB	VB	_	_	0	root	_	_
na	_	PART	TO	_	_	9	mark	_	_
be	_	AUX	VB	_	_	9	cop	_	_
a	_	DET	DT	_	_	6	xcomp	_	_
.	_	PUNCT	.	_	_	6	punct	_	_"
no that pumpkin wanna be a little jack o lantern .,"no	_	_	_	_	_	4	discourse	_	_
that	_	_	_	_	_	3	det	_	_
pumpkin	_	_	_	_	_	4	nsubj	_	_
wanna	_	_	_	_	_	0	root	_	_
be	_	_	_	_	_	8	cop	_	_
a	_	_	_	_	_	8	det	_	_
little	_	_	_	_	_	8	amod	_	_
jack	_	_	_	_	_	4	xcomp	_	_
o	_	_	_	_	_	10	case	_	_
lantern	_	_	_	_	_	8	nmod	_	_
.	_	_	_	_	_	4	punct	_	_","no	_	_	_	_	_	4	discourse	_	_
that	_	_	_	_	_	3	det	_	_
pumpkin	_	_	_	_	_	4	nsubj	_	_
wanna	_	_	_	_	_	0	root	_	_
be	_	_	_	_	_	8	cop	_	_
a	_	_	_	_	_	8	det	_	_
little	_	_	_	_	_	8	amod	_	_
jack	_	_	_	_	_	4	xcomp	_	_
o	_	_	_	_	_	10	case	_	_
lantern	_	_	_	_	_	8	nmod	_	_
.	_	_	_	_	_	4	punct	_	_","no	_	INTJ	UH	_	_	4	discourse	_	_
that	_	SCONJ	IN	_	_	4	mark	_	_
pumpkin	_	NOUN	NN	_	_	4	nsubj	_	_
wan	_	VERB	VBP	_	_	0	root	_	_
na	_	PART	TO	_	_	9	mark	_	_
be	_	AUX	VB	_	_	9	cop	_	_
a	_	DET	DT	_	_	9	det	_	_
little	_	ADJ	JJ	_	_	9	amod	_	_
jack	_	NOUN	NN	_	_	4	xcomp	_	_
o	_	ADP	IN	_	_	11	case	_	_
lantern	_	NOUN	NN	_	_	9	nmod	_	_
.	_	PUNCT	.	_	_	4	punct	_	_"
oops where my hands gone ?,"oops	_	_	_	_	_	5	discourse	_	_
where	_	_	_	_	_	5	advmod	_	_
my	_	_	_	_	_	4	nmod:poss	_	_
hands	_	_	_	_	_	5	nsubj	_	_
gone	_	_	_	_	_	0	root	_	_
?	_	_	_	_	_	5	punct	_	_","oops	_	_	_	_	_	5	discourse	_	_
where	_	_	_	_	_	5	aux	_	_
my	_	_	_	_	_	4	nmod:poss	_	_
hands	_	_	_	_	_	5	nsubj	_	_
gone	_	_	_	_	_	0	root	_	_
?	_	_	_	_	_	5	punct	_	_","oops	_	VERB	VBZ	_	_	0	root	_	_
where	_	ADV	WRB	_	_	1	obj	_	_
my	_	PRON	PRP$	_	_	4	nmod:poss	_	_
hands	_	NOUN	NNS	_	_	5	nsubj	_	_
gone	_	VERB	VBD	_	_	2	advcl:relcl	_	_
?	_	PUNCT	.	_	_	1	punct	_	_"
Mummy ate it all myself .,"Mummy	_	_	_	_	_	2	nsubj	_	_
ate	_	_	_	_	_	0	root	_	_
it	_	_	_	_	_	2	obj	_	_
all	_	_	_	_	_	3	det	_	_
myself	_	_	_	_	_	2	obl	_	_
.	_	_	_	_	_	2	punct	_	_","Mummy	_	_	_	_	_	2	nsubj	_	_
ate	_	_	_	_	_	0	root	_	_
it	_	_	_	_	_	2	obj	_	_
all	_	_	_	_	_	3	nmod:unmarked	_	_
myself	_	_	_	_	_	2	obl:unmarked	_	_
.	_	_	_	_	_	2	punct	_	_","Mummy	_	NOUN	NN	_	_	2	nsubj	_	_
ate	_	VERB	VBD	_	_	0	root	_	_
it	_	PRON	PRP	_	_	2	obj	_	_
all	_	DET	DT	_	_	2	advmod	_	_
myself	_	PRON	PRP	_	_	2	obl:unmarked	_	_
.	_	PUNCT	.	_	_	2	punct	_	_"
I fall over .,"I	_	_	_	_	_	2	nsubj	_	_
fall	_	_	_	_	_	0	root	_	_
over	_	_	_	_	_	2	advmod	_	_
.	_	_	_	_	_	2	punct	_	_","I	_	_	_	_	_	2	nsubj	_	_
fall	_	_	_	_	_	0	root	_	_
over	_	_	_	_	_	2	compound:prt	_	_
.	_	_	_	_	_	2	punct	_	_","I	_	PRON	PRP	_	_	2	nsubj	_	_
fall	_	VERB	VBP	_	_	0	root	_	_
over	_	ADV	RB	_	_	2	advmod	_	_
.	_	PUNCT	.	_	_	2	punct	_	_"
I not fall over .,"I	_	_	_	_	_	3	nsubj	_	_
not	_	_	_	_	_	3	advmod	_	_
fall	_	_	_	_	_	0	root	_	_
over	_	_	_	_	_	3	advmod	_	_
.	_	_	_	_	_	3	punct	_	_","I	_	_	_	_	_	3	nsubj	_	_
not	_	_	_	_	_	3	advmod	_	_
fall	_	_	_	_	_	0	root	_	_
over	_	_	_	_	_	3	compound:prt	_	_
.	_	_	_	_	_	3	punct	_	_","I	_	PRON	PRP	_	_	3	nsubj	_	_
not	_	PART	RB	_	_	3	advmod	_	_
fall	_	VERB	VBP	_	_	0	root	_	_
over	_	ADP	RP	_	_	3	compound:prt	_	_
.	_	PUNCT	.	_	_	3	punct	_	_"
not Jo eat my biscuit ?,"not	_	_	_	_	_	3	advmod	_	_
Jo	_	_	_	_	_	3	nsubj	_	_
eat	_	_	_	_	_	0	root	_	_
my	_	_	_	_	_	5	nmod:poss	_	_
biscuit	_	_	_	_	_	3	obj	_	_
?	_	_	_	_	_	3	punct	_	_","not	_	_	_	_	_	2	advmod	_	_
Jo	_	_	_	_	_	3	nsubj	_	_
eat	_	_	_	_	_	0	root	_	_
my	_	_	_	_	_	5	nmod:poss	_	_
biscuit	_	_	_	_	_	3	obj	_	_
?	_	_	_	_	_	3	punct	_	_","not	_	PART	RB	_	_	3	advmod	_	_
Jo	_	PROPN	NNP	_	_	3	nsubj	_	_
eat	_	VERB	VB	_	_	0	root	_	_
my	_	PRON	PRP$	_	_	5	nmod:poss	_	_
biscuit	_	NOUN	NN	_	_	3	obj	_	_
?	_	PUNCT	.	_	_	3	punct	_	_"
like animal .,"like	_	_	_	_	_	2	case	_	_
animal	_	_	_	_	_	0	root	_	_
.	_	_	_	_	_	2	punct	_	_","like	_	_	_	_	_	2	discourse	_	_
animal	_	_	_	_	_	0	root	_	_
.	_	_	_	_	_	2	punct	_	_","like	_	ADP	IN	_	_	2	case	_	_
animal	_	NOUN	NN	_	_	0	root	_	_
.	_	PUNCT	.	_	_	2	punct	_	_"
around around my scooter .,"around	_	_	_	_	_	2	reparandum	_	_
around	_	_	_	_	_	4	case	_	_
my	_	_	_	_	_	4	nmod:poss	_	_
scooter	_	_	_	_	_	0	root	_	_
.	_	_	_	_	_	4	punct	_	_","around	_	_	_	_	_	0	root	_	_
around	_	_	_	_	_	4	case	_	_
my	_	_	_	_	_	4	nmod:poss	_	_
scooter	_	_	_	_	_	1	obl	_	_
.	_	_	_	_	_	1	punct	_	_","around	_	ADV	RB	_	_	0	root	_	_
around	_	ADP	IN	_	_	4	case	_	_
my	_	PRON	PRP$	_	_	4	nmod:poss	_	_
scooter	_	NOUN	NN	_	_	1	obl	_	_
.	_	PUNCT	.	_	_	1	punct	_	_"
a gone .,"a	_	_	_	_	_	2	discourse	_	_
gone	_	_	_	_	_	0	root	_	_
.	_	_	_	_	_	2	punct	_	_","a	_	_	_	_	_	2	det	_	_
gone	_	_	_	_	_	0	root	_	_
.	_	_	_	_	_	2	punct	_	_","a	_	DET	DT	_	_	2	det	_	_
gone	_	ADJ	JJ	_	_	0	root	_	_
.	_	PUNCT	.	_	_	2	punct	_	_"
that's rubbish man's .,"that's	_	_	_	_	_	3	nsubj	_	_
rubbish	_	_	_	_	_	3	compound	_	_
man's	_	_	_	_	_	0	root	_	_
.	_	_	_	_	_	3	punct	_	_","that's	_	_	_	_	_	2	nsubj	_	_
rubbish	_	_	_	_	_	0	root	_	_
man's	_	_	_	_	_	2	goeswith	_	_
.	_	_	_	_	_	2	punct	_	_","that	_	PRON	DT	_	_	4	nsubj	_	_
's	_	AUX	VBZ	_	_	4	cop	_	_
rubbish	_	ADJ	JJ	_	_	4	amod	_	_
man	_	NOUN	NN	_	_	0	root	_	_
's	_	PART	POS	_	_	4	case	_	_
.	_	PUNCT	.	_	_	4	punct	_	_"
I say no it's not it's cushions .,"I	_	_	_	_	_	2	nsubj	_	_
say	_	_	_	_	_	0	root	_	_
no	_	_	_	_	_	4	discourse	_	_
it's	_	_	_	_	_	5	nsubj	_	_
not	_	_	_	_	_	2	advmod	_	_
it's	_	_	_	_	_	7	nsubj	_	_
cushions	_	_	_	_	_	2	parataxis	_	_
.	_	_	_	_	_	2	punct	_	_","I	_	_	_	_	_	2	nsubj	_	_
say	_	_	_	_	_	0	root	_	_
no	_	_	_	_	_	5	discourse	_	_
it's	_	_	_	_	_	5	nsubj	_	_
not	_	_	_	_	_	2	ccomp	_	_
it's	_	_	_	_	_	7	nsubj	_	_
cushions	_	_	_	_	_	2	ccomp	_	_
.	_	_	_	_	_	2	punct	_	_","I	_	PRON	PRP	_	_	2	nsubj	_	_
say	_	VERB	VBP	_	_	0	root	_	_
no	_	INTJ	UH	_	_	9	discourse	_	_
it	_	PRON	PRP	_	_	9	nsubj	_	_
's	_	AUX	VBZ	_	_	9	cop	_	_
not	_	PART	RB	_	_	9	advmod	_	_
it	_	PRON	PRP	_	_	9	nsubj	_	_
's	_	AUX	VBZ	_	_	9	cop	_	_
cushions	_	NOUN	NNS	_	_	2	ccomp	_	_
.	_	PUNCT	.	_	_	2	punct	_	_"
no Ben .,"no	_	_	_	_	_	0	root	_	_
Ben	_	_	_	_	_	1	vocative	_	_
.	_	_	_	_	_	1	punct	_	_","no	_	_	_	_	_	2	det	_	_
Ben	_	_	_	_	_	0	root	_	_
.	_	_	_	_	_	2	punct	_	_","no	_	INTJ	UH	_	_	2	discourse	_	_
Ben	_	PROPN	NNP	_	_	0	root	_	_
.	_	PUNCT	.	_	_	2	punct	_	_"
video Dad .,"video	_	_	_	_	_	0	root	_	_
Dad	_	_	_	_	_	1	vocative	_	_
.	_	_	_	_	_	1	punct	_	_","video	_	_	_	_	_	0	root	_	_
Dad	_	_	_	_	_	1	vocative	_	_
.	_	_	_	_	_	1	punct	_	_","video	_	NOUN	NN	_	_	2	compound	_	_
Dad	_	NOUN	NN	_	_	0	root	_	_
.	_	PUNCT	.	_	_	2	punct	_	_"
"I sorry , Purdie .","I	_	_	_	_	_	2	nsubj	_	_
sorry	_	_	_	_	_	0	root	_	_
,	_	_	_	_	_	2	vocative	_	_
Purdie	_	_	_	_	_	2	vocative	_	_
.	_	_	_	_	_	2	punct	_	_","I	_	_	_	_	_	2	nsubj	_	_
sorry	_	_	_	_	_	0	root	_	_
,	_	_	_	_	_	4	punct	_	_
Purdie	_	_	_	_	_	2	vocative	_	_
.	_	_	_	_	_	2	punct	_	_","I	_	PRON	PRP	_	_	2	nsubj	_	_
sorry	_	ADJ	JJ	_	_	0	root	_	_
,	_	PUNCT	,	_	_	4	punct	_	_
Purdie	_	PROPN	NNP	_	_	2	vocative	_	_
.	_	PUNCT	.	_	_	2	punct	_	_"
I not like you today all day long .,"I	_	_	_	_	_	3	nsubj	_	_
not	_	_	_	_	_	3	advmod	_	_
like	_	_	_	_	_	0	root	_	_
you	_	_	_	_	_	3	obj	_	_
today	_	_	_	_	_	3	obl:unmarked	_	_
all	_	_	_	_	_	7	det	_	_
day	_	_	_	_	_	8	obl:unmarked	_	_
long	_	_	_	_	_	4	advmod	_	_
.	_	_	_	_	_	3	punct	_	_","I	_	_	_	_	_	3	nsubj	_	_
not	_	_	_	_	_	3	advmod	_	_
like	_	_	_	_	_	0	root	_	_
you	_	_	_	_	_	3	obj	_	_
today	_	_	_	_	_	3	obl:unmarked	_	_
all	_	_	_	_	_	7	det	_	_
day	_	_	_	_	_	8	obl:unmarked	_	_
long	_	_	_	_	_	3	advmod	_	_
.	_	_	_	_	_	3	punct	_	_","I	_	PRON	PRP	_	_	3	nsubj	_	_
not	_	PART	RB	_	_	3	advmod	_	_
like	_	VERB	VBP	_	_	0	root	_	_
you	_	PRON	PRP	_	_	3	obj	_	_
today	_	NOUN	NN	_	_	3	obl:unmarked	_	_
all	_	DET	DT	_	_	7	det	_	_
day	_	NOUN	NN	_	_	8	obl:unmarked	_	_
long	_	ADV	RB	_	_	3	advmod	_	_
.	_	PUNCT	.	_	_	3	punct	_	_"
funny your hair .,"funny	_	_	_	_	_	0	root	_	_
your	_	_	_	_	_	3	nmod:poss	_	_
hair	_	_	_	_	_	1	nsubj	_	_
.	_	_	_	_	_	1	punct	_	_","funny	_	_	_	_	_	0	root	_	_
your	_	_	_	_	_	3	nmod:poss	_	_
hair	_	_	_	_	_	1	obj	_	_
.	_	_	_	_	_	1	punct	_	_","funny	_	ADJ	JJ	_	_	0	root	_	_
your	_	PRON	PRP$	_	_	3	nmod:poss	_	_
hair	_	NOUN	NN	_	_	1	obj	_	_
.	_	PUNCT	.	_	_	1	punct	_	_"
Purdie's fur like a sausage .,"Purdie's	_	_	_	_	_	2	nmod:poss	_	_
fur	_	_	_	_	_	0	root	_	_
like	_	_	_	_	_	5	case	_	_
a	_	_	_	_	_	5	det	_	_
sausage	_	_	_	_	_	2	nmod	_	_
.	_	_	_	_	_	2	punct	_	_","Purdie's	_	_	_	_	_	2	nmod:poss	_	_
fur	_	_	_	_	_	0	root	_	_
like	_	_	_	_	_	5	case	_	_
a	_	_	_	_	_	5	det	_	_
sausage	_	_	_	_	_	2	nmod	_	_
.	_	_	_	_	_	2	punct	_	_","Purdie	_	PROPN	NNP	_	_	3	nmod:poss	_	_
's	_	PART	POS	_	_	1	case	_	_
fur	_	NOUN	NN	_	_	0	root	_	_
like	_	ADP	IN	_	_	6	case	_	_
a	_	DET	DT	_	_	6	det	_	_
sausage	_	NOUN	NN	_	_	3	nmod	_	_
.	_	PUNCT	.	_	_	3	punct	_	_"
I lie and put a put a plaster on my knee's poorly .,"I	_	_	_	_	_	2	nsubj	_	_
lie	_	_	_	_	_	0	root	_	_
and	_	_	_	_	_	6	cc	_	_
put	_	_	_	_	_	2	conj	_	_
a	_	_	_	_	_	8	det	_	_
put	_	_	_	_	_	2	conj	_	_
a	_	_	_	_	_	8	det	_	_
plaster	_	_	_	_	_	6	obj	_	_
on	_	_	_	_	_	11	case	_	_
my	_	_	_	_	_	11	nmod:poss	_	_
knee's	_	_	_	_	_	12	nmod	_	_
poorly	_	_	_	_	_	6	advmod	_	_
.	_	_	_	_	_	2	punct	_	_","I	_	_	_	_	_	2	nsubj	_	_
lie	_	_	_	_	_	0	root	_	_
and	_	_	_	_	_	4	cc	_	_
put	_	_	_	_	_	2	conj	_	_
a	_	_	_	_	_	4	reparandum	_	_
put	_	_	_	_	_	2	conj	_	_
a	_	_	_	_	_	8	det	_	_
plaster	_	_	_	_	_	6	obj	_	_
on	_	_	_	_	_	11	case	_	_
my	_	_	_	_	_	11	nmod:poss	_	_
knee's	_	_	_	_	_	6	obl	_	_
poorly	_	_	_	_	_	6	advmod	_	_
.	_	_	_	_	_	2	punct	_	_","I	_	PRON	PRP	_	_	2	nsubj	_	_
lie	_	VERB	VBP	_	_	0	root	_	_
and	_	CCONJ	CC	_	_	4	cc	_	_
put	_	VERB	VBP	_	_	2	conj	_	_
a	_	DET	DT	_	_	6	det	_	_
put	_	NOUN	NN	_	_	4	obj	_	_
a	_	DET	DT	_	_	8	det	_	_
plaster	_	NOUN	NN	_	_	4	obj	_	_
on	_	ADP	IN	_	_	13	case	_	_
my	_	PRON	PRP$	_	_	11	nmod:poss	_	_
knee	_	NOUN	NN	_	_	13	nmod:poss	_	_
's	_	PART	POS	_	_	11	case	_	_
poorly	_	ADV	RB	_	_	4	advmod	_	_
.	_	PUNCT	.	_	_	2	punct	_	_"
fall out a queen .,"fall	_	_	_	_	_	0	root	_	_
out	_	_	_	_	_	1	compound:prt	_	_
a	_	_	_	_	_	4	det	_	_
queen	_	_	_	_	_	1	obl	_	_
.	_	_	_	_	_	1	punct	_	_","fall	_	_	_	_	_	0	root	_	_
out	_	_	_	_	_	4	case	_	_
a	_	_	_	_	_	4	det	_	_
queen	_	_	_	_	_	1	obl	_	_
.	_	_	_	_	_	1	punct	_	_","fall	_	VERB	VB	_	_	0	root	_	_
out	_	ADP	RP	_	_	1	compound:prt	_	_
a	_	DET	DT	_	_	4	det	_	_
queen	_	NOUN	NN	_	_	1	obj	_	_
.	_	PUNCT	.	_	_	1	punct	_	_"
got Thomas The Tank Engine's .,"got	_	_	_	_	_	0	root	_	_
Thomas	_	_	_	_	_	1	obj	_	_
The	_	_	_	_	_	5	det	_	_
Tank	_	_	_	_	_	5	compound	_	_
Engine's	_	_	_	_	_	2	flat	_	_
.	_	_	_	_	_	1	punct	_	_","got	_	_	_	_	_	0	root	_	_
Thomas	_	_	_	_	_	1	obj	_	_
The	_	_	_	_	_	5	det	_	_
Tank	_	_	_	_	_	5	compound	_	_
Engine's	_	_	_	_	_	2	appos	_	_
.	_	_	_	_	_	1	punct	_	_","got	_	VERB	VBD	_	_	0	root	_	_
Thomas	_	PROPN	NNP	_	_	1	iobj	_	_
The	_	DET	DT	_	_	5	det	_	_
Tank	_	PROPN	NNP	_	_	5	compound	_	_
Engine	_	PROPN	NNP	_	_	1	obj	_	_
's	_	PART	POS	_	_	5	case	_	_
.	_	PUNCT	.	_	_	1	punct	_	_"
dancing queen .,"dancing	_	_	_	_	_	2	amod	_	_
queen	_	_	_	_	_	0	root	_	_
.	_	_	_	_	_	2	punct	_	_","dancing	_	_	_	_	_	2	amod	_	_
queen	_	_	_	_	_	0	root	_	_
.	_	_	_	_	_	2	punct	_	_","dancing	_	NOUN	NN	_	_	0	root	_	_
queen	_	NOUN	NN	_	_	1	obj	_	_
.	_	PUNCT	.	_	_	1	punct	_	_"
Purdie's Daddy's Purdie's Purdie's .,"Purdie's	_	_	_	_	_	2	nmod:poss	_	_
Daddy's	_	_	_	_	_	3	nmod:poss	_	_
Purdie's	_	_	_	_	_	4	nmod:poss	_	_
Purdie's	_	_	_	_	_	0	root	_	_
.	_	_	_	_	_	2	punct	_	_","Purdie's	_	_	_	_	_	2	nmod:poss	_	_
Daddy's	_	_	_	_	_	0	root	_	_
Purdie's	_	_	_	_	_	4	nmod:poss	_	_
Purdie's	_	_	_	_	_	2	conj	_	_
.	_	_	_	_	_	4	punct	_	_","Purdie	_	PROPN	NNP	_	_	3	compound	_	_
's	_	PART	POS	_	_	1	case	_	_
Daddy	_	PROPN	NNP	_	_	5	nmod:poss	_	_
's	_	PART	POS	_	_	3	case	_	_
Purdie	_	PROPN	NNP	_	_	7	nmod:poss	_	_
's	_	PART	POS	_	_	3	case	_	_
Purdie	_	PROPN	NNP	_	_	0	root	_	_
's	_	PART	POS	_	_	3	case	_	_
.	_	PUNCT	.	_	_	7	punct	_	_"
what you brought .,"what	_	_	_	_	_	3	obj	_	_
you	_	_	_	_	_	3	nsubj	_	_
brought	_	_	_	_	_	0	root	_	_
.	_	_	_	_	_	3	punct	_	_","what	_	_	_	_	_	0	root	_	_
you	_	_	_	_	_	3	nsubj	_	_
brought	_	_	_	_	_	1	acl:relcl	_	_
.	_	_	_	_	_	1	punct	_	_","what	_	PRON	WP	_	_	0	root	_	_
you	_	PRON	PRP	_	_	3	nsubj	_	_
brought	_	VERB	VBD	_	_	1	acl:relcl	_	_
.	_	PUNCT	.	_	_	1	punct	_	_"
say Thomas .,"say	_	_	_	_	_	0	root	_	_
Thomas	_	_	_	_	_	1	obj	_	_
.	_	_	_	_	_	1	punct	_	_","say	_	_	_	_	_	0	root	_	_
Thomas	_	_	_	_	_	1	nsubj	_	_
.	_	_	_	_	_	1	punct	_	_","say	_	VERB	VB	_	_	0	root	_	_
Thomas	_	PROPN	NNP	_	_	1	obj	_	_
.	_	PUNCT	.	_	_	1	punct	_	_"
"in that window , the light reach .","in	_	_	_	_	_	3	case	_	_
that	_	_	_	_	_	3	det	_	_
window	_	_	_	_	_	7	obl	_	_
,	_	_	_	_	_	7	mark	_	_
the	_	_	_	_	_	6	det	_	_
light	_	_	_	_	_	7	nsubj	_	_
reach	_	_	_	_	_	0	root	_	_
.	_	_	_	_	_	7	punct	_	_","in	_	_	_	_	_	3	case	_	_
that	_	_	_	_	_	3	det	_	_
window	_	_	_	_	_	7	obl	_	_
,	_	_	_	_	_	3	punct	_	_
the	_	_	_	_	_	6	det	_	_
light	_	_	_	_	_	7	nsubj	_	_
reach	_	_	_	_	_	0	root	_	_
.	_	_	_	_	_	7	punct	_	_","in	_	ADP	IN	_	_	3	case	_	_
that	_	DET	DT	_	_	3	det	_	_
window	_	NOUN	NN	_	_	7	nmod	_	_
,	_	PUNCT	,	_	_	3	punct	_	_
the	_	DET	DT	_	_	7	det	_	_
light	_	ADJ	JJ	_	_	7	amod	_	_
reach	_	NOUN	NN	_	_	0	root	_	_
.	_	PUNCT	.	_	_	7	punct	_	_"
"sorry , red one .","sorry	_	_	_	_	_	4	discourse	_	_
,	_	_	_	_	_	4	mark	_	_
red	_	_	_	_	_	4	amod	_	_
one	_	_	_	_	_	0	root	_	_
.	_	_	_	_	_	4	punct	_	_","sorry	_	_	_	_	_	4	discourse	_	_
,	_	_	_	_	_	1	punct	_	_
red	_	_	_	_	_	4	amod	_	_
one	_	_	_	_	_	0	root	_	_
.	_	_	_	_	_	4	punct	_	_","sorry	_	ADJ	JJ	_	_	0	root	_	_
,	_	PUNCT	,	_	_	4	punct	_	_
red	_	ADJ	JJ	_	_	4	amod	_	_
one	_	NOUN	NN	_	_	1	parataxis	_	_
.	_	PUNCT	.	_	_	1	punct	_	_"
light on now .,"light	_	_	_	_	_	2	nsubj	_	_
on	_	_	_	_	_	0	root	_	_
now	_	_	_	_	_	2	advmod	_	_
.	_	_	_	_	_	2	punct	_	_","light	_	_	_	_	_	0	root	_	_
on	_	_	_	_	_	1	advmod	_	_
now	_	_	_	_	_	1	advmod	_	_
.	_	_	_	_	_	1	punct	_	_","light	_	NOUN	NN	_	_	0	root	_	_
on	_	ADP	IN	_	_	1	advmod	_	_
now	_	ADV	RB	_	_	1	advmod	_	_
.	_	PUNCT	.	_	_	1	punct	_	_"
"sorry , red one .","sorry	_	_	_	_	_	4	discourse	_	_
,	_	_	_	_	_	4	mark	_	_
red	_	_	_	_	_	4	amod	_	_
one	_	_	_	_	_	0	root	_	_
.	_	_	_	_	_	4	punct	_	_","sorry	_	_	_	_	_	4	discourse	_	_
,	_	_	_	_	_	1	punct	_	_
red	_	_	_	_	_	4	amod	_	_
one	_	_	_	_	_	0	root	_	_
.	_	_	_	_	_	4	punct	_	_","sorry	_	ADJ	JJ	_	_	0	root	_	_
,	_	PUNCT	,	_	_	4	punct	_	_
red	_	ADJ	JJ	_	_	4	amod	_	_
one	_	NOUN	NN	_	_	1	parataxis	_	_
.	_	PUNCT	.	_	_	1	punct	_	_"
"sorry , fire engine .","sorry	_	_	_	_	_	4	discourse	_	_
,	_	_	_	_	_	4	case	_	_
fire	_	_	_	_	_	4	compound	_	_
engine	_	_	_	_	_	0	root	_	_
.	_	_	_	_	_	4	punct	_	_","sorry	_	_	_	_	_	4	discourse	_	_
,	_	_	_	_	_	4	punct	_	_
fire	_	_	_	_	_	4	compound	_	_
engine	_	_	_	_	_	0	root	_	_
.	_	_	_	_	_	4	punct	_	_","sorry	_	ADJ	JJ	_	_	0	root	_	_
,	_	PUNCT	,	_	_	4	punct	_	_
fire	_	NOUN	NN	_	_	4	compound	_	_
engine	_	NOUN	NN	_	_	1	vocative	_	_
.	_	PUNCT	.	_	_	1	punct	_	_"
get a ladder for me reach the firework .,"get	_	_	_	_	_	0	root	_	_
a	_	_	_	_	_	3	det	_	_
ladder	_	_	_	_	_	1	obj	_	_
for	_	_	_	_	_	6	mark	_	_
me	_	_	_	_	_	6	nsubj	_	_
reach	_	_	_	_	_	1	advcl	_	_
the	_	_	_	_	_	8	det	_	_
firework	_	_	_	_	_	6	obj	_	_
.	_	_	_	_	_	1	punct	_	_","get	_	_	_	_	_	0	root	_	_
a	_	_	_	_	_	3	det	_	_
ladder	_	_	_	_	_	1	obj	_	_
for	_	_	_	_	_	6	mark	_	_
me	_	_	_	_	_	6	nsubj	_	_
reach	_	_	_	_	_	1	advcl	_	_
the	_	_	_	_	_	8	det	_	_
firework	_	_	_	_	_	6	obj	_	_
.	_	_	_	_	_	1	punct	_	_","get	_	VERB	VB	_	_	0	root	_	_
a	_	DET	DT	_	_	3	det	_	_
ladder	_	NOUN	NN	_	_	1	obj	_	_
for	_	ADP	IN	_	_	5	case	_	_
me	_	PRON	PRP	_	_	1	obl	_	_
reach	_	VERB	VB	_	_	1	advcl	_	_
the	_	DET	DT	_	_	8	det	_	_
firework	_	NOUN	NN	_	_	6	obj	_	_
.	_	PUNCT	.	_	_	1	punct	_	_"
one Mummy .,"one	_	_	_	_	_	0	root	_	_
Mummy	_	_	_	_	_	1	vocative	_	_
.	_	_	_	_	_	1	punct	_	_","one	_	_	_	_	_	2	nummod	_	_
Mummy	_	_	_	_	_	0	root	_	_
.	_	_	_	_	_	2	punct	_	_","one	_	NUM	CD	_	_	2	nummod	_	_
Mummy	_	NOUN	NN	_	_	0	root	_	_
.	_	PUNCT	.	_	_	2	punct	_	_"
"sorry , firework .","sorry	_	_	_	_	_	0	root	_	_
,	_	_	_	_	_	3	case	_	_
firework	_	_	_	_	_	1	parataxis	_	_
.	_	_	_	_	_	1	punct	_	_","sorry	_	_	_	_	_	3	discourse	_	_
,	_	_	_	_	_	3	punct	_	_
firework	_	_	_	_	_	0	root	_	_
.	_	_	_	_	_	3	punct	_	_","sorry	_	ADJ	JJ	_	_	0	root	_	_
,	_	PUNCT	,	_	_	3	punct	_	_
firework	_	NOUN	NN	_	_	1	vocative	_	_
.	_	PUNCT	.	_	_	1	punct	_	_"
problem that way .,"problem	_	_	_	_	_	0	root	_	_
that	_	_	_	_	_	3	det	_	_
way	_	_	_	_	_	1	nmod	_	_
.	_	_	_	_	_	1	punct	_	_","problem	_	_	_	_	_	0	root	_	_
that	_	_	_	_	_	3	det	_	_
way	_	_	_	_	_	1	nmod:unmarked	_	_
.	_	_	_	_	_	1	punct	_	_","problem	_	NOUN	NN	_	_	0	root	_	_
that	_	DET	DT	_	_	3	det	_	_
way	_	NOUN	NN	_	_	1	nmod:unmarked	_	_
.	_	PUNCT	.	_	_	1	punct	_	_"
problem that way .,"problem	_	_	_	_	_	0	root	_	_
that	_	_	_	_	_	3	det	_	_
way	_	_	_	_	_	1	nmod	_	_
.	_	_	_	_	_	1	punct	_	_","problem	_	_	_	_	_	0	root	_	_
that	_	_	_	_	_	3	det	_	_
way	_	_	_	_	_	1	nmod:unmarked	_	_
.	_	_	_	_	_	1	punct	_	_","problem	_	NOUN	NN	_	_	0	root	_	_
that	_	DET	DT	_	_	3	det	_	_
way	_	NOUN	NN	_	_	1	nmod:unmarked	_	_
.	_	PUNCT	.	_	_	1	punct	_	_"
careful not fall down bump head .,"careful	_	_	_	_	_	3	parataxis	_	_
not	_	_	_	_	_	3	advmod	_	_
fall	_	_	_	_	_	0	root	_	_
down	_	_	_	_	_	3	advmod	_	_
bump	_	_	_	_	_	1	parataxis	_	_
head	_	_	_	_	_	5	obj	_	_
.	_	_	_	_	_	3	punct	_	_","careful	_	_	_	_	_	0	root	_	_
not	_	_	_	_	_	3	advmod	_	_
fall	_	_	_	_	_	1	parataxis	_	_
down	_	_	_	_	_	3	advmod	_	_
bump	_	_	_	_	_	3	parataxis	_	_
head	_	_	_	_	_	5	obj	_	_
.	_	_	_	_	_	1	punct	_	_","careful	_	ADJ	JJ	_	_	3	nsubj	_	_
not	_	PART	RB	_	_	3	advmod	_	_
fall	_	VERB	VB	_	_	0	root	_	_
down	_	ADP	RP	_	_	3	compound:prt	_	_
bump	_	NOUN	NN	_	_	6	compound	_	_
head	_	NOUN	NN	_	_	3	obj	_	_
.	_	PUNCT	.	_	_	3	punct	_	_"
drove off now .,"drove	_	_	_	_	_	0	root	_	_
off	_	_	_	_	_	1	compound:prt	_	_
now	_	_	_	_	_	1	advmod	_	_
.	_	_	_	_	_	1	punct	_	_","drove	_	_	_	_	_	0	root	_	_
off	_	_	_	_	_	1	advmod	_	_
now	_	_	_	_	_	1	advmod	_	_
.	_	_	_	_	_	1	punct	_	_","drove	_	VERB	VBD	_	_	0	root	_	_
off	_	ADP	RP	_	_	1	compound:prt	_	_
now	_	ADV	RB	_	_	1	advmod	_	_
.	_	PUNCT	.	_	_	1	punct	_	_"
Pippin chip pan on .,"Pippin	_	_	_	_	_	2	compound	_	_
chip	_	_	_	_	_	3	compound	_	_
pan	_	_	_	_	_	0	root	_	_
on	_	_	_	_	_	3	advmod	_	_
.	_	_	_	_	_	3	punct	_	_","Pippin	_	_	_	_	_	2	compound	_	_
chip	_	_	_	_	_	3	compound	_	_
pan	_	_	_	_	_	4	nsubj	_	_
on	_	_	_	_	_	0	root	_	_
.	_	_	_	_	_	4	punct	_	_","Pippin	_	PROPN	NNP	_	_	3	compound	_	_
chip	_	NOUN	NN	_	_	3	compound	_	_
pan	_	NOUN	NN	_	_	4	nsubj	_	_
on	_	ADP	IN	_	_	0	root	_	_
.	_	PUNCT	.	_	_	4	punct	_	_"
mommy want a sticker ?,"mommy	_	_	_	_	_	2	vocative	_	_
want	_	_	_	_	_	0	root	_	_
a	_	_	_	_	_	4	det	_	_
sticker	_	_	_	_	_	2	obj	_	_
?	_	_	_	_	_	2	punct	_	_","mommy	_	_	_	_	_	2	nsubj	_	_
want	_	_	_	_	_	0	root	_	_
a	_	_	_	_	_	4	det	_	_
sticker	_	_	_	_	_	2	obj	_	_
?	_	_	_	_	_	2	punct	_	_","mommy	_	NOUN	NN	_	_	2	nsubj	_	_
want	_	VERB	VB	_	_	0	root	_	_
a	_	DET	DT	_	_	4	det	_	_
sticker	_	NOUN	NN	_	_	2	obj	_	_
?	_	PUNCT	.	_	_	2	punct	_	_"
chicken goes in there .,"chicken	_	_	_	_	_	2	nsubj	_	_
goes	_	_	_	_	_	0	root	_	_
in	_	_	_	_	_	4	case	_	_
there	_	_	_	_	_	2	obl	_	_
.	_	_	_	_	_	2	punct	_	_","chicken	_	_	_	_	_	2	nsubj	_	_
goes	_	_	_	_	_	0	root	_	_
in	_	_	_	_	_	4	case	_	_
there	_	_	_	_	_	2	obl	_	_
.	_	_	_	_	_	2	punct	_	_","chicken	_	NOUN	NN	_	_	2	nsubj	_	_
goes	_	VERB	VBZ	_	_	0	root	_	_
in	_	ADP	IN	_	_	2	case	_	_
there	_	ADV	RB	_	_	2	obl	_	_
.	_	PUNCT	.	_	_	2	punct	_	_"
sheeps go in there .,"sheeps	_	_	_	_	_	2	nsubj	_	_
go	_	_	_	_	_	0	root	_	_
in	_	_	_	_	_	4	case	_	_
there	_	_	_	_	_	2	obl	_	_
.	_	_	_	_	_	2	punct	_	_","sheeps	_	_	_	_	_	2	nsubj	_	_
go	_	_	_	_	_	0	root	_	_
in	_	_	_	_	_	4	case	_	_
there	_	_	_	_	_	2	obl	_	_
.	_	_	_	_	_	2	punct	_	_","sheeps	_	NOUN	NNS	_	_	2	nsubj	_	_
go	_	VERB	VBP	_	_	0	root	_	_
in	_	ADP	IN	_	_	2	case	_	_
there	_	ADV	RB	_	_	2	obl	_	_
.	_	PUNCT	.	_	_	2	punct	_	_"
went in here ?,"went	_	_	_	_	_	0	root	_	_
in	_	_	_	_	_	3	case	_	_
here	_	_	_	_	_	1	obl	_	_
?	_	_	_	_	_	1	punct	_	_","went	_	_	_	_	_	0	root	_	_
in	_	_	_	_	_	3	case	_	_
here	_	_	_	_	_	1	obl	_	_
?	_	_	_	_	_	1	punct	_	_","went	_	VERB	VBD	_	_	0	root	_	_
in	_	ADP	IN	_	_	1	advmod	_	_
here	_	ADV	RB	_	_	1	obl	_	_
?	_	PUNCT	.	_	_	1	punct	_	_"
can you tush can you shut that pig ?,"can	_	_	_	_	_	3	aux	_	_
you	_	_	_	_	_	3	nsubj	_	_
tush	_	_	_	_	_	0	root	_	_
can	_	_	_	_	_	6	aux	_	_
you	_	_	_	_	_	6	nsubj	_	_
shut	_	_	_	_	_	3	parataxis	_	_
that	_	_	_	_	_	8	det	_	_
pig	_	_	_	_	_	6	obj	_	_
?	_	_	_	_	_	3	punct	_	_","can	_	_	_	_	_	3	reparandum	_	_
you	_	_	_	_	_	3	nsubj	_	_
tush	_	_	_	_	_	6	reparandum	_	_
can	_	_	_	_	_	6	aux	_	_
you	_	_	_	_	_	6	nsubj	_	_
shut	_	_	_	_	_	0	root	_	_
that	_	_	_	_	_	8	det	_	_
pig	_	_	_	_	_	6	obj	_	_
?	_	_	_	_	_	6	punct	_	_","can	_	AUX	MD	_	_	3	aux	_	_
you	_	PRON	PRP	_	_	3	nsubj	_	_
tush	_	VERB	VB	_	_	0	root	_	_
can	_	AUX	MD	_	_	6	aux	_	_
you	_	PRON	PRP	_	_	6	nsubj	_	_
shut	_	VERB	VB	_	_	3	ccomp	_	_
that	_	DET	DT	_	_	8	det	_	_
pig	_	NOUN	NN	_	_	6	obj	_	_
?	_	PUNCT	.	_	_	3	punct	_	_"
do she ?,"do	_	_	_	_	_	0	root	_	_
she	_	_	_	_	_	1	nsubj	_	_
?	_	_	_	_	_	1	punct	_	_","do	_	_	_	_	_	0	root	_	_
she	_	_	_	_	_	1	nsubj	_	_
?	_	_	_	_	_	1	punct	_	_","do	_	VERB	VBP	_	_	0	root	_	_
she	_	PRON	PRP	_	_	1	obj	_	_
?	_	PUNCT	.	_	_	1	punct	_	_"
no it's .,"no	_	_	_	_	_	2	discourse	_	_
it's	_	_	_	_	_	0	root	_	_
.	_	_	_	_	_	2	punct	_	_","no	_	_	_	_	_	2	discourse	_	_
it's	_	_	_	_	_	0	root	_	_
.	_	_	_	_	_	2	punct	_	_","no	_	INTJ	UH	_	_	3	discourse	_	_
it	_	PRON	PRP	_	_	3	nsubj	_	_
's	_	AUX	VBZ	_	_	0	root	_	_
.	_	PUNCT	.	_	_	3	punct	_	_"
the pumpkin don't want to stand .,"the	_	_	_	_	_	2	det	_	_
pumpkin	_	_	_	_	_	4	nsubj	_	_
don't	_	_	_	_	_	4	aux	_	_
want	_	_	_	_	_	0	root	_	_
to	_	_	_	_	_	6	mark	_	_
stand	_	_	_	_	_	4	xcomp	_	_
.	_	_	_	_	_	4	punct	_	_","the	_	_	_	_	_	2	det	_	_
pumpkin	_	_	_	_	_	4	nsubj	_	_
don't	_	_	_	_	_	4	advmod	_	_
want	_	_	_	_	_	0	root	_	_
to	_	_	_	_	_	6	mark	_	_
stand	_	_	_	_	_	4	xcomp	_	_
.	_	_	_	_	_	4	punct	_	_","the	_	DET	DT	_	_	2	det	_	_
pumpkin	_	NOUN	NN	_	_	5	nsubj	_	_
do	_	AUX	VBP	_	_	5	aux	_	_
n't	_	PART	RB	_	_	5	advmod	_	_
want	_	VERB	VB	_	_	0	root	_	_
to	_	PART	TO	_	_	7	mark	_	_
stand	_	VERB	VB	_	_	5	xcomp	_	_
.	_	PUNCT	.	_	_	5	punct	_	_"
I get a too .,"I	_	_	_	_	_	2	nsubj	_	_
get	_	_	_	_	_	0	root	_	_
a	_	_	_	_	_	2	obj	_	_
too	_	_	_	_	_	2	advmod	_	_
.	_	_	_	_	_	2	punct	_	_","I	_	_	_	_	_	2	nsubj	_	_
get	_	_	_	_	_	0	root	_	_
a	_	_	_	_	_	2	obj	_	_
too	_	_	_	_	_	2	obj	_	_
.	_	_	_	_	_	2	punct	_	_","I	_	PRON	PRP	_	_	2	nsubj	_	_
get	_	VERB	VBP	_	_	0	root	_	_
a	_	DET	DT	_	_	2	obj	_	_
too	_	ADV	RB	_	_	2	advmod	_	_
.	_	PUNCT	.	_	_	2	punct	_	_"
this one gotta go with this .,"this	_	_	_	_	_	2	det	_	_
one	_	_	_	_	_	4	nsubj	_	_
gotta	_	_	_	_	_	4	aux	_	_
go	_	_	_	_	_	0	root	_	_
with	_	_	_	_	_	6	case	_	_
this	_	_	_	_	_	4	obl	_	_
.	_	_	_	_	_	4	punct	_	_","this	_	_	_	_	_	2	det	_	_
one	_	_	_	_	_	4	nsubj	_	_
gotta	_	_	_	_	_	4	aux	_	_
go	_	_	_	_	_	0	root	_	_
with	_	_	_	_	_	6	case	_	_
this	_	_	_	_	_	4	obl	_	_
.	_	_	_	_	_	4	punct	_	_","this	_	DET	DT	_	_	2	det	_	_
one	_	NOUN	NN	_	_	3	nsubj	_	_
got	_	VERB	VBD	_	_	0	root	_	_
ta	_	PART	TO	_	_	5	mark	_	_
go	_	VERB	VB	_	_	3	xcomp	_	_
with	_	ADP	IN	_	_	7	case	_	_
this	_	PRON	DT	_	_	5	obl	_	_
.	_	PUNCT	.	_	_	3	punct	_	_"
this one gets go out and play .,"this	_	_	_	_	_	2	det	_	_
one	_	_	_	_	_	3	nsubj	_	_
gets	_	_	_	_	_	0	root	_	_
go	_	_	_	_	_	3	xcomp	_	_
out	_	_	_	_	_	4	advmod	_	_
and	_	_	_	_	_	7	cc	_	_
play	_	_	_	_	_	4	conj	_	_
.	_	_	_	_	_	3	punct	_	_","this	_	_	_	_	_	2	det	_	_
one	_	_	_	_	_	3	nsubj	_	_
gets	_	_	_	_	_	0	root	_	_
go	_	_	_	_	_	3	xcomp	_	_
out	_	_	_	_	_	4	advmod	_	_
and	_	_	_	_	_	7	cc	_	_
play	_	_	_	_	_	4	conj	_	_
.	_	_	_	_	_	3	punct	_	_","this	_	DET	DT	_	_	2	det	_	_
one	_	NOUN	NN	_	_	4	nsubj	_	_
gets	_	AUX	VBZ	_	_	4	aux	_	_
go	_	VERB	VB	_	_	0	root	_	_
out	_	ADV	RB	_	_	4	advmod	_	_
and	_	CCONJ	CC	_	_	7	cc	_	_
play	_	VERB	VB	_	_	4	conj	_	_
.	_	PUNCT	.	_	_	4	punct	_	_"
that one is .,"that	_	_	_	_	_	2	det	_	_
one	_	_	_	_	_	3	nsubj	_	_
is	_	_	_	_	_	0	root	_	_
.	_	_	_	_	_	3	punct	_	_","that	_	_	_	_	_	2	det	_	_
one	_	_	_	_	_	3	nsubj	_	_
is	_	_	_	_	_	0	root	_	_
.	_	_	_	_	_	3	punct	_	_","that	_	SCONJ	IN	_	_	3	mark	_	_
one	_	NOUN	NN	_	_	3	nsubj	_	_
is	_	AUX	VBZ	_	_	0	root	_	_
.	_	PUNCT	.	_	_	3	punct	_	_"
because it's .,"because	_	_	_	_	_	2	mark	_	_
it's	_	_	_	_	_	0	root	_	_
.	_	_	_	_	_	2	punct	_	_","because	_	_	_	_	_	2	mark	_	_
it's	_	_	_	_	_	0	root	_	_
.	_	_	_	_	_	2	punct	_	_","because	_	SCONJ	IN	_	_	3	mark	_	_
it	_	PRON	PRP	_	_	3	nsubj	_	_
's	_	AUX	VBZ	_	_	0	root	_	_
.	_	PUNCT	.	_	_	3	punct	_	_"
do you know what this ?,"do	_	_	_	_	_	3	aux	_	_
you	_	_	_	_	_	3	nsubj	_	_
know	_	_	_	_	_	0	root	_	_
what	_	_	_	_	_	3	ccomp	_	_
this	_	_	_	_	_	4	nsubj	_	_
?	_	_	_	_	_	3	punct	_	_","do	_	_	_	_	_	3	aux	_	_
you	_	_	_	_	_	3	nsubj	_	_
know	_	_	_	_	_	0	root	_	_
what	_	_	_	_	_	3	obj	_	_
this	_	_	_	_	_	4	acl:relcl	_	_
?	_	_	_	_	_	3	punct	_	_","do	_	AUX	VBP	_	_	3	aux	_	_
you	_	PRON	PRP	_	_	3	nsubj	_	_
know	_	VERB	VB	_	_	0	root	_	_
what	_	PRON	WP	_	_	3	obj	_	_
this	_	PRON	DT	_	_	4	nsubj	_	_
?	_	PUNCT	.	_	_	3	punct	_	_"
what in here ?,"what	_	_	_	_	_	3	nsubj	_	_
in	_	_	_	_	_	3	case	_	_
here	_	_	_	_	_	0	root	_	_
?	_	_	_	_	_	3	punct	_	_","what	_	_	_	_	_	0	root	_	_
in	_	_	_	_	_	3	case	_	_
here	_	_	_	_	_	1	nmod	_	_
?	_	_	_	_	_	1	punct	_	_","what	_	PRON	WP	_	_	0	root	_	_
in	_	ADP	IN	_	_	3	case	_	_
here	_	ADV	RB	_	_	1	nmod	_	_
?	_	PUNCT	.	_	_	1	punct	_	_"
them fit in here .,"them	_	_	_	_	_	2	nsubj	_	_
fit	_	_	_	_	_	0	root	_	_
in	_	_	_	_	_	4	case	_	_
here	_	_	_	_	_	2	obl	_	_
.	_	_	_	_	_	2	punct	_	_","them	_	_	_	_	_	2	nsubj	_	_
fit	_	_	_	_	_	0	root	_	_
in	_	_	_	_	_	4	case	_	_
here	_	_	_	_	_	2	obl	_	_
.	_	_	_	_	_	2	punct	_	_","them	_	PRON	PRP	_	_	2	nsubj	_	_
fit	_	VERB	VB	_	_	0	root	_	_
in	_	ADP	IN	_	_	2	advmod	_	_
here	_	ADV	RB	_	_	2	obl	_	_
.	_	PUNCT	.	_	_	2	punct	_	_"
where's the .,"where's	_	_	_	_	_	0	root	_	_
the	_	_	_	_	_	1	nsubj	_	_
.	_	_	_	_	_	1	punct	_	_","where's	_	_	_	_	_	0	root	_	_
the	_	_	_	_	_	1	nsubj	_	_
.	_	_	_	_	_	1	punct	_	_","where	_	ADV	WRB	_	_	0	root	_	_
's	_	AUX	VBZ	_	_	1	cop	_	_
the	_	DET	DT	_	_	1	nsubj	_	_
.	_	PUNCT	.	_	_	1	punct	_	_"
I'm going to put him in the farmer the door .,"I'm	_	_	_	_	_	2	nsubj	_	_
going	_	_	_	_	_	0	root	_	_
to	_	_	_	_	_	4	mark	_	_
put	_	_	_	_	_	2	xcomp	_	_
him	_	_	_	_	_	4	obj	_	_
in	_	_	_	_	_	8	case	_	_
the	_	_	_	_	_	8	det	_	_
farmer	_	_	_	_	_	10	reparandum	_	_
the	_	_	_	_	_	10	det	_	_
door	_	_	_	_	_	4	obl	_	_
.	_	_	_	_	_	2	punct	_	_","I'm	_	_	_	_	_	2	nsubj	_	_
going	_	_	_	_	_	0	root	_	_
to	_	_	_	_	_	4	mark	_	_
put	_	_	_	_	_	2	xcomp	_	_
him	_	_	_	_	_	4	obj	_	_
in	_	_	_	_	_	10	case	_	_
the	_	_	_	_	_	10	det	_	_
farmer	_	_	_	_	_	10	reparandum	_	_
the	_	_	_	_	_	8	det	_	_
door	_	_	_	_	_	4	obl	_	_
.	_	_	_	_	_	2	punct	_	_","I	_	PRON	PRP	_	_	3	nsubj	_	_
'm	_	AUX	VBP	_	_	3	aux	_	_
going	_	VERB	VBG	_	_	0	root	_	_
to	_	PART	TO	_	_	5	mark	_	_
put	_	VERB	VB	_	_	3	xcomp	_	_
him	_	PRON	PRP	_	_	5	obj	_	_
in	_	ADP	IN	_	_	9	case	_	_
the	_	DET	DT	_	_	9	det	_	_
farmer	_	NOUN	NN	_	_	5	obl	_	_
the	_	DET	DT	_	_	11	det	_	_
door	_	NOUN	NN	_	_	5	obl:unmarked	_	_
.	_	PUNCT	.	_	_	3	punct	_	_"
I wanna get some more presents in closet in your room .,"I	_	_	_	_	_	2	nsubj	_	_
wanna	_	_	_	_	_	0	root	_	_
get	_	_	_	_	_	2	xcomp	_	_
some	_	_	_	_	_	6	det	_	_
more	_	_	_	_	_	6	amod	_	_
presents	_	_	_	_	_	3	obj	_	_
in	_	_	_	_	_	8	case	_	_
closet	_	_	_	_	_	3	obl	_	_
in	_	_	_	_	_	11	case	_	_
your	_	_	_	_	_	11	nmod:poss	_	_
room	_	_	_	_	_	8	nmod	_	_
.	_	_	_	_	_	2	punct	_	_","I	_	_	_	_	_	2	nsubj	_	_
wanna	_	_	_	_	_	0	root	_	_
get	_	_	_	_	_	2	xcomp	_	_
some	_	_	_	_	_	6	det	_	_
more	_	_	_	_	_	6	amod	_	_
presents	_	_	_	_	_	3	obj	_	_
in	_	_	_	_	_	8	case	_	_
closet	_	_	_	_	_	3	obl	_	_
in	_	_	_	_	_	11	case	_	_
your	_	_	_	_	_	11	nmod:poss	_	_
room	_	_	_	_	_	8	nmod	_	_
.	_	_	_	_	_	2	punct	_	_","I	_	PRON	PRP	_	_	2	nsubj	_	_
wan	_	VERB	VBP	_	_	0	root	_	_
na	_	PART	TO	_	_	4	mark	_	_
get	_	VERB	VB	_	_	2	xcomp	_	_
some	_	DET	DT	_	_	7	det	_	_
more	_	ADJ	JJR	_	_	7	amod	_	_
presents	_	NOUN	NNS	_	_	4	obj	_	_
in	_	ADP	IN	_	_	9	case	_	_
closet	_	NOUN	NN	_	_	4	obl	_	_
in	_	ADP	IN	_	_	12	case	_	_
your	_	PRON	PRP$	_	_	12	nmod:poss	_	_
room	_	NOUN	NN	_	_	4	obl	_	_
.	_	PUNCT	.	_	_	2	punct	_	_"
and where where where my other birthday party ?,"and	_	_	_	_	_	4	cc	_	_
where	_	_	_	_	_	4	reparandum	_	_
where	_	_	_	_	_	4	reparandum	_	_
where	_	_	_	_	_	0	root	_	_
my	_	_	_	_	_	8	nmod:poss	_	_
other	_	_	_	_	_	8	amod	_	_
birthday	_	_	_	_	_	8	compound	_	_
party	_	_	_	_	_	4	nsubj	_	_
?	_	_	_	_	_	4	punct	_	_","and	_	_	_	_	_	2	cc	_	_
where	_	_	_	_	_	0	root	_	_
where	_	_	_	_	_	2	advmod	_	_
where	_	_	_	_	_	2	cop	_	_
my	_	_	_	_	_	8	nmod:poss	_	_
other	_	_	_	_	_	8	amod	_	_
birthday	_	_	_	_	_	8	compound	_	_
party	_	_	_	_	_	2	nsubj	_	_
?	_	_	_	_	_	2	punct	_	_","and	_	CCONJ	CC	_	_	2	cc	_	_
where	_	ADV	WRB	_	_	0	root	_	_
where	_	ADV	WRB	_	_	2	advmod	_	_
where	_	ADV	WRB	_	_	2	advmod	_	_
my	_	PRON	PRP$	_	_	8	nmod:poss	_	_
other	_	ADJ	JJ	_	_	8	amod	_	_
birthday	_	NOUN	NN	_	_	8	compound	_	_
party	_	NOUN	NN	_	_	4	nsubj	_	_
?	_	PUNCT	.	_	_	2	punct	_	_"
they blowed away .,"they	_	_	_	_	_	2	nsubj	_	_
blowed	_	_	_	_	_	0	root	_	_
away	_	_	_	_	_	2	compound:prt	_	_
.	_	_	_	_	_	2	punct	_	_","they	_	_	_	_	_	2	nsubj	_	_
blowed	_	_	_	_	_	0	root	_	_
away	_	_	_	_	_	2	advmod	_	_
.	_	_	_	_	_	2	punct	_	_","they	_	PRON	PRP	_	_	2	nsubj	_	_
blowed	_	VERB	VBD	_	_	0	root	_	_
away	_	ADV	RB	_	_	2	advmod	_	_
.	_	PUNCT	.	_	_	2	punct	_	_"
first show a little doggy .,"first	_	_	_	_	_	2	advmod	_	_
show	_	_	_	_	_	0	root	_	_
a	_	_	_	_	_	5	det	_	_
little	_	_	_	_	_	5	amod	_	_
doggy	_	_	_	_	_	2	obj	_	_
.	_	_	_	_	_	2	punct	_	_","first	_	_	_	_	_	2	advmod	_	_
show	_	_	_	_	_	0	root	_	_
a	_	_	_	_	_	5	det	_	_
little	_	_	_	_	_	5	amod	_	_
doggy	_	_	_	_	_	2	obj	_	_
.	_	_	_	_	_	2	punct	_	_","first	_	ADJ	JJ	_	_	2	nsubj	_	_
show	_	VERB	VB	_	_	0	root	_	_
a	_	DET	DT	_	_	4	det	_	_
little	_	ADJ	JJ	_	_	5	obl:unmarked	_	_
doggy	_	ADJ	JJ	_	_	2	xcomp	_	_
.	_	PUNCT	.	_	_	2	punct	_	_"
a little doggy I show .,"a	_	_	_	_	_	3	det	_	_
little	_	_	_	_	_	3	amod	_	_
doggy	_	_	_	_	_	5	obj	_	_
I	_	_	_	_	_	5	nsubj	_	_
show	_	_	_	_	_	0	root	_	_
.	_	_	_	_	_	5	punct	_	_","a	_	_	_	_	_	3	det	_	_
little	_	_	_	_	_	3	amod	_	_
doggy	_	_	_	_	_	5	obj	_	_
I	_	_	_	_	_	5	nsubj	_	_
show	_	_	_	_	_	0	root	_	_
.	_	_	_	_	_	5	punct	_	_","a	_	DET	DT	_	_	3	det	_	_
little	_	ADJ	JJ	_	_	3	amod	_	_
doggy	_	NOUN	NN	_	_	0	root	_	_
I	_	PRON	PRP	_	_	5	nsubj	_	_
show	_	VERB	VBP	_	_	3	acl:relcl	_	_
.	_	PUNCT	.	_	_	3	punct	_	_"
look at this is a girl .,"look	_	_	_	_	_	0	root	_	_
at	_	_	_	_	_	3	case	_	_
this	_	_	_	_	_	6	nsubj	_	_
is	_	_	_	_	_	6	cop	_	_
a	_	_	_	_	_	6	det	_	_
girl	_	_	_	_	_	1	parataxis	_	_
.	_	_	_	_	_	1	punct	_	_","look	_	_	_	_	_	0	root	_	_
at	_	_	_	_	_	3	case	_	_
this	_	_	_	_	_	6	nsubj	_	_
is	_	_	_	_	_	6	cop	_	_
a	_	_	_	_	_	6	det	_	_
girl	_	_	_	_	_	1	parataxis	_	_
.	_	_	_	_	_	1	punct	_	_","look	_	VERB	VB	_	_	0	root	_	_
at	_	ADP	IN	_	_	3	case	_	_
this	_	PRON	DT	_	_	1	obl	_	_
is	_	AUX	VBZ	_	_	6	cop	_	_
a	_	DET	DT	_	_	6	det	_	_
girl	_	NOUN	NN	_	_	1	advcl	_	_
.	_	PUNCT	.	_	_	1	punct	_	_"
"back a moment , Mummy .","back	_	_	_	_	_	0	root	_	_
a	_	_	_	_	_	3	det	_	_
moment	_	_	_	_	_	1	obl:unmarked	_	_
,	_	_	_	_	_	1	discourse	_	_
Mummy	_	_	_	_	_	1	vocative	_	_
.	_	_	_	_	_	1	punct	_	_","back	_	_	_	_	_	0	root	_	_
a	_	_	_	_	_	3	det	_	_
moment	_	_	_	_	_	1	obl:unmarked	_	_
,	_	_	_	_	_	5	punct	_	_
Mummy	_	_	_	_	_	1	vocative	_	_
.	_	_	_	_	_	1	punct	_	_","back	_	ADV	RB	_	_	3	advmod	_	_
a	_	DET	DT	_	_	3	det	_	_
moment	_	NOUN	NN	_	_	0	root	_	_
,	_	PUNCT	,	_	_	5	punct	_	_
Mummy	_	PROPN	NNP	_	_	3	vocative	_	_
.	_	PUNCT	.	_	_	3	punct	_	_"
not not Thomas crunch .,"not	_	_	_	_	_	2	reparandum	_	_
not	_	_	_	_	_	3	advmod	_	_
Thomas	_	_	_	_	_	4	nsubj	_	_
crunch	_	_	_	_	_	0	root	_	_
.	_	_	_	_	_	4	punct	_	_","not	_	_	_	_	_	4	advmod	_	_
not	_	_	_	_	_	4	advmod	_	_
Thomas	_	_	_	_	_	4	compound	_	_
crunch	_	_	_	_	_	0	root	_	_
.	_	_	_	_	_	4	punct	_	_","not	_	PART	RB	_	_	4	advmod	_	_
not	_	PART	RB	_	_	4	advmod	_	_
Thomas	_	PROPN	NNP	_	_	4	compound	_	_
crunch	_	NOUN	NN	_	_	0	root	_	_
.	_	PUNCT	.	_	_	4	punct	_	_"
not like it now .,"not	_	_	_	_	_	2	advmod	_	_
like	_	_	_	_	_	0	root	_	_
it	_	_	_	_	_	2	obj	_	_
now	_	_	_	_	_	3	advmod	_	_
.	_	_	_	_	_	2	punct	_	_","not	_	_	_	_	_	3	advmod	_	_
like	_	_	_	_	_	3	case	_	_
it	_	_	_	_	_	0	root	_	_
now	_	_	_	_	_	3	advmod	_	_
.	_	_	_	_	_	3	punct	_	_","not	_	PART	RB	_	_	3	advmod	_	_
like	_	ADP	IN	_	_	3	case	_	_
it	_	PRON	PRP	_	_	0	root	_	_
now	_	ADV	RB	_	_	3	advmod	_	_
.	_	PUNCT	.	_	_	3	punct	_	_"
hold two two .,"hold	_	_	_	_	_	0	root	_	_
two	_	_	_	_	_	1	obj	_	_
two	_	_	_	_	_	2	conj	_	_
.	_	_	_	_	_	1	punct	_	_","hold	_	_	_	_	_	0	root	_	_
two	_	_	_	_	_	1	obj	_	_
two	_	_	_	_	_	2	conj	_	_
.	_	_	_	_	_	1	punct	_	_","hold	_	VERB	VB	_	_	0	root	_	_
two	_	NUM	CD	_	_	3	nummod	_	_
two	_	NUM	CD	_	_	1	obj	_	_
.	_	PUNCT	.	_	_	1	punct	_	_"
me another one .,"me	_	_	_	_	_	0	root	_	_
another	_	_	_	_	_	3	det	_	_
one	_	_	_	_	_	1	parataxis	_	_
.	_	_	_	_	_	1	punct	_	_","me	_	_	_	_	_	0	root	_	_
another	_	_	_	_	_	3	det	_	_
one	_	_	_	_	_	1	appos	_	_
.	_	_	_	_	_	1	punct	_	_","me	_	PRON	PRP	_	_	3	nsubj	_	_
another	_	DET	DT	_	_	3	det	_	_
one	_	NOUN	NN	_	_	0	root	_	_
.	_	PUNCT	.	_	_	3	punct	_	_"
there there Thomas hold it .,"there	_	_	_	_	_	2	reparandum	_	_
there	_	_	_	_	_	4	parataxis	_	_
Thomas	_	_	_	_	_	4	nsubj	_	_
hold	_	_	_	_	_	0	root	_	_
it	_	_	_	_	_	4	obj	_	_
.	_	_	_	_	_	4	punct	_	_","there	_	_	_	_	_	2	advmod	_	_
there	_	_	_	_	_	4	advmod	_	_
Thomas	_	_	_	_	_	4	vocative	_	_
hold	_	_	_	_	_	0	root	_	_
it	_	_	_	_	_	4	obj	_	_
.	_	_	_	_	_	4	punct	_	_","there	_	PRON	EX	_	_	4	expl	_	_
there	_	PRON	EX	_	_	4	expl	_	_
Thomas	_	PROPN	NNP	_	_	4	nsubj	_	_
hold	_	VERB	VBP	_	_	0	root	_	_
it	_	PRON	PRP	_	_	4	obj	_	_
.	_	PUNCT	.	_	_	4	punct	_	_"
put in trailer .,"put	_	_	_	_	_	0	root	_	_
in	_	_	_	_	_	3	case	_	_
trailer	_	_	_	_	_	1	obl	_	_
.	_	_	_	_	_	1	punct	_	_","put	_	_	_	_	_	0	root	_	_
in	_	_	_	_	_	3	case	_	_
trailer	_	_	_	_	_	1	obl	_	_
.	_	_	_	_	_	1	punct	_	_","put	_	VERB	VB	_	_	0	root	_	_
in	_	ADP	IN	_	_	1	compound:prt	_	_
trailer	_	NOUN	NN	_	_	1	obj	_	_
.	_	PUNCT	.	_	_	1	punct	_	_"
put put now .,"put	_	_	_	_	_	2	reparandum	_	_
put	_	_	_	_	_	0	root	_	_
now	_	_	_	_	_	2	advmod	_	_
.	_	_	_	_	_	2	punct	_	_","put	_	_	_	_	_	0	root	_	_
put	_	_	_	_	_	1	obj	_	_
now	_	_	_	_	_	1	advmod	_	_
.	_	_	_	_	_	1	punct	_	_","put	_	VERB	VB	_	_	0	root	_	_
put	_	VERB	VBN	_	_	1	xcomp	_	_
now	_	ADV	RB	_	_	1	advmod	_	_
.	_	PUNCT	.	_	_	1	punct	_	_"
empty all the out .,"empty	_	_	_	_	_	0	root	_	_
all	_	_	_	_	_	4	det:predet	_	_
the	_	_	_	_	_	4	det	_	_
out	_	_	_	_	_	1	obj	_	_
.	_	_	_	_	_	1	punct	_	_","empty	_	_	_	_	_	0	root	_	_
all	_	_	_	_	_	3	det:predet	_	_
the	_	_	_	_	_	4	det	_	_
out	_	_	_	_	_	1	compound:prt	_	_
.	_	_	_	_	_	1	punct	_	_","empty	_	ADJ	JJ	_	_	0	root	_	_
all	_	DET	PDT	_	_	4	det:predet	_	_
the	_	DET	DT	_	_	4	det	_	_
out	_	ADV	RB	_	_	1	advmod	_	_
.	_	PUNCT	.	_	_	1	punct	_	_"
like a drink .,"like	_	_	_	_	_	3	case	_	_
a	_	_	_	_	_	3	det	_	_
drink	_	_	_	_	_	0	root	_	_
.	_	_	_	_	_	3	punct	_	_","like	_	_	_	_	_	3	discourse	_	_
a	_	_	_	_	_	3	det	_	_
drink	_	_	_	_	_	0	root	_	_
.	_	_	_	_	_	3	punct	_	_","like	_	ADP	IN	_	_	3	case	_	_
a	_	DET	DT	_	_	3	det	_	_
drink	_	NOUN	NN	_	_	0	root	_	_
.	_	PUNCT	.	_	_	3	punct	_	_"
ta much indeed .,"ta	_	_	_	_	_	2	mark	_	_
much	_	_	_	_	_	0	root	_	_
indeed	_	_	_	_	_	2	advmod	_	_
.	_	_	_	_	_	2	punct	_	_","ta	_	_	_	_	_	2	advmod	_	_
much	_	_	_	_	_	0	root	_	_
indeed	_	_	_	_	_	2	advmod	_	_
.	_	_	_	_	_	2	punct	_	_","ta	_	PART	TO	_	_	3	mark	_	_
much	_	ADV	RB	_	_	3	advmod	_	_
indeed	_	ADV	RB	_	_	0	root	_	_
.	_	PUNCT	.	_	_	3	punct	_	_"
Thomas hold it .,"Thomas	_	_	_	_	_	2	vocative	_	_
hold	_	_	_	_	_	0	root	_	_
it	_	_	_	_	_	2	obj	_	_
.	_	_	_	_	_	2	punct	_	_","Thomas	_	_	_	_	_	2	vocative	_	_
hold	_	_	_	_	_	0	root	_	_
it	_	_	_	_	_	2	obj	_	_
.	_	_	_	_	_	2	punct	_	_","Thomas	_	PROPN	NNP	_	_	2	nsubj	_	_
hold	_	VERB	VBD	_	_	0	root	_	_
it	_	PRON	PRP	_	_	2	obj	_	_
.	_	PUNCT	.	_	_	2	punct	_	_"
out cab .,"out	_	_	_	_	_	2	case	_	_
cab	_	_	_	_	_	0	root	_	_
.	_	_	_	_	_	2	punct	_	_","out	_	_	_	_	_	2	case	_	_
cab	_	_	_	_	_	0	root	_	_
.	_	_	_	_	_	2	punct	_	_","out	_	ADJ	JJ	_	_	2	amod	_	_
cab	_	NOUN	NN	_	_	0	root	_	_
.	_	PUNCT	.	_	_	2	punct	_	_"
sweep sweep sweep .,"sweep	_	_	_	_	_	0	root	_	_
sweep	_	_	_	_	_	1	conj	_	_
sweep	_	_	_	_	_	1	conj	_	_
.	_	_	_	_	_	1	punct	_	_","sweep	_	_	_	_	_	0	root	_	_
sweep	_	_	_	_	_	1	conj	_	_
sweep	_	_	_	_	_	1	conj	_	_
.	_	_	_	_	_	1	punct	_	_","sweep	_	VERB	VB	_	_	0	root	_	_
sweep	_	NOUN	NN	_	_	3	compound	_	_
sweep	_	NOUN	NN	_	_	1	obj	_	_
.	_	PUNCT	.	_	_	1	punct	_	_"
"but it , taste .","but	_	_	_	_	_	4	cc	_	_
it	_	_	_	_	_	4	nsubj	_	_
,	_	_	_	_	_	4	aux	_	_
taste	_	_	_	_	_	0	root	_	_
.	_	_	_	_	_	4	punct	_	_","but	_	_	_	_	_	4	cc	_	_
it	_	_	_	_	_	4	nsubj	_	_
,	_	_	_	_	_	2	punct	_	_
taste	_	_	_	_	_	0	root	_	_
.	_	_	_	_	_	4	punct	_	_","but	_	CCONJ	CC	_	_	4	cc	_	_
it	_	PRON	PRP	_	_	4	nsubj	_	_
,	_	PUNCT	,	_	_	2	punct	_	_
taste	_	NOUN	NN	_	_	0	root	_	_
.	_	PUNCT	.	_	_	4	punct	_	_"
I'm making a horse with finger .,"I'm	_	_	_	_	_	2	nsubj	_	_
making	_	_	_	_	_	0	root	_	_
a	_	_	_	_	_	4	det	_	_
horse	_	_	_	_	_	2	obj	_	_
with	_	_	_	_	_	6	case	_	_
finger	_	_	_	_	_	2	obl	_	_
.	_	_	_	_	_	2	punct	_	_","I'm	_	_	_	_	_	2	nsubj	_	_
making	_	_	_	_	_	0	root	_	_
a	_	_	_	_	_	4	det	_	_
horse	_	_	_	_	_	2	obj	_	_
with	_	_	_	_	_	6	case	_	_
finger	_	_	_	_	_	2	obl	_	_
.	_	_	_	_	_	2	punct	_	_","I	_	PRON	PRP	_	_	3	nsubj	_	_
'm	_	AUX	VBP	_	_	3	aux	_	_
making	_	VERB	VBG	_	_	0	root	_	_
a	_	DET	DT	_	_	5	det	_	_
horse	_	NOUN	NN	_	_	3	obj	_	_
with	_	ADP	IN	_	_	7	case	_	_
finger	_	NOUN	NN	_	_	3	obl	_	_
.	_	PUNCT	.	_	_	3	punct	_	_"
when when can I when ca-what what Grandma ?,"when	_	_	_	_	_	2	reparandum	_	_
when	_	_	_	_	_	3	advmod	_	_
can	_	_	_	_	_	0	root	_	_
I	_	_	_	_	_	3	nsubj	_	_
when	_	_	_	_	_	6	advmod	_	_
ca-what	_	_	_	_	_	3	parataxis	_	_
what	_	_	_	_	_	6	obj	_	_
Grandma	_	_	_	_	_	6	vocative	_	_
?	_	_	_	_	_	3	punct	_	_","when	_	_	_	_	_	2	advmod	_	_
when	_	_	_	_	_	3	advmod	_	_
can	_	_	_	_	_	5	aux	_	_
I	_	_	_	_	_	5	nsubj	_	_
when	_	_	_	_	_	7	reparandum	_	_
ca-what	_	_	_	_	_	7	reparandum	_	_
what	_	_	_	_	_	0	root	_	_
Grandma	_	_	_	_	_	7	vocative	_	_
?	_	_	_	_	_	7	punct	_	_","when	_	ADV	WRB	_	_	6	advmod	_	_
when	_	ADV	WRB	_	_	6	advmod	_	_
can	_	AUX	MD	_	_	6	aux	_	_
I	_	PRON	PRP	_	_	6	nsubj	_	_
when	_	ADV	WRB	_	_	6	advmod	_	_
ca-what	_	ADP	IN	_	_	0	root	_	_
what	_	DET	WDT	_	_	8	det	_	_
Grandma	_	NOUN	NN	_	_	6	obj	_	_
?	_	PUNCT	.	_	_	5	punct	_	_"
because that .,"because	_	_	_	_	_	2	mark	_	_
that	_	_	_	_	_	0	root	_	_
.	_	_	_	_	_	2	punct	_	_","because	_	_	_	_	_	2	case	_	_
that	_	_	_	_	_	0	root	_	_
.	_	_	_	_	_	2	punct	_	_","because	_	ADP	IN	_	_	2	case	_	_
that	_	PRON	DT	_	_	0	root	_	_
.	_	PUNCT	.	_	_	2	punct	_	_"
"mommy but , Firstname really seen real leprechauns .","mommy	_	_	_	_	_	6	vocative	_	_
but	_	_	_	_	_	6	cc	_	_
,	_	_	_	_	_	6	mark	_	_
Firstname	_	_	_	_	_	6	nsubj	_	_
really	_	_	_	_	_	6	advmod	_	_
seen	_	_	_	_	_	0	root	_	_
real	_	_	_	_	_	8	amod	_	_
leprechauns	_	_	_	_	_	6	obj	_	_
.	_	_	_	_	_	6	punct	_	_","mommy	_	_	_	_	_	0	root	_	_
but	_	_	_	_	_	6	cc	_	_
,	_	_	_	_	_	2	punct	_	_
Firstname	_	_	_	_	_	6	nsubj	_	_
really	_	_	_	_	_	6	advmod	_	_
seen	_	_	_	_	_	1	conj	_	_
real	_	_	_	_	_	8	amod	_	_
leprechauns	_	_	_	_	_	6	obj	_	_
.	_	_	_	_	_	1	punct	_	_","mommy	_	INTJ	UH	_	_	6	discourse	_	_
but	_	CCONJ	CC	_	_	6	cc	_	_
,	_	PUNCT	,	_	_	2	punct	_	_
Firstname	_	NOUN	NN	_	_	6	nsubj	_	_
really	_	ADV	RB	_	_	6	advmod	_	_
seen	_	VERB	VBD	_	_	0	root	_	_
real	_	ADJ	JJ	_	_	8	amod	_	_
leprechauns	_	NOUN	NNS	_	_	6	obj	_	_
.	_	PUNCT	.	_	_	6	punct	_	_"
yeah but .,"yeah	_	_	_	_	_	2	discourse	_	_
but	_	_	_	_	_	0	root	_	_
.	_	_	_	_	_	2	punct	_	_","yeah	_	_	_	_	_	0	root	_	_
but	_	_	_	_	_	1	conj	_	_
.	_	_	_	_	_	1	punct	_	_","yeah	_	INTJ	UH	_	_	0	root	_	_
but	_	CCONJ	CC	_	_	1	conj	_	_
.	_	PUNCT	.	_	_	1	punct	_	_"
he swim he drinked it all up .,"he	_	_	_	_	_	2	nsubj	_	_
swim	_	_	_	_	_	0	root	_	_
he	_	_	_	_	_	4	nsubj	_	_
drinked	_	_	_	_	_	2	parataxis	_	_
it	_	_	_	_	_	4	obj	_	_
all	_	_	_	_	_	5	det	_	_
up	_	_	_	_	_	4	compound:prt	_	_
.	_	_	_	_	_	2	punct	_	_","he	_	_	_	_	_	2	nsubj	_	_
swim	_	_	_	_	_	0	root	_	_
he	_	_	_	_	_	4	nsubj	_	_
drinked	_	_	_	_	_	2	parataxis	_	_
it	_	_	_	_	_	4	obj	_	_
all	_	_	_	_	_	5	nmod:unmarked	_	_
up	_	_	_	_	_	4	compound:prt	_	_
.	_	_	_	_	_	2	punct	_	_","he	_	PRON	PRP	_	_	2	nsubj	_	_
swim	_	VERB	VBP	_	_	0	root	_	_
he	_	PRON	PRP	_	_	4	nsubj	_	_
drinked	_	VERB	VBD	_	_	2	ccomp	_	_
it	_	PRON	PRP	_	_	4	obj	_	_
all	_	DET	DT	_	_	7	det	_	_
up	_	ADP	RP	_	_	4	compound:prt	_	_
.	_	PUNCT	.	_	_	2	punct	_	_"
and he swimmed in it .,"and	_	_	_	_	_	3	cc	_	_
he	_	_	_	_	_	3	nsubj	_	_
swimmed	_	_	_	_	_	0	root	_	_
in	_	_	_	_	_	5	case	_	_
it	_	_	_	_	_	3	obl	_	_
.	_	_	_	_	_	3	punct	_	_","and	_	_	_	_	_	3	cc	_	_
he	_	_	_	_	_	3	nsubj	_	_
swimmed	_	_	_	_	_	0	root	_	_
in	_	_	_	_	_	5	case	_	_
it	_	_	_	_	_	3	obl	_	_
.	_	_	_	_	_	3	punct	_	_","and	_	CCONJ	CC	_	_	3	cc	_	_
he	_	PRON	PRP	_	_	3	nsubj	_	_
swimmed	_	VERB	VBD	_	_	0	root	_	_
in	_	ADP	IN	_	_	3	case	_	_
it	_	PRON	PRP	_	_	3	obl	_	_
.	_	PUNCT	.	_	_	3	punct	_	_"
