Sentence,Supar_CDS,Stanza_off_the_shelf,Gold_annotation
oh yes .,"1	oh	_	_	_	_	0	root	_	_
2	yes	_	_	_	_	1	discourse	_	_
3	.	_	_	_	_	1	punct	_	_","1	oh	_	INTJ	UH	_	2	discourse	_	_
2	yes	_	INTJ	UH	_	0	root	_	_
3	.	_	PUNCT	.	_	2	punct	_	_","1	Oh	oh	INTJ	UH	_	0	root	0:root	_
2	yes	yes	INTJ	UH	_	1	discourse	1:discourse	SpaceAfter=No
3	.	.	PUNCT	.	_	1	punct	1:punct	_
"
"Mummy , you say help .","1	Mummy	_	_	_	_	4	vocative	_	_
2	,	_	_	_	_	4	aux	_	_
3	you	_	_	_	_	4	nsubj	_	_
4	say	_	_	_	_	0	root	_	_
5	help	_	_	_	_	4	obj	_	_
6	.	_	_	_	_	4	punct	_	_","1	Mummy	_	NOUN	NN	_	4	vocative	_	_
2	,	_	PUNCT	,	_	1	punct	_	_
3	you	_	PRON	PRP	_	4	nsubj	_	_
4	say	_	VERB	VBP	_	0	root	_	_
5	help	_	NOUN	NN	_	4	obj	_	_
6	.	_	PUNCT	.	_	4	punct	_	_",
Wend Wendy's hat .,"1	Wend	_	_	_	_	3	reparandum	_	_
2	Wendy's	_	_	_	_	3	nmod:poss	_	_
3	hat	_	_	_	_	0	root	_	_
4	.	_	_	_	_	3	punct	_	_","1	Wend	_	VERB	VB	_	0	root	_	_
2	Wendy	_	PROPN	NNP	_	4	nmod:poss	_	_
3	's	_	PART	POS	_	2	case	_	_
4	hat	_	NOUN	NN	_	1	obj	_	_
5	.	_	PUNCT	.	_	1	punct	_	_",
that's Wendy's hat there .,"1	that's	_	_	_	_	3	cop	_	_
2	Wendy's	_	_	_	_	3	nmod:poss	_	_
3	hat	_	_	_	_	0	root	_	_
4	there	_	_	_	_	3	advmod	_	_
5	.	_	_	_	_	3	punct	_	_","1	that	_	PRON	DT	_	5	nsubj	_	_
2	's	_	AUX	VBZ	_	5	cop	_	_
3	Wendy	_	PROPN	NNP	_	5	nmod:poss	_	_
4	's	_	PART	POS	_	3	case	_	_
5	hat	_	NOUN	NN	_	0	root	_	_
6	there	_	ADV	RB	_	5	advmod	_	_
7	.	_	PUNCT	.	_	5	punct	_	_",
I'm not a fireman .,"1	I'm	_	_	_	_	4	cop	_	_
2	not	_	_	_	_	4	advmod	_	_
3	a	_	_	_	_	4	det	_	_
4	fireman	_	_	_	_	0	root	_	_
5	.	_	_	_	_	4	punct	_	_","1	I	_	PRON	PRP	_	5	nsubj	_	_
2	'm	_	AUX	VBP	_	5	cop	_	_
3	not	_	PART	RB	_	5	advmod	_	_
4	a	_	DET	DT	_	5	det	_	_
5	fireman	_	NOUN	NN	_	0	root	_	_
6	.	_	PUNCT	.	_	5	punct	_	_",
I'm sure .,"1	I'm	_	_	_	_	2	nsubj	_	_
2	sure	_	_	_	_	0	root	_	_
3	.	_	_	_	_	2	punct	_	_","1	I	_	PRON	PRP	_	3	nsubj	_	_
2	'm	_	AUX	VBP	_	3	cop	_	_
3	sure	_	ADJ	JJ	_	0	root	_	_
4	.	_	PUNCT	.	_	3	punct	_	_",
oh no .,"1	oh	_	_	_	_	0	root	_	_
2	no	_	_	_	_	1	discourse	_	_
3	.	_	_	_	_	1	punct	_	_","1	oh	_	INTJ	UH	_	2	discourse	_	_
2	no	_	INTJ	UH	_	0	root	_	_
3	.	_	PUNCT	.	_	2	punct	_	_","1	Oh	oh	INTJ	UH	_	0	root	0:root	_
2	no	no	INTJ	UH	_	1	discourse	1:discourse	SpaceAfter=No
3	.	.	PUNCT	.	_	1	punct	1:punct	_
"
I I need a dumper truck for a Smartie .,"1	I	_	_	_	_	2	reparandum	_	_
2	I	_	_	_	_	3	nsubj	_	_
3	need	_	_	_	_	0	root	_	_
4	a	_	_	_	_	6	det	_	_
5	dumper	_	_	_	_	6	compound	_	_
6	truck	_	_	_	_	3	obj	_	_
7	for	_	_	_	_	9	case	_	_
8	a	_	_	_	_	9	det	_	_
9	Smartie	_	_	_	_	3	obl	_	_
10	.	_	_	_	_	3	punct	_	_","1	I	_	PRON	PRP	_	3	nsubj	_	_
2	I	_	PRON	PRP	_	3	nsubj	_	_
3	need	_	VERB	VBP	_	0	root	_	_
4	a	_	DET	DT	_	6	det	_	_
5	dumper	_	NOUN	NN	_	6	compound	_	_
6	truck	_	NOUN	NN	_	3	obj	_	_
7	for	_	ADP	IN	_	9	case	_	_
8	a	_	DET	DT	_	9	det	_	_
9	Smartie	_	PROPN	NNP	_	3	obl	_	_
10	.	_	PUNCT	.	_	3	punct	_	_",
"this is a street lamp , Mummy .","1	this	_	_	_	_	5	nsubj	_	_
2	is	_	_	_	_	5	cop	_	_
3	a	_	_	_	_	5	det	_	_
4	street	_	_	_	_	5	compound	_	_
5	lamp	_	_	_	_	0	root	_	_
6	,	_	_	_	_	5	discourse	_	_
7	Mummy	_	_	_	_	5	vocative	_	_
8	.	_	_	_	_	5	punct	_	_","1	this	_	PRON	DT	_	5	nsubj	_	_
2	is	_	AUX	VBZ	_	5	cop	_	_
3	a	_	DET	DT	_	5	det	_	_
4	street	_	NOUN	NN	_	5	compound	_	_
5	lamp	_	NOUN	NN	_	0	root	_	_
6	,	_	PUNCT	,	_	7	punct	_	_
7	Mummy	_	PROPN	NNP	_	5	vocative	_	_
8	.	_	PUNCT	.	_	5	punct	_	_",
I'm just saying anymore later .,"1	I'm	_	_	_	_	3	nsubj	_	_
2	just	_	_	_	_	3	advmod	_	_
3	saying	_	_	_	_	0	root	_	_
4	anymore	_	_	_	_	5	advmod	_	_
5	later	_	_	_	_	3	advmod	_	_
6	.	_	_	_	_	3	punct	_	_","1	I	_	PRON	PRP	_	4	nsubj	_	_
2	'm	_	AUX	VBP	_	4	aux	_	_
3	just	_	ADV	RB	_	4	advmod	_	_
4	saying	_	VERB	VBG	_	0	root	_	_
5	anymore	_	ADV	RB	_	4	advmod	_	_
6	later	_	ADV	RBR	_	4	advmod	_	_
7	.	_	PUNCT	.	_	4	punct	_	_",
oh there's my dumper truck over there .,"1	oh	_	_	_	_	2	discourse	_	_
2	there's	_	_	_	_	0	root	_	_
3	my	_	_	_	_	5	nmod:poss	_	_
4	dumper	_	_	_	_	5	compound	_	_
5	truck	_	_	_	_	2	nsubj	_	_
6	over	_	_	_	_	7	advmod	_	_
7	there	_	_	_	_	2	advmod	_	_
8	.	_	_	_	_	2	punct	_	_","1	oh	_	INTJ	UH	_	3	discourse	_	_
2	there	_	PRON	EX	_	3	expl	_	_
3	's	_	VERB	VBZ	_	0	root	_	_
4	my	_	PRON	PRP$	_	6	nmod:poss	_	_
5	dumper	_	NOUN	NN	_	6	compound	_	_
6	truck	_	NOUN	NN	_	3	nsubj	_	_
7	over	_	ADP	IN	_	8	case	_	_
8	there	_	ADV	RB	_	3	obl	_	_
9	.	_	PUNCT	.	_	3	punct	_	_",
silly Thomas .,"1	silly	_	_	_	_	2	amod	_	_
2	Thomas	_	_	_	_	0	root	_	_
3	.	_	_	_	_	2	punct	_	_","1	silly	_	ADJ	JJ	_	0	root	_	_
2	Thomas	_	PROPN	NNP	_	1	vocative	_	_
3	.	_	PUNCT	.	_	1	punct	_	_",
"here you are , Mummy .","1	here	_	_	_	_	0	root	_	_
2	you	_	_	_	_	1	nsubj	_	_
3	are	_	_	_	_	1	cop	_	_
4	,	_	_	_	_	1	vocative	_	_
5	Mummy	_	_	_	_	1	vocative	_	_
6	.	_	_	_	_	1	punct	_	_","1	here	_	ADV	RB	_	0	root	_	_
2	you	_	PRON	PRP	_	5	nsubj	_	_
3	are	_	AUX	VBP	_	1	cop	_	_
4	,	_	PUNCT	,	_	5	punct	_	_
5	Mummy	_	PROPN	NNP	_	1	vocative	_	_
6	.	_	PUNCT	.	_	1	punct	_	_","1	Here	here	ADV	RB	_	0	root	0:root	_
2	you	you	PRON	PRP	_	1	nsubj	1:nsubj	_
3	are	be	AUX	VBP	_	1	cop	1:cop	_
4	Mummy	Mummy	PROPN	NNP	_	1	vocative	1:vocative	SpaceAfter=No
5	.	.	PUNCT	.	_	1	punct	1:punct	_
"
that's my favorite .,"1	that's	_	_	_	_	3	cop	_	_
2	my	_	_	_	_	3	nmod:poss	_	_
3	favorite	_	_	_	_	0	root	_	_
4	.	_	_	_	_	3	punct	_	_","1	that	_	PRON	DT	_	4	nsubj	_	_
2	's	_	AUX	VBZ	_	4	cop	_	_
3	my	_	PRON	PRP$	_	4	nmod:poss	_	_
4	favorite	_	NOUN	NN	_	0	root	_	_
5	.	_	PUNCT	.	_	4	punct	_	_",
that's a match .,"1	that's	_	_	_	_	3	cop	_	_
2	a	_	_	_	_	3	det	_	_
3	match	_	_	_	_	0	root	_	_
4	.	_	_	_	_	3	punct	_	_","1	that	_	PRON	DT	_	4	nsubj	_	_
2	's	_	AUX	VBZ	_	4	cop	_	_
3	a	_	DET	DT	_	4	det	_	_
4	match	_	NOUN	NN	_	0	root	_	_
5	.	_	PUNCT	.	_	4	punct	_	_",
it's a train .,"1	it's	_	_	_	_	3	cop	_	_
2	a	_	_	_	_	3	det	_	_
3	train	_	_	_	_	0	root	_	_
4	.	_	_	_	_	3	punct	_	_","1	it	_	PRON	PRP	_	4	nsubj	_	_
2	's	_	AUX	VBZ	_	4	cop	_	_
3	a	_	DET	DT	_	4	det	_	_
4	train	_	NOUN	NN	_	0	root	_	_
5	.	_	PUNCT	.	_	4	punct	_	_",
it's a mail train .,"1	it's	_	_	_	_	4	cop	_	_
2	a	_	_	_	_	4	det	_	_
3	mail	_	_	_	_	4	compound	_	_
4	train	_	_	_	_	0	root	_	_
5	.	_	_	_	_	4	punct	_	_","1	it	_	PRON	PRP	_	5	nsubj	_	_
2	's	_	AUX	VBZ	_	5	cop	_	_
3	a	_	DET	DT	_	5	det	_	_
4	mail	_	NOUN	NN	_	5	compound	_	_
5	train	_	NOUN	NN	_	0	root	_	_
6	.	_	PUNCT	.	_	5	punct	_	_",
it's going the wrong way .,"1	it's	_	_	_	_	2	nsubj	_	_
2	going	_	_	_	_	0	root	_	_
3	the	_	_	_	_	5	det	_	_
4	wrong	_	_	_	_	5	amod	_	_
5	way	_	_	_	_	2	obj	_	_
6	.	_	_	_	_	2	punct	_	_","1	it	_	PRON	PRP	_	3	nsubj	_	_
2	's	_	AUX	VBZ	_	3	aux	_	_
3	going	_	VERB	VBG	_	0	root	_	_
4	the	_	DET	DT	_	6	det	_	_
5	wrong	_	ADJ	JJ	_	6	amod	_	_
6	way	_	NOUN	NN	_	3	obj	_	_
7	.	_	PUNCT	.	_	3	punct	_	_",
what about Daddy ?,"1	what	_	_	_	_	0	root	_	_
2	about	_	_	_	_	3	case	_	_
3	Daddy	_	_	_	_	1	nmod	_	_
4	?	_	_	_	_	1	punct	_	_","1	what	_	PRON	WP	_	0	root	_	_
2	about	_	ADP	IN	_	3	case	_	_
3	Daddy	_	PROPN	NNP	_	1	obl	_	_
4	?	_	PUNCT	.	_	1	punct	_	_","1	What	what	PRON	WP	_	0	root	0:root	_
2	about	about	ADP	IN	_	3	case	3:case	_
3	Daddy	Daddy	PROPN	NNP	_	1	nmod	1:nmod:about	SpaceAfter=No
4	?	?	PUNCT	.	_	1	punct	1:punct	_
"
where's that big brown red post box ?,"1	where's	_	_	_	_	0	root	_	_
2	that	_	_	_	_	7	det	_	_
3	big	_	_	_	_	7	amod	_	_
4	brown	_	_	_	_	7	amod	_	_
5	red	_	_	_	_	7	amod	_	_
6	post	_	_	_	_	7	compound	_	_
7	box	_	_	_	_	1	nsubj	_	_
8	?	_	_	_	_	1	punct	_	_","1	where	_	ADV	WRB	_	0	root	_	_
2	's	_	AUX	VBZ	_	1	cop	_	_
3	that	_	DET	DT	_	8	det	_	_
4	big	_	ADJ	JJ	_	8	amod	_	_
5	brown	_	ADJ	JJ	_	8	amod	_	_
6	red	_	ADJ	JJ	_	8	amod	_	_
7	post	_	NOUN	NN	_	8	compound	_	_
8	box	_	NOUN	NN	_	1	nsubj	_	_
9	?	_	PUNCT	.	_	1	punct	_	_",
"Mummy , you sing a thing .","1	Mummy	_	_	_	_	4	vocative	_	_
2	,	_	_	_	_	4	punct	_	_
3	you	_	_	_	_	4	nsubj	_	_
4	sing	_	_	_	_	0	root	_	_
5	a	_	_	_	_	6	det	_	_
6	thing	_	_	_	_	4	obj	_	_
7	.	_	_	_	_	4	punct	_	_","1	Mummy	_	NOUN	NN	_	4	vocative	_	_
2	,	_	PUNCT	,	_	1	punct	_	_
3	you	_	PRON	PRP	_	4	nsubj	_	_
4	sing	_	VERB	VBP	_	0	root	_	_
5	a	_	DET	DT	_	6	det	_	_
6	thing	_	NOUN	NN	_	4	obj	_	_
7	.	_	PUNCT	.	_	4	punct	_	_",
where's the little yellow bus ?,"1	where's	_	_	_	_	0	root	_	_
2	the	_	_	_	_	5	det	_	_
3	little	_	_	_	_	5	amod	_	_
4	yellow	_	_	_	_	5	amod	_	_
5	bus	_	_	_	_	1	nsubj	_	_
6	?	_	_	_	_	1	punct	_	_","1	where	_	ADV	WRB	_	0	root	_	_
2	's	_	AUX	VBZ	_	1	cop	_	_
3	the	_	DET	DT	_	6	det	_	_
4	little	_	ADJ	JJ	_	6	amod	_	_
5	yellow	_	ADJ	JJ	_	6	amod	_	_
6	bus	_	NOUN	NN	_	1	nsubj	_	_
7	?	_	PUNCT	.	_	1	punct	_	_",
what's it called ?,"1	what's	_	_	_	_	3	aux	_	_
2	it	_	_	_	_	3	nsubj:pass	_	_
3	called	_	_	_	_	0	root	_	_
4	?	_	_	_	_	3	punct	_	_","1	what	_	PRON	WP	_	4	nsubj:pass	_	_
2	's	_	AUX	VBZ	_	4	aux:pass	_	_
3	it	_	PRON	PRP	_	4	nsubj:pass	_	_
4	called	_	VERB	VBN	_	0	root	_	_
5	?	_	PUNCT	.	_	4	punct	_	_",
what's it called that yellow bus ?,"1	what's	_	_	_	_	3	aux	_	_
2	it	_	_	_	_	3	nsubj:pass	_	_
3	called	_	_	_	_	0	root	_	_
4	that	_	_	_	_	6	det	_	_
5	yellow	_	_	_	_	6	amod	_	_
6	bus	_	_	_	_	3	parataxis	_	_
7	?	_	_	_	_	3	punct	_	_","1	what	_	PRON	WP	_	4	nsubj:pass	_	_
2	's	_	AUX	VBZ	_	4	aux:pass	_	_
3	it	_	PRON	PRP	_	4	nsubj:pass	_	_
4	called	_	VERB	VBN	_	0	root	_	_
5	that	_	DET	DT	_	7	det	_	_
6	yellow	_	ADJ	JJ	_	7	amod	_	_
7	bus	_	NOUN	NN	_	4	xcomp	_	_
8	?	_	PUNCT	.	_	4	punct	_	_",
I'm going home now in my helicopter .,"1	I'm	_	_	_	_	2	nsubj	_	_
2	going	_	_	_	_	0	root	_	_
3	home	_	_	_	_	2	advmod	_	_
4	now	_	_	_	_	2	advmod	_	_
5	in	_	_	_	_	7	case	_	_
6	my	_	_	_	_	7	nmod:poss	_	_
7	helicopter	_	_	_	_	2	obl	_	_
8	.	_	_	_	_	2	punct	_	_","1	I	_	PRON	PRP	_	3	nsubj	_	_
2	'm	_	AUX	VBP	_	3	aux	_	_
3	going	_	VERB	VBG	_	0	root	_	_
4	home	_	ADV	RB	_	3	advmod	_	_
5	now	_	ADV	RB	_	3	advmod	_	_
6	in	_	ADP	IN	_	8	case	_	_
7	my	_	PRON	PRP$	_	8	nmod:poss	_	_
8	helicopter	_	NOUN	NN	_	3	obl	_	_
9	.	_	PUNCT	.	_	3	punct	_	_",
I'm cutting this .,"1	I'm	_	_	_	_	2	nsubj	_	_
2	cutting	_	_	_	_	0	root	_	_
3	this	_	_	_	_	2	obj	_	_
4	.	_	_	_	_	2	punct	_	_","1	I	_	PRON	PRP	_	3	nsubj	_	_
2	'm	_	AUX	VBP	_	3	aux	_	_
3	cutting	_	VERB	VBG	_	0	root	_	_
4	this	_	PRON	DT	_	3	obj	_	_
5	.	_	PUNCT	.	_	3	punct	_	_",
somebody's beer .,"1	somebody's	_	_	_	_	2	nmod:poss	_	_
2	beer	_	_	_	_	0	root	_	_
3	.	_	_	_	_	2	punct	_	_","1	somebody	_	PRON	NN	_	3	nmod:poss	_	_
2	's	_	PART	POS	_	1	case	_	_
3	beer	_	NOUN	NN	_	0	root	_	_
4	.	_	PUNCT	.	_	3	punct	_	_",
oh God .,"1	oh	_	_	_	_	0	root	_	_
2	God	_	_	_	_	1	vocative	_	_
3	.	_	_	_	_	1	punct	_	_","1	oh	_	INTJ	UH	_	2	discourse	_	_
2	God	_	PROPN	NNP	_	0	root	_	_
3	.	_	PUNCT	.	_	2	punct	_	_",
it's dirty .,"1	it's	_	_	_	_	2	nsubj	_	_
2	dirty	_	_	_	_	0	root	_	_
3	.	_	_	_	_	2	punct	_	_","1	it	_	PRON	PRP	_	3	nsubj	_	_
2	's	_	AUX	VBZ	_	3	cop	_	_
3	dirty	_	ADJ	JJ	_	0	root	_	_
4	.	_	PUNCT	.	_	3	punct	_	_",
and Mum said oh no no .,"1	and	_	_	_	_	3	cc	_	_
2	Mum	_	_	_	_	3	nsubj	_	_
3	said	_	_	_	_	0	root	_	_
4	oh	_	_	_	_	3	discourse	_	_
5	no	_	_	_	_	3	discourse	_	_
6	no	_	_	_	_	5	conj	_	_
7	.	_	_	_	_	3	punct	_	_","1	and	_	CCONJ	CC	_	3	cc	_	_
2	Mum	_	PROPN	NNP	_	3	nsubj	_	_
3	said	_	VERB	VBD	_	0	root	_	_
4	oh	_	INTJ	UH	_	3	discourse	_	_
5	no	_	INTJ	UH	_	3	discourse	_	_
6	no	_	INTJ	UH	_	3	discourse	_	_
7	.	_	PUNCT	.	_	3	punct	_	_",
it's mine .,"1	it's	_	_	_	_	2	nsubj	_	_
2	mine	_	_	_	_	0	root	_	_
3	.	_	_	_	_	2	punct	_	_","1	it	_	PRON	PRP	_	3	nsubj	_	_
2	's	_	AUX	VBZ	_	3	cop	_	_
3	mine	_	PRON	PRP	_	0	root	_	_
4	.	_	PUNCT	.	_	3	punct	_	_",
it's the train driver .,"1	it's	_	_	_	_	4	nsubj	_	_
2	the	_	_	_	_	4	det	_	_
3	train	_	_	_	_	4	compound	_	_
4	driver	_	_	_	_	0	root	_	_
5	.	_	_	_	_	4	punct	_	_","1	it	_	PRON	PRP	_	5	nsubj	_	_
2	's	_	AUX	VBZ	_	5	cop	_	_
3	the	_	DET	DT	_	5	det	_	_
4	train	_	NOUN	NN	_	5	compound	_	_
5	driver	_	NOUN	NN	_	0	root	_	_
6	.	_	PUNCT	.	_	5	punct	_	_",
who's under this chair ?,"1	who's	_	_	_	_	4	nsubj	_	_
2	under	_	_	_	_	4	case	_	_
3	this	_	_	_	_	4	det	_	_
4	chair	_	_	_	_	0	root	_	_
5	?	_	_	_	_	4	punct	_	_","1	who	_	PRON	WP	_	5	nsubj	_	_
2	's	_	AUX	VBZ	_	5	cop	_	_
3	under	_	ADP	IN	_	5	case	_	_
4	this	_	DET	DT	_	5	det	_	_
5	chair	_	NOUN	NN	_	0	root	_	_
6	?	_	PUNCT	.	_	5	punct	_	_",
you're cheeky Mummy .,"1	you're	_	_	_	_	2	nsubj	_	_
2	cheeky	_	_	_	_	0	root	_	_
3	Mummy	_	_	_	_	2	vocative	_	_
4	.	_	_	_	_	2	punct	_	_","1	you	_	PRON	PRP	_	4	nsubj	_	_
2	're	_	AUX	VBP	_	4	cop	_	_
3	cheeky	_	ADJ	JJ	_	4	amod	_	_
4	Mummy	_	PROPN	NNP	_	0	root	_	_
5	.	_	PUNCT	.	_	4	punct	_	_",
where's the train ?,"1	where's	_	_	_	_	0	root	_	_
2	the	_	_	_	_	3	det	_	_
3	train	_	_	_	_	1	nsubj	_	_
4	?	_	_	_	_	1	punct	_	_","1	where	_	ADV	WRB	_	0	root	_	_
2	's	_	AUX	VBZ	_	1	cop	_	_
3	the	_	DET	DT	_	4	det	_	_
4	train	_	NOUN	NN	_	1	nsubj	_	_
5	?	_	PUNCT	.	_	1	punct	_	_",
oh that's the car .,"1	oh	_	_	_	_	4	discourse	_	_
2	that's	_	_	_	_	4	cop	_	_
3	the	_	_	_	_	4	det	_	_
4	car	_	_	_	_	0	root	_	_
5	.	_	_	_	_	4	punct	_	_","1	oh	_	INTJ	UH	_	5	discourse	_	_
2	that	_	PRON	DT	_	5	nsubj	_	_
3	's	_	AUX	VBZ	_	5	cop	_	_
4	the	_	DET	DT	_	5	det	_	_
5	car	_	NOUN	NN	_	0	root	_	_
6	.	_	PUNCT	.	_	5	punct	_	_",
that's mine .,"1	that's	_	_	_	_	2	nsubj	_	_
2	mine	_	_	_	_	0	root	_	_
3	.	_	_	_	_	2	punct	_	_","1	that	_	PRON	DT	_	3	nsubj	_	_
2	's	_	AUX	VBZ	_	3	cop	_	_
3	mine	_	PRON	PRP	_	0	root	_	_
4	.	_	PUNCT	.	_	3	punct	_	_",
that's mine .,"1	that's	_	_	_	_	2	nsubj	_	_
2	mine	_	_	_	_	0	root	_	_
3	.	_	_	_	_	2	punct	_	_","1	that	_	PRON	DT	_	3	nsubj	_	_
2	's	_	AUX	VBZ	_	3	cop	_	_
3	mine	_	PRON	PRP	_	0	root	_	_
4	.	_	PUNCT	.	_	3	punct	_	_",
there's a fireman in there .,"1	there's	_	_	_	_	3	expl	_	_
2	a	_	_	_	_	3	det	_	_
3	fireman	_	_	_	_	0	root	_	_
4	in	_	_	_	_	5	case	_	_
5	there	_	_	_	_	3	advmod	_	_
6	.	_	_	_	_	3	punct	_	_","1	there	_	PRON	EX	_	2	expl	_	_
2	's	_	VERB	VBZ	_	0	root	_	_
3	a	_	DET	DT	_	4	det	_	_
4	fireman	_	NOUN	NN	_	2	nsubj	_	_
5	in	_	ADP	IN	_	6	case	_	_
6	there	_	ADV	RB	_	2	obl	_	_
7	.	_	PUNCT	.	_	2	punct	_	_",
"thanks , Mummy .","1	thanks	_	_	_	_	0	root	_	_
2	,	_	_	_	_	1	punct	_	_
3	Mummy	_	_	_	_	1	vocative	_	_
4	.	_	_	_	_	1	punct	_	_","1	thanks	_	NOUN	NN	_	0	root	_	_
2	,	_	PUNCT	,	_	3	punct	_	_
3	Mummy	_	PROPN	NNP	_	1	vocative	_	_
4	.	_	PUNCT	.	_	1	punct	_	_",
tea uh tea .,"1	tea	_	_	_	_	0	root	_	_
2	uh	_	_	_	_	3	discourse	_	_
3	tea	_	_	_	_	1	conj	_	_
4	.	_	_	_	_	1	punct	_	_","1	tea	_	NOUN	NN	_	3	compound	_	_
2	uh	_	INTJ	UH	_	3	discourse	_	_
3	tea	_	NOUN	NN	_	0	root	_	_
4	.	_	PUNCT	.	_	3	punct	_	_",
uh no no .,"1	uh	_	_	_	_	2	compound	_	_
2	no	_	_	_	_	0	root	_	_
3	no	_	_	_	_	2	conj	_	_
4	.	_	_	_	_	2	punct	_	_","1	uh	_	INTJ	UH	_	2	discourse	_	_
2	no	_	INTJ	UH	_	0	root	_	_
3	no	_	INTJ	UH	_	2	discourse	_	_
4	.	_	PUNCT	.	_	2	punct	_	_",
that's that's a fireman .,"1	that's	_	_	_	_	4	reparandum	_	_
2	that's	_	_	_	_	4	nsubj	_	_
3	a	_	_	_	_	4	det	_	_
4	fireman	_	_	_	_	0	root	_	_
5	.	_	_	_	_	4	punct	_	_","1	that	_	PRON	DT	_	6	nsubj	_	_
2	's	_	AUX	VBZ	_	6	cop	_	_
3	that	_	PRON	DT	_	6	nsubj	_	_
4	's	_	AUX	VBZ	_	6	cop	_	_
5	a	_	DET	DT	_	6	det	_	_
6	fireman	_	NOUN	NN	_	0	root	_	_
7	.	_	PUNCT	.	_	6	punct	_	_",
that's a fireman .,"1	that's	_	_	_	_	3	nsubj	_	_
2	a	_	_	_	_	3	det	_	_
3	fireman	_	_	_	_	0	root	_	_
4	.	_	_	_	_	3	punct	_	_","1	that	_	PRON	DT	_	4	nsubj	_	_
2	's	_	AUX	VBZ	_	4	cop	_	_
3	a	_	DET	DT	_	4	det	_	_
4	fireman	_	NOUN	NN	_	0	root	_	_
5	.	_	PUNCT	.	_	4	punct	_	_",
you're being naughty .,"1	you're	_	_	_	_	3	nsubj	_	_
2	being	_	_	_	_	3	cop	_	_
3	naughty	_	_	_	_	0	root	_	_
4	.	_	_	_	_	3	punct	_	_","1	you	_	PRON	PRP	_	4	nsubj	_	_
2	're	_	AUX	VBP	_	4	aux	_	_
3	being	_	AUX	VBG	_	4	cop	_	_
4	naughty	_	ADJ	JJ	_	0	root	_	_
5	.	_	PUNCT	.	_	4	punct	_	_",
here you are .,"1	here	_	_	_	_	0	root	_	_
2	you	_	_	_	_	1	nsubj	_	_
3	are	_	_	_	_	1	cop	_	_
4	.	_	_	_	_	1	punct	_	_","1	here	_	ADV	RB	_	0	root	_	_
2	you	_	PRON	PRP	_	3	nsubj	_	_
3	are	_	AUX	VBP	_	1	cop	_	_
4	.	_	PUNCT	.	_	1	punct	_	_","1	Here	here	ADV	RB	_	0	root	0:root	_
2	you	you	PRON	PRP	_	1	nsubj	1:nsubj	_
3	are	be	AUX	VBP	_	1	cop	1:cop	SpaceAfter=No
4	.	.	PUNCT	.	_	1	punct	1:punct	_
"
"another cuddle , Aunty Dipsy .","1	another	_	_	_	_	2	det	_	_
2	cuddle	_	_	_	_	0	root	_	_
3	,	_	_	_	_	2	vocative	_	_
4	Aunty	_	_	_	_	2	vocative	_	_
5	Dipsy	_	_	_	_	4	flat	_	_
6	.	_	_	_	_	2	punct	_	_","1	another	_	DET	DT	_	2	det	_	_
2	cuddle	_	NOUN	NN	_	0	root	_	_
3	,	_	PUNCT	,	_	4	punct	_	_
4	Aunty	_	PROPN	NNP	_	2	appos	_	_
5	Dipsy	_	PROPN	NNP	_	4	flat	_	_
6	.	_	PUNCT	.	_	2	punct	_	_",
it's very dark in there .,"1	it's	_	_	_	_	3	cop	_	_
2	very	_	_	_	_	3	advmod	_	_
3	dark	_	_	_	_	0	root	_	_
4	in	_	_	_	_	5	case	_	_
5	there	_	_	_	_	3	obl	_	_
6	.	_	_	_	_	3	punct	_	_","1	it	_	PRON	PRP	_	4	nsubj	_	_
2	's	_	AUX	VBZ	_	4	cop	_	_
3	very	_	ADV	RB	_	4	advmod	_	_
4	dark	_	ADJ	JJ	_	0	root	_	_
5	in	_	ADP	IN	_	6	case	_	_
6	there	_	ADV	RB	_	4	obl	_	_
7	.	_	PUNCT	.	_	4	punct	_	_",
Isabel's party .,"1	Isabel's	_	_	_	_	2	nmod:poss	_	_
2	party	_	_	_	_	0	root	_	_
3	.	_	_	_	_	2	punct	_	_","1	Isabel	_	PROPN	NNP	_	3	nmod:poss	_	_
2	's	_	PART	POS	_	1	case	_	_
3	party	_	NOUN	NN	_	0	root	_	_
4	.	_	PUNCT	.	_	3	punct	_	_",
it's orange now .,"1	it's	_	_	_	_	2	cop	_	_
2	orange	_	_	_	_	0	root	_	_
3	now	_	_	_	_	2	advmod	_	_
4	.	_	_	_	_	2	punct	_	_","1	it	_	PRON	PRP	_	3	nsubj	_	_
2	's	_	AUX	VBZ	_	3	cop	_	_
3	orange	_	ADJ	JJ	_	0	root	_	_
4	now	_	ADV	RB	_	3	advmod	_	_
5	.	_	PUNCT	.	_	3	punct	_	_",
it's orange .,"1	it's	_	_	_	_	2	cop	_	_
2	orange	_	_	_	_	0	root	_	_
3	.	_	_	_	_	2	punct	_	_","1	it	_	PRON	PRP	_	3	nsubj	_	_
2	's	_	AUX	VBZ	_	3	cop	_	_
3	orange	_	ADJ	JJ	_	0	root	_	_
4	.	_	PUNCT	.	_	3	punct	_	_",
please Mummy .,"1	please	_	_	_	_	0	root	_	_
2	Mummy	_	_	_	_	1	vocative	_	_
3	.	_	_	_	_	1	punct	_	_","1	please	_	INTJ	UH	_	2	discourse	_	_
2	Mummy	_	VERB	VB	_	0	root	_	_
3	.	_	PUNCT	.	_	2	punct	_	_",
digger come on .,"1	digger	_	_	_	_	2	vocative	_	_
2	come	_	_	_	_	0	root	_	_
3	on	_	_	_	_	2	compound:prt	_	_
4	.	_	_	_	_	2	punct	_	_","1	digger	_	NOUN	NN	_	2	nsubj	_	_
2	come	_	VERB	VB	_	0	root	_	_
3	on	_	ADP	RP	_	2	compound:prt	_	_
4	.	_	PUNCT	.	_	2	punct	_	_",
oh dear .,"1	oh	_	_	_	_	0	root	_	_
2	dear	_	_	_	_	1	vocative	_	_
3	.	_	_	_	_	1	punct	_	_","1	oh	_	INTJ	UH	_	2	discourse	_	_
2	dear	_	ADJ	JJ	_	0	root	_	_
3	.	_	PUNCT	.	_	2	punct	_	_","1	Oh	oh	INTJ	UH	_	0	root	0:root	_
2	dear	dear	ADJ	JJ	_	1	vocative	1:vocative	SpaceAfter=No
3	.	.	PUNCT	.	_	1	punct	1:punct	_
"
here you are .,"1	here	_	_	_	_	0	root	_	_
2	you	_	_	_	_	1	nsubj	_	_
3	are	_	_	_	_	1	cop	_	_
4	.	_	_	_	_	1	punct	_	_","1	here	_	ADV	RB	_	0	root	_	_
2	you	_	PRON	PRP	_	3	nsubj	_	_
3	are	_	AUX	VBP	_	1	cop	_	_
4	.	_	PUNCT	.	_	1	punct	_	_","1	Here	here	ADV	RB	_	0	root	0:root	_
2	you	you	PRON	PRP	_	1	nsubj	1:nsubj	_
3	are	be	AUX	VBP	_	1	cop	1:cop	SpaceAfter=No
4	.	.	PUNCT	.	_	1	punct	1:punct	_
"
here you are .,"1	here	_	_	_	_	0	root	_	_
2	you	_	_	_	_	1	nsubj	_	_
3	are	_	_	_	_	1	cop	_	_
4	.	_	_	_	_	1	punct	_	_","1	here	_	ADV	RB	_	0	root	_	_
2	you	_	PRON	PRP	_	3	nsubj	_	_
3	are	_	AUX	VBP	_	1	cop	_	_
4	.	_	PUNCT	.	_	1	punct	_	_","1	Here	here	ADV	RB	_	0	root	0:root	_
2	you	you	PRON	PRP	_	1	nsubj	1:nsubj	_
3	are	be	AUX	VBP	_	1	cop	1:cop	SpaceAfter=No
4	.	.	PUNCT	.	_	1	punct	1:punct	_
"
Rosie's got this one .,"1	Rosie's	_	_	_	_	2	nsubj	_	_
2	got	_	_	_	_	0	root	_	_
3	this	_	_	_	_	4	det	_	_
4	one	_	_	_	_	2	obj	_	_
5	.	_	_	_	_	2	punct	_	_","1	Rosie	_	PROPN	NNP	_	3	nsubj	_	_
2	's	_	AUX	VBZ	_	3	aux	_	_
3	got	_	VERB	VBN	_	0	root	_	_
4	this	_	DET	DT	_	5	det	_	_
5	one	_	NOUN	NN	_	3	obj	_	_
6	.	_	PUNCT	.	_	3	punct	_	_",
where's our Play Doh gone ?,"1	where's	_	_	_	_	5	advmod	_	_
2	our	_	_	_	_	4	nmod:poss	_	_
3	Play	_	_	_	_	4	compound	_	_
4	Doh	_	_	_	_	5	nsubj	_	_
5	gone	_	_	_	_	0	root	_	_
6	?	_	_	_	_	5	punct	_	_","1	where	_	ADV	WRB	_	6	advmod	_	_
2	's	_	AUX	VBZ	_	6	cop	_	_
3	our	_	PRON	PRP$	_	4	nmod:poss	_	_
4	Play	_	NOUN	NN	_	6	nsubj	_	_
5	Doh	_	PROPN	NNP	_	6	nsubj	_	_
6	gone	_	ADJ	JJ	_	0	root	_	_
7	?	_	PUNCT	.	_	6	punct	_	_",
they can't fit .,"1	they	_	_	_	_	3	nsubj	_	_
2	can't	_	_	_	_	3	aux	_	_
3	fit	_	_	_	_	0	root	_	_
4	.	_	_	_	_	3	punct	_	_","1	they	_	PRON	PRP	_	4	nsubj	_	_
2	ca	_	AUX	MD	_	4	aux	_	_
3	n't	_	PART	RB	_	4	advmod	_	_
4	fit	_	VERB	VB	_	0	root	_	_
5	.	_	PUNCT	.	_	4	punct	_	_",
the box can't fit .,"1	the	_	_	_	_	2	det	_	_
2	box	_	_	_	_	4	nsubj	_	_
3	can't	_	_	_	_	4	advmod	_	_
4	fit	_	_	_	_	0	root	_	_
5	.	_	_	_	_	4	punct	_	_","1	the	_	DET	DT	_	2	det	_	_
2	box	_	NOUN	NN	_	5	nsubj	_	_
3	ca	_	AUX	MD	_	5	aux	_	_
4	n't	_	PART	RB	_	5	advmod	_	_
5	fit	_	VERB	VB	_	0	root	_	_
6	.	_	PUNCT	.	_	5	punct	_	_",
I've got birthday cake in here .,"1	I've	_	_	_	_	2	nsubj	_	_
2	got	_	_	_	_	0	root	_	_
3	birthday	_	_	_	_	4	compound	_	_
4	cake	_	_	_	_	2	obj	_	_
5	in	_	_	_	_	6	case	_	_
6	here	_	_	_	_	2	obl	_	_
7	.	_	_	_	_	2	punct	_	_","1	I	_	PRON	PRP	_	3	nsubj	_	_
2	've	_	AUX	VBP	_	3	aux	_	_
3	got	_	VERB	VBN	_	0	root	_	_
4	birthday	_	NOUN	NN	_	5	compound	_	_
5	cake	_	NOUN	NN	_	3	obj	_	_
6	in	_	ADP	IN	_	7	case	_	_
7	here	_	ADV	RB	_	3	obl	_	_
8	.	_	PUNCT	.	_	3	punct	_	_",
night night .,"1	night	_	_	_	_	0	root	_	_
2	night	_	_	_	_	1	conj	_	_
3	.	_	_	_	_	1	punct	_	_","1	night	_	NOUN	NN	_	2	compound	_	_
2	night	_	NOUN	NN	_	0	root	_	_
3	.	_	PUNCT	.	_	2	punct	_	_","1	Night	night	NOUN	NN	_	2	compound	2:compound	_
2	night	night	NOUN	NN	_	0	root	0:root	SpaceAfter=No
3	.	.	PUNCT	.	_	2	punct	2:punct	_
"
night night .,"1	night	_	_	_	_	0	root	_	_
2	night	_	_	_	_	1	conj	_	_
3	.	_	_	_	_	1	punct	_	_","1	night	_	NOUN	NN	_	2	compound	_	_
2	night	_	NOUN	NN	_	0	root	_	_
3	.	_	PUNCT	.	_	2	punct	_	_","1	Night	night	NOUN	NN	_	2	compound	2:compound	_
2	night	night	NOUN	NN	_	0	root	0:root	SpaceAfter=No
3	.	.	PUNCT	.	_	2	punct	2:punct	_
"
night night .,"1	night	_	_	_	_	0	root	_	_
2	night	_	_	_	_	1	conj	_	_
3	.	_	_	_	_	1	punct	_	_","1	night	_	NOUN	NN	_	2	compound	_	_
2	night	_	NOUN	NN	_	0	root	_	_
3	.	_	PUNCT	.	_	2	punct	_	_","1	Night	night	NOUN	NN	_	2	compound	2:compound	_
2	night	night	NOUN	NN	_	0	root	0:root	SpaceAfter=No
3	.	.	PUNCT	.	_	2	punct	2:punct	_
"
night night .,"1	night	_	_	_	_	0	root	_	_
2	night	_	_	_	_	1	conj	_	_
3	.	_	_	_	_	1	punct	_	_","1	night	_	NOUN	NN	_	2	compound	_	_
2	night	_	NOUN	NN	_	0	root	_	_
3	.	_	PUNCT	.	_	2	punct	_	_","1	Night	night	NOUN	NN	_	2	compound	2:compound	_
2	night	night	NOUN	NN	_	0	root	0:root	SpaceAfter=No
3	.	.	PUNCT	.	_	2	punct	2:punct	_
"
night night .,"1	night	_	_	_	_	0	root	_	_
2	night	_	_	_	_	1	conj	_	_
3	.	_	_	_	_	1	punct	_	_","1	night	_	NOUN	NN	_	2	compound	_	_
2	night	_	NOUN	NN	_	0	root	_	_
3	.	_	PUNCT	.	_	2	punct	_	_","1	Night	night	NOUN	NN	_	2	compound	2:compound	_
2	night	night	NOUN	NN	_	0	root	0:root	SpaceAfter=No
3	.	.	PUNCT	.	_	2	punct	2:punct	_
"
where's it gone ?,"1	where's	_	_	_	_	3	advmod	_	_
2	it	_	_	_	_	3	nsubj	_	_
3	gone	_	_	_	_	0	root	_	_
4	?	_	_	_	_	3	punct	_	_","1	where	_	ADV	WRB	_	4	advmod	_	_
2	's	_	AUX	VBZ	_	4	cop	_	_
3	it	_	PRON	PRP	_	4	nsubj	_	_
4	gone	_	ADJ	JJ	_	0	root	_	_
5	?	_	PUNCT	.	_	4	punct	_	_",
grandma's bringing a bigger one .,"1	grandma's	_	_	_	_	2	nsubj	_	_
2	bringing	_	_	_	_	0	root	_	_
3	a	_	_	_	_	5	det	_	_
4	bigger	_	_	_	_	5	amod	_	_
5	one	_	_	_	_	2	obj	_	_
6	.	_	_	_	_	2	punct	_	_","1	grandma	_	NOUN	NN	_	3	nsubj	_	_
2	's	_	AUX	VBZ	_	3	aux	_	_
3	bringing	_	VERB	VBG	_	0	root	_	_
4	a	_	DET	DT	_	6	det	_	_
5	bigger	_	ADJ	JJR	_	6	amod	_	_
6	one	_	NOUN	NN	_	3	obj	_	_
7	.	_	PUNCT	.	_	3	punct	_	_",
grandma's bringing a bigger one .,"1	grandma's	_	_	_	_	2	nsubj	_	_
2	bringing	_	_	_	_	0	root	_	_
3	a	_	_	_	_	5	det	_	_
4	bigger	_	_	_	_	5	amod	_	_
5	one	_	_	_	_	2	obj	_	_
6	.	_	_	_	_	2	punct	_	_","1	grandma	_	NOUN	NN	_	3	nsubj	_	_
2	's	_	AUX	VBZ	_	3	aux	_	_
3	bringing	_	VERB	VBG	_	0	root	_	_
4	a	_	DET	DT	_	6	det	_	_
5	bigger	_	ADJ	JJR	_	6	amod	_	_
6	one	_	NOUN	NN	_	3	obj	_	_
7	.	_	PUNCT	.	_	3	punct	_	_",
night night .,"1	night	_	_	_	_	0	root	_	_
2	night	_	_	_	_	1	conj	_	_
3	.	_	_	_	_	1	punct	_	_","1	night	_	NOUN	NN	_	2	compound	_	_
2	night	_	NOUN	NN	_	0	root	_	_
3	.	_	PUNCT	.	_	2	punct	_	_","1	Night	night	NOUN	NN	_	2	compound	2:compound	_
2	night	night	NOUN	NN	_	0	root	0:root	SpaceAfter=No
3	.	.	PUNCT	.	_	2	punct	2:punct	_
"
mummy sing Rockabye baby .,"1	mummy	_	_	_	_	2	nsubj	_	_
2	sing	_	_	_	_	0	root	_	_
3	Rockabye	_	_	_	_	2	obj	_	_
4	baby	_	_	_	_	2	obj	_	_
5	.	_	_	_	_	2	punct	_	_","1	mummy	_	NOUN	NN	_	2	nsubj	_	_
2	sing	_	VERB	VB	_	0	root	_	_
3	Rockabye	_	PROPN	NNP	_	4	compound	_	_
4	baby	_	NOUN	NN	_	2	obj	_	_
5	.	_	PUNCT	.	_	2	punct	_	_",
I won't break them .,"1	I	_	_	_	_	3	nsubj	_	_
2	won't	_	_	_	_	3	aux	_	_
3	break	_	_	_	_	0	root	_	_
4	them	_	_	_	_	3	obj	_	_
5	.	_	_	_	_	3	punct	_	_","1	I	_	PRON	PRP	_	4	nsubj	_	_
2	wo	_	AUX	MD	_	4	aux	_	_
3	n't	_	PART	RB	_	4	advmod	_	_
4	break	_	VERB	VB	_	0	root	_	_
5	them	_	PRON	PRP	_	4	obj	_	_
6	.	_	PUNCT	.	_	4	punct	_	_",
night night .,"1	night	_	_	_	_	0	root	_	_
2	night	_	_	_	_	1	conj	_	_
3	.	_	_	_	_	1	punct	_	_","1	night	_	NOUN	NN	_	2	compound	_	_
2	night	_	NOUN	NN	_	0	root	_	_
3	.	_	PUNCT	.	_	2	punct	_	_","1	Night	night	NOUN	NN	_	2	compound	2:compound	_
2	night	night	NOUN	NN	_	0	root	0:root	SpaceAfter=No
3	.	.	PUNCT	.	_	2	punct	2:punct	_
"
where's Rosie's duvet gone ?,"1	where's	_	_	_	_	4	advmod	_	_
2	Rosie's	_	_	_	_	3	nmod:poss	_	_
3	duvet	_	_	_	_	4	nsubj	_	_
4	gone	_	_	_	_	0	root	_	_
5	?	_	_	_	_	4	punct	_	_","1	where	_	ADV	WRB	_	6	advmod	_	_
2	's	_	AUX	VBZ	_	6	cop	_	_
3	Rosie	_	PROPN	NNP	_	5	nmod:poss	_	_
4	's	_	PART	POS	_	3	case	_	_
5	duvet	_	NOUN	NN	_	6	nsubj	_	_
6	gone	_	ADJ	JJ	_	0	root	_	_
7	?	_	PUNCT	.	_	6	punct	_	_",
it's here .,"1	it's	_	_	_	_	2	nsubj	_	_
2	here	_	_	_	_	0	root	_	_
3	.	_	_	_	_	2	punct	_	_","1	it	_	PRON	PRP	_	3	nsubj	_	_
2	's	_	AUX	VBZ	_	3	cop	_	_
3	here	_	ADV	RB	_	0	root	_	_
4	.	_	PUNCT	.	_	3	punct	_	_",
where's the apple gone ?,"1	where's	_	_	_	_	4	advmod	_	_
2	the	_	_	_	_	3	det	_	_
3	apple	_	_	_	_	4	nsubj	_	_
4	gone	_	_	_	_	0	root	_	_
5	?	_	_	_	_	4	punct	_	_","1	where	_	ADV	WRB	_	5	advmod	_	_
2	's	_	AUX	VBZ	_	5	aux	_	_
3	the	_	DET	DT	_	4	det	_	_
4	apple	_	NOUN	NN	_	5	nsubj	_	_
5	gone	_	VERB	VBN	_	0	root	_	_
6	?	_	PUNCT	.	_	5	punct	_	_",
here's mummy's .,"1	here's	_	_	_	_	0	root	_	_
2	mummy's	_	_	_	_	1	nsubj	_	_
3	.	_	_	_	_	1	punct	_	_","1	here	_	ADV	RB	_	0	root	_	_
2	's	_	AUX	VBZ	_	1	cop	_	_
3	mummy	_	NOUN	NN	_	1	nsubj	_	_
4	's	_	PART	POS	_	3	case	_	_
5	.	_	PUNCT	.	_	1	punct	_	_",
mummy go on it .,"1	mummy	_	_	_	_	2	vocative	_	_
2	go	_	_	_	_	0	root	_	_
3	on	_	_	_	_	4	case	_	_
4	it	_	_	_	_	2	obl	_	_
5	.	_	_	_	_	2	punct	_	_","1	mummy	_	NOUN	NN	_	2	nsubj	_	_
2	go	_	VERB	VB	_	0	root	_	_
3	on	_	ADP	IN	_	4	case	_	_
4	it	_	PRON	PRP	_	2	obl	_	_
5	.	_	PUNCT	.	_	2	punct	_	_",
what's that funny noise ?,"1	what's	_	_	_	_	4	cop	_	_
2	that	_	_	_	_	4	det	_	_
3	funny	_	_	_	_	4	amod	_	_
4	noise	_	_	_	_	0	root	_	_
5	?	_	_	_	_	4	punct	_	_","1	what	_	PRON	WP	_	0	root	_	_
2	's	_	AUX	VBZ	_	1	cop	_	_
3	that	_	DET	DT	_	5	det	_	_
4	funny	_	ADJ	JJ	_	5	amod	_	_
5	noise	_	NOUN	NN	_	1	nsubj	_	_
6	?	_	PUNCT	.	_	1	punct	_	_",
over there .,"1	over	_	_	_	_	2	case	_	_
2	there	_	_	_	_	0	root	_	_
3	.	_	_	_	_	2	punct	_	_","1	over	_	ADV	RB	_	2	advmod	_	_
2	there	_	ADV	RB	_	0	root	_	_
3	.	_	PUNCT	.	_	2	punct	_	_","1	Over	over	ADP	IN	_	2	case	2:case	_
2	there	there	ADV	RB	_	0	root	0:root	SpaceAfter=No
3	.	.	PUNCT	.	_	2	punct	2:punct	_
"
where's mummy's tea gone ?,"1	where's	_	_	_	_	4	advmod	_	_
2	mummy's	_	_	_	_	3	nmod:poss	_	_
3	tea	_	_	_	_	4	nsubj	_	_
4	gone	_	_	_	_	0	root	_	_
5	?	_	_	_	_	4	punct	_	_","1	where	_	ADV	WRB	_	6	advmod	_	_
2	's	_	AUX	VBZ	_	6	cop	_	_
3	mummy	_	NOUN	NN	_	5	nmod:poss	_	_
4	's	_	PART	POS	_	3	case	_	_
5	tea	_	NOUN	NN	_	6	nsubj	_	_
6	gone	_	ADJ	JJ	_	0	root	_	_
7	?	_	PUNCT	.	_	6	punct	_	_",
here you are .,"1	here	_	_	_	_	0	root	_	_
2	you	_	_	_	_	1	nsubj	_	_
3	are	_	_	_	_	1	cop	_	_
4	.	_	_	_	_	1	punct	_	_","1	here	_	ADV	RB	_	0	root	_	_
2	you	_	PRON	PRP	_	3	nsubj	_	_
3	are	_	AUX	VBP	_	1	cop	_	_
4	.	_	PUNCT	.	_	1	punct	_	_","1	Here	here	ADV	RB	_	0	root	0:root	_
2	you	you	PRON	PRP	_	1	nsubj	1:nsubj	_
3	are	be	AUX	VBP	_	1	cop	1:cop	SpaceAfter=No
4	.	.	PUNCT	.	_	1	punct	1:punct	_
"
could you put my shirt in ?,"1	could	_	_	_	_	3	aux	_	_
2	you	_	_	_	_	3	nsubj	_	_
3	put	_	_	_	_	0	root	_	_
4	my	_	_	_	_	5	nmod:poss	_	_
5	shirt	_	_	_	_	3	obj	_	_
6	in	_	_	_	_	3	advmod	_	_
7	?	_	_	_	_	3	punct	_	_","1	could	_	AUX	MD	_	3	aux	_	_
2	you	_	PRON	PRP	_	3	nsubj	_	_
3	put	_	VERB	VB	_	0	root	_	_
4	my	_	PRON	PRP$	_	5	nmod:poss	_	_
5	shirt	_	NOUN	NN	_	3	obj	_	_
6	in	_	ADP	RP	_	3	compound:prt	_	_
7	?	_	PUNCT	.	_	3	punct	_	_",
because it's dirty .,"1	because	_	_	_	_	3	mark	_	_
2	it's	_	_	_	_	3	nsubj	_	_
3	dirty	_	_	_	_	0	root	_	_
4	.	_	_	_	_	3	punct	_	_","1	because	_	SCONJ	IN	_	4	mark	_	_
2	it	_	PRON	PRP	_	4	nsubj	_	_
3	's	_	AUX	VBZ	_	4	cop	_	_
4	dirty	_	ADJ	JJ	_	0	root	_	_
5	.	_	PUNCT	.	_	4	punct	_	_",
"are you finished , Mom ?","1	are	_	_	_	_	3	cop	_	_
2	you	_	_	_	_	3	nsubj	_	_
3	finished	_	_	_	_	0	root	_	_
4	,	_	_	_	_	3	case	_	_
5	Mom	_	_	_	_	3	vocative	_	_
6	?	_	_	_	_	3	punct	_	_","1	are	_	AUX	VBP	_	3	aux:pass	_	_
2	you	_	PRON	PRP	_	3	nsubj:pass	_	_
3	finished	_	VERB	VBN	_	0	root	_	_
4	,	_	PUNCT	,	_	5	punct	_	_
5	Mom	_	NOUN	NN	_	3	vocative	_	_
6	?	_	PUNCT	.	_	3	punct	_	_",
I smell hamburger cooking .,"1	I	_	_	_	_	2	nsubj	_	_
2	smell	_	_	_	_	0	root	_	_
3	hamburger	_	_	_	_	2	obj	_	_
4	cooking	_	_	_	_	2	xcomp	_	_
5	.	_	_	_	_	2	punct	_	_","1	I	_	PRON	PRP	_	2	nsubj	_	_
2	smell	_	VERB	VBP	_	0	root	_	_
3	hamburger	_	NOUN	NN	_	4	compound	_	_
4	cooking	_	NOUN	NN	_	2	obj	_	_
5	.	_	PUNCT	.	_	2	punct	_	_",
when it's morning time then we eat our food .,"1	when	_	_	_	_	4	mark	_	_
2	it's	_	_	_	_	4	cop	_	_
3	morning	_	_	_	_	4	compound	_	_
4	time	_	_	_	_	7	advcl	_	_
5	then	_	_	_	_	7	advmod	_	_
6	we	_	_	_	_	7	nsubj	_	_
7	eat	_	_	_	_	0	root	_	_
8	our	_	_	_	_	9	nmod:poss	_	_
9	food	_	_	_	_	7	obj	_	_
10	.	_	_	_	_	7	punct	_	_","1	when	_	ADV	WRB	_	5	advmod	_	_
2	it	_	PRON	PRP	_	5	nsubj	_	_
3	's	_	AUX	VBZ	_	5	cop	_	_
4	morning	_	NOUN	NN	_	5	compound	_	_
5	time	_	NOUN	NN	_	8	advcl	_	_
6	then	_	ADV	RB	_	8	advmod	_	_
7	we	_	PRON	PRP	_	8	nsubj	_	_
8	eat	_	VERB	VBP	_	0	root	_	_
9	our	_	PRON	PRP$	_	10	nmod:poss	_	_
10	food	_	NOUN	NN	_	8	obj	_	_
11	.	_	PUNCT	.	_	8	punct	_	_",
we had it already right ?,"1	we	_	_	_	_	2	nsubj	_	_
2	had	_	_	_	_	0	root	_	_
3	it	_	_	_	_	2	obj	_	_
4	already	_	_	_	_	2	advmod	_	_
5	right	_	_	_	_	2	discourse	_	_
6	?	_	_	_	_	2	punct	_	_","1	we	_	PRON	PRP	_	2	nsubj	_	_
2	had	_	VERB	VBD	_	0	root	_	_
3	it	_	PRON	PRP	_	2	obj	_	_
4	already	_	ADV	RB	_	5	advmod	_	_
5	right	_	ADJ	JJ	_	2	discourse	_	_
6	?	_	PUNCT	.	_	2	punct	_	_",
all done .,"1	all	_	_	_	_	2	advmod	_	_
2	done	_	_	_	_	0	root	_	_
3	.	_	_	_	_	2	punct	_	_","1	all	_	DET	DT	_	2	nsubj:pass	_	_
2	done	_	VERB	VBN	_	0	root	_	_
3	.	_	PUNCT	.	_	2	punct	_	_","1	All	all	DET	DT	_	2	advmod	2:advmod	_
2	done	do	VERB	VBN	_	0	root	0:root	SpaceAfter=No
3	!	!	PUNCT	!	_	2	punct	2:punct	_
"
Nana's here .,"1	Nana's	_	_	_	_	2	nsubj	_	_
2	here	_	_	_	_	0	root	_	_
3	.	_	_	_	_	2	punct	_	_","1	Nana	_	PROPN	NNP	_	3	nmod:poss	_	_
2	's	_	PART	POS	_	1	case	_	_
3	here	_	ADV	RB	_	0	root	_	_
4	.	_	PUNCT	.	_	3	punct	_	_",
what's this ?,"1	what's	_	_	_	_	0	root	_	_
2	this	_	_	_	_	1	nsubj	_	_
3	?	_	_	_	_	1	punct	_	_","1	what	_	PRON	WP	_	3	nsubj	_	_
2	's	_	AUX	VBZ	_	3	cop	_	_
3	this	_	PRON	DT	_	0	root	_	_
4	?	_	PUNCT	.	_	3	punct	_	_",
oh dear .,"1	oh	_	_	_	_	0	root	_	_
2	dear	_	_	_	_	1	vocative	_	_
3	.	_	_	_	_	1	punct	_	_","1	oh	_	INTJ	UH	_	2	discourse	_	_
2	dear	_	ADJ	JJ	_	0	root	_	_
3	.	_	PUNCT	.	_	2	punct	_	_","1	Oh	oh	INTJ	UH	_	0	root	0:root	_
2	dear	dear	ADJ	JJ	_	1	vocative	1:vocative	SpaceAfter=No
3	.	.	PUNCT	.	_	1	punct	1:punct	_
"
oh dear .,"1	oh	_	_	_	_	0	root	_	_
2	dear	_	_	_	_	1	vocative	_	_
3	.	_	_	_	_	1	punct	_	_","1	oh	_	INTJ	UH	_	2	discourse	_	_
2	dear	_	ADJ	JJ	_	0	root	_	_
3	.	_	PUNCT	.	_	2	punct	_	_","1	Oh	oh	INTJ	UH	_	0	root	0:root	_
2	dear	dear	ADJ	JJ	_	1	vocative	1:vocative	SpaceAfter=No
3	.	.	PUNCT	.	_	1	punct	1:punct	_
"
oh dear .,"1	oh	_	_	_	_	0	root	_	_
2	dear	_	_	_	_	1	vocative	_	_
3	.	_	_	_	_	1	punct	_	_","1	oh	_	INTJ	UH	_	2	discourse	_	_
2	dear	_	ADJ	JJ	_	0	root	_	_
3	.	_	PUNCT	.	_	2	punct	_	_","1	Oh	oh	INTJ	UH	_	0	root	0:root	_
2	dear	dear	ADJ	JJ	_	1	vocative	1:vocative	SpaceAfter=No
3	.	.	PUNCT	.	_	1	punct	1:punct	_
"
oh dear .,"1	oh	_	_	_	_	0	root	_	_
2	dear	_	_	_	_	1	vocative	_	_
3	.	_	_	_	_	1	punct	_	_","1	oh	_	INTJ	UH	_	2	discourse	_	_
2	dear	_	ADJ	JJ	_	0	root	_	_
3	.	_	PUNCT	.	_	2	punct	_	_","1	Oh	oh	INTJ	UH	_	0	root	0:root	_
2	dear	dear	ADJ	JJ	_	1	vocative	1:vocative	SpaceAfter=No
3	.	.	PUNCT	.	_	1	punct	1:punct	_
"
oh dear .,"1	oh	_	_	_	_	0	root	_	_
2	dear	_	_	_	_	1	vocative	_	_
3	.	_	_	_	_	1	punct	_	_","1	oh	_	INTJ	UH	_	2	discourse	_	_
2	dear	_	ADJ	JJ	_	0	root	_	_
3	.	_	PUNCT	.	_	2	punct	_	_","1	Oh	oh	INTJ	UH	_	0	root	0:root	_
2	dear	dear	ADJ	JJ	_	1	vocative	1:vocative	SpaceAfter=No
3	.	.	PUNCT	.	_	1	punct	1:punct	_
"
that's a funny looking dog .,"1	that's	_	_	_	_	5	nsubj	_	_
2	a	_	_	_	_	5	det	_	_
3	funny	_	_	_	_	4	amod	_	_
4	looking	_	_	_	_	5	amod	_	_
5	dog	_	_	_	_	0	root	_	_
6	.	_	_	_	_	5	punct	_	_","1	that	_	PRON	DT	_	6	nsubj	_	_
2	's	_	AUX	VBZ	_	6	cop	_	_
3	a	_	DET	DT	_	6	det	_	_
4	funny	_	ADJ	JJ	_	6	amod	_	_
5	looking	_	NOUN	NN	_	6	amod	_	_
6	dog	_	NOUN	NN	_	0	root	_	_
7	.	_	PUNCT	.	_	6	punct	_	_",
cause he's eating his food .,"1	cause	_	_	_	_	3	mark	_	_
2	he's	_	_	_	_	3	nsubj	_	_
3	eating	_	_	_	_	0	root	_	_
4	his	_	_	_	_	5	nmod:poss	_	_
5	food	_	_	_	_	3	obj	_	_
6	.	_	_	_	_	3	punct	_	_","1	cause	_	SCONJ	IN	_	4	mark	_	_
2	he	_	PRON	PRP	_	4	nsubj	_	_
3	's	_	AUX	VBZ	_	4	aux	_	_
4	eating	_	VERB	VBG	_	0	root	_	_
5	his	_	PRON	PRP$	_	6	nmod:poss	_	_
6	food	_	NOUN	NN	_	4	obj	_	_
7	.	_	PUNCT	.	_	4	punct	_	_",
this this is for the dog .,"1	this	_	_	_	_	2	reparandum	_	_
2	this	_	_	_	_	6	nsubj	_	_
3	is	_	_	_	_	6	cop	_	_
4	for	_	_	_	_	6	case	_	_
5	the	_	_	_	_	6	det	_	_
6	dog	_	_	_	_	0	root	_	_
7	.	_	_	_	_	6	punct	_	_","1	this	_	PRON	DT	_	6	nsubj	_	_
2	this	_	PRON	DT	_	6	nsubj	_	_
3	is	_	AUX	VBZ	_	6	cop	_	_
4	for	_	ADP	IN	_	6	case	_	_
5	the	_	DET	DT	_	6	det	_	_
6	dog	_	NOUN	NN	_	0	root	_	_
7	.	_	PUNCT	.	_	6	punct	_	_",
a a clip .,"1	a	_	_	_	_	2	reparandum	_	_
2	a	_	_	_	_	3	det	_	_
3	clip	_	_	_	_	0	root	_	_
4	.	_	_	_	_	3	punct	_	_","1	a	_	DET	DT	_	3	det	_	_
2	a	_	DET	DT	_	3	det	_	_
3	clip	_	NOUN	NN	_	0	root	_	_
4	.	_	PUNCT	.	_	3	punct	_	_",
let's dip this in some water .,"1	let's	_	_	_	_	0	root	_	_
2	dip	_	_	_	_	1	xcomp	_	_
3	this	_	_	_	_	2	obj	_	_
4	in	_	_	_	_	6	case	_	_
5	some	_	_	_	_	6	det	_	_
6	water	_	_	_	_	2	obl	_	_
7	.	_	_	_	_	1	punct	_	_","1	let	_	VERB	VB	_	0	root	_	_
2	's	_	PRON	PRP	_	1	obj	_	_
3	dip	_	VERB	VB	_	1	xcomp	_	_
4	this	_	PRON	DT	_	3	obj	_	_
5	in	_	ADP	IN	_	7	case	_	_
6	some	_	DET	DT	_	7	det	_	_
7	water	_	NOUN	NN	_	3	obl	_	_
8	.	_	PUNCT	.	_	1	punct	_	_",
let's dip it in some water .,"1	let's	_	_	_	_	0	root	_	_
2	dip	_	_	_	_	1	xcomp	_	_
3	it	_	_	_	_	2	obj	_	_
4	in	_	_	_	_	6	case	_	_
5	some	_	_	_	_	6	det	_	_
6	water	_	_	_	_	2	obl	_	_
7	.	_	_	_	_	1	punct	_	_","1	let	_	VERB	VB	_	0	root	_	_
2	's	_	PRON	PRP	_	1	obj	_	_
3	dip	_	VERB	VB	_	1	xcomp	_	_
4	it	_	PRON	PRP	_	3	obj	_	_
5	in	_	ADP	IN	_	7	case	_	_
6	some	_	DET	DT	_	7	det	_	_
7	water	_	NOUN	NN	_	3	obl	_	_
8	.	_	PUNCT	.	_	1	punct	_	_",
here's some dog food .,"1	here's	_	_	_	_	0	root	_	_
2	some	_	_	_	_	4	det	_	_
3	dog	_	_	_	_	4	compound	_	_
4	food	_	_	_	_	1	nsubj	_	_
5	.	_	_	_	_	1	punct	_	_","1	here	_	ADV	RB	_	0	root	_	_
2	's	_	AUX	VBZ	_	1	cop	_	_
3	some	_	DET	DT	_	5	det	_	_
4	dog	_	NOUN	NN	_	5	compound	_	_
5	food	_	NOUN	NN	_	1	nsubj	_	_
6	.	_	PUNCT	.	_	1	punct	_	_",
oh where's your little kitty cat ?,"1	oh	_	_	_	_	2	discourse	_	_
2	where's	_	_	_	_	0	root	_	_
3	your	_	_	_	_	6	nmod:poss	_	_
4	little	_	_	_	_	6	amod	_	_
5	kitty	_	_	_	_	6	compound	_	_
6	cat	_	_	_	_	2	nsubj	_	_
7	?	_	_	_	_	2	punct	_	_","1	oh	_	INTJ	UH	_	2	discourse	_	_
2	where	_	ADV	WRB	_	0	root	_	_
3	's	_	AUX	VBZ	_	2	cop	_	_
4	your	_	PRON	PRP$	_	7	nmod:poss	_	_
5	little	_	ADJ	JJ	_	7	amod	_	_
6	kitty	_	NOUN	NN	_	7	compound	_	_
7	cat	_	NOUN	NN	_	2	nsubj	_	_
8	?	_	PUNCT	.	_	2	punct	_	_",
you put his head back on .,"1	you	_	_	_	_	2	nsubj	_	_
2	put	_	_	_	_	0	root	_	_
3	his	_	_	_	_	4	nmod:poss	_	_
4	head	_	_	_	_	2	obj	_	_
5	back	_	_	_	_	6	advmod	_	_
6	on	_	_	_	_	2	advmod	_	_
7	.	_	_	_	_	2	punct	_	_","1	you	_	PRON	PRP	_	2	nsubj	_	_
2	put	_	VERB	VBD	_	0	root	_	_
3	his	_	PRON	PRP$	_	4	nmod:poss	_	_
4	head	_	NOUN	NN	_	2	obj	_	_
5	back	_	ADV	RB	_	2	advmod	_	_
6	on	_	ADP	RP	_	2	compound:prt	_	_
7	.	_	PUNCT	.	_	2	punct	_	_",
but the dog's gone .,"1	but	_	_	_	_	4	cc	_	_
2	the	_	_	_	_	3	det	_	_
3	dog's	_	_	_	_	4	nsubj	_	_
4	gone	_	_	_	_	0	root	_	_
5	.	_	_	_	_	4	punct	_	_","1	but	_	CCONJ	CC	_	5	cc	_	_
2	the	_	DET	DT	_	3	det	_	_
3	dog	_	NOUN	NN	_	5	nsubj	_	_
4	's	_	AUX	VBZ	_	5	cop	_	_
5	gone	_	ADJ	JJ	_	0	root	_	_
6	.	_	PUNCT	.	_	5	punct	_	_",
he he he's taking a rest now .,"1	he	_	_	_	_	2	reparandum	_	_
2	he	_	_	_	_	4	reparandum	_	_
3	he's	_	_	_	_	4	nsubj	_	_
4	taking	_	_	_	_	0	root	_	_
5	a	_	_	_	_	6	det	_	_
6	rest	_	_	_	_	4	obj	_	_
7	now	_	_	_	_	4	advmod	_	_
8	.	_	_	_	_	4	punct	_	_","1	he	_	PRON	PRP	_	5	reparandum	_	_
2	he	_	PRON	PRP	_	5	reparandum	_	_
3	he	_	PRON	PRP	_	5	nsubj	_	_
4	's	_	AUX	VBZ	_	5	aux	_	_
5	taking	_	VERB	VBG	_	0	root	_	_
6	a	_	DET	DT	_	7	det	_	_
7	rest	_	NOUN	NN	_	5	obj	_	_
8	now	_	ADV	RB	_	5	advmod	_	_
9	.	_	PUNCT	.	_	5	punct	_	_",
he has a blanket on now .,"1	he	_	_	_	_	2	nsubj	_	_
2	has	_	_	_	_	0	root	_	_
3	a	_	_	_	_	4	det	_	_
4	blanket	_	_	_	_	2	obj	_	_
5	on	_	_	_	_	2	advmod	_	_
6	now	_	_	_	_	2	advmod	_	_
7	.	_	_	_	_	2	punct	_	_","1	he	_	PRON	PRP	_	2	nsubj	_	_
2	has	_	VERB	VBZ	_	0	root	_	_
3	a	_	DET	DT	_	4	det	_	_
4	blanket	_	NOUN	NN	_	2	obj	_	_
5	on	_	ADP	IN	_	6	case	_	_
6	now	_	ADV	RB	_	2	obl	_	_
7	.	_	PUNCT	.	_	2	punct	_	_",
he has a blanket on him .,"1	he	_	_	_	_	2	nsubj	_	_
2	has	_	_	_	_	0	root	_	_
3	a	_	_	_	_	4	det	_	_
4	blanket	_	_	_	_	2	obj	_	_
5	on	_	_	_	_	6	case	_	_
6	him	_	_	_	_	2	obl	_	_
7	.	_	_	_	_	2	punct	_	_","1	he	_	PRON	PRP	_	2	nsubj	_	_
2	has	_	VERB	VBZ	_	0	root	_	_
3	a	_	DET	DT	_	4	det	_	_
4	blanket	_	NOUN	NN	_	2	obj	_	_
5	on	_	ADP	IN	_	6	case	_	_
6	him	_	PRON	PRP	_	4	nmod	_	_
7	.	_	PUNCT	.	_	2	punct	_	_",
let's take all the play dough out .,"1	let's	_	_	_	_	0	root	_	_
2	take	_	_	_	_	1	xcomp	_	_
3	all	_	_	_	_	6	det:predet	_	_
4	the	_	_	_	_	6	det	_	_
5	play	_	_	_	_	6	compound	_	_
6	dough	_	_	_	_	2	obj	_	_
7	out	_	_	_	_	2	compound:prt	_	_
8	.	_	_	_	_	1	punct	_	_","1	let	_	VERB	VB	_	0	root	_	_
2	's	_	PRON	PRP	_	1	obj	_	_
3	take	_	VERB	VB	_	1	xcomp	_	_
4	all	_	DET	PDT	_	7	det:predet	_	_
5	the	_	DET	DT	_	7	det	_	_
6	play	_	NOUN	NN	_	7	compound	_	_
7	dough	_	NOUN	NN	_	3	obj	_	_
8	out	_	ADP	RP	_	3	compound:prt	_	_
9	.	_	PUNCT	.	_	1	punct	_	_",
I wanna play with it .,"1	I	_	_	_	_	2	nsubj	_	_
2	wanna	_	_	_	_	0	root	_	_
3	play	_	_	_	_	2	xcomp	_	_
4	with	_	_	_	_	5	case	_	_
5	it	_	_	_	_	3	obl	_	_
6	.	_	_	_	_	2	punct	_	_","1	I	_	PRON	PRP	_	2	nsubj	_	_
2	wan	_	VERB	VBP	_	0	root	_	_
3	na	_	PART	TO	_	4	mark	_	_
4	play	_	VERB	VB	_	2	xcomp	_	_
5	with	_	ADP	IN	_	6	case	_	_
6	it	_	PRON	PRP	_	4	obl	_	_
7	.	_	PUNCT	.	_	2	punct	_	_",
what's this ?,"1	what's	_	_	_	_	0	root	_	_
2	this	_	_	_	_	1	nsubj	_	_
3	?	_	_	_	_	1	punct	_	_","1	what	_	PRON	WP	_	3	nsubj	_	_
2	's	_	AUX	VBZ	_	3	cop	_	_
3	this	_	PRON	DT	_	0	root	_	_
4	?	_	PUNCT	.	_	3	punct	_	_",
I wanna put it in there .,"1	I	_	_	_	_	2	nsubj	_	_
2	wanna	_	_	_	_	0	root	_	_
3	put	_	_	_	_	2	xcomp	_	_
4	it	_	_	_	_	3	obj	_	_
5	in	_	_	_	_	6	case	_	_
6	there	_	_	_	_	3	obl	_	_
7	.	_	_	_	_	2	punct	_	_","1	I	_	PRON	PRP	_	2	nsubj	_	_
2	wan	_	VERB	VBP	_	0	root	_	_
3	na	_	PART	TO	_	4	mark	_	_
4	put	_	VERB	VB	_	2	xcomp	_	_
5	it	_	PRON	PRP	_	4	obj	_	_
6	in	_	ADP	IN	_	7	case	_	_
7	there	_	ADV	RB	_	4	obl	_	_
8	.	_	PUNCT	.	_	2	punct	_	_",
this is bread and jam okay ?,"1	this	_	_	_	_	3	nsubj	_	_
2	is	_	_	_	_	3	cop	_	_
3	bread	_	_	_	_	0	root	_	_
4	and	_	_	_	_	5	cc	_	_
5	jam	_	_	_	_	3	conj	_	_
6	okay	_	_	_	_	3	discourse	_	_
7	?	_	_	_	_	3	punct	_	_","1	this	_	PRON	DT	_	3	nsubj	_	_
2	is	_	AUX	VBZ	_	3	cop	_	_
3	bread	_	NOUN	NN	_	0	root	_	_
4	and	_	CCONJ	CC	_	5	cc	_	_
5	jam	_	NOUN	NN	_	3	conj	_	_
6	okay	_	ADJ	JJ	_	3	conj	_	_
7	?	_	PUNCT	.	_	3	punct	_	_",
I'm going to put it in there for you now .,"1	I'm	_	_	_	_	2	nsubj	_	_
2	going	_	_	_	_	0	root	_	_
3	to	_	_	_	_	4	mark	_	_
4	put	_	_	_	_	2	xcomp	_	_
5	it	_	_	_	_	4	obj	_	_
6	in	_	_	_	_	7	case	_	_
7	there	_	_	_	_	4	advmod	_	_
8	for	_	_	_	_	9	case	_	_
9	you	_	_	_	_	4	obl	_	_
10	now	_	_	_	_	4	advmod	_	_
11	.	_	_	_	_	2	punct	_	_","1	I	_	PRON	PRP	_	3	nsubj	_	_
2	'm	_	AUX	VBP	_	3	aux	_	_
3	going	_	VERB	VBG	_	0	root	_	_
4	to	_	PART	TO	_	5	mark	_	_
5	put	_	VERB	VB	_	3	xcomp	_	_
6	it	_	PRON	PRP	_	5	obj	_	_
7	in	_	ADP	IN	_	8	case	_	_
8	there	_	ADV	RB	_	5	obl	_	_
9	for	_	ADP	IN	_	10	case	_	_
10	you	_	PRON	PRP	_	5	obl	_	_
11	now	_	ADV	RB	_	5	advmod	_	_
12	.	_	PUNCT	.	_	3	punct	_	_",
for you to eat tomorrow .,"1	for	_	_	_	_	4	mark	_	_
2	you	_	_	_	_	0	root	_	_
3	to	_	_	_	_	4	mark	_	_
4	eat	_	_	_	_	2	acl	_	_
5	tomorrow	_	_	_	_	4	obl:unmarked	_	_
6	.	_	_	_	_	2	punct	_	_","1	for	_	SCONJ	IN	_	4	mark	_	_
2	you	_	PRON	PRP	_	4	nsubj	_	_
3	to	_	PART	TO	_	4	mark	_	_
4	eat	_	VERB	VB	_	0	root	_	_
5	tomorrow	_	NOUN	NN	_	4	obl:unmarked	_	_
6	.	_	PUNCT	.	_	4	punct	_	_",
now all the fish go in there .,"1	now	_	_	_	_	5	advmod	_	_
2	all	_	_	_	_	4	det:predet	_	_
3	the	_	_	_	_	4	det	_	_
4	fish	_	_	_	_	5	nsubj	_	_
5	go	_	_	_	_	0	root	_	_
6	in	_	_	_	_	7	case	_	_
7	there	_	_	_	_	5	obl	_	_
8	.	_	_	_	_	5	punct	_	_","1	now	_	ADV	RB	_	5	advmod	_	_
2	all	_	DET	PDT	_	4	det:predet	_	_
3	the	_	DET	DT	_	4	det	_	_
4	fish	_	NOUN	NNS	_	5	nsubj	_	_
5	go	_	VERB	VBP	_	0	root	_	_
6	in	_	ADP	IN	_	5	advmod	_	_
7	there	_	ADV	RB	_	5	obl	_	_
8	.	_	PUNCT	.	_	5	punct	_	_",
let's play with the play dough .,"1	let's	_	_	_	_	0	root	_	_
2	play	_	_	_	_	1	xcomp	_	_
3	with	_	_	_	_	6	case	_	_
4	the	_	_	_	_	6	det	_	_
5	play	_	_	_	_	6	compound	_	_
6	dough	_	_	_	_	2	obl	_	_
7	.	_	_	_	_	1	punct	_	_","1	let	_	VERB	VB	_	0	root	_	_
2	's	_	PRON	PRP	_	1	obj	_	_
3	play	_	VERB	VB	_	1	xcomp	_	_
4	with	_	ADP	IN	_	7	case	_	_
5	the	_	DET	DT	_	7	det	_	_
6	play	_	NOUN	NN	_	7	compound	_	_
7	dough	_	NOUN	NN	_	3	obl	_	_
8	.	_	PUNCT	.	_	1	punct	_	_",
I wanna go downstairs .,"1	I	_	_	_	_	2	nsubj	_	_
2	wanna	_	_	_	_	0	root	_	_
3	go	_	_	_	_	2	xcomp	_	_
4	downstairs	_	_	_	_	3	advmod	_	_
5	.	_	_	_	_	2	punct	_	_","1	I	_	PRON	PRP	_	2	nsubj	_	_
2	wan	_	VERB	VBP	_	0	root	_	_
3	na	_	PART	TO	_	4	mark	_	_
4	go	_	VERB	VB	_	2	xcomp	_	_
5	downstairs	_	ADV	RB	_	4	advmod	_	_
6	.	_	PUNCT	.	_	2	punct	_	_",
here is a little plate for you .,"1	here	_	_	_	_	2	advmod	_	_
2	is	_	_	_	_	0	root	_	_
3	a	_	_	_	_	5	det	_	_
4	little	_	_	_	_	5	amod	_	_
5	plate	_	_	_	_	2	nsubj	_	_
6	for	_	_	_	_	7	case	_	_
7	you	_	_	_	_	5	nmod	_	_
8	.	_	_	_	_	2	punct	_	_","1	here	_	ADV	RB	_	0	root	_	_
2	is	_	AUX	VBZ	_	1	cop	_	_
3	a	_	DET	DT	_	5	det	_	_
4	little	_	ADJ	JJ	_	5	amod	_	_
5	plate	_	NOUN	NN	_	1	nsubj	_	_
6	for	_	ADP	IN	_	7	case	_	_
7	you	_	PRON	PRP	_	5	nmod	_	_
8	.	_	PUNCT	.	_	1	punct	_	_",
let's take it out of that home .,"1	let's	_	_	_	_	0	root	_	_
2	take	_	_	_	_	1	xcomp	_	_
3	it	_	_	_	_	2	obj	_	_
4	out	_	_	_	_	7	case	_	_
5	of	_	_	_	_	4	fixed	_	_
6	that	_	_	_	_	7	det	_	_
7	home	_	_	_	_	2	obl	_	_
8	.	_	_	_	_	1	punct	_	_","1	let	_	VERB	VB	_	0	root	_	_
2	's	_	PRON	PRP	_	1	obj	_	_
3	take	_	VERB	VB	_	1	xcomp	_	_
4	it	_	PRON	PRP	_	3	obj	_	_
5	out	_	ADP	IN	_	8	case	_	_
6	of	_	ADP	IN	_	8	case	_	_
7	that	_	DET	DT	_	8	det	_	_
8	home	_	NOUN	NN	_	3	obl	_	_
9	.	_	PUNCT	.	_	1	punct	_	_",
then get off and go to piglet's .,"1	then	_	_	_	_	2	advmod	_	_
2	get	_	_	_	_	0	root	_	_
3	off	_	_	_	_	2	compound:prt	_	_
4	and	_	_	_	_	5	cc	_	_
5	go	_	_	_	_	2	conj	_	_
6	to	_	_	_	_	7	case	_	_
7	piglet's	_	_	_	_	5	obl	_	_
8	.	_	_	_	_	2	punct	_	_","1	then	_	ADV	RB	_	2	advmod	_	_
2	get	_	VERB	VB	_	0	root	_	_
3	off	_	ADP	RP	_	2	compound:prt	_	_
4	and	_	CCONJ	CC	_	5	cc	_	_
5	go	_	VERB	VB	_	2	conj	_	_
6	to	_	ADP	IN	_	7	case	_	_
7	piglet	_	NOUN	NN	_	5	obl	_	_
8	's	_	PART	POS	_	7	case	_	_
9	.	_	PUNCT	.	_	2	punct	_	_",
when we finish playing with these ?,"1	when	_	_	_	_	3	mark	_	_
2	we	_	_	_	_	3	nsubj	_	_
3	finish	_	_	_	_	0	root	_	_
4	playing	_	_	_	_	3	xcomp	_	_
5	with	_	_	_	_	6	case	_	_
6	these	_	_	_	_	4	obl	_	_
7	?	_	_	_	_	3	punct	_	_","1	when	_	ADV	WRB	_	3	advmod	_	_
2	we	_	PRON	PRP	_	3	nsubj	_	_
3	finish	_	VERB	VBP	_	0	root	_	_
4	playing	_	VERB	VBG	_	3	xcomp	_	_
5	with	_	ADP	IN	_	6	case	_	_
6	these	_	PRON	DT	_	4	obl	_	_
7	?	_	PUNCT	.	_	3	punct	_	_",
I think he's on you .,"1	I	_	_	_	_	2	nsubj	_	_
2	think	_	_	_	_	0	root	_	_
3	he's	_	_	_	_	5	cop	_	_
4	on	_	_	_	_	5	case	_	_
5	you	_	_	_	_	2	ccomp	_	_
6	.	_	_	_	_	2	punct	_	_","1	I	_	PRON	PRP	_	2	nsubj	_	_
2	think	_	VERB	VBP	_	0	root	_	_
3	he	_	PRON	PRP	_	6	nsubj	_	_
4	's	_	AUX	VBZ	_	6	cop	_	_
5	on	_	ADP	IN	_	6	case	_	_
6	you	_	PRON	PRP	_	2	ccomp	_	_
7	.	_	PUNCT	.	_	2	punct	_	_",
where is he this time ?,"1	where	_	_	_	_	0	root	_	_
2	is	_	_	_	_	1	cop	_	_
3	he	_	_	_	_	1	nsubj	_	_
4	this	_	_	_	_	5	det	_	_
5	time	_	_	_	_	2	nmod:unmarked	_	_
6	?	_	_	_	_	1	punct	_	_","1	where	_	ADV	WRB	_	5	advmod	_	_
2	is	_	AUX	VBZ	_	5	cop	_	_
3	he	_	PRON	PRP	_	5	nsubj	_	_
4	this	_	DET	DT	_	5	det	_	_
5	time	_	NOUN	NN	_	0	root	_	_
6	?	_	PUNCT	.	_	5	punct	_	_",
I think he's under that bed .,"1	I	_	_	_	_	2	nsubj	_	_
2	think	_	_	_	_	0	root	_	_
3	he's	_	_	_	_	6	nsubj	_	_
4	under	_	_	_	_	6	case	_	_
5	that	_	_	_	_	6	det	_	_
6	bed	_	_	_	_	2	ccomp	_	_
7	.	_	_	_	_	2	punct	_	_","1	I	_	PRON	PRP	_	2	nsubj	_	_
2	think	_	VERB	VBP	_	0	root	_	_
3	he	_	PRON	PRP	_	7	nsubj	_	_
4	's	_	AUX	VBZ	_	7	cop	_	_
5	under	_	ADP	IN	_	7	case	_	_
6	that	_	DET	DT	_	7	det	_	_
7	bed	_	NOUN	NN	_	2	ccomp	_	_
8	.	_	PUNCT	.	_	2	punct	_	_",
under there .,"1	under	_	_	_	_	2	advmod	_	_
2	there	_	_	_	_	0	root	_	_
3	.	_	_	_	_	2	punct	_	_","1	under	_	ADP	IN	_	2	case	_	_
2	there	_	ADV	RB	_	0	root	_	_
3	.	_	PUNCT	.	_	2	punct	_	_","1	Under	under	ADP	IN	_	2	case	2:case	_
2	there	there	ADV	RB	_	0	root	0:root	SpaceAfter=No
3	?	?	PUNCT	?	_	2	punct	2:punct	_
"
here he is .,"1	here	_	_	_	_	0	root	_	_
2	he	_	_	_	_	1	nsubj	_	_
3	is	_	_	_	_	1	cop	_	_
4	.	_	_	_	_	1	punct	_	_","1	here	_	ADV	RB	_	0	root	_	_
2	he	_	PRON	PRP	_	3	nsubj	_	_
3	is	_	AUX	VBZ	_	1	cop	_	_
4	.	_	PUNCT	.	_	1	punct	_	_","1	Here	here	ADV	RB	_	0	root	0:root	_
2	he	he	PRON	PRP	_	1	nsubj	1:nsubj	_
3	is	be	AUX	VBZ	_	1	cop	1:cop	SpaceAfter=No
4	.	.	PUNCT	.	_	1	punct	1:punct	_
"
don't step on their food .,"1	don't	_	_	_	_	2	aux	_	_
2	step	_	_	_	_	0	root	_	_
3	on	_	_	_	_	5	case	_	_
4	their	_	_	_	_	5	nmod:poss	_	_
5	food	_	_	_	_	2	obl	_	_
6	.	_	_	_	_	2	punct	_	_","1	do	_	AUX	VB	_	3	aux	_	_
2	n't	_	PART	RB	_	3	advmod	_	_
3	step	_	VERB	VB	_	0	root	_	_
4	on	_	ADP	IN	_	6	case	_	_
5	their	_	PRON	PRP$	_	6	nmod:poss	_	_
6	food	_	NOUN	NN	_	3	obl	_	_
7	.	_	PUNCT	.	_	3	punct	_	_",
I wanna go to school again .,"1	I	_	_	_	_	2	nsubj	_	_
2	wanna	_	_	_	_	0	root	_	_
3	go	_	_	_	_	2	xcomp	_	_
4	to	_	_	_	_	5	case	_	_
5	school	_	_	_	_	3	obl	_	_
6	again	_	_	_	_	3	advmod	_	_
7	.	_	_	_	_	2	punct	_	_","1	I	_	PRON	PRP	_	2	nsubj	_	_
2	wan	_	VERB	VBP	_	0	root	_	_
3	na	_	PART	TO	_	4	mark	_	_
4	go	_	VERB	VB	_	2	xcomp	_	_
5	to	_	ADP	IN	_	6	case	_	_
6	school	_	NOUN	NN	_	4	obl	_	_
7	again	_	ADV	RB	_	4	advmod	_	_
8	.	_	PUNCT	.	_	2	punct	_	_",
oh nope .,"1	oh	_	_	_	_	0	root	_	_
2	nope	_	_	_	_	1	discourse	_	_
3	.	_	_	_	_	1	punct	_	_","1	oh	_	INTJ	UH	_	2	discourse	_	_
2	nope	_	INTJ	UH	_	0	root	_	_
3	.	_	PUNCT	.	_	2	punct	_	_",
he doesn't eat with his hand .,"1	he	_	_	_	_	3	nsubj	_	_
2	doesn't	_	_	_	_	3	aux	_	_
3	eat	_	_	_	_	0	root	_	_
4	with	_	_	_	_	6	case	_	_
5	his	_	_	_	_	6	nmod:poss	_	_
6	hand	_	_	_	_	3	obl	_	_
7	.	_	_	_	_	3	punct	_	_","1	he	_	PRON	PRP	_	4	nsubj	_	_
2	does	_	AUX	VBZ	_	4	aux	_	_
3	n't	_	PART	RB	_	4	advmod	_	_
4	eat	_	VERB	VB	_	0	root	_	_
5	with	_	ADP	IN	_	7	case	_	_
6	his	_	PRON	PRP$	_	7	nmod:poss	_	_
7	hand	_	NOUN	NN	_	4	obl	_	_
8	.	_	PUNCT	.	_	4	punct	_	_",
it's the wood .,"1	it's	_	_	_	_	3	nsubj	_	_
2	the	_	_	_	_	3	det	_	_
3	wood	_	_	_	_	0	root	_	_
4	.	_	_	_	_	3	punct	_	_","1	it	_	PRON	PRP	_	4	nsubj	_	_
2	's	_	AUX	VBZ	_	4	cop	_	_
3	the	_	DET	DT	_	4	det	_	_
4	wood	_	NOUN	NN	_	0	root	_	_
5	.	_	PUNCT	.	_	4	punct	_	_",
no it won't .,"1	no	_	_	_	_	3	discourse	_	_
2	it	_	_	_	_	3	nsubj	_	_
3	won't	_	_	_	_	0	root	_	_
4	.	_	_	_	_	3	punct	_	_","1	no	_	INTJ	UH	_	3	discourse	_	_
2	it	_	PRON	PRP	_	3	nsubj	_	_
3	wo	_	AUX	MD	_	0	root	_	_
4	n't	_	PART	RB	_	3	advmod	_	_
5	.	_	PUNCT	.	_	3	punct	_	_",
I climb all over you Mommy .,"1	I	_	_	_	_	2	nsubj	_	_
2	climb	_	_	_	_	0	root	_	_
3	all	_	_	_	_	5	advmod	_	_
4	over	_	_	_	_	5	case	_	_
5	you	_	_	_	_	2	obl	_	_
6	Mommy	_	_	_	_	2	vocative	_	_
7	.	_	_	_	_	2	punct	_	_","1	I	_	PRON	PRP	_	2	nsubj	_	_
2	climb	_	VERB	VBP	_	0	root	_	_
3	all	_	ADV	RB	_	6	advmod	_	_
4	over	_	ADP	IN	_	6	case	_	_
5	you	_	PRON	PRP$	_	6	nmod:poss	_	_
6	Mommy	_	PROPN	NNP	_	2	obl	_	_
7	.	_	PUNCT	.	_	2	punct	_	_",
I don't see it .,"1	I	_	_	_	_	3	nsubj	_	_
2	don't	_	_	_	_	3	aux	_	_
3	see	_	_	_	_	0	root	_	_
4	it	_	_	_	_	3	obj	_	_
5	.	_	_	_	_	3	punct	_	_","1	I	_	PRON	PRP	_	4	nsubj	_	_
2	do	_	AUX	VBP	_	4	aux	_	_
3	n't	_	PART	RB	_	4	advmod	_	_
4	see	_	VERB	VB	_	0	root	_	_
5	it	_	PRON	PRP	_	4	obj	_	_
6	.	_	PUNCT	.	_	4	punct	_	_",
no I don't wanna read it to you .,"1	no	_	_	_	_	4	discourse	_	_
2	I	_	_	_	_	4	nsubj	_	_
3	don't	_	_	_	_	4	aux	_	_
4	wanna	_	_	_	_	0	root	_	_
5	read	_	_	_	_	4	xcomp	_	_
6	it	_	_	_	_	5	obj	_	_
7	to	_	_	_	_	8	case	_	_
8	you	_	_	_	_	5	obl	_	_
9	.	_	_	_	_	4	punct	_	_","1	no	_	INTJ	UH	_	5	discourse	_	_
2	I	_	PRON	PRP	_	5	nsubj	_	_
3	do	_	AUX	VBP	_	5	aux	_	_
4	n't	_	PART	RB	_	5	advmod	_	_
5	wan	_	VERB	VB	_	0	root	_	_
6	na	_	PART	TO	_	7	mark	_	_
7	read	_	VERB	VB	_	5	xcomp	_	_
8	it	_	PRON	PRP	_	7	obj	_	_
9	to	_	ADP	IN	_	10	case	_	_
10	you	_	PRON	PRP	_	7	obl	_	_
11	.	_	PUNCT	.	_	5	punct	_	_",
I don't wanna read it to you .,"1	I	_	_	_	_	3	nsubj	_	_
2	don't	_	_	_	_	3	aux	_	_
3	wanna	_	_	_	_	0	root	_	_
4	read	_	_	_	_	3	xcomp	_	_
5	it	_	_	_	_	4	obj	_	_
6	to	_	_	_	_	7	case	_	_
7	you	_	_	_	_	4	obl	_	_
8	.	_	_	_	_	3	punct	_	_","1	I	_	PRON	PRP	_	4	nsubj	_	_
2	do	_	AUX	VBP	_	4	aux	_	_
3	n't	_	PART	RB	_	4	advmod	_	_
4	wan	_	VERB	VB	_	0	root	_	_
5	na	_	PART	TO	_	6	mark	_	_
6	read	_	VERB	VB	_	4	xcomp	_	_
7	it	_	PRON	PRP	_	6	obj	_	_
8	to	_	ADP	IN	_	9	case	_	_
9	you	_	PRON	PRP	_	6	obl	_	_
10	.	_	PUNCT	.	_	4	punct	_	_",
Gumpy Gumpy Gumpy .,"1	Gumpy	_	_	_	_	0	root	_	_
2	Gumpy	_	_	_	_	1	conj	_	_
3	Gumpy	_	_	_	_	1	conj	_	_
4	.	_	_	_	_	1	punct	_	_","1	Gumpy	_	PROPN	NNP	_	0	root	_	_
2	Gumpy	_	PROPN	NNP	_	3	compound	_	_
3	Gumpy	_	PROPN	NNP	_	1	flat	_	_
4	.	_	PUNCT	.	_	1	punct	_	_",
Gumpy Gumpy Gumpy .,"1	Gumpy	_	_	_	_	0	root	_	_
2	Gumpy	_	_	_	_	1	conj	_	_
3	Gumpy	_	_	_	_	1	conj	_	_
4	.	_	_	_	_	1	punct	_	_","1	Gumpy	_	PROPN	NNP	_	0	root	_	_
2	Gumpy	_	PROPN	NNP	_	3	compound	_	_
3	Gumpy	_	PROPN	NNP	_	1	flat	_	_
4	.	_	PUNCT	.	_	1	punct	_	_",
let him sit down here till till your food gets cold .,"1	let	_	_	_	_	0	root	_	_
2	him	_	_	_	_	1	obj	_	_
3	sit	_	_	_	_	1	xcomp	_	_
4	down	_	_	_	_	5	advmod	_	_
5	here	_	_	_	_	3	advmod	_	_
6	till	_	_	_	_	7	reparandum	_	_
7	till	_	_	_	_	10	mark	_	_
8	your	_	_	_	_	9	nmod:poss	_	_
9	food	_	_	_	_	10	nsubj	_	_
10	gets	_	_	_	_	3	advcl	_	_
11	cold	_	_	_	_	10	xcomp	_	_
12	.	_	_	_	_	1	punct	_	_","1	let	_	VERB	VB	_	0	root	_	_
2	him	_	PRON	PRP	_	1	obj	_	_
3	sit	_	VERB	VB	_	1	xcomp	_	_
4	down	_	ADP	RP	_	3	compound:prt	_	_
5	here	_	ADV	RB	_	3	advmod	_	_
6	till	_	SCONJ	IN	_	10	mark	_	_
7	till	_	SCONJ	IN	_	10	mark	_	_
8	your	_	PRON	PRP$	_	9	nmod:poss	_	_
9	food	_	NOUN	NN	_	10	nsubj	_	_
10	gets	_	VERB	VBZ	_	3	advcl	_	_
11	cold	_	ADJ	JJ	_	10	xcomp	_	_
12	.	_	PUNCT	.	_	1	punct	_	_",
he's looking at his legs .,"1	he's	_	_	_	_	2	nsubj	_	_
2	looking	_	_	_	_	0	root	_	_
3	at	_	_	_	_	5	case	_	_
4	his	_	_	_	_	5	nmod:poss	_	_
5	legs	_	_	_	_	2	obl	_	_
6	.	_	_	_	_	2	punct	_	_","1	he	_	PRON	PRP	_	3	nsubj	_	_
2	's	_	AUX	VBZ	_	3	aux	_	_
3	looking	_	VERB	VBG	_	0	root	_	_
4	at	_	ADP	IN	_	6	case	_	_
5	his	_	PRON	PRP$	_	6	nmod:poss	_	_
6	legs	_	NOUN	NNS	_	3	obl	_	_
7	.	_	PUNCT	.	_	3	punct	_	_",
he's looking at his legs .,"1	he's	_	_	_	_	2	nsubj	_	_
2	looking	_	_	_	_	0	root	_	_
3	at	_	_	_	_	5	case	_	_
4	his	_	_	_	_	5	nmod:poss	_	_
5	legs	_	_	_	_	2	obl	_	_
6	.	_	_	_	_	2	punct	_	_","1	he	_	PRON	PRP	_	3	nsubj	_	_
2	's	_	AUX	VBZ	_	3	aux	_	_
3	looking	_	VERB	VBG	_	0	root	_	_
4	at	_	ADP	IN	_	6	case	_	_
5	his	_	PRON	PRP$	_	6	nmod:poss	_	_
6	legs	_	NOUN	NNS	_	3	obl	_	_
7	.	_	PUNCT	.	_	3	punct	_	_",
I wanna take the play dough to piglet .,"1	I	_	_	_	_	2	nsubj	_	_
2	wanna	_	_	_	_	0	root	_	_
3	take	_	_	_	_	2	xcomp	_	_
4	the	_	_	_	_	6	det	_	_
5	play	_	_	_	_	6	compound	_	_
6	dough	_	_	_	_	3	obj	_	_
7	to	_	_	_	_	8	case	_	_
8	piglet	_	_	_	_	3	obl	_	_
9	.	_	_	_	_	2	punct	_	_","1	I	_	PRON	PRP	_	2	nsubj	_	_
2	wan	_	VERB	VBP	_	0	root	_	_
3	na	_	PART	TO	_	4	mark	_	_
4	take	_	VERB	VB	_	2	xcomp	_	_
5	the	_	DET	DT	_	7	det	_	_
6	play	_	NOUN	NN	_	7	compound	_	_
7	dough	_	NOUN	NN	_	4	obj	_	_
8	to	_	ADP	IN	_	9	case	_	_
9	piglet	_	NOUN	NN	_	4	obl	_	_
10	.	_	PUNCT	.	_	2	punct	_	_",
Gumpy's dress .,"1	Gumpy's	_	_	_	_	2	nmod:poss	_	_
2	dress	_	_	_	_	0	root	_	_
3	.	_	_	_	_	2	punct	_	_","1	Gumpy	_	PROPN	NNP	_	3	nmod:poss	_	_
2	's	_	PART	POS	_	1	case	_	_
3	dress	_	NOUN	NN	_	0	root	_	_
4	.	_	PUNCT	.	_	3	punct	_	_",
no that's Gumpy's dress .,"1	no	_	_	_	_	4	discourse	_	_
2	that's	_	_	_	_	4	cop	_	_
3	Gumpy's	_	_	_	_	4	nmod:poss	_	_
4	dress	_	_	_	_	0	root	_	_
5	.	_	_	_	_	4	punct	_	_","1	no	_	INTJ	UH	_	6	discourse	_	_
2	that	_	PRON	DT	_	6	nsubj	_	_
3	's	_	AUX	VBZ	_	6	cop	_	_
4	Gumpy	_	PROPN	NNP	_	6	nmod:poss	_	_
5	's	_	PART	POS	_	4	case	_	_
6	dress	_	NOUN	NN	_	0	root	_	_
7	.	_	PUNCT	.	_	6	punct	_	_",
that's Gumpy's dress .,"1	that's	_	_	_	_	3	cop	_	_
2	Gumpy's	_	_	_	_	3	nmod:poss	_	_
3	dress	_	_	_	_	0	root	_	_
4	.	_	_	_	_	3	punct	_	_","1	that	_	PRON	DT	_	5	nsubj	_	_
2	's	_	AUX	VBZ	_	5	cop	_	_
3	Gumpy	_	PROPN	NNP	_	5	nmod:poss	_	_
4	's	_	PART	POS	_	3	case	_	_
5	dress	_	NOUN	NN	_	0	root	_	_
6	.	_	PUNCT	.	_	5	punct	_	_",
I'm cold .,"1	I'm	_	_	_	_	2	cop	_	_
2	cold	_	_	_	_	0	root	_	_
3	.	_	_	_	_	2	punct	_	_","1	I	_	PRON	PRP	_	3	nsubj	_	_
2	'm	_	AUX	VBP	_	3	cop	_	_
3	cold	_	ADJ	JJ	_	0	root	_	_
4	.	_	PUNCT	.	_	3	punct	_	_",
I'm cold .,"1	I'm	_	_	_	_	2	cop	_	_
2	cold	_	_	_	_	0	root	_	_
3	.	_	_	_	_	2	punct	_	_","1	I	_	PRON	PRP	_	3	nsubj	_	_
2	'm	_	AUX	VBP	_	3	cop	_	_
3	cold	_	ADJ	JJ	_	0	root	_	_
4	.	_	PUNCT	.	_	3	punct	_	_",
I'm not cold .,"1	I'm	_	_	_	_	3	nsubj	_	_
2	not	_	_	_	_	3	advmod	_	_
3	cold	_	_	_	_	0	root	_	_
4	.	_	_	_	_	3	punct	_	_","1	I	_	PRON	PRP	_	4	nsubj	_	_
2	'm	_	AUX	VBP	_	4	cop	_	_
3	not	_	PART	RB	_	4	advmod	_	_
4	cold	_	ADJ	JJ	_	0	root	_	_
5	.	_	PUNCT	.	_	4	punct	_	_",
nope Mommy .,"1	nope	_	_	_	_	0	root	_	_
2	Mommy	_	_	_	_	1	vocative	_	_
3	.	_	_	_	_	1	punct	_	_","1	nope	_	INTJ	UH	_	2	discourse	_	_
2	Mommy	_	PROPN	NNP	_	0	root	_	_
3	.	_	PUNCT	.	_	2	punct	_	_",
how about under you knee ?,"1	how	_	_	_	_	0	root	_	_
2	about	_	_	_	_	5	case	_	_
3	under	_	_	_	_	5	case	_	_
4	you	_	_	_	_	5	nmod:poss	_	_
5	knee	_	_	_	_	1	obl	_	_
6	?	_	_	_	_	1	punct	_	_","1	how	_	ADV	WRB	_	2	advmod	_	_
2	about	_	ADV	RB	_	0	root	_	_
3	under	_	ADP	IN	_	5	case	_	_
4	you	_	PRON	PRP$	_	5	nmod:poss	_	_
5	knee	_	NOUN	NN	_	2	obl	_	_
6	?	_	PUNCT	.	_	2	punct	_	_",
how about under your knee ?,"1	how	_	_	_	_	0	root	_	_
2	about	_	_	_	_	5	case	_	_
3	under	_	_	_	_	5	case	_	_
4	your	_	_	_	_	5	nmod:poss	_	_
5	knee	_	_	_	_	1	obl	_	_
6	?	_	_	_	_	1	punct	_	_","1	how	_	ADV	WRB	_	2	advmod	_	_
2	about	_	ADV	RB	_	0	root	_	_
3	under	_	ADP	IN	_	5	case	_	_
4	your	_	PRON	PRP$	_	5	nmod:poss	_	_
5	knee	_	NOUN	NN	_	2	obl	_	_
6	?	_	PUNCT	.	_	2	punct	_	_",
where's the other one ?,"1	where's	_	_	_	_	0	root	_	_
2	the	_	_	_	_	4	det	_	_
3	other	_	_	_	_	4	amod	_	_
4	one	_	_	_	_	1	nsubj	_	_
5	?	_	_	_	_	1	punct	_	_","1	where	_	ADV	WRB	_	0	root	_	_
2	's	_	AUX	VBZ	_	1	cop	_	_
3	the	_	DET	DT	_	5	det	_	_
4	other	_	ADJ	JJ	_	5	amod	_	_
5	one	_	NOUN	NN	_	1	nsubj	_	_
6	?	_	PUNCT	.	_	1	punct	_	_",
it's better to have a pink one .,"1	it's	_	_	_	_	2	cop	_	_
2	better	_	_	_	_	0	root	_	_
3	to	_	_	_	_	4	mark	_	_
4	have	_	_	_	_	2	csubj	_	_
5	a	_	_	_	_	7	det	_	_
6	pink	_	_	_	_	7	amod	_	_
7	one	_	_	_	_	4	obj	_	_
8	.	_	_	_	_	2	punct	_	_","1	it	_	PRON	PRP	_	3	expl	_	_
2	's	_	AUX	VBZ	_	3	cop	_	_
3	better	_	ADJ	JJR	_	0	root	_	_
4	to	_	PART	TO	_	5	mark	_	_
5	have	_	VERB	VB	_	3	csubj	_	_
6	a	_	DET	DT	_	8	det	_	_
7	pink	_	ADJ	JJ	_	8	amod	_	_
8	one	_	NOUN	NN	_	5	obj	_	_
9	.	_	PUNCT	.	_	3	punct	_	_",
I'll bring a pink balloon okay ?,"1	I'll	_	_	_	_	2	nsubj	_	_
2	bring	_	_	_	_	0	root	_	_
3	a	_	_	_	_	5	det	_	_
4	pink	_	_	_	_	5	amod	_	_
5	balloon	_	_	_	_	2	obj	_	_
6	okay	_	_	_	_	2	discourse	_	_
7	?	_	_	_	_	2	punct	_	_","1	I	_	PRON	PRP	_	3	nsubj	_	_
2	'll	_	AUX	MD	_	3	aux	_	_
3	bring	_	VERB	VB	_	0	root	_	_
4	a	_	DET	DT	_	6	det	_	_
5	pink	_	ADJ	JJ	_	6	amod	_	_
6	balloon	_	NOUN	NN	_	3	obj	_	_
7	okay	_	ADJ	JJ	_	3	xcomp	_	_
8	?	_	PUNCT	.	_	3	punct	_	_",
I wanna play with the tea set .,"1	I	_	_	_	_	2	nsubj	_	_
2	wanna	_	_	_	_	0	root	_	_
3	play	_	_	_	_	2	xcomp	_	_
4	with	_	_	_	_	7	case	_	_
5	the	_	_	_	_	7	det	_	_
6	tea	_	_	_	_	7	compound	_	_
7	set	_	_	_	_	3	obl	_	_
8	.	_	_	_	_	2	punct	_	_","1	I	_	PRON	PRP	_	2	nsubj	_	_
2	wan	_	VERB	VBP	_	0	root	_	_
3	na	_	PART	TO	_	4	mark	_	_
4	play	_	VERB	VB	_	2	xcomp	_	_
5	with	_	ADP	IN	_	8	case	_	_
6	the	_	DET	DT	_	8	det	_	_
7	tea	_	NOUN	NN	_	8	compound	_	_
8	set	_	NOUN	NN	_	4	obl	_	_
9	.	_	PUNCT	.	_	2	punct	_	_",
here's your cup .,"1	here's	_	_	_	_	0	root	_	_
2	your	_	_	_	_	3	nmod:poss	_	_
3	cup	_	_	_	_	1	nsubj	_	_
4	.	_	_	_	_	1	punct	_	_","1	here	_	ADV	RB	_	0	root	_	_
2	's	_	AUX	VBZ	_	1	cop	_	_
3	your	_	PRON	PRP$	_	4	nmod:poss	_	_
4	cup	_	NOUN	NN	_	1	nsubj	_	_
5	.	_	PUNCT	.	_	1	punct	_	_",
and here's my cup .,"1	and	_	_	_	_	2	cc	_	_
2	here's	_	_	_	_	0	root	_	_
3	my	_	_	_	_	4	nmod:poss	_	_
4	cup	_	_	_	_	2	nsubj	_	_
5	.	_	_	_	_	2	punct	_	_","1	and	_	CCONJ	CC	_	2	cc	_	_
2	here	_	ADV	RB	_	0	root	_	_
3	's	_	AUX	VBZ	_	2	cop	_	_
4	my	_	PRON	PRP$	_	5	nmod:poss	_	_
5	cup	_	NOUN	NN	_	2	nsubj	_	_
6	.	_	PUNCT	.	_	2	punct	_	_",
and I have the the plate .,"1	and	_	_	_	_	3	cc	_	_
2	I	_	_	_	_	3	nsubj	_	_
3	have	_	_	_	_	0	root	_	_
4	the	_	_	_	_	5	reparandum	_	_
5	the	_	_	_	_	6	det	_	_
6	plate	_	_	_	_	3	obj	_	_
7	.	_	_	_	_	3	punct	_	_","1	and	_	CCONJ	CC	_	3	cc	_	_
2	I	_	PRON	PRP	_	3	nsubj	_	_
3	have	_	VERB	VBP	_	0	root	_	_
4	the	_	DET	DT	_	6	det	_	_
5	the	_	DET	DT	_	6	det	_	_
6	plate	_	NOUN	NN	_	3	obj	_	_
7	.	_	PUNCT	.	_	3	punct	_	_",
here's your plate .,"1	here's	_	_	_	_	0	root	_	_
2	your	_	_	_	_	3	nmod:poss	_	_
3	plate	_	_	_	_	1	nsubj	_	_
4	.	_	_	_	_	1	punct	_	_","1	here	_	ADV	RB	_	0	root	_	_
2	's	_	AUX	VBZ	_	1	cop	_	_
3	your	_	PRON	PRP$	_	4	nmod:poss	_	_
4	plate	_	NOUN	NN	_	1	nsubj	_	_
5	.	_	PUNCT	.	_	1	punct	_	_",
that's spaghetti .,"1	that's	_	_	_	_	2	cop	_	_
2	spaghetti	_	_	_	_	0	root	_	_
3	.	_	_	_	_	2	punct	_	_","1	that	_	PRON	DT	_	3	nsubj	_	_
2	's	_	AUX	VBZ	_	3	cop	_	_
3	spaghetti	_	NOUN	NN	_	0	root	_	_
4	.	_	PUNCT	.	_	3	punct	_	_",
and here's your spoon .,"1	and	_	_	_	_	2	cc	_	_
2	here's	_	_	_	_	0	root	_	_
3	your	_	_	_	_	4	nmod:poss	_	_
4	spoon	_	_	_	_	2	nsubj	_	_
5	.	_	_	_	_	2	punct	_	_","1	and	_	CCONJ	CC	_	2	cc	_	_
2	here	_	ADV	RB	_	0	root	_	_
3	's	_	AUX	VBZ	_	2	cop	_	_
4	your	_	PRON	PRP$	_	5	nmod:poss	_	_
5	spoon	_	NOUN	NN	_	2	nsubj	_	_
6	.	_	PUNCT	.	_	2	punct	_	_",
and that's your spaghetti .,"1	and	_	_	_	_	4	cc	_	_
2	that's	_	_	_	_	4	cop	_	_
3	your	_	_	_	_	4	nmod:poss	_	_
4	spaghetti	_	_	_	_	0	root	_	_
5	.	_	_	_	_	4	punct	_	_","1	and	_	CCONJ	CC	_	5	cc	_	_
2	that	_	PRON	DT	_	5	nsubj	_	_
3	's	_	AUX	VBZ	_	5	cop	_	_
4	your	_	PRON	PRP$	_	5	nmod:poss	_	_
5	spaghetti	_	NOUN	NN	_	0	root	_	_
6	.	_	PUNCT	.	_	5	punct	_	_",
and here's your knife .,"1	and	_	_	_	_	2	cc	_	_
2	here's	_	_	_	_	0	root	_	_
3	your	_	_	_	_	4	nmod:poss	_	_
4	knife	_	_	_	_	2	nsubj	_	_
5	.	_	_	_	_	2	punct	_	_","1	and	_	CCONJ	CC	_	2	cc	_	_
2	here	_	ADV	RB	_	0	root	_	_
3	's	_	AUX	VBZ	_	2	cop	_	_
4	your	_	PRON	PRP$	_	5	nmod:poss	_	_
5	knife	_	NOUN	NN	_	2	nsubj	_	_
6	.	_	PUNCT	.	_	2	punct	_	_",
here's you knife .,"1	here's	_	_	_	_	0	root	_	_
2	you	_	_	_	_	3	nmod:poss	_	_
3	knife	_	_	_	_	1	nsubj	_	_
4	.	_	_	_	_	1	punct	_	_","1	here	_	ADV	RB	_	0	root	_	_
2	's	_	AUX	VBZ	_	1	cop	_	_
3	you	_	PRON	PRP$	_	4	nmod:poss	_	_
4	knife	_	NOUN	NN	_	1	nsubj	_	_
5	.	_	PUNCT	.	_	1	punct	_	_",
that's your spaghetti .,"1	that's	_	_	_	_	3	cop	_	_
2	your	_	_	_	_	3	nmod:poss	_	_
3	spaghetti	_	_	_	_	0	root	_	_
4	.	_	_	_	_	3	punct	_	_","1	that	_	PRON	DT	_	4	nsubj	_	_
2	's	_	AUX	VBZ	_	4	cop	_	_
3	your	_	PRON	PRP$	_	4	nmod:poss	_	_
4	spaghetti	_	NOUN	NN	_	0	root	_	_
5	.	_	PUNCT	.	_	4	punct	_	_",
this is the sugar that goes in there .,"1	this	_	_	_	_	4	nsubj	_	_
2	is	_	_	_	_	4	cop	_	_
3	the	_	_	_	_	4	det	_	_
4	sugar	_	_	_	_	0	root	_	_
5	that	_	_	_	_	6	nsubj	_	_
6	goes	_	_	_	_	4	acl:relcl	_	_
7	in	_	_	_	_	8	advmod	_	_
8	there	_	_	_	_	6	advmod	_	_
9	.	_	_	_	_	4	punct	_	_","1	this	_	PRON	DT	_	4	nsubj	_	_
2	is	_	AUX	VBZ	_	4	cop	_	_
3	the	_	DET	DT	_	4	det	_	_
4	sugar	_	NOUN	NN	_	0	root	_	_
5	that	_	PRON	WDT	_	6	nsubj	_	_
6	goes	_	VERB	VBZ	_	4	acl:relcl	_	_
7	in	_	ADP	IN	_	8	case	_	_
8	there	_	ADV	RB	_	6	advmod	_	_
9	.	_	PUNCT	.	_	4	punct	_	_",
I'm putting the sugar in there .,"1	I'm	_	_	_	_	2	nsubj	_	_
2	putting	_	_	_	_	0	root	_	_
3	the	_	_	_	_	4	det	_	_
4	sugar	_	_	_	_	2	obj	_	_
5	in	_	_	_	_	6	case	_	_
6	there	_	_	_	_	2	obl	_	_
7	.	_	_	_	_	2	punct	_	_","1	I	_	PRON	PRP	_	3	nsubj	_	_
2	'm	_	AUX	VBP	_	3	aux	_	_
3	putting	_	VERB	VBG	_	0	root	_	_
4	the	_	DET	DT	_	5	det	_	_
5	sugar	_	NOUN	NN	_	3	obj	_	_
6	in	_	ADP	IN	_	7	case	_	_
7	there	_	ADV	RB	_	3	obl	_	_
8	.	_	PUNCT	.	_	3	punct	_	_",
the cheese is up there .,"1	the	_	_	_	_	2	det	_	_
2	cheese	_	_	_	_	3	nsubj	_	_
3	is	_	_	_	_	5	cop	_	_
4	up	_	_	_	_	5	advmod	_	_
5	there	_	_	_	_	0	root	_	_
6	.	_	_	_	_	3	punct	_	_","1	the	_	DET	DT	_	2	det	_	_
2	cheese	_	NOUN	NN	_	4	nsubj	_	_
3	is	_	AUX	VBZ	_	4	cop	_	_
4	up	_	ADV	RB	_	0	root	_	_
5	there	_	ADV	RB	_	4	advmod	_	_
6	.	_	PUNCT	.	_	4	punct	_	_",
here's your cheese .,"1	here's	_	_	_	_	0	root	_	_
2	your	_	_	_	_	3	nmod:poss	_	_
3	cheese	_	_	_	_	1	nsubj	_	_
4	.	_	_	_	_	1	punct	_	_","1	here	_	ADV	RB	_	0	root	_	_
2	's	_	AUX	VBZ	_	1	cop	_	_
3	your	_	PRON	PRP$	_	4	nmod:poss	_	_
4	cheese	_	NOUN	NN	_	1	nsubj	_	_
5	.	_	PUNCT	.	_	1	punct	_	_",
no that's all .,"1	no	_	_	_	_	3	discourse	_	_
2	that's	_	_	_	_	3	nsubj	_	_
3	all	_	_	_	_	0	root	_	_
4	.	_	_	_	_	3	punct	_	_","1	no	_	INTJ	UH	_	4	discourse	_	_
2	that	_	PRON	DT	_	4	nsubj	_	_
3	's	_	AUX	VBZ	_	4	cop	_	_
4	all	_	DET	DT	_	0	root	_	_
5	.	_	PUNCT	.	_	4	punct	_	_",
okay Mommy ?,"1	okay	_	_	_	_	0	root	_	_
2	Mommy	_	_	_	_	1	vocative	_	_
3	?	_	_	_	_	1	punct	_	_","1	okay	_	INTJ	UH	_	2	discourse	_	_
2	Mommy	_	PROPN	NNP	_	0	root	_	_
3	?	_	PUNCT	.	_	2	punct	_	_","1	Okay	okay	INTJ	UH	_	0	root	0:root	_
2	mommy	mommy	NOUN	NN	_	1	vocative	1:vocative	SpaceAfter=No
3	.	.	PUNCT	.	_	1	punct	1:punct	_
"
see in here .,"1	see	_	_	_	_	0	root	_	_
2	in	_	_	_	_	3	case	_	_
3	here	_	_	_	_	1	obl	_	_
4	.	_	_	_	_	1	punct	_	_","1	see	_	VERB	VB	_	0	root	_	_
2	in	_	ADP	IN	_	1	compound:prt	_	_
3	here	_	ADV	RB	_	1	obl	_	_
4	.	_	PUNCT	.	_	1	punct	_	_",
and here's the sugar .,"1	and	_	_	_	_	2	cc	_	_
2	here's	_	_	_	_	0	root	_	_
3	the	_	_	_	_	4	det	_	_
4	sugar	_	_	_	_	2	nsubj	_	_
5	.	_	_	_	_	2	punct	_	_","1	and	_	CCONJ	CC	_	2	cc	_	_
2	here	_	ADV	RB	_	0	root	_	_
3	's	_	AUX	VBZ	_	2	cop	_	_
4	the	_	DET	DT	_	5	det	_	_
5	sugar	_	NOUN	NN	_	2	nsubj	_	_
6	.	_	PUNCT	.	_	2	punct	_	_",
here's some spaghetti that I have .,"1	here's	_	_	_	_	0	root	_	_
2	some	_	_	_	_	3	det	_	_
3	spaghetti	_	_	_	_	1	nsubj	_	_
4	that	_	_	_	_	6	obj	_	_
5	I	_	_	_	_	6	nsubj	_	_
6	have	_	_	_	_	3	acl:relcl	_	_
7	.	_	_	_	_	1	punct	_	_","1	here	_	ADV	RB	_	0	root	_	_
2	's	_	AUX	VBZ	_	1	cop	_	_
3	some	_	DET	DT	_	4	det	_	_
4	spaghetti	_	NOUN	NN	_	1	nsubj	_	_
5	that	_	PRON	WDT	_	7	obj	_	_
6	I	_	PRON	PRP	_	7	nsubj	_	_
7	have	_	VERB	VBP	_	4	acl:relcl	_	_
8	.	_	PUNCT	.	_	1	punct	_	_",
here's some bread .,"1	here's	_	_	_	_	0	root	_	_
2	some	_	_	_	_	3	det	_	_
3	bread	_	_	_	_	1	nsubj	_	_
4	.	_	_	_	_	1	punct	_	_","1	here	_	ADV	RB	_	0	root	_	_
2	's	_	AUX	VBZ	_	1	cop	_	_
3	some	_	DET	DT	_	4	det	_	_
4	bread	_	NOUN	NN	_	1	nsubj	_	_
5	.	_	PUNCT	.	_	1	punct	_	_",
no later .,"1	no	_	_	_	_	2	det	_	_
2	later	_	_	_	_	0	root	_	_
3	.	_	_	_	_	2	punct	_	_","1	no	_	ADV	RB	_	2	advmod	_	_
2	later	_	ADV	RBR	_	0	root	_	_
3	.	_	PUNCT	.	_	2	punct	_	_",
here's some butter .,"1	here's	_	_	_	_	0	root	_	_
2	some	_	_	_	_	3	det	_	_
3	butter	_	_	_	_	1	nsubj	_	_
4	.	_	_	_	_	1	punct	_	_","1	here	_	ADV	RB	_	0	root	_	_
2	's	_	AUX	VBZ	_	1	cop	_	_
3	some	_	DET	DT	_	4	det	_	_
4	butter	_	NOUN	NN	_	1	nsubj	_	_
5	.	_	PUNCT	.	_	1	punct	_	_",
there's some butter on your bread .,"1	there's	_	_	_	_	0	root	_	_
2	some	_	_	_	_	3	det	_	_
3	butter	_	_	_	_	1	nsubj	_	_
4	on	_	_	_	_	6	case	_	_
5	your	_	_	_	_	6	nmod:poss	_	_
6	bread	_	_	_	_	3	nmod	_	_
7	.	_	_	_	_	1	punct	_	_","1	there	_	PRON	EX	_	2	expl	_	_
2	's	_	VERB	VBZ	_	0	root	_	_
3	some	_	DET	DT	_	4	det	_	_
4	butter	_	NOUN	NN	_	2	nsubj	_	_
5	on	_	ADP	IN	_	7	case	_	_
6	your	_	PRON	PRP$	_	7	nmod:poss	_	_
7	bread	_	NOUN	NN	_	2	obl	_	_
8	.	_	PUNCT	.	_	2	punct	_	_",
I'm going to put a little sugar on .,"1	I'm	_	_	_	_	2	nsubj	_	_
2	going	_	_	_	_	0	root	_	_
3	to	_	_	_	_	4	mark	_	_
4	put	_	_	_	_	2	xcomp	_	_
5	a	_	_	_	_	7	det	_	_
6	little	_	_	_	_	7	amod	_	_
7	sugar	_	_	_	_	4	obj	_	_
8	on	_	_	_	_	4	compound:prt	_	_
9	.	_	_	_	_	2	punct	_	_","1	I	_	PRON	PRP	_	3	nsubj	_	_
2	'm	_	AUX	VBP	_	3	aux	_	_
3	going	_	VERB	VBG	_	0	root	_	_
4	to	_	PART	TO	_	5	mark	_	_
5	put	_	VERB	VB	_	3	xcomp	_	_
6	a	_	DET	DT	_	8	det	_	_
7	little	_	ADJ	JJ	_	8	amod	_	_
8	sugar	_	NOUN	NN	_	5	obj	_	_
9	on	_	ADP	IN	_	5	compound:prt	_	_
10	.	_	PUNCT	.	_	3	punct	_	_",
here's a little sugar .,"1	here's	_	_	_	_	0	root	_	_
2	a	_	_	_	_	4	det	_	_
3	little	_	_	_	_	4	amod	_	_
4	sugar	_	_	_	_	1	nsubj	_	_
5	.	_	_	_	_	1	punct	_	_","1	here	_	ADV	RB	_	0	root	_	_
2	's	_	AUX	VBZ	_	1	cop	_	_
3	a	_	DET	DT	_	5	det	_	_
4	little	_	ADJ	JJ	_	5	amod	_	_
5	sugar	_	NOUN	NN	_	1	nsubj	_	_
6	.	_	PUNCT	.	_	1	punct	_	_",
here's the one with butter .,"1	here's	_	_	_	_	0	root	_	_
2	the	_	_	_	_	3	det	_	_
3	one	_	_	_	_	1	nsubj	_	_
4	with	_	_	_	_	5	case	_	_
5	butter	_	_	_	_	3	nmod	_	_
6	.	_	_	_	_	1	punct	_	_","1	here	_	ADV	RB	_	0	root	_	_
2	's	_	AUX	VBZ	_	1	cop	_	_
3	the	_	DET	DT	_	4	det	_	_
4	one	_	NOUN	NN	_	1	nsubj	_	_
5	with	_	ADP	IN	_	6	case	_	_
6	butter	_	NOUN	NN	_	4	nmod	_	_
7	.	_	PUNCT	.	_	1	punct	_	_",
we'll have cake for dessert .,"1	we'll	_	_	_	_	2	nsubj	_	_
2	have	_	_	_	_	0	root	_	_
3	cake	_	_	_	_	2	obj	_	_
4	for	_	_	_	_	5	case	_	_
5	dessert	_	_	_	_	2	obl	_	_
6	.	_	_	_	_	2	punct	_	_","1	we	_	PRON	PRP	_	3	nsubj	_	_
2	'll	_	AUX	MD	_	3	aux	_	_
3	have	_	VERB	VB	_	0	root	_	_
4	cake	_	NOUN	NN	_	3	obj	_	_
5	for	_	ADP	IN	_	6	case	_	_
6	dessert	_	NOUN	NN	_	3	obl	_	_
7	.	_	PUNCT	.	_	3	punct	_	_",
I'm putting my spaghetti away .,"1	I'm	_	_	_	_	2	nsubj	_	_
2	putting	_	_	_	_	0	root	_	_
3	my	_	_	_	_	4	nmod:poss	_	_
4	spaghetti	_	_	_	_	2	obj	_	_
5	away	_	_	_	_	2	advmod	_	_
6	.	_	_	_	_	2	punct	_	_","1	I	_	PRON	PRP	_	3	nsubj	_	_
2	'm	_	AUX	VBP	_	3	aux	_	_
3	putting	_	VERB	VBG	_	0	root	_	_
4	my	_	PRON	PRP$	_	5	nmod:poss	_	_
5	spaghetti	_	NOUN	NN	_	3	obj	_	_
6	away	_	ADV	RB	_	3	advmod	_	_
7	.	_	PUNCT	.	_	3	punct	_	_",
I putting my things away .,"1	I	_	_	_	_	2	nsubj	_	_
2	putting	_	_	_	_	0	root	_	_
3	my	_	_	_	_	4	nmod:poss	_	_
4	things	_	_	_	_	2	obj	_	_
5	away	_	_	_	_	2	compound:prt	_	_
6	.	_	_	_	_	2	punct	_	_","1	I	_	PRON	PRP	_	2	nsubj	_	_
2	putting	_	VERB	VBG	_	0	root	_	_
3	my	_	PRON	PRP$	_	4	nmod:poss	_	_
4	things	_	NOUN	NNS	_	2	obj	_	_
5	away	_	ADV	RB	_	2	advmod	_	_
6	.	_	PUNCT	.	_	2	punct	_	_",
for tomorrow Mommy .,"1	for	_	_	_	_	2	case	_	_
2	tomorrow	_	_	_	_	0	root	_	_
3	Mommy	_	_	_	_	2	vocative	_	_
4	.	_	_	_	_	2	punct	_	_","1	for	_	ADP	IN	_	2	case	_	_
2	tomorrow	_	NOUN	NN	_	3	compound	_	_
3	Mommy	_	PROPN	NNP	_	0	root	_	_
4	.	_	PUNCT	.	_	3	punct	_	_",
no later .,"1	no	_	_	_	_	2	det	_	_
2	later	_	_	_	_	0	root	_	_
3	.	_	_	_	_	2	punct	_	_","1	no	_	ADV	RB	_	2	advmod	_	_
2	later	_	ADV	RBR	_	0	root	_	_
3	.	_	PUNCT	.	_	2	punct	_	_",
here's some ice cream .,"1	here's	_	_	_	_	0	root	_	_
2	some	_	_	_	_	4	det	_	_
3	ice	_	_	_	_	4	compound	_	_
4	cream	_	_	_	_	1	nsubj	_	_
5	.	_	_	_	_	1	punct	_	_","1	here	_	ADV	RB	_	0	root	_	_
2	's	_	AUX	VBZ	_	1	cop	_	_
3	some	_	DET	DT	_	5	det	_	_
4	ice	_	NOUN	NN	_	5	compound	_	_
5	cream	_	NOUN	NN	_	1	nsubj	_	_
6	.	_	PUNCT	.	_	1	punct	_	_",
there's some ice cream .,"1	there's	_	_	_	_	0	root	_	_
2	some	_	_	_	_	4	det	_	_
3	ice	_	_	_	_	4	compound	_	_
4	cream	_	_	_	_	1	nsubj	_	_
5	.	_	_	_	_	1	punct	_	_","1	there	_	PRON	EX	_	2	expl	_	_
2	's	_	VERB	VBZ	_	0	root	_	_
3	some	_	DET	DT	_	5	det	_	_
4	ice	_	NOUN	NN	_	5	compound	_	_
5	cream	_	NOUN	NN	_	2	nsubj	_	_
6	.	_	PUNCT	.	_	2	punct	_	_",
the lamb is going to eat the ice cream all up .,"1	the	_	_	_	_	2	det	_	_
2	lamb	_	_	_	_	4	nsubj	_	_
3	is	_	_	_	_	4	aux	_	_
4	going	_	_	_	_	0	root	_	_
5	to	_	_	_	_	6	mark	_	_
6	eat	_	_	_	_	4	xcomp	_	_
7	the	_	_	_	_	9	det	_	_
8	ice	_	_	_	_	9	compound	_	_
9	cream	_	_	_	_	6	obj	_	_
10	all	_	_	_	_	11	advmod	_	_
11	up	_	_	_	_	6	advmod	_	_
12	.	_	_	_	_	4	punct	_	_","1	the	_	DET	DT	_	2	det	_	_
2	lamb	_	NOUN	NN	_	4	nsubj	_	_
3	is	_	AUX	VBZ	_	4	aux	_	_
4	going	_	VERB	VBG	_	0	root	_	_
5	to	_	PART	TO	_	6	mark	_	_
6	eat	_	VERB	VB	_	4	xcomp	_	_
7	the	_	DET	DT	_	9	det	_	_
8	ice	_	NOUN	NN	_	9	compound	_	_
9	cream	_	NOUN	NN	_	6	obj	_	_
10	all	_	DET	DT	_	11	det	_	_
11	up	_	ADP	RP	_	6	compound:prt	_	_
12	.	_	PUNCT	.	_	4	punct	_	_",
he's going to throw up .,"1	he's	_	_	_	_	2	nsubj	_	_
2	going	_	_	_	_	0	root	_	_
3	to	_	_	_	_	4	mark	_	_
4	throw	_	_	_	_	2	xcomp	_	_
5	up	_	_	_	_	4	compound:prt	_	_
6	.	_	_	_	_	2	punct	_	_","1	he	_	PRON	PRP	_	3	nsubj	_	_
2	's	_	AUX	VBZ	_	3	aux	_	_
3	going	_	VERB	VBG	_	0	root	_	_
4	to	_	PART	TO	_	5	mark	_	_
5	throw	_	VERB	VB	_	3	xcomp	_	_
6	up	_	ADP	RP	_	5	compound:prt	_	_
7	.	_	PUNCT	.	_	3	punct	_	_",
where's my magnet ?,"1	where's	_	_	_	_	0	root	_	_
2	my	_	_	_	_	3	nmod:poss	_	_
3	magnet	_	_	_	_	1	nsubj	_	_
4	?	_	_	_	_	1	punct	_	_","1	where	_	ADV	WRB	_	0	root	_	_
2	's	_	AUX	VBZ	_	1	cop	_	_
3	my	_	PRON	PRP$	_	4	nmod:poss	_	_
4	magnet	_	NOUN	NN	_	1	nsubj	_	_
5	?	_	PUNCT	.	_	1	punct	_	_",
peanut butter and jelly sandwich .,"1	peanut	_	_	_	_	2	compound	_	_
2	butter	_	_	_	_	5	compound	_	_
3	and	_	_	_	_	4	cc	_	_
4	jelly	_	_	_	_	2	conj	_	_
5	sandwich	_	_	_	_	0	root	_	_
6	.	_	_	_	_	5	punct	_	_","1	peanut	_	NOUN	NN	_	2	compound	_	_
2	butter	_	NOUN	NN	_	0	root	_	_
3	and	_	CCONJ	CC	_	5	cc	_	_
4	jelly	_	NOUN	NN	_	5	compound	_	_
5	sandwich	_	NOUN	NN	_	2	conj	_	_
6	.	_	PUNCT	.	_	2	punct	_	_",
cause he didn't .,"1	cause	_	_	_	_	3	mark	_	_
2	he	_	_	_	_	3	nsubj	_	_
3	didn't	_	_	_	_	0	root	_	_
4	.	_	_	_	_	3	punct	_	_","1	cause	_	SCONJ	IN	_	3	mark	_	_
2	he	_	PRON	PRP	_	3	nsubj	_	_
3	did	_	AUX	VBD	_	0	root	_	_
4	n't	_	PART	RB	_	3	advmod	_	_
5	.	_	PUNCT	.	_	3	punct	_	_",
lemme see that .,"1	lemme	_	_	_	_	0	root	_	_
2	see	_	_	_	_	1	xcomp	_	_
3	that	_	_	_	_	2	obj	_	_
4	.	_	_	_	_	1	punct	_	_","1	lemme	_	INTJ	UH	_	2	discourse	_	_
2	see	_	VERB	VB	_	0	root	_	_
3	that	_	PRON	DT	_	2	obj	_	_
4	.	_	PUNCT	.	_	2	punct	_	_",
would you jump rope out here ?,"1	would	_	_	_	_	3	aux	_	_
2	you	_	_	_	_	3	nsubj	_	_
3	jump	_	_	_	_	0	root	_	_
4	rope	_	_	_	_	3	obj	_	_
5	out	_	_	_	_	6	advmod	_	_
6	here	_	_	_	_	3	advmod	_	_
7	?	_	_	_	_	3	punct	_	_","1	would	_	AUX	MD	_	3	aux	_	_
2	you	_	PRON	PRP	_	3	nsubj	_	_
3	jump	_	VERB	VB	_	0	root	_	_
4	rope	_	NOUN	NN	_	3	obj	_	_
5	out	_	ADP	RP	_	3	compound:prt	_	_
6	here	_	ADV	RB	_	3	advmod	_	_
7	?	_	PUNCT	.	_	3	punct	_	_",
would you jump rope out here ?,"1	would	_	_	_	_	3	aux	_	_
2	you	_	_	_	_	3	nsubj	_	_
3	jump	_	_	_	_	0	root	_	_
4	rope	_	_	_	_	3	obj	_	_
5	out	_	_	_	_	6	advmod	_	_
6	here	_	_	_	_	3	advmod	_	_
7	?	_	_	_	_	3	punct	_	_","1	would	_	AUX	MD	_	3	aux	_	_
2	you	_	PRON	PRP	_	3	nsubj	_	_
3	jump	_	VERB	VB	_	0	root	_	_
4	rope	_	NOUN	NN	_	3	obj	_	_
5	out	_	ADP	RP	_	3	compound:prt	_	_
6	here	_	ADV	RB	_	3	advmod	_	_
7	?	_	PUNCT	.	_	3	punct	_	_",
let's open it .,"1	let's	_	_	_	_	0	root	_	_
2	open	_	_	_	_	1	xcomp	_	_
3	it	_	_	_	_	2	obj	_	_
4	.	_	_	_	_	1	punct	_	_","1	let	_	VERB	VB	_	0	root	_	_
2	's	_	PRON	PRP	_	1	obj	_	_
3	open	_	VERB	VB	_	1	xcomp	_	_
4	it	_	PRON	PRP	_	3	obj	_	_
5	.	_	PUNCT	.	_	1	punct	_	_",
that's a queen .,"1	that's	_	_	_	_	3	nsubj	_	_
2	a	_	_	_	_	3	det	_	_
3	queen	_	_	_	_	0	root	_	_
4	.	_	_	_	_	3	punct	_	_","1	that	_	PRON	DT	_	4	nsubj	_	_
2	's	_	AUX	VBZ	_	4	cop	_	_
3	a	_	DET	DT	_	4	det	_	_
4	queen	_	NOUN	NN	_	0	root	_	_
5	.	_	PUNCT	.	_	4	punct	_	_",
I'm giving you some tape .,"1	I'm	_	_	_	_	2	nsubj	_	_
2	giving	_	_	_	_	0	root	_	_
3	you	_	_	_	_	2	iobj	_	_
4	some	_	_	_	_	5	det	_	_
5	tape	_	_	_	_	2	obj	_	_
6	.	_	_	_	_	2	punct	_	_","1	I	_	PRON	PRP	_	3	nsubj	_	_
2	'm	_	AUX	VBP	_	3	aux	_	_
3	giving	_	VERB	VBG	_	0	root	_	_
4	you	_	PRON	PRP	_	3	iobj	_	_
5	some	_	DET	DT	_	6	det	_	_
6	tape	_	NOUN	NN	_	3	obj	_	_
7	.	_	PUNCT	.	_	3	punct	_	_",
no lemme put the tape on there .,"1	no	_	_	_	_	2	discourse	_	_
2	lemme	_	_	_	_	0	root	_	_
3	put	_	_	_	_	2	xcomp	_	_
4	the	_	_	_	_	5	det	_	_
5	tape	_	_	_	_	3	obj	_	_
6	on	_	_	_	_	7	case	_	_
7	there	_	_	_	_	3	advmod	_	_
8	.	_	_	_	_	2	punct	_	_","1	no	_	INTJ	UH	_	3	discourse	_	_
2	lemme	_	INTJ	UH	_	3	discourse	_	_
3	put	_	VERB	VB	_	0	root	_	_
4	the	_	DET	DT	_	5	det	_	_
5	tape	_	NOUN	NN	_	3	obj	_	_
6	on	_	ADP	IN	_	7	case	_	_
7	there	_	ADV	RB	_	3	obl	_	_
8	.	_	PUNCT	.	_	3	punct	_	_",
you hold this up on the wall and I put the tape on there .,"1	you	_	_	_	_	2	nsubj	_	_
2	hold	_	_	_	_	0	root	_	_
3	this	_	_	_	_	2	obj	_	_
4	up	_	_	_	_	2	advmod	_	_
5	on	_	_	_	_	7	case	_	_
6	the	_	_	_	_	7	det	_	_
7	wall	_	_	_	_	2	obl	_	_
8	and	_	_	_	_	10	cc	_	_
9	I	_	_	_	_	10	nsubj	_	_
10	put	_	_	_	_	2	conj	_	_
11	the	_	_	_	_	12	det	_	_
12	tape	_	_	_	_	10	obj	_	_
13	on	_	_	_	_	14	case	_	_
14	there	_	_	_	_	10	advmod	_	_
15	.	_	_	_	_	2	punct	_	_","1	you	_	PRON	PRP	_	2	nsubj	_	_
2	hold	_	VERB	VBP	_	0	root	_	_
3	this	_	PRON	DT	_	2	obj	_	_
4	up	_	ADP	RP	_	2	compound:prt	_	_
5	on	_	ADP	IN	_	7	case	_	_
6	the	_	DET	DT	_	7	det	_	_
7	wall	_	NOUN	NN	_	2	obl	_	_
8	and	_	CCONJ	CC	_	10	cc	_	_
9	I	_	PRON	PRP	_	10	nsubj	_	_
10	put	_	VERB	VBD	_	2	conj	_	_
11	the	_	DET	DT	_	12	det	_	_
12	tape	_	NOUN	NN	_	10	obj	_	_
13	on	_	ADP	IN	_	14	case	_	_
14	there	_	ADV	RB	_	10	obl	_	_
15	.	_	PUNCT	.	_	2	punct	_	_",
the the one with the rabbit .,"1	the	_	_	_	_	2	reparandum	_	_
2	the	_	_	_	_	3	det	_	_
3	one	_	_	_	_	0	root	_	_
4	with	_	_	_	_	6	case	_	_
5	the	_	_	_	_	6	det	_	_
6	rabbit	_	_	_	_	3	nmod	_	_
7	.	_	_	_	_	3	punct	_	_","1	the	_	DET	DT	_	3	det	_	_
2	the	_	DET	DT	_	3	det	_	_
3	one	_	NOUN	NN	_	0	root	_	_
4	with	_	ADP	IN	_	6	case	_	_
5	the	_	DET	DT	_	6	det	_	_
6	rabbit	_	NOUN	NN	_	3	nmod	_	_
7	.	_	PUNCT	.	_	3	punct	_	_",
I'll open this .,"1	I'll	_	_	_	_	2	nsubj	_	_
2	open	_	_	_	_	0	root	_	_
3	this	_	_	_	_	2	obj	_	_
4	.	_	_	_	_	2	punct	_	_","1	I	_	PRON	PRP	_	3	nsubj	_	_
2	'll	_	AUX	MD	_	3	aux	_	_
3	open	_	VERB	VB	_	0	root	_	_
4	this	_	PRON	DT	_	3	obj	_	_
5	.	_	PUNCT	.	_	3	punct	_	_",
it's a kitty cat .,"1	it's	_	_	_	_	4	nsubj	_	_
2	a	_	_	_	_	4	det	_	_
3	kitty	_	_	_	_	4	compound	_	_
4	cat	_	_	_	_	0	root	_	_
5	.	_	_	_	_	4	punct	_	_","1	it	_	PRON	PRP	_	5	nsubj	_	_
2	's	_	AUX	VBZ	_	5	cop	_	_
3	a	_	DET	DT	_	5	det	_	_
4	kitty	_	NOUN	NN	_	5	compound	_	_
5	cat	_	NOUN	NN	_	0	root	_	_
6	.	_	PUNCT	.	_	5	punct	_	_",
let's put this on your head .,"1	let's	_	_	_	_	0	root	_	_
2	put	_	_	_	_	1	xcomp	_	_
3	this	_	_	_	_	2	obj	_	_
4	on	_	_	_	_	6	case	_	_
5	your	_	_	_	_	6	nmod:poss	_	_
6	head	_	_	_	_	2	obl	_	_
7	.	_	_	_	_	1	punct	_	_","1	let	_	VERB	VB	_	0	root	_	_
2	's	_	PRON	PRP	_	1	obj	_	_
3	put	_	VERB	VB	_	1	xcomp	_	_
4	this	_	PRON	DT	_	3	obj	_	_
5	on	_	ADP	IN	_	7	case	_	_
6	your	_	PRON	PRP$	_	7	nmod:poss	_	_
7	head	_	NOUN	NN	_	3	obl	_	_
8	.	_	PUNCT	.	_	1	punct	_	_",
no where's my Snoopy ?,"1	no	_	_	_	_	2	discourse	_	_
2	where's	_	_	_	_	0	root	_	_
3	my	_	_	_	_	4	nmod:poss	_	_
4	Snoopy	_	_	_	_	2	nsubj	_	_
5	?	_	_	_	_	2	punct	_	_","1	no	_	INTJ	UH	_	2	discourse	_	_
2	where	_	ADV	WRB	_	0	root	_	_
3	's	_	AUX	VBZ	_	2	cop	_	_
4	my	_	PRON	PRP$	_	5	nmod:poss	_	_
5	Snoopy	_	PROPN	NNP	_	2	nsubj	_	_
6	?	_	PUNCT	.	_	2	punct	_	_",
no where's my other Snoopy ?,"1	no	_	_	_	_	2	discourse	_	_
2	where's	_	_	_	_	0	root	_	_
3	my	_	_	_	_	5	nmod:poss	_	_
4	other	_	_	_	_	5	amod	_	_
5	Snoopy	_	_	_	_	2	nsubj	_	_
6	?	_	_	_	_	2	punct	_	_","1	no	_	INTJ	UH	_	2	discourse	_	_
2	where	_	ADV	WRB	_	0	root	_	_
3	's	_	AUX	VBZ	_	2	cop	_	_
4	my	_	PRON	PRP$	_	6	nmod:poss	_	_
5	other	_	ADJ	JJ	_	6	amod	_	_
6	Snoopy	_	PROPN	NNP	_	2	nsubj	_	_
7	?	_	PUNCT	.	_	2	punct	_	_",
would you put her hair back on ?,"1	would	_	_	_	_	3	aux	_	_
2	you	_	_	_	_	3	nsubj	_	_
3	put	_	_	_	_	0	root	_	_
4	her	_	_	_	_	5	nmod:poss	_	_
5	hair	_	_	_	_	3	obj	_	_
6	back	_	_	_	_	7	advmod	_	_
7	on	_	_	_	_	3	advmod	_	_
8	?	_	_	_	_	3	punct	_	_","1	would	_	AUX	MD	_	3	aux	_	_
2	you	_	PRON	PRP	_	3	nsubj	_	_
3	put	_	VERB	VB	_	0	root	_	_
4	her	_	PRON	PRP$	_	5	nmod:poss	_	_
5	hair	_	NOUN	NN	_	3	obj	_	_
6	back	_	ADV	RB	_	3	advmod	_	_
7	on	_	ADP	IN	_	3	advmod	_	_
8	?	_	PUNCT	.	_	3	punct	_	_",
cause it's kind of hard .,"1	cause	_	_	_	_	5	mark	_	_
2	it's	_	_	_	_	5	cop	_	_
3	kind	_	_	_	_	5	advmod	_	_
4	of	_	_	_	_	3	fixed	_	_
5	hard	_	_	_	_	0	root	_	_
6	.	_	_	_	_	5	punct	_	_","1	cause	_	SCONJ	IN	_	6	mark	_	_
2	it	_	PRON	PRP	_	6	nsubj	_	_
3	's	_	AUX	VBZ	_	6	cop	_	_
4	kind	_	NOUN	NN	_	6	advmod	_	_
5	of	_	ADP	IN	_	4	fixed	_	_
6	hard	_	ADJ	JJ	_	0	root	_	_
7	.	_	PUNCT	.	_	6	punct	_	_",
oh look what you're doing to the jump rope .,"1	oh	_	_	_	_	2	discourse	_	_
2	look	_	_	_	_	0	root	_	_
3	what	_	_	_	_	5	obj	_	_
4	you're	_	_	_	_	5	aux	_	_
5	doing	_	_	_	_	2	ccomp	_	_
6	to	_	_	_	_	9	case	_	_
7	the	_	_	_	_	9	det	_	_
8	jump	_	_	_	_	9	compound	_	_
9	rope	_	_	_	_	5	obl	_	_
10	.	_	_	_	_	2	punct	_	_","1	oh	_	INTJ	UH	_	2	discourse	_	_
2	look	_	VERB	VB	_	0	root	_	_
3	what	_	PRON	WP	_	2	obj	_	_
4	you	_	PRON	PRP	_	6	nsubj	_	_
5	're	_	AUX	VBP	_	6	aux	_	_
6	doing	_	VERB	VBG	_	3	acl:relcl	_	_
7	to	_	ADP	IN	_	10	case	_	_
8	the	_	DET	DT	_	10	det	_	_
9	jump	_	NOUN	NN	_	10	compound	_	_
10	rope	_	NOUN	NN	_	6	obl	_	_
11	.	_	PUNCT	.	_	2	punct	_	_",
Mommy can I have him ?,"1	Mommy	_	_	_	_	4	vocative	_	_
2	can	_	_	_	_	4	aux	_	_
3	I	_	_	_	_	4	nsubj	_	_
4	have	_	_	_	_	0	root	_	_
5	him	_	_	_	_	4	obj	_	_
6	?	_	_	_	_	4	punct	_	_","1	Mommy	_	PROPN	NNP	_	4	obj	_	_
2	can	_	AUX	MD	_	4	aux	_	_
3	I	_	PRON	PRP	_	4	nsubj	_	_
4	have	_	VERB	VB	_	0	root	_	_
5	him	_	PRON	PRP	_	4	obj	_	_
6	?	_	PUNCT	.	_	4	punct	_	_",
where's my dolly in the carriage ?,"1	where's	_	_	_	_	0	root	_	_
2	my	_	_	_	_	3	nmod:poss	_	_
3	dolly	_	_	_	_	1	nsubj	_	_
4	in	_	_	_	_	6	case	_	_
5	the	_	_	_	_	6	det	_	_
6	carriage	_	_	_	_	1	obl	_	_
7	?	_	_	_	_	1	punct	_	_","1	where	_	ADV	WRB	_	0	root	_	_
2	's	_	AUX	VBZ	_	1	cop	_	_
3	my	_	PRON	PRP$	_	4	nmod:poss	_	_
4	dolly	_	NOUN	NN	_	1	nsubj	_	_
5	in	_	ADP	IN	_	7	case	_	_
6	the	_	DET	DT	_	7	det	_	_
7	carriage	_	NOUN	NN	_	1	obl	_	_
8	?	_	PUNCT	.	_	1	punct	_	_",
she's angry .,"1	she's	_	_	_	_	2	nsubj	_	_
2	angry	_	_	_	_	0	root	_	_
3	.	_	_	_	_	2	punct	_	_","1	she	_	PRON	PRP	_	3	nsubj	_	_
2	's	_	AUX	VBZ	_	3	cop	_	_
3	angry	_	ADJ	JJ	_	0	root	_	_
4	.	_	PUNCT	.	_	3	punct	_	_",
get out of my house .,"1	get	_	_	_	_	0	root	_	_
2	out	_	_	_	_	5	case	_	_
3	of	_	_	_	_	5	case	_	_
4	my	_	_	_	_	5	nmod:poss	_	_
5	house	_	_	_	_	1	obl	_	_
6	.	_	_	_	_	1	punct	_	_","1	get	_	VERB	VB	_	0	root	_	_
2	out	_	ADP	IN	_	5	case	_	_
3	of	_	ADP	IN	_	2	fixed	_	_
4	my	_	PRON	PRP$	_	5	nmod:poss	_	_
5	house	_	NOUN	NN	_	1	obl	_	_
6	.	_	PUNCT	.	_	1	punct	_	_",
what else ?,"1	what	_	_	_	_	0	root	_	_
2	else	_	_	_	_	1	amod	_	_
3	?	_	_	_	_	1	punct	_	_","1	what	_	PRON	WP	_	0	root	_	_
2	else	_	ADV	RB	_	1	advmod	_	_
3	?	_	PUNCT	.	_	1	punct	_	_","1	What	what	DET	WDT	_	0	root	0:root	_
2	else	else	ADJ	JJ	_	1	amod	1:amod	SpaceAfter=No
3	?	?	PUNCT	?	_	1	punct	1:punct	_
"
I wanna go outside and play .,"1	I	_	_	_	_	2	nsubj	_	_
2	wanna	_	_	_	_	0	root	_	_
3	go	_	_	_	_	2	xcomp	_	_
4	outside	_	_	_	_	3	advmod	_	_
5	and	_	_	_	_	6	cc	_	_
6	play	_	_	_	_	3	conj	_	_
7	.	_	_	_	_	2	punct	_	_","1	I	_	PRON	PRP	_	2	nsubj	_	_
2	wan	_	VERB	VBP	_	0	root	_	_
3	na	_	PART	TO	_	4	mark	_	_
4	go	_	VERB	VB	_	2	xcomp	_	_
5	outside	_	ADV	RB	_	4	advmod	_	_
6	and	_	CCONJ	CC	_	7	cc	_	_
7	play	_	VERB	VB	_	4	conj	_	_
8	.	_	PUNCT	.	_	2	punct	_	_",
is it time to go to sleep ?,"1	is	_	_	_	_	3	cop	_	_
2	it	_	_	_	_	3	nsubj	_	_
3	time	_	_	_	_	0	root	_	_
4	to	_	_	_	_	5	mark	_	_
5	go	_	_	_	_	3	acl	_	_
6	to	_	_	_	_	7	case	_	_
7	sleep	_	_	_	_	5	obl	_	_
8	?	_	_	_	_	3	punct	_	_","1	is	_	AUX	VBZ	_	3	cop	_	_
2	it	_	PRON	PRP	_	3	expl	_	_
3	time	_	NOUN	NN	_	0	root	_	_
4	to	_	PART	TO	_	5	mark	_	_
5	go	_	VERB	VB	_	3	acl	_	_
6	to	_	ADP	IN	_	7	case	_	_
7	sleep	_	NOUN	NN	_	5	obl	_	_
8	?	_	PUNCT	.	_	3	punct	_	_",
no I'm going to tie it up again .,"1	no	_	_	_	_	3	discourse	_	_
2	I'm	_	_	_	_	3	nsubj	_	_
3	going	_	_	_	_	0	root	_	_
4	to	_	_	_	_	5	mark	_	_
5	tie	_	_	_	_	3	xcomp	_	_
6	it	_	_	_	_	5	obj	_	_
7	up	_	_	_	_	5	compound:prt	_	_
8	again	_	_	_	_	5	advmod	_	_
9	.	_	_	_	_	3	punct	_	_","1	no	_	INTJ	UH	_	4	discourse	_	_
2	I	_	PRON	PRP	_	4	nsubj	_	_
3	'm	_	AUX	VBP	_	4	aux	_	_
4	going	_	VERB	VBG	_	0	root	_	_
5	to	_	PART	TO	_	6	mark	_	_
6	tie	_	VERB	VB	_	4	xcomp	_	_
7	it	_	PRON	PRP	_	6	obj	_	_
8	up	_	ADP	RP	_	6	compound:prt	_	_
9	again	_	ADV	RB	_	6	advmod	_	_
10	.	_	PUNCT	.	_	4	punct	_	_",
I wanna tie this finger up .,"1	I	_	_	_	_	2	nsubj	_	_
2	wanna	_	_	_	_	0	root	_	_
3	tie	_	_	_	_	2	xcomp	_	_
4	this	_	_	_	_	5	det	_	_
5	finger	_	_	_	_	3	obj	_	_
6	up	_	_	_	_	3	compound:prt	_	_
7	.	_	_	_	_	2	punct	_	_","1	I	_	PRON	PRP	_	2	nsubj	_	_
2	wan	_	VERB	VBP	_	0	root	_	_
3	na	_	PART	TO	_	4	mark	_	_
4	tie	_	VERB	VB	_	2	xcomp	_	_
5	this	_	DET	DT	_	6	det	_	_
6	finger	_	NOUN	NN	_	4	obj	_	_
7	up	_	ADP	RP	_	4	compound:prt	_	_
8	.	_	PUNCT	.	_	2	punct	_	_",
give them to me .,"1	give	_	_	_	_	0	root	_	_
2	them	_	_	_	_	1	obj	_	_
3	to	_	_	_	_	4	case	_	_
4	me	_	_	_	_	1	obl	_	_
5	.	_	_	_	_	1	punct	_	_","1	give	_	VERB	VB	_	0	root	_	_
2	them	_	PRON	PRP	_	1	iobj	_	_
3	to	_	ADP	IN	_	4	case	_	_
4	me	_	PRON	PRP	_	1	obl	_	_
5	.	_	PUNCT	.	_	1	punct	_	_",
give them to me .,"1	give	_	_	_	_	0	root	_	_
2	them	_	_	_	_	1	obj	_	_
3	to	_	_	_	_	4	case	_	_
4	me	_	_	_	_	1	obl	_	_
5	.	_	_	_	_	1	punct	_	_","1	give	_	VERB	VB	_	0	root	_	_
2	them	_	PRON	PRP	_	1	iobj	_	_
3	to	_	ADP	IN	_	4	case	_	_
4	me	_	PRON	PRP	_	1	obl	_	_
5	.	_	PUNCT	.	_	1	punct	_	_",
you wanna whistle ?,"1	you	_	_	_	_	2	nsubj	_	_
2	wanna	_	_	_	_	0	root	_	_
3	whistle	_	_	_	_	2	xcomp	_	_
4	?	_	_	_	_	2	punct	_	_","1	you	_	PRON	PRP	_	2	nsubj	_	_
2	wan	_	VERB	VBP	_	0	root	_	_
3	na	_	PART	TO	_	4	mark	_	_
4	whistle	_	VERB	VB	_	2	xcomp	_	_
5	?	_	PUNCT	.	_	2	punct	_	_",
um um .,"1	um	_	_	_	_	0	root	_	_
2	um	_	_	_	_	1	conj	_	_
3	.	_	_	_	_	1	punct	_	_","1	um	_	INTJ	UH	_	0	root	_	_
2	um	_	INTJ	UH	_	1	discourse	_	_
3	.	_	PUNCT	.	_	1	punct	_	_",
I wanna whistle .,"1	I	_	_	_	_	2	nsubj	_	_
2	wanna	_	_	_	_	0	root	_	_
3	whistle	_	_	_	_	2	xcomp	_	_
4	.	_	_	_	_	2	punct	_	_","1	I	_	PRON	PRP	_	2	nsubj	_	_
2	wan	_	VERB	VBP	_	0	root	_	_
3	na	_	PART	TO	_	4	mark	_	_
4	whistle	_	VERB	VB	_	2	xcomp	_	_
5	.	_	PUNCT	.	_	2	punct	_	_",
I wanna hear a whistle .,"1	I	_	_	_	_	2	nsubj	_	_
2	wanna	_	_	_	_	0	root	_	_
3	hear	_	_	_	_	2	xcomp	_	_
4	a	_	_	_	_	5	det	_	_
5	whistle	_	_	_	_	3	obj	_	_
6	.	_	_	_	_	2	punct	_	_","1	I	_	PRON	PRP	_	2	nsubj	_	_
2	wan	_	VERB	VBP	_	0	root	_	_
3	na	_	PART	TO	_	4	mark	_	_
4	hear	_	VERB	VB	_	2	xcomp	_	_
5	a	_	DET	DT	_	6	det	_	_
6	whistle	_	NOUN	NN	_	4	obj	_	_
7	.	_	PUNCT	.	_	2	punct	_	_",
I wanna whistle .,"1	I	_	_	_	_	2	nsubj	_	_
2	wanna	_	_	_	_	0	root	_	_
3	whistle	_	_	_	_	2	xcomp	_	_
4	.	_	_	_	_	2	punct	_	_","1	I	_	PRON	PRP	_	2	nsubj	_	_
2	wan	_	VERB	VBP	_	0	root	_	_
3	na	_	PART	TO	_	4	mark	_	_
4	whistle	_	VERB	VB	_	2	xcomp	_	_
5	.	_	PUNCT	.	_	2	punct	_	_",
it's about a cave .,"1	it's	_	_	_	_	4	cop	_	_
2	about	_	_	_	_	4	case	_	_
3	a	_	_	_	_	4	det	_	_
4	cave	_	_	_	_	0	root	_	_
5	.	_	_	_	_	4	punct	_	_","1	it	_	PRON	PRP	_	5	nsubj	_	_
2	's	_	AUX	VBZ	_	5	cop	_	_
3	about	_	ADP	IN	_	5	case	_	_
4	a	_	DET	DT	_	5	det	_	_
5	cave	_	NOUN	NN	_	0	root	_	_
6	.	_	PUNCT	.	_	5	punct	_	_",
yeah this going to be a a you have to do this first .,"1	yeah	_	_	_	_	3	discourse	_	_
2	this	_	_	_	_	3	nsubj	_	_
3	going	_	_	_	_	0	root	_	_
4	to	_	_	_	_	7	mark	_	_
5	be	_	_	_	_	7	cop	_	_
6	a	_	_	_	_	7	det	_	_
7	a	_	_	_	_	3	xcomp	_	_
8	you	_	_	_	_	9	nsubj	_	_
9	have	_	_	_	_	3	parataxis	_	_
10	to	_	_	_	_	11	mark	_	_
11	do	_	_	_	_	9	xcomp	_	_
12	this	_	_	_	_	11	obj	_	_
13	first	_	_	_	_	11	advmod	_	_
14	.	_	_	_	_	3	punct	_	_","1	yeah	_	INTJ	UH	_	3	discourse	_	_
2	this	_	PRON	DT	_	3	nsubj	_	_
3	going	_	VERB	VBG	_	0	root	_	_
4	to	_	PART	TO	_	7	mark	_	_
5	be	_	AUX	VB	_	7	cop	_	_
6	a	_	DET	DT	_	7	det	_	_
7	a	_	DET	DT	_	3	xcomp	_	_
8	you	_	PRON	PRP	_	9	nsubj	_	_
9	have	_	VERB	VBP	_	3	ccomp	_	_
10	to	_	PART	TO	_	11	mark	_	_
11	do	_	VERB	VB	_	9	xcomp	_	_
12	this	_	PRON	DT	_	11	obj	_	_
13	first	_	ADJ	JJ	_	11	advmod	_	_
14	.	_	PUNCT	.	_	3	punct	_	_",
I have a I have a I need some more paint .,"1	I	_	_	_	_	2	nsubj	_	_
2	have	_	_	_	_	0	root	_	_
3	a	_	_	_	_	2	obj	_	_
4	I	_	_	_	_	5	nsubj	_	_
5	have	_	_	_	_	2	parataxis	_	_
6	a	_	_	_	_	5	obj	_	_
7	I	_	_	_	_	8	nsubj	_	_
8	need	_	_	_	_	2	parataxis	_	_
9	some	_	_	_	_	11	det	_	_
10	more	_	_	_	_	11	amod	_	_
11	paint	_	_	_	_	8	obj	_	_
12	.	_	_	_	_	2	punct	_	_","1	I	_	PRON	PRP	_	2	nsubj	_	_
2	have	_	VERB	VBP	_	0	root	_	_
3	a	_	DET	DT	_	2	obj	_	_
4	I	_	PRON	PRP	_	5	nsubj	_	_
5	have	_	VERB	VBP	_	2	ccomp	_	_
6	a	_	DET	DT	_	5	obj	_	_
7	I	_	PRON	PRP	_	8	nsubj	_	_
8	need	_	VERB	VBP	_	2	parataxis	_	_
9	some	_	DET	DT	_	11	det	_	_
10	more	_	ADJ	JJR	_	11	amod	_	_
11	paint	_	NOUN	NN	_	8	obj	_	_
12	.	_	PUNCT	.	_	2	punct	_	_",
yeah what's that ?,"1	yeah	_	_	_	_	2	discourse	_	_
2	what's	_	_	_	_	0	root	_	_
3	that	_	_	_	_	2	nsubj	_	_
4	?	_	_	_	_	2	punct	_	_","1	yeah	_	INTJ	UH	_	2	discourse	_	_
2	what	_	PRON	WP	_	0	root	_	_
3	's	_	AUX	VBZ	_	2	cop	_	_
4	that	_	PRON	DT	_	2	nsubj	_	_
5	?	_	PUNCT	.	_	2	punct	_	_",
"I like this um those two more , those two more .","1	I	_	_	_	_	2	nsubj	_	_
2	like	_	_	_	_	0	root	_	_
3	this	_	_	_	_	2	obj	_	_
4	um	_	_	_	_	7	discourse	_	_
5	those	_	_	_	_	6	det	_	_
6	two	_	_	_	_	7	nummod	_	_
7	more	_	_	_	_	2	parataxis	_	_
8	,	_	_	_	_	11	cc	_	_
9	those	_	_	_	_	10	det	_	_
10	two	_	_	_	_	11	nummod	_	_
11	more	_	_	_	_	6	conj	_	_
12	.	_	_	_	_	2	punct	_	_","1	I	_	PRON	PRP	_	2	nsubj	_	_
2	like	_	VERB	VBP	_	0	root	_	_
3	this	_	DET	DT	_	7	det	_	_
4	um	_	INTJ	UH	_	7	discourse	_	_
5	those	_	DET	DT	_	7	det	_	_
6	two	_	NUM	CD	_	7	nummod	_	_
7	more	_	ADJ	JJR	_	2	obj	_	_
8	,	_	PUNCT	,	_	11	punct	_	_
9	those	_	DET	DT	_	11	det	_	_
10	two	_	NUM	CD	_	11	nummod	_	_
11	more	_	ADJ	JJR	_	7	appos	_	_
12	.	_	PUNCT	.	_	2	punct	_	_",
"no blue , blue .","1	no	_	_	_	_	2	discourse	_	_
2	blue	_	_	_	_	0	root	_	_
3	,	_	_	_	_	4	cc	_	_
4	blue	_	_	_	_	2	conj	_	_
5	.	_	_	_	_	2	punct	_	_","1	no	_	DET	DT	_	2	det	_	_
2	blue	_	ADJ	JJ	_	0	root	_	_
3	,	_	PUNCT	,	_	4	punct	_	_
4	blue	_	ADJ	JJ	_	2	conj	_	_
5	.	_	PUNCT	.	_	2	punct	_	_",
I'm trying to get the dots off .,"1	I'm	_	_	_	_	2	nsubj	_	_
2	trying	_	_	_	_	0	root	_	_
3	to	_	_	_	_	4	mark	_	_
4	get	_	_	_	_	2	xcomp	_	_
5	the	_	_	_	_	6	det	_	_
6	dots	_	_	_	_	4	obj	_	_
7	off	_	_	_	_	4	compound:prt	_	_
8	.	_	_	_	_	2	punct	_	_","1	I	_	PRON	PRP	_	3	nsubj	_	_
2	'm	_	AUX	VBP	_	3	aux	_	_
3	trying	_	VERB	VBG	_	0	root	_	_
4	to	_	PART	TO	_	5	mark	_	_
5	get	_	VERB	VB	_	3	xcomp	_	_
6	the	_	DET	DT	_	7	det	_	_
7	dots	_	NOUN	NNS	_	5	obj	_	_
8	off	_	ADP	RP	_	5	compound:prt	_	_
9	.	_	PUNCT	.	_	3	punct	_	_",
what's that ?,"1	what's	_	_	_	_	0	root	_	_
2	that	_	_	_	_	1	nsubj	_	_
3	?	_	_	_	_	1	punct	_	_","1	what	_	PRON	WP	_	0	root	_	_
2	's	_	AUX	VBZ	_	1	cop	_	_
3	that	_	PRON	DT	_	1	nsubj	_	_
4	?	_	PUNCT	.	_	1	punct	_	_",
no I wanna use these .,"1	no	_	_	_	_	3	discourse	_	_
2	I	_	_	_	_	3	nsubj	_	_
3	wanna	_	_	_	_	0	root	_	_
4	use	_	_	_	_	3	xcomp	_	_
5	these	_	_	_	_	4	obj	_	_
6	.	_	_	_	_	3	punct	_	_","1	no	_	INTJ	UH	_	3	discourse	_	_
2	I	_	PRON	PRP	_	3	nsubj	_	_
3	wan	_	VERB	VBP	_	0	root	_	_
4	na	_	PART	TO	_	5	mark	_	_
5	use	_	VERB	VB	_	3	xcomp	_	_
6	these	_	PRON	DT	_	5	obj	_	_
7	.	_	PUNCT	.	_	3	punct	_	_",
it's Daddy's .,"1	it's	_	_	_	_	2	nsubj	_	_
2	Daddy's	_	_	_	_	0	root	_	_
3	.	_	_	_	_	2	punct	_	_","1	it	_	PRON	PRP	_	3	nsubj	_	_
2	's	_	AUX	VBZ	_	3	cop	_	_
3	Daddy	_	PROPN	NNP	_	0	root	_	_
4	's	_	PART	POS	_	3	case	_	_
5	.	_	PUNCT	.	_	3	punct	_	_",
what else ?,"1	what	_	_	_	_	0	root	_	_
2	else	_	_	_	_	1	amod	_	_
3	?	_	_	_	_	1	punct	_	_","1	what	_	PRON	WP	_	0	root	_	_
2	else	_	ADV	RB	_	1	advmod	_	_
3	?	_	PUNCT	.	_	1	punct	_	_","1	What	what	DET	WDT	_	0	root	0:root	_
2	else	else	ADJ	JJ	_	1	amod	1:amod	SpaceAfter=No
3	?	?	PUNCT	?	_	1	punct	1:punct	_
"
no we don't like we don't like that .,"1	no	_	_	_	_	4	discourse	_	_
2	we	_	_	_	_	4	nsubj	_	_
3	don't	_	_	_	_	4	advmod	_	_
4	like	_	_	_	_	7	reparandum	_	_
5	we	_	_	_	_	7	nsubj	_	_
6	don't	_	_	_	_	7	advmod	_	_
7	like	_	_	_	_	0	root	_	_
8	that	_	_	_	_	7	obj	_	_
9	.	_	_	_	_	7	punct	_	_","1	no	_	INTJ	UH	_	5	discourse	_	_
2	we	_	PRON	PRP	_	5	nsubj	_	_
3	do	_	AUX	VBP	_	5	aux	_	_
4	n't	_	PART	RB	_	5	advmod	_	_
5	like	_	VERB	VB	_	0	root	_	_
6	we	_	PRON	PRP	_	9	nsubj	_	_
7	do	_	AUX	VBP	_	9	aux	_	_
8	n't	_	PART	RB	_	9	advmod	_	_
9	like	_	VERB	VB	_	5	ccomp	_	_
10	that	_	PRON	DT	_	9	obj	_	_
11	.	_	PUNCT	.	_	5	punct	_	_",
we didn't taste we tasted them at school .,"1	we	_	_	_	_	3	nsubj	_	_
2	didn't	_	_	_	_	3	aux	_	_
3	taste	_	_	_	_	0	root	_	_
4	we	_	_	_	_	5	nsubj	_	_
5	tasted	_	_	_	_	3	parataxis	_	_
6	them	_	_	_	_	5	obj	_	_
7	at	_	_	_	_	8	case	_	_
8	school	_	_	_	_	5	obl	_	_
9	.	_	_	_	_	3	punct	_	_","1	we	_	PRON	PRP	_	4	nsubj	_	_
2	did	_	AUX	VBD	_	4	aux	_	_
3	n't	_	PART	RB	_	4	advmod	_	_
4	taste	_	VERB	VB	_	0	root	_	_
5	we	_	PRON	PRP	_	6	nsubj	_	_
6	tasted	_	VERB	VBD	_	4	ccomp	_	_
7	them	_	PRON	PRP	_	6	obj	_	_
8	at	_	ADP	IN	_	9	case	_	_
9	school	_	NOUN	NN	_	6	obl	_	_
10	.	_	PUNCT	.	_	4	punct	_	_",
they didn't feel good .,"1	they	_	_	_	_	3	nsubj	_	_
2	didn't	_	_	_	_	3	aux	_	_
3	feel	_	_	_	_	0	root	_	_
4	good	_	_	_	_	3	xcomp	_	_
5	.	_	_	_	_	3	punct	_	_","1	they	_	PRON	PRP	_	4	nsubj	_	_
2	did	_	AUX	VBD	_	4	aux	_	_
3	n't	_	PART	RB	_	4	advmod	_	_
4	feel	_	VERB	VB	_	0	root	_	_
5	good	_	ADJ	JJ	_	4	xcomp	_	_
6	.	_	PUNCT	.	_	4	punct	_	_",
and they didn't feel good .,"1	and	_	_	_	_	4	cc	_	_
2	they	_	_	_	_	4	nsubj	_	_
3	didn't	_	_	_	_	4	aux	_	_
4	feel	_	_	_	_	0	root	_	_
5	good	_	_	_	_	4	xcomp	_	_
6	.	_	_	_	_	4	punct	_	_","1	and	_	CCONJ	CC	_	5	cc	_	_
2	they	_	PRON	PRP	_	5	nsubj	_	_
3	did	_	AUX	VBD	_	5	aux	_	_
4	n't	_	PART	RB	_	5	advmod	_	_
5	feel	_	VERB	VB	_	0	root	_	_
6	good	_	ADJ	JJ	_	5	xcomp	_	_
7	.	_	PUNCT	.	_	5	punct	_	_",
I don't know .,"1	I	_	_	_	_	3	nsubj	_	_
2	don't	_	_	_	_	3	aux	_	_
3	know	_	_	_	_	0	root	_	_
4	.	_	_	_	_	3	punct	_	_","1	I	_	PRON	PRP	_	4	nsubj	_	_
2	do	_	AUX	VBP	_	4	aux	_	_
3	n't	_	PART	RB	_	4	advmod	_	_
4	know	_	VERB	VB	_	0	root	_	_
5	.	_	PUNCT	.	_	4	punct	_	_",
I don't know .,"1	I	_	_	_	_	3	nsubj	_	_
2	don't	_	_	_	_	3	aux	_	_
3	know	_	_	_	_	0	root	_	_
4	.	_	_	_	_	3	punct	_	_","1	I	_	PRON	PRP	_	4	nsubj	_	_
2	do	_	AUX	VBP	_	4	aux	_	_
3	n't	_	PART	RB	_	4	advmod	_	_
4	know	_	VERB	VB	_	0	root	_	_
5	.	_	PUNCT	.	_	4	punct	_	_",
dressing what's dressing ?,"1	dressing	_	_	_	_	0	root	_	_
2	what's	_	_	_	_	3	cop	_	_
3	dressing	_	_	_	_	1	parataxis	_	_
4	?	_	_	_	_	1	punct	_	_","1	dressing	_	VERB	VBG	_	0	root	_	_
2	what	_	PRON	WP	_	4	obj	_	_
3	's	_	AUX	VBZ	_	4	aux	_	_
4	dressing	_	VERB	VBG	_	1	ccomp	_	_
5	?	_	PUNCT	.	_	1	punct	_	_",
I don't like pickles .,"1	I	_	_	_	_	3	nsubj	_	_
2	don't	_	_	_	_	3	aux	_	_
3	like	_	_	_	_	0	root	_	_
4	pickles	_	_	_	_	3	obj	_	_
5	.	_	_	_	_	3	punct	_	_","1	I	_	PRON	PRP	_	4	nsubj	_	_
2	do	_	AUX	VBP	_	4	aux	_	_
3	n't	_	PART	RB	_	4	advmod	_	_
4	like	_	VERB	VB	_	0	root	_	_
5	pickles	_	NOUN	NNS	_	4	obj	_	_
6	.	_	PUNCT	.	_	4	punct	_	_",
because I don't like them .,"1	because	_	_	_	_	4	mark	_	_
2	I	_	_	_	_	4	nsubj	_	_
3	don't	_	_	_	_	4	aux	_	_
4	like	_	_	_	_	0	root	_	_
5	them	_	_	_	_	4	obj	_	_
6	.	_	_	_	_	4	punct	_	_","1	because	_	SCONJ	IN	_	5	mark	_	_
2	I	_	PRON	PRP	_	5	nsubj	_	_
3	do	_	AUX	VBP	_	5	aux	_	_
4	n't	_	PART	RB	_	5	advmod	_	_
5	like	_	VERB	VB	_	0	root	_	_
6	them	_	PRON	PRP	_	5	obj	_	_
7	.	_	PUNCT	.	_	5	punct	_	_",
I want some oranges when we eat dinner .,"1	I	_	_	_	_	2	nsubj	_	_
2	want	_	_	_	_	0	root	_	_
3	some	_	_	_	_	4	det	_	_
4	oranges	_	_	_	_	2	obj	_	_
5	when	_	_	_	_	7	mark	_	_
6	we	_	_	_	_	7	nsubj	_	_
7	eat	_	_	_	_	2	advcl	_	_
8	dinner	_	_	_	_	7	obj	_	_
9	.	_	_	_	_	2	punct	_	_","1	I	_	PRON	PRP	_	2	nsubj	_	_
2	want	_	VERB	VBP	_	0	root	_	_
3	some	_	DET	DT	_	4	det	_	_
4	oranges	_	NOUN	NNS	_	2	obj	_	_
5	when	_	ADV	WRB	_	7	advmod	_	_
6	we	_	PRON	PRP	_	7	nsubj	_	_
7	eat	_	VERB	VBP	_	2	advcl	_	_
8	dinner	_	NOUN	NN	_	7	obj	_	_
9	.	_	PUNCT	.	_	2	punct	_	_",
no I'm still doing this one .,"1	no	_	_	_	_	4	discourse	_	_
2	I'm	_	_	_	_	4	nsubj	_	_
3	still	_	_	_	_	4	advmod	_	_
4	doing	_	_	_	_	0	root	_	_
5	this	_	_	_	_	6	det	_	_
6	one	_	_	_	_	4	obj	_	_
7	.	_	_	_	_	4	punct	_	_","1	no	_	INTJ	UH	_	5	discourse	_	_
2	I	_	PRON	PRP	_	5	nsubj	_	_
3	'm	_	AUX	VBP	_	5	aux	_	_
4	still	_	ADV	RB	_	5	advmod	_	_
5	doing	_	VERB	VBG	_	0	root	_	_
6	this	_	DET	DT	_	7	det	_	_
7	one	_	NOUN	NN	_	5	obj	_	_
8	.	_	PUNCT	.	_	5	punct	_	_",
are these uh are juicy ones this juicy paint it's juicy right ?,"1	are	_	_	_	_	6	cop	_	_
2	these	_	_	_	_	6	nsubj	_	_
3	uh	_	_	_	_	6	discourse	_	_
4	are	_	_	_	_	6	cop	_	_
5	juicy	_	_	_	_	6	amod	_	_
6	ones	_	_	_	_	0	root	_	_
7	this	_	_	_	_	9	det	_	_
8	juicy	_	_	_	_	9	amod	_	_
9	paint	_	_	_	_	6	parataxis	_	_
10	it's	_	_	_	_	11	nsubj	_	_
11	juicy	_	_	_	_	6	parataxis	_	_
12	right	_	_	_	_	11	discourse	_	_
13	?	_	_	_	_	6	punct	_	_","1	are	_	AUX	VBP	_	6	cop	_	_
2	these	_	PRON	DT	_	6	nsubj	_	_
3	uh	_	INTJ	UH	_	6	discourse	_	_
4	are	_	AUX	VBP	_	6	cop	_	_
5	juicy	_	ADJ	JJ	_	6	amod	_	_
6	ones	_	NOUN	NNS	_	0	root	_	_
7	this	_	DET	DT	_	9	det	_	_
8	juicy	_	ADJ	JJ	_	9	amod	_	_
9	paint	_	NOUN	NN	_	6	parataxis	_	_
10	it	_	PRON	PRP	_	12	nsubj	_	_
11	's	_	AUX	VBZ	_	12	cop	_	_
12	juicy	_	ADJ	JJ	_	6	parataxis	_	_
13	right	_	ADJ	JJ	_	12	discourse	_	_
14	?	_	PUNCT	.	_	6	punct	_	_",
now it's finished .,"1	now	_	_	_	_	3	advmod	_	_
2	it's	_	_	_	_	3	nsubj	_	_
3	finished	_	_	_	_	0	root	_	_
4	.	_	_	_	_	3	punct	_	_","1	now	_	ADV	RB	_	4	advmod	_	_
2	it	_	PRON	PRP	_	4	nsubj:pass	_	_
3	's	_	AUX	VBZ	_	4	aux:pass	_	_
4	finished	_	VERB	VBN	_	0	root	_	_
5	.	_	PUNCT	.	_	4	punct	_	_",
now it's finished Mom .,"1	now	_	_	_	_	3	advmod	_	_
2	it's	_	_	_	_	3	nsubj	_	_
3	finished	_	_	_	_	0	root	_	_
4	Mom	_	_	_	_	3	vocative	_	_
5	.	_	_	_	_	3	punct	_	_","1	now	_	ADV	RB	_	4	advmod	_	_
2	it	_	PRON	PRP	_	4	nsubj:pass	_	_
3	's	_	AUX	VBZ	_	4	aux:pass	_	_
4	finished	_	VERB	VBN	_	0	root	_	_
5	Mom	_	NOUN	NN	_	4	obj	_	_
6	.	_	PUNCT	.	_	4	punct	_	_",
no no .,"1	no	_	_	_	_	0	root	_	_
2	no	_	_	_	_	1	conj	_	_
3	.	_	_	_	_	1	punct	_	_","1	no	_	INTJ	UH	_	0	root	_	_
2	no	_	INTJ	UH	_	1	discourse	_	_
3	.	_	PUNCT	.	_	1	punct	_	_","1	No	no	INTJ	UH	_	0	root	0:root	_
2	no	no	INTJ	UH	_	1	conj	1:conj	SpaceAfter=No
3	!	!	PUNCT	!	_	1	punct	1:punct	_
"
yeah all through .,"1	yeah	_	_	_	_	3	discourse	_	_
2	all	_	_	_	_	3	advmod	_	_
3	through	_	_	_	_	0	root	_	_
4	.	_	_	_	_	3	punct	_	_","1	yeah	_	INTJ	UH	_	2	discourse	_	_
2	all	_	DET	DT	_	0	root	_	_
3	through	_	ADP	IN	_	2	case	_	_
4	.	_	PUNCT	.	_	2	punct	_	_",
are this this goes on the green one ?,"1	are	_	_	_	_	0	root	_	_
2	this	_	_	_	_	1	nsubj	_	_
3	this	_	_	_	_	4	nsubj	_	_
4	goes	_	_	_	_	1	parataxis	_	_
5	on	_	_	_	_	8	case	_	_
6	the	_	_	_	_	8	det	_	_
7	green	_	_	_	_	8	amod	_	_
8	one	_	_	_	_	4	obl	_	_
9	?	_	_	_	_	4	punct	_	_","1	are	_	AUX	VBP	_	4	aux	_	_
2	this	_	PRON	DT	_	4	nsubj	_	_
3	this	_	PRON	DT	_	4	nsubj	_	_
4	goes	_	VERB	VBZ	_	0	root	_	_
5	on	_	ADP	IN	_	8	case	_	_
6	the	_	DET	DT	_	8	det	_	_
7	green	_	ADJ	JJ	_	8	amod	_	_
8	one	_	NOUN	NN	_	4	obl	_	_
9	?	_	PUNCT	.	_	4	punct	_	_",
do you think that'll work ?,"1	do	_	_	_	_	3	aux	_	_
2	you	_	_	_	_	3	nsubj	_	_
3	think	_	_	_	_	0	root	_	_
4	that'll	_	_	_	_	5	aux	_	_
5	work	_	_	_	_	3	ccomp	_	_
6	?	_	_	_	_	3	punct	_	_","1	do	_	AUX	VBP	_	3	aux	_	_
2	you	_	PRON	PRP	_	3	nsubj	_	_
3	think	_	VERB	VB	_	0	root	_	_
4	that	_	PRON	DT	_	6	nsubj	_	_
5	'll	_	AUX	MD	_	6	aux	_	_
6	work	_	VERB	VB	_	3	ccomp	_	_
7	?	_	PUNCT	.	_	3	punct	_	_",
it's not any good at seven .,"1	it's	_	_	_	_	4	nsubj	_	_
2	not	_	_	_	_	4	advmod	_	_
3	any	_	_	_	_	4	det	_	_
4	good	_	_	_	_	0	root	_	_
5	at	_	_	_	_	6	case	_	_
6	seven	_	_	_	_	4	obl	_	_
7	.	_	_	_	_	4	punct	_	_","1	it	_	PRON	PRP	_	5	nsubj	_	_
2	's	_	AUX	VBZ	_	5	cop	_	_
3	not	_	PART	RB	_	5	advmod	_	_
4	any	_	DET	DT	_	5	det	_	_
5	good	_	ADJ	JJ	_	0	root	_	_
6	at	_	ADP	IN	_	7	case	_	_
7	seven	_	NUM	CD	_	5	obl	_	_
8	.	_	PUNCT	.	_	5	punct	_	_",
where's my burger hat ?,"1	where's	_	_	_	_	0	root	_	_
2	my	_	_	_	_	4	nmod:poss	_	_
3	burger	_	_	_	_	4	compound	_	_
4	hat	_	_	_	_	1	nsubj	_	_
5	?	_	_	_	_	1	punct	_	_","1	where	_	ADV	WRB	_	0	root	_	_
2	's	_	AUX	VBZ	_	1	cop	_	_
3	my	_	PRON	PRP$	_	5	nmod:poss	_	_
4	burger	_	NOUN	NN	_	5	compound	_	_
5	hat	_	NOUN	NN	_	1	nsubj	_	_
6	?	_	PUNCT	.	_	1	punct	_	_",
when people are sick .,"1	when	_	_	_	_	4	mark	_	_
2	people	_	_	_	_	4	nsubj	_	_
3	are	_	_	_	_	4	cop	_	_
4	sick	_	_	_	_	0	root	_	_
5	.	_	_	_	_	4	punct	_	_","1	when	_	ADV	WRB	_	4	advmod	_	_
2	people	_	NOUN	NNS	_	4	nsubj	_	_
3	are	_	AUX	VBP	_	4	cop	_	_
4	sick	_	ADJ	JJ	_	0	root	_	_
5	.	_	PUNCT	.	_	4	punct	_	_",
this can't get up .,"1	this	_	_	_	_	3	nsubj	_	_
2	can't	_	_	_	_	3	aux	_	_
3	get	_	_	_	_	0	root	_	_
4	up	_	_	_	_	3	compound:prt	_	_
5	.	_	_	_	_	3	punct	_	_","1	this	_	PRON	DT	_	4	nsubj	_	_
2	ca	_	AUX	MD	_	4	aux	_	_
3	n't	_	PART	RB	_	4	advmod	_	_
4	get	_	VERB	VB	_	0	root	_	_
5	up	_	ADP	RP	_	4	compound:prt	_	_
6	.	_	PUNCT	.	_	4	punct	_	_",
this can't stand up either .,"1	this	_	_	_	_	3	nsubj	_	_
2	can't	_	_	_	_	3	aux	_	_
3	stand	_	_	_	_	0	root	_	_
4	up	_	_	_	_	3	compound:prt	_	_
5	either	_	_	_	_	3	advmod	_	_
6	.	_	_	_	_	3	punct	_	_","1	this	_	PRON	DT	_	4	nsubj	_	_
2	ca	_	AUX	MD	_	4	aux	_	_
3	n't	_	PART	RB	_	4	advmod	_	_
4	stand	_	VERB	VB	_	0	root	_	_
5	up	_	ADP	RP	_	4	compound:prt	_	_
6	either	_	ADV	RB	_	4	advmod	_	_
7	.	_	PUNCT	.	_	4	punct	_	_",
I I don't wanna go .,"1	I	_	_	_	_	2	reparandum	_	_
2	I	_	_	_	_	4	nsubj	_	_
3	don't	_	_	_	_	4	aux	_	_
4	wanna	_	_	_	_	0	root	_	_
5	go	_	_	_	_	4	xcomp	_	_
6	.	_	_	_	_	4	punct	_	_","1	I	_	PRON	PRP	_	5	nsubj	_	_
2	I	_	PRON	PRP	_	5	nsubj	_	_
3	do	_	AUX	VBP	_	5	aux	_	_
4	n't	_	PART	RB	_	5	advmod	_	_
5	wan	_	VERB	VB	_	0	root	_	_
6	na	_	PART	TO	_	7	mark	_	_
7	go	_	VERB	VB	_	5	xcomp	_	_
8	.	_	PUNCT	.	_	5	punct	_	_",
I'm hammering this .,"1	I'm	_	_	_	_	2	nsubj	_	_
2	hammering	_	_	_	_	0	root	_	_
3	this	_	_	_	_	2	obj	_	_
4	.	_	_	_	_	2	punct	_	_","1	I	_	PRON	PRP	_	3	nsubj	_	_
2	'm	_	AUX	VBP	_	3	aux	_	_
3	hammering	_	VERB	VBG	_	0	root	_	_
4	this	_	PRON	DT	_	3	obj	_	_
5	.	_	PUNCT	.	_	3	punct	_	_",
I'm hammering this too .,"1	I'm	_	_	_	_	2	nsubj	_	_
2	hammering	_	_	_	_	0	root	_	_
3	this	_	_	_	_	2	obj	_	_
4	too	_	_	_	_	2	advmod	_	_
5	.	_	_	_	_	2	punct	_	_","1	I	_	PRON	PRP	_	3	nsubj	_	_
2	'm	_	AUX	VBP	_	3	aux	_	_
3	hammering	_	VERB	VBG	_	0	root	_	_
4	this	_	PRON	DT	_	3	obj	_	_
5	too	_	ADV	RB	_	3	advmod	_	_
6	.	_	PUNCT	.	_	3	punct	_	_",
I wanna wear a jacket like that .,"1	I	_	_	_	_	2	nsubj	_	_
2	wanna	_	_	_	_	0	root	_	_
3	wear	_	_	_	_	2	xcomp	_	_
4	a	_	_	_	_	5	det	_	_
5	jacket	_	_	_	_	3	obj	_	_
6	like	_	_	_	_	7	case	_	_
7	that	_	_	_	_	5	nmod	_	_
8	.	_	_	_	_	2	punct	_	_","1	I	_	PRON	PRP	_	2	nsubj	_	_
2	wan	_	VERB	VBP	_	0	root	_	_
3	na	_	PART	TO	_	4	mark	_	_
4	wear	_	VERB	VB	_	2	xcomp	_	_
5	a	_	DET	DT	_	6	det	_	_
6	jacket	_	NOUN	NN	_	4	obj	_	_
7	like	_	ADP	IN	_	8	case	_	_
8	that	_	PRON	DT	_	4	obl	_	_
9	.	_	PUNCT	.	_	2	punct	_	_",
after this I will after these a lot of things .,"1	after	_	_	_	_	2	case	_	_
2	this	_	_	_	_	4	obl	_	_
3	I	_	_	_	_	4	nsubj	_	_
4	will	_	_	_	_	0	root	_	_
5	after	_	_	_	_	6	case	_	_
6	these	_	_	_	_	8	nmod	_	_
7	a	_	_	_	_	8	det	_	_
8	lot	_	_	_	_	4	obj	_	_
9	of	_	_	_	_	10	case	_	_
10	things	_	_	_	_	8	nmod	_	_
11	.	_	_	_	_	4	punct	_	_","1	after	_	ADP	IN	_	2	case	_	_
2	this	_	PRON	DT	_	4	obl	_	_
3	I	_	PRON	PRP	_	4	nsubj	_	_
4	will	_	AUX	MD	_	0	root	_	_
5	after	_	ADP	IN	_	6	case	_	_
6	these	_	PRON	DT	_	4	obl	_	_
7	a	_	DET	DT	_	8	det	_	_
8	lot	_	NOUN	NN	_	4	obl:unmarked	_	_
9	of	_	ADP	IN	_	10	case	_	_
10	things	_	NOUN	NNS	_	8	nmod	_	_
11	.	_	PUNCT	.	_	4	punct	_	_",
because I wanna get home in time to watch Charlie Brown .,"1	because	_	_	_	_	3	mark	_	_
2	I	_	_	_	_	3	nsubj	_	_
3	wanna	_	_	_	_	0	root	_	_
4	get	_	_	_	_	3	xcomp	_	_
5	home	_	_	_	_	4	advmod	_	_
6	in	_	_	_	_	7	case	_	_
7	time	_	_	_	_	4	obl	_	_
8	to	_	_	_	_	9	mark	_	_
9	watch	_	_	_	_	4	advcl	_	_
10	Charlie	_	_	_	_	9	obj	_	_
11	Brown	_	_	_	_	10	flat	_	_
12	.	_	_	_	_	3	punct	_	_","1	because	_	SCONJ	IN	_	3	mark	_	_
2	I	_	PRON	PRP	_	3	nsubj	_	_
3	wan	_	VERB	VBP	_	0	root	_	_
4	na	_	PART	TO	_	5	mark	_	_
5	get	_	VERB	VB	_	3	xcomp	_	_
6	home	_	ADV	RB	_	5	advmod	_	_
7	in	_	ADP	IN	_	8	case	_	_
8	time	_	NOUN	NN	_	5	obl	_	_
9	to	_	PART	TO	_	10	mark	_	_
10	watch	_	VERB	VB	_	5	advcl	_	_
11	Charlie	_	PROPN	NNP	_	10	obj	_	_
12	Brown	_	PROPN	NNP	_	11	flat	_	_
13	.	_	PUNCT	.	_	3	punct	_	_",
I'm going to hold on to you .,"1	I'm	_	_	_	_	2	nsubj	_	_
2	going	_	_	_	_	0	root	_	_
3	to	_	_	_	_	4	mark	_	_
4	hold	_	_	_	_	2	xcomp	_	_
5	on	_	_	_	_	4	compound:prt	_	_
6	to	_	_	_	_	7	case	_	_
7	you	_	_	_	_	4	obl	_	_
8	.	_	_	_	_	2	punct	_	_","1	I	_	PRON	PRP	_	3	nsubj	_	_
2	'm	_	AUX	VBP	_	3	aux	_	_
3	going	_	VERB	VBG	_	0	root	_	_
4	to	_	PART	TO	_	5	mark	_	_
5	hold	_	VERB	VB	_	3	xcomp	_	_
6	on	_	ADP	RP	_	5	compound:prt	_	_
7	to	_	ADP	IN	_	8	case	_	_
8	you	_	PRON	PRP	_	5	obl	_	_
9	.	_	PUNCT	.	_	3	punct	_	_",
"yeah my new one , where is it ?","1	yeah	_	_	_	_	4	discourse	_	_
2	my	_	_	_	_	4	nmod:poss	_	_
3	new	_	_	_	_	4	amod	_	_
4	one	_	_	_	_	0	root	_	_
5	,	_	_	_	_	6	mark	_	_
6	where	_	_	_	_	4	parataxis	_	_
7	is	_	_	_	_	6	cop	_	_
8	it	_	_	_	_	6	nsubj	_	_
9	?	_	_	_	_	4	punct	_	_","1	yeah	_	INTJ	UH	_	4	discourse	_	_
2	my	_	PRON	PRP$	_	4	nmod:poss	_	_
3	new	_	ADJ	JJ	_	4	amod	_	_
4	one	_	NOUN	NN	_	6	nsubj	_	_
5	,	_	PUNCT	,	_	4	punct	_	_
6	where	_	ADV	WRB	_	0	root	_	_
7	is	_	AUX	VBZ	_	6	cop	_	_
8	it	_	PRON	PRP	_	7	nsubj	_	_
9	?	_	PUNCT	.	_	4	punct	_	_",
I don't know .,"1	I	_	_	_	_	3	nsubj	_	_
2	don't	_	_	_	_	3	aux	_	_
3	know	_	_	_	_	0	root	_	_
4	.	_	_	_	_	3	punct	_	_","1	I	_	PRON	PRP	_	4	nsubj	_	_
2	do	_	AUX	VBP	_	4	aux	_	_
3	n't	_	PART	RB	_	4	advmod	_	_
4	know	_	VERB	VB	_	0	root	_	_
5	.	_	PUNCT	.	_	4	punct	_	_",
don't get a lot of stuff .,"1	don't	_	_	_	_	2	aux	_	_
2	get	_	_	_	_	0	root	_	_
3	a	_	_	_	_	4	det	_	_
4	lot	_	_	_	_	2	obj	_	_
5	of	_	_	_	_	6	case	_	_
6	stuff	_	_	_	_	4	nmod	_	_
7	.	_	_	_	_	2	punct	_	_","1	do	_	AUX	VB	_	3	aux	_	_
2	n't	_	PART	RB	_	3	advmod	_	_
3	get	_	VERB	VB	_	0	root	_	_
4	a	_	DET	DT	_	5	det	_	_
5	lot	_	NOUN	NN	_	3	obj	_	_
6	of	_	ADP	IN	_	7	case	_	_
7	stuff	_	NOUN	NN	_	5	nmod	_	_
8	.	_	PUNCT	.	_	3	punct	_	_",
I wanna go .,"1	I	_	_	_	_	2	nsubj	_	_
2	wanna	_	_	_	_	0	root	_	_
3	go	_	_	_	_	2	xcomp	_	_
4	.	_	_	_	_	2	punct	_	_","1	I	_	PRON	PRP	_	2	nsubj	_	_
2	wan	_	VERB	VBP	_	0	root	_	_
3	na	_	PART	TO	_	4	mark	_	_
4	go	_	VERB	VB	_	2	xcomp	_	_
5	.	_	PUNCT	.	_	2	punct	_	_",
I'm too heavy ?,"1	I'm	_	_	_	_	3	nsubj	_	_
2	too	_	_	_	_	3	advmod	_	_
3	heavy	_	_	_	_	0	root	_	_
4	?	_	_	_	_	3	punct	_	_","1	I	_	PRON	PRP	_	4	nsubj	_	_
2	'm	_	AUX	VBP	_	4	cop	_	_
3	too	_	ADV	RB	_	4	advmod	_	_
4	heavy	_	ADJ	JJ	_	0	root	_	_
5	?	_	PUNCT	.	_	4	punct	_	_",
sure here you go .,"1	sure	_	_	_	_	4	discourse	_	_
2	here	_	_	_	_	4	advmod	_	_
3	you	_	_	_	_	4	nsubj	_	_
4	go	_	_	_	_	0	root	_	_
5	.	_	_	_	_	4	punct	_	_","1	sure	_	ADJ	JJ	_	0	root	_	_
2	here	_	ADV	RB	_	1	advmod	_	_
3	you	_	PRON	PRP	_	4	nsubj	_	_
4	go	_	VERB	VBP	_	1	ccomp	_	_
5	.	_	PUNCT	.	_	1	punct	_	_",
I didn't know about that .,"1	I	_	_	_	_	3	nsubj	_	_
2	didn't	_	_	_	_	3	aux	_	_
3	know	_	_	_	_	0	root	_	_
4	about	_	_	_	_	5	case	_	_
5	that	_	_	_	_	3	obl	_	_
6	.	_	_	_	_	3	punct	_	_","1	I	_	PRON	PRP	_	4	nsubj	_	_
2	did	_	AUX	VBD	_	4	aux	_	_
3	n't	_	PART	RB	_	4	advmod	_	_
4	know	_	VERB	VB	_	0	root	_	_
5	about	_	ADP	IN	_	6	case	_	_
6	that	_	PRON	DT	_	4	obl	_	_
7	.	_	PUNCT	.	_	4	punct	_	_",
these are both big .,"1	these	_	_	_	_	4	nsubj	_	_
2	are	_	_	_	_	4	cop	_	_
3	both	_	_	_	_	4	advmod	_	_
4	big	_	_	_	_	0	root	_	_
5	.	_	_	_	_	4	punct	_	_","1	these	_	PRON	DT	_	4	nsubj	_	_
2	are	_	AUX	VBP	_	4	cop	_	_
3	both	_	CCONJ	CC	_	4	cc:preconj	_	_
4	big	_	ADJ	JJ	_	0	root	_	_
5	.	_	PUNCT	.	_	4	punct	_	_",
I need somebody to come with me .,"1	I	_	_	_	_	2	nsubj	_	_
2	need	_	_	_	_	0	root	_	_
3	somebody	_	_	_	_	2	obj	_	_
4	to	_	_	_	_	5	mark	_	_
5	come	_	_	_	_	2	xcomp	_	_
6	with	_	_	_	_	7	case	_	_
7	me	_	_	_	_	5	obl	_	_
8	.	_	_	_	_	2	punct	_	_","1	I	_	PRON	PRP	_	2	nsubj	_	_
2	need	_	VERB	VBP	_	0	root	_	_
3	somebody	_	PRON	NN	_	2	obj	_	_
4	to	_	PART	TO	_	5	mark	_	_
5	come	_	VERB	VB	_	3	acl	_	_
6	with	_	ADP	IN	_	7	case	_	_
7	me	_	PRON	PRP	_	5	obl	_	_
8	.	_	PUNCT	.	_	2	punct	_	_",
I don't know .,"1	I	_	_	_	_	3	nsubj	_	_
2	don't	_	_	_	_	3	aux	_	_
3	know	_	_	_	_	0	root	_	_
4	.	_	_	_	_	3	punct	_	_","1	I	_	PRON	PRP	_	4	nsubj	_	_
2	do	_	AUX	VBP	_	4	aux	_	_
3	n't	_	PART	RB	_	4	advmod	_	_
4	know	_	VERB	VB	_	0	root	_	_
5	.	_	PUNCT	.	_	4	punct	_	_",
I think I feel any not any good .,"1	I	_	_	_	_	2	nsubj	_	_
2	think	_	_	_	_	0	root	_	_
3	I	_	_	_	_	4	nsubj	_	_
4	feel	_	_	_	_	2	ccomp	_	_
5	any	_	_	_	_	8	reparandum	_	_
6	not	_	_	_	_	7	advmod	_	_
7	any	_	_	_	_	8	det	_	_
8	good	_	_	_	_	4	xcomp	_	_
9	.	_	_	_	_	2	punct	_	_","1	I	_	PRON	PRP	_	2	nsubj	_	_
2	think	_	VERB	VBP	_	0	root	_	_
3	I	_	PRON	PRP	_	4	nsubj	_	_
4	feel	_	VERB	VBP	_	2	ccomp	_	_
5	any	_	DET	DT	_	8	det	_	_
6	not	_	PART	RB	_	8	advmod	_	_
7	any	_	DET	DT	_	8	det	_	_
8	good	_	ADJ	JJ	_	4	xcomp	_	_
9	.	_	PUNCT	.	_	2	punct	_	_",
I feel safe when someone's watching you watching me .,"1	I	_	_	_	_	2	nsubj	_	_
2	feel	_	_	_	_	0	root	_	_
3	safe	_	_	_	_	2	xcomp	_	_
4	when	_	_	_	_	6	mark	_	_
5	someone's	_	_	_	_	6	nsubj	_	_
6	watching	_	_	_	_	2	advcl	_	_
7	you	_	_	_	_	6	nsubj	_	_
8	watching	_	_	_	_	6	advcl	_	_
9	me	_	_	_	_	8	obj	_	_
10	.	_	_	_	_	2	punct	_	_","1	I	_	PRON	PRP	_	2	nsubj	_	_
2	feel	_	VERB	VBP	_	0	root	_	_
3	safe	_	ADJ	JJ	_	2	xcomp	_	_
4	when	_	ADV	WRB	_	7	advmod	_	_
5	someone	_	PRON	NN	_	7	nsubj	_	_
6	's	_	AUX	VBZ	_	7	aux	_	_
7	watching	_	VERB	VBG	_	2	advcl	_	_
8	you	_	PRON	PRP	_	7	obj	_	_
9	watching	_	VERB	VBG	_	7	xcomp	_	_
10	me	_	PRON	PRP	_	9	obj	_	_
11	.	_	PUNCT	.	_	2	punct	_	_",
I don't know who did it ?,"1	I	_	_	_	_	3	nsubj	_	_
2	don't	_	_	_	_	3	aux	_	_
3	know	_	_	_	_	0	root	_	_
4	who	_	_	_	_	5	nsubj	_	_
5	did	_	_	_	_	3	ccomp	_	_
6	it	_	_	_	_	5	obj	_	_
7	?	_	_	_	_	3	punct	_	_","1	I	_	PRON	PRP	_	4	nsubj	_	_
2	do	_	AUX	VBP	_	4	aux	_	_
3	n't	_	PART	RB	_	4	advmod	_	_
4	know	_	VERB	VB	_	0	root	_	_
5	who	_	PRON	WP	_	6	nsubj	_	_
6	did	_	AUX	VBD	_	4	ccomp	_	_
7	it	_	PRON	PRP	_	6	nsubj	_	_
8	?	_	PUNCT	.	_	4	punct	_	_",
he didn't say anything .,"1	he	_	_	_	_	3	nsubj	_	_
2	didn't	_	_	_	_	3	aux	_	_
3	say	_	_	_	_	0	root	_	_
4	anything	_	_	_	_	3	obj	_	_
5	.	_	_	_	_	3	punct	_	_","1	he	_	PRON	PRP	_	4	nsubj	_	_
2	did	_	AUX	VBD	_	4	aux	_	_
3	n't	_	PART	RB	_	4	advmod	_	_
4	say	_	VERB	VB	_	0	root	_	_
5	anything	_	PRON	NN	_	4	obj	_	_
6	.	_	PUNCT	.	_	4	punct	_	_",
I don't know .,"1	I	_	_	_	_	3	nsubj	_	_
2	don't	_	_	_	_	3	aux	_	_
3	know	_	_	_	_	0	root	_	_
4	.	_	_	_	_	3	punct	_	_","1	I	_	PRON	PRP	_	4	nsubj	_	_
2	do	_	AUX	VBP	_	4	aux	_	_
3	n't	_	PART	RB	_	4	advmod	_	_
4	know	_	VERB	VB	_	0	root	_	_
5	.	_	PUNCT	.	_	4	punct	_	_",
you didn't know what he did .,"1	you	_	_	_	_	3	nsubj	_	_
2	didn't	_	_	_	_	3	aux	_	_
3	know	_	_	_	_	0	root	_	_
4	what	_	_	_	_	6	obj	_	_
5	he	_	_	_	_	6	nsubj	_	_
6	did	_	_	_	_	3	ccomp	_	_
7	.	_	_	_	_	3	punct	_	_","1	you	_	PRON	PRP	_	4	nsubj	_	_
2	did	_	AUX	VBD	_	4	aux	_	_
3	n't	_	PART	RB	_	4	advmod	_	_
4	know	_	VERB	VB	_	0	root	_	_
5	what	_	PRON	WP	_	4	obj	_	_
6	he	_	PRON	PRP	_	7	nsubj	_	_
7	did	_	AUX	VBD	_	5	acl:relcl	_	_
8	.	_	PUNCT	.	_	4	punct	_	_",
I don't want it .,"1	I	_	_	_	_	3	nsubj	_	_
2	don't	_	_	_	_	3	aux	_	_
3	want	_	_	_	_	0	root	_	_
4	it	_	_	_	_	3	obj	_	_
5	.	_	_	_	_	3	punct	_	_","1	I	_	PRON	PRP	_	4	nsubj	_	_
2	do	_	AUX	VBP	_	4	aux	_	_
3	n't	_	PART	RB	_	4	advmod	_	_
4	want	_	VERB	VB	_	0	root	_	_
5	it	_	PRON	PRP	_	4	obj	_	_
6	.	_	PUNCT	.	_	4	punct	_	_",
what's crisp ?,"1	what's	_	_	_	_	2	nsubj	_	_
2	crisp	_	_	_	_	0	root	_	_
3	?	_	_	_	_	2	punct	_	_","1	what	_	PRON	WP	_	3	nsubj	_	_
2	's	_	AUX	VBZ	_	3	cop	_	_
3	crisp	_	ADJ	JJ	_	0	root	_	_
4	?	_	PUNCT	.	_	3	punct	_	_",
that's crisp can you get up ?,"1	that's	_	_	_	_	2	nsubj	_	_
2	crisp	_	_	_	_	0	root	_	_
3	can	_	_	_	_	5	aux	_	_
4	you	_	_	_	_	5	nsubj	_	_
5	get	_	_	_	_	2	parataxis	_	_
6	up	_	_	_	_	5	compound:prt	_	_
7	?	_	_	_	_	2	punct	_	_","1	that	_	PRON	DT	_	3	nsubj	_	_
2	's	_	AUX	VBZ	_	3	cop	_	_
3	crisp	_	ADJ	JJ	_	6	advmod	_	_
4	can	_	AUX	MD	_	6	aux	_	_
5	you	_	PRON	PRP	_	6	nsubj	_	_
6	get	_	VERB	VB	_	0	root	_	_
7	up	_	ADP	RP	_	6	compound:prt	_	_
8	?	_	PUNCT	.	_	6	punct	_	_",
I wanna see Snoopy .,"1	I	_	_	_	_	2	nsubj	_	_
2	wanna	_	_	_	_	0	root	_	_
3	see	_	_	_	_	2	xcomp	_	_
4	Snoopy	_	_	_	_	3	obj	_	_
5	.	_	_	_	_	2	punct	_	_","1	I	_	PRON	PRP	_	2	nsubj	_	_
2	wan	_	VERB	VBP	_	0	root	_	_
3	na	_	PART	TO	_	4	mark	_	_
4	see	_	VERB	VB	_	2	xcomp	_	_
5	Snoopy	_	PROPN	NNP	_	4	obj	_	_
6	.	_	PUNCT	.	_	2	punct	_	_",
yeah he put his nose in .,"1	yeah	_	_	_	_	3	discourse	_	_
2	he	_	_	_	_	3	nsubj	_	_
3	put	_	_	_	_	0	root	_	_
4	his	_	_	_	_	5	nmod:poss	_	_
5	nose	_	_	_	_	3	obj	_	_
6	in	_	_	_	_	3	advmod	_	_
7	.	_	_	_	_	3	punct	_	_","1	yeah	_	INTJ	UH	_	3	discourse	_	_
2	he	_	PRON	PRP	_	3	nsubj	_	_
3	put	_	VERB	VBD	_	0	root	_	_
4	his	_	PRON	PRP$	_	5	nmod:poss	_	_
5	nose	_	NOUN	NN	_	3	obj	_	_
6	in	_	ADP	RP	_	3	compound:prt	_	_
7	.	_	PUNCT	.	_	3	punct	_	_",
I don't know .,"1	I	_	_	_	_	3	nsubj	_	_
2	don't	_	_	_	_	3	aux	_	_
3	know	_	_	_	_	0	root	_	_
4	.	_	_	_	_	3	punct	_	_","1	I	_	PRON	PRP	_	4	nsubj	_	_
2	do	_	AUX	VBP	_	4	aux	_	_
3	n't	_	PART	RB	_	4	advmod	_	_
4	know	_	VERB	VB	_	0	root	_	_
5	.	_	PUNCT	.	_	4	punct	_	_",
he didn't do anything .,"1	he	_	_	_	_	3	nsubj	_	_
2	didn't	_	_	_	_	3	aux	_	_
3	do	_	_	_	_	0	root	_	_
4	anything	_	_	_	_	3	obj	_	_
5	.	_	_	_	_	3	punct	_	_","1	he	_	PRON	PRP	_	4	nsubj	_	_
2	did	_	AUX	VBD	_	4	aux	_	_
3	n't	_	PART	RB	_	4	advmod	_	_
4	do	_	VERB	VB	_	0	root	_	_
5	anything	_	PRON	NN	_	4	obj	_	_
6	.	_	PUNCT	.	_	4	punct	_	_",
I don't know .,"1	I	_	_	_	_	3	nsubj	_	_
2	don't	_	_	_	_	3	aux	_	_
3	know	_	_	_	_	0	root	_	_
4	.	_	_	_	_	3	punct	_	_","1	I	_	PRON	PRP	_	4	nsubj	_	_
2	do	_	AUX	VBP	_	4	aux	_	_
3	n't	_	PART	RB	_	4	advmod	_	_
4	know	_	VERB	VB	_	0	root	_	_
5	.	_	PUNCT	.	_	4	punct	_	_",
what that is it's a turtle .,"1	what	_	_	_	_	0	root	_	_
2	that	_	_	_	_	1	nsubj	_	_
3	is	_	_	_	_	1	cop	_	_
4	it's	_	_	_	_	6	cop	_	_
5	a	_	_	_	_	6	det	_	_
6	turtle	_	_	_	_	1	parataxis	_	_
7	.	_	_	_	_	1	punct	_	_","1	what	_	PRON	WP	_	7	nsubj	_	_
2	that	_	PRON	DT	_	1	nsubj	_	_
3	is	_	AUX	VBZ	_	1	cop	_	_
4	it	_	PRON	PRP	_	7	nsubj	_	_
5	's	_	AUX	VBZ	_	7	cop	_	_
6	a	_	DET	DT	_	7	det	_	_
7	turtle	_	NOUN	NN	_	0	root	_	_
8	.	_	PUNCT	.	_	7	punct	_	_",
you\'re a horse .,"1	you\'re	_	_	_	_	3	cop	_	_
2	a	_	_	_	_	3	det	_	_
3	horse	_	_	_	_	0	root	_	_
4	.	_	_	_	_	3	punct	_	_","1	you\	_	PRON	PRP	_	4	nsubj	_	_
2	're	_	AUX	VBP	_	4	cop	_	_
3	a	_	DET	DT	_	4	det	_	_
4	horse	_	NOUN	NN	_	0	root	_	_
5	.	_	PUNCT	.	_	4	punct	_	_",
you\'re like a horse .,"1	you\'re	_	_	_	_	4	cop	_	_
2	like	_	_	_	_	4	case	_	_
3	a	_	_	_	_	4	det	_	_
4	horse	_	_	_	_	0	root	_	_
5	.	_	_	_	_	4	punct	_	_","1	you\	_	PRON	PRP	_	5	nsubj	_	_
2	're	_	AUX	VBP	_	5	cop	_	_
3	like	_	ADP	IN	_	5	case	_	_
4	a	_	DET	DT	_	5	det	_	_
5	horse	_	NOUN	NN	_	0	root	_	_
6	.	_	PUNCT	.	_	5	punct	_	_",
right Mom ?,"1	right	_	_	_	_	0	root	_	_
2	Mom	_	_	_	_	1	vocative	_	_
3	?	_	_	_	_	1	punct	_	_","1	right	_	ADJ	JJ	_	2	discourse	_	_
2	Mom	_	NOUN	NN	_	0	root	_	_
3	?	_	PUNCT	.	_	2	punct	_	_",
Charlie Brown's on .,"1	Charlie	_	_	_	_	3	nsubj	_	_
2	Brown's	_	_	_	_	3	cop	_	_
3	on	_	_	_	_	0	root	_	_
4	.	_	_	_	_	3	punct	_	_","1	Charlie	_	PROPN	NNP	_	4	nmod:poss	_	_
2	Brown	_	PROPN	NNP	_	1	flat	_	_
3	's	_	PART	POS	_	1	case	_	_
4	on	_	ADV	RB	_	0	root	_	_
5	.	_	PUNCT	.	_	4	punct	_	_",
not when a commercial comes on .,"1	not	_	_	_	_	5	advmod	_	_
2	when	_	_	_	_	5	mark	_	_
3	a	_	_	_	_	4	det	_	_
4	commercial	_	_	_	_	5	nsubj	_	_
5	comes	_	_	_	_	0	root	_	_
6	on	_	_	_	_	5	advmod	_	_
7	.	_	_	_	_	5	punct	_	_","1	not	_	PART	RB	_	5	advmod	_	_
2	when	_	ADV	WRB	_	5	advmod	_	_
3	a	_	DET	DT	_	4	det	_	_
4	commercial	_	NOUN	NN	_	5	nsubj	_	_
5	comes	_	VERB	VBZ	_	0	root	_	_
6	on	_	ADP	RP	_	5	compound:prt	_	_
7	.	_	PUNCT	.	_	2	punct	_	_",
all right .,"1	all	_	_	_	_	0	root	_	_
2	right	_	_	_	_	1	discourse	_	_
3	.	_	_	_	_	1	punct	_	_","1	all	_	DET	DT	_	2	nsubj	_	_
2	right	_	ADJ	JJ	_	0	root	_	_
3	.	_	PUNCT	.	_	2	punct	_	_","1	All	all	DET	DT	_	2	advmod	2:advmod	_
2	right	right	ADV	RB	_	0	root	0:root	SpaceAfter=No
3	.	.	PUNCT	.	_	2	punct	2:punct	_
"
going in there .,"1	going	_	_	_	_	0	root	_	_
2	in	_	_	_	_	3	case	_	_
3	there	_	_	_	_	1	obl	_	_
4	.	_	_	_	_	1	punct	_	_","1	going	_	VERB	VBG	_	0	root	_	_
2	in	_	ADP	IN	_	1	advmod	_	_
3	there	_	ADV	RB	_	1	advmod	_	_
4	.	_	PUNCT	.	_	1	punct	_	_","1	Going	go	VERB	VBG	_	0	root	0:root	_
2	in	in	ADP	IN	_	3	case	3:case	_
3	there	there	ADV	RB	_	1	obl	1:obl:in	SpaceAfter=No
4	.	.	PUNCT	.	_	1	punct	1:punct	_
"
fall down .,"1	fall	_	_	_	_	0	root	_	_
2	down	_	_	_	_	1	advmod	_	_
3	.	_	_	_	_	1	punct	_	_","1	fall	_	VERB	VB	_	0	root	_	_
2	down	_	ADP	RP	_	1	compound:prt	_	_
3	.	_	PUNCT	.	_	1	punct	_	_","1	Fall	fall	VERB	VB	_	0	root	0:root	_
2	down	down	ADP	RP	_	1	compound:prt	1:compound:prt	SpaceAfter=No
3	.	.	PUNCT	.	_	1	punct	1:punct	_
"
I put I put a fire out .,"1	I	_	_	_	_	2	nsubj	_	_
2	put	_	_	_	_	4	reparandum	_	_
3	I	_	_	_	_	4	nsubj	_	_
4	put	_	_	_	_	0	root	_	_
5	a	_	_	_	_	6	det	_	_
6	fire	_	_	_	_	4	obj	_	_
7	out	_	_	_	_	4	compound:prt	_	_
8	.	_	_	_	_	4	punct	_	_","1	I	_	PRON	PRP	_	2	nsubj	_	_
2	put	_	VERB	VBD	_	0	root	_	_
3	I	_	PRON	PRP	_	4	nsubj	_	_
4	put	_	VERB	VBD	_	2	ccomp	_	_
5	a	_	DET	DT	_	6	det	_	_
6	fire	_	NOUN	NN	_	4	obj	_	_
7	out	_	ADP	RP	_	4	compound:prt	_	_
8	.	_	PUNCT	.	_	2	punct	_	_",
it has gone out .,"1	it	_	_	_	_	3	nsubj	_	_
2	has	_	_	_	_	3	aux	_	_
3	gone	_	_	_	_	0	root	_	_
4	out	_	_	_	_	3	advmod	_	_
5	.	_	_	_	_	3	punct	_	_","1	it	_	PRON	PRP	_	3	nsubj	_	_
2	has	_	AUX	VBZ	_	3	aux	_	_
3	gone	_	VERB	VBN	_	0	root	_	_
4	out	_	ADP	RP	_	3	compound:prt	_	_
5	.	_	PUNCT	.	_	3	punct	_	_",
it's it's better .,"1	it's	_	_	_	_	3	reparandum	_	_
2	it's	_	_	_	_	3	cop	_	_
3	better	_	_	_	_	0	root	_	_
4	.	_	_	_	_	3	punct	_	_","1	it	_	PRON	PRP	_	5	nsubj:outer	_	_
2	's	_	AUX	VBZ	_	5	cop	_	_
3	it	_	PRON	PRP	_	5	nsubj	_	_
4	's	_	AUX	VBZ	_	5	cop	_	_
5	better	_	ADJ	JJR	_	0	root	_	_
6	.	_	PUNCT	.	_	5	punct	_	_",
that's the fire engines now .,"1	that's	_	_	_	_	4	nsubj	_	_
2	the	_	_	_	_	4	det	_	_
3	fire	_	_	_	_	4	compound	_	_
4	engines	_	_	_	_	0	root	_	_
5	now	_	_	_	_	4	advmod	_	_
6	.	_	_	_	_	4	punct	_	_","1	that	_	PRON	DT	_	5	nsubj	_	_
2	's	_	AUX	VBZ	_	5	cop	_	_
3	the	_	DET	DT	_	5	det	_	_
4	fire	_	NOUN	NN	_	5	compound	_	_
5	engines	_	NOUN	NNS	_	0	root	_	_
6	now	_	ADV	RB	_	5	advmod	_	_
7	.	_	PUNCT	.	_	5	punct	_	_",
it's better now .,"1	it's	_	_	_	_	2	cop	_	_
2	better	_	_	_	_	0	root	_	_
3	now	_	_	_	_	2	advmod	_	_
4	.	_	_	_	_	2	punct	_	_","1	it	_	PRON	PRP	_	3	nsubj	_	_
2	's	_	AUX	VBZ	_	3	cop	_	_
3	better	_	ADJ	JJR	_	0	root	_	_
4	now	_	ADV	RB	_	3	advmod	_	_
5	.	_	PUNCT	.	_	3	punct	_	_",
it's your chip on fire .,"1	it's	_	_	_	_	3	nsubj	_	_
2	your	_	_	_	_	3	nmod:poss	_	_
3	chip	_	_	_	_	0	root	_	_
4	on	_	_	_	_	5	case	_	_
5	fire	_	_	_	_	3	nmod	_	_
6	.	_	_	_	_	3	punct	_	_","1	it	_	PRON	PRP	_	4	nsubj	_	_
2	's	_	AUX	VBZ	_	4	cop	_	_
3	your	_	PRON	PRP$	_	4	nmod:poss	_	_
4	chip	_	NOUN	NN	_	0	root	_	_
5	on	_	ADP	IN	_	6	case	_	_
6	fire	_	NOUN	NN	_	4	nmod	_	_
7	.	_	PUNCT	.	_	4	punct	_	_",
it's warm now .,"1	it's	_	_	_	_	2	cop	_	_
2	warm	_	_	_	_	0	root	_	_
3	now	_	_	_	_	2	advmod	_	_
4	.	_	_	_	_	2	punct	_	_","1	it	_	PRON	PRP	_	3	nsubj	_	_
2	's	_	AUX	VBZ	_	3	cop	_	_
3	warm	_	ADJ	JJ	_	0	root	_	_
4	now	_	ADV	RB	_	3	advmod	_	_
5	.	_	PUNCT	.	_	3	punct	_	_",
that's funny .,"1	that's	_	_	_	_	2	nsubj	_	_
2	funny	_	_	_	_	0	root	_	_
3	.	_	_	_	_	2	punct	_	_","1	that	_	PRON	DT	_	3	nsubj	_	_
2	's	_	AUX	VBZ	_	3	cop	_	_
3	funny	_	ADJ	JJ	_	0	root	_	_
4	.	_	PUNCT	.	_	3	punct	_	_",
it's not .,"1	it's	_	_	_	_	2	nsubj	_	_
2	not	_	_	_	_	0	root	_	_
3	.	_	_	_	_	2	punct	_	_","1	it	_	PRON	PRP	_	2	nsubj	_	_
2	's	_	AUX	VBZ	_	0	root	_	_
3	not	_	PART	RB	_	2	advmod	_	_
4	.	_	PUNCT	.	_	2	punct	_	_",
your chip's on fire .,"1	your	_	_	_	_	2	nmod:poss	_	_
2	chip's	_	_	_	_	4	nsubj	_	_
3	on	_	_	_	_	4	case	_	_
4	fire	_	_	_	_	0	root	_	_
5	.	_	_	_	_	4	punct	_	_","1	your	_	PRON	PRP$	_	2	nmod:poss	_	_
2	chip	_	NOUN	NN	_	5	nsubj	_	_
3	's	_	AUX	VBZ	_	5	cop	_	_
4	on	_	ADP	IN	_	5	case	_	_
5	fire	_	NOUN	NN	_	0	root	_	_
6	.	_	PUNCT	.	_	5	punct	_	_",
"your chip's on fire , Aunty Mabel .","1	your	_	_	_	_	2	nmod:poss	_	_
2	chip's	_	_	_	_	4	nsubj	_	_
3	on	_	_	_	_	4	case	_	_
4	fire	_	_	_	_	0	root	_	_
5	,	_	_	_	_	4	discourse	_	_
6	Aunty	_	_	_	_	4	vocative	_	_
7	Mabel	_	_	_	_	6	flat	_	_
8	.	_	_	_	_	4	punct	_	_","1	your	_	PRON	PRP$	_	2	nmod:poss	_	_
2	chip	_	NOUN	NN	_	5	nsubj	_	_
3	's	_	AUX	VBZ	_	5	cop	_	_
4	on	_	ADP	IN	_	5	case	_	_
5	fire	_	NOUN	NN	_	0	root	_	_
6	,	_	PUNCT	,	_	7	punct	_	_
7	Aunty	_	PROPN	NNP	_	5	vocative	_	_
8	Mabel	_	PROPN	NNP	_	7	flat	_	_
9	.	_	PUNCT	.	_	5	punct	_	_",
that's Mummy's laugh .,"1	that's	_	_	_	_	3	cop	_	_
2	Mummy's	_	_	_	_	3	nmod:poss	_	_
3	laugh	_	_	_	_	0	root	_	_
4	.	_	_	_	_	3	punct	_	_","1	that	_	PRON	DT	_	5	nsubj	_	_
2	's	_	AUX	VBZ	_	5	cop	_	_
3	Mummy	_	PROPN	NNP	_	5	nmod:poss	_	_
4	's	_	PART	POS	_	3	case	_	_
5	laugh	_	NOUN	NN	_	0	root	_	_
6	.	_	PUNCT	.	_	5	punct	_	_",
oh yes yes .,"1	oh	_	_	_	_	0	root	_	_
2	yes	_	_	_	_	1	discourse	_	_
3	yes	_	_	_	_	2	conj	_	_
4	.	_	_	_	_	1	punct	_	_","1	oh	_	INTJ	UH	_	2	discourse	_	_
2	yes	_	INTJ	UH	_	3	discourse	_	_
3	yes	_	INTJ	UH	_	0	root	_	_
4	.	_	PUNCT	.	_	2	punct	_	_",
it's a fire .,"1	it's	_	_	_	_	3	cop	_	_
2	a	_	_	_	_	3	det	_	_
3	fire	_	_	_	_	0	root	_	_
4	.	_	_	_	_	3	punct	_	_","1	it	_	PRON	PRP	_	4	nsubj	_	_
2	's	_	AUX	VBZ	_	4	cop	_	_
3	a	_	DET	DT	_	4	det	_	_
4	fire	_	NOUN	NN	_	0	root	_	_
5	.	_	PUNCT	.	_	4	punct	_	_",
it's a fire .,"1	it's	_	_	_	_	3	cop	_	_
2	a	_	_	_	_	3	det	_	_
3	fire	_	_	_	_	0	root	_	_
4	.	_	_	_	_	3	punct	_	_","1	it	_	PRON	PRP	_	4	nsubj	_	_
2	's	_	AUX	VBZ	_	4	cop	_	_
3	a	_	DET	DT	_	4	det	_	_
4	fire	_	NOUN	NN	_	0	root	_	_
5	.	_	PUNCT	.	_	4	punct	_	_",
no no .,"1	no	_	_	_	_	0	root	_	_
2	no	_	_	_	_	1	conj	_	_
3	.	_	_	_	_	1	punct	_	_","1	no	_	INTJ	UH	_	0	root	_	_
2	no	_	INTJ	UH	_	1	discourse	_	_
3	.	_	PUNCT	.	_	1	punct	_	_","1	No	no	INTJ	UH	_	0	root	0:root	_
2	no	no	INTJ	UH	_	1	conj	1:conj	SpaceAfter=No
3	!	!	PUNCT	!	_	1	punct	1:punct	_
"
no no no .,"1	no	_	_	_	_	0	root	_	_
2	no	_	_	_	_	1	conj	_	_
3	no	_	_	_	_	1	conj	_	_
4	.	_	_	_	_	1	punct	_	_","1	no	_	INTJ	UH	_	0	root	_	_
2	no	_	INTJ	UH	_	1	discourse	_	_
3	no	_	INTJ	UH	_	1	discourse	_	_
4	.	_	PUNCT	.	_	1	punct	_	_","1	No	no	INTJ	UH	_	0	root	0:root	_
2	no	no	INTJ	UH	_	1	conj	1:conj	_
3	no	no	INTJ	UH	_	1	conj	1:conj	SpaceAfter=No
4	.	.	PUNCT	.	_	1	punct	1:punct	_
"
no no .,"1	no	_	_	_	_	0	root	_	_
2	no	_	_	_	_	1	conj	_	_
3	.	_	_	_	_	1	punct	_	_","1	no	_	INTJ	UH	_	0	root	_	_
2	no	_	INTJ	UH	_	1	discourse	_	_
3	.	_	PUNCT	.	_	1	punct	_	_","1	No	no	INTJ	UH	_	0	root	0:root	_
2	no	no	INTJ	UH	_	1	conj	1:conj	SpaceAfter=No
3	!	!	PUNCT	!	_	1	punct	1:punct	_
"
"Mummy , it's upside down .","1	Mummy	_	_	_	_	5	vocative	_	_
2	,	_	_	_	_	4	fixed	_	_
3	it's	_	_	_	_	5	nsubj	_	_
4	upside	_	_	_	_	0	root	_	_
5	down	_	_	_	_	4	fixed	_	_
6	.	_	_	_	_	4	punct	_	_","1	Mummy	_	NOUN	NN	_	5	vocative	_	_
2	,	_	PUNCT	,	_	1	punct	_	_
3	it	_	PRON	PRP	_	5	nsubj	_	_
4	's	_	AUX	VBZ	_	5	cop	_	_
5	upside	_	ADJ	JJ	_	0	root	_	_
6	down	_	ADP	RP	_	5	advmod	_	_
7	.	_	PUNCT	.	_	5	punct	_	_",
it's I'm upside down .,"1	it's	_	_	_	_	3	reparandum	_	_
2	I'm	_	_	_	_	3	cop	_	_
3	upside	_	_	_	_	0	root	_	_
4	down	_	_	_	_	3	fixed	_	_
5	.	_	_	_	_	1	punct	_	_","1	it	_	PRON	PRP	_	5	nsubj:outer	_	_
2	's	_	AUX	VBZ	_	5	cop	_	_
3	I	_	PRON	PRP	_	5	nsubj	_	_
4	'm	_	AUX	VBP	_	5	cop	_	_
5	upside	_	ADJ	JJ	_	0	root	_	_
6	down	_	ADP	RP	_	5	advmod	_	_
7	.	_	PUNCT	.	_	5	punct	_	_",
oh that's not fair .,"1	oh	_	_	_	_	4	discourse	_	_
2	that's	_	_	_	_	4	cop	_	_
3	not	_	_	_	_	4	advmod	_	_
4	fair	_	_	_	_	0	root	_	_
5	.	_	_	_	_	4	punct	_	_","1	oh	_	INTJ	UH	_	5	discourse	_	_
2	that	_	PRON	DT	_	5	nsubj	_	_
3	's	_	AUX	VBZ	_	5	cop	_	_
4	not	_	PART	RB	_	5	advmod	_	_
5	fair	_	ADJ	JJ	_	0	root	_	_
6	.	_	PUNCT	.	_	5	punct	_	_",
no no .,"1	no	_	_	_	_	0	root	_	_
2	no	_	_	_	_	1	conj	_	_
3	.	_	_	_	_	1	punct	_	_","1	no	_	INTJ	UH	_	0	root	_	_
2	no	_	INTJ	UH	_	1	discourse	_	_
3	.	_	PUNCT	.	_	1	punct	_	_","1	No	no	INTJ	UH	_	0	root	0:root	_
2	no	no	INTJ	UH	_	1	conj	1:conj	SpaceAfter=No
3	!	!	PUNCT	!	_	1	punct	1:punct	_
"
no no .,"1	no	_	_	_	_	0	root	_	_
2	no	_	_	_	_	1	conj	_	_
3	.	_	_	_	_	1	punct	_	_","1	no	_	INTJ	UH	_	0	root	_	_
2	no	_	INTJ	UH	_	1	discourse	_	_
3	.	_	PUNCT	.	_	1	punct	_	_","1	No	no	INTJ	UH	_	0	root	0:root	_
2	no	no	INTJ	UH	_	1	conj	1:conj	SpaceAfter=No
3	!	!	PUNCT	!	_	1	punct	1:punct	_
"
it's a Teletubbie .,"1	it's	_	_	_	_	3	cop	_	_
2	a	_	_	_	_	3	det	_	_
3	Teletubbie	_	_	_	_	0	root	_	_
4	.	_	_	_	_	3	punct	_	_","1	it	_	PRON	PRP	_	4	nsubj	_	_
2	's	_	AUX	VBZ	_	4	cop	_	_
3	a	_	DET	DT	_	4	det	_	_
4	Teletubbie	_	PROPN	NNP	_	0	root	_	_
5	.	_	PUNCT	.	_	4	punct	_	_",
he's eating those Smarties .,"1	he's	_	_	_	_	2	nsubj	_	_
2	eating	_	_	_	_	0	root	_	_
3	those	_	_	_	_	4	det	_	_
4	Smarties	_	_	_	_	2	obj	_	_
5	.	_	_	_	_	2	punct	_	_","1	he	_	PRON	PRP	_	3	nsubj	_	_
2	's	_	AUX	VBZ	_	3	aux	_	_
3	eating	_	VERB	VBG	_	0	root	_	_
4	those	_	DET	DT	_	5	det	_	_
5	Smarties	_	PROPN	NNPS	_	3	obj	_	_
6	.	_	PUNCT	.	_	3	punct	_	_",
I'm not .,"1	I'm	_	_	_	_	2	nsubj	_	_
2	not	_	_	_	_	0	root	_	_
3	.	_	_	_	_	2	punct	_	_","1	I	_	PRON	PRP	_	2	nsubj	_	_
2	'm	_	AUX	VBP	_	0	root	_	_
3	not	_	PART	RB	_	2	advmod	_	_
4	.	_	PUNCT	.	_	2	punct	_	_",
where's where's Aunty Mabel ?,"1	where's	_	_	_	_	2	reparandum	_	_
2	where's	_	_	_	_	0	root	_	_
3	Aunty	_	_	_	_	2	nsubj	_	_
4	Mabel	_	_	_	_	3	flat	_	_
5	?	_	_	_	_	2	punct	_	_","1	where	_	ADV	WRB	_	0	root	_	_
2	's	_	AUX	VBZ	_	1	cop	_	_
3	where	_	ADV	WRB	_	1	nsubj	_	_
4	's	_	AUX	VBZ	_	3	cop	_	_
5	Aunty	_	PROPN	NNP	_	3	nsubj	_	_
6	Mabel	_	PROPN	NNP	_	5	flat	_	_
7	?	_	PUNCT	.	_	1	punct	_	_",
it's that little one eating lemons .,"1	it's	_	_	_	_	4	nsubj	_	_
2	that	_	_	_	_	4	det	_	_
3	little	_	_	_	_	4	amod	_	_
4	one	_	_	_	_	0	root	_	_
5	eating	_	_	_	_	4	acl	_	_
6	lemons	_	_	_	_	5	obj	_	_
7	.	_	_	_	_	4	punct	_	_","1	it	_	PRON	PRP	_	5	nsubj	_	_
2	's	_	AUX	VBZ	_	5	cop	_	_
3	that	_	DET	DT	_	5	det	_	_
4	little	_	ADJ	JJ	_	5	amod	_	_
5	one	_	NOUN	NN	_	0	root	_	_
6	eating	_	VERB	VBG	_	5	acl	_	_
7	lemons	_	NOUN	NNS	_	6	obj	_	_
8	.	_	PUNCT	.	_	5	punct	_	_",
it's a long way away .,"1	it's	_	_	_	_	4	cop	_	_
2	a	_	_	_	_	4	det	_	_
3	long	_	_	_	_	4	amod	_	_
4	way	_	_	_	_	0	root	_	_
5	away	_	_	_	_	4	advmod	_	_
6	.	_	_	_	_	4	punct	_	_","1	it	_	PRON	PRP	_	6	nsubj	_	_
2	's	_	AUX	VBZ	_	6	cop	_	_
3	a	_	DET	DT	_	5	det	_	_
4	long	_	ADJ	JJ	_	5	amod	_	_
5	way	_	NOUN	NN	_	6	obl:unmarked	_	_
6	away	_	ADV	RB	_	0	root	_	_
7	.	_	PUNCT	.	_	6	punct	_	_",
Postman Fireman Sam's up in the air .,"1	Postman	_	_	_	_	4	nsubj	_	_
2	Fireman	_	_	_	_	1	conj	_	_
3	Sam's	_	_	_	_	4	nsubj	_	_
4	up	_	_	_	_	0	root	_	_
5	in	_	_	_	_	7	case	_	_
6	the	_	_	_	_	7	det	_	_
7	air	_	_	_	_	4	obl	_	_
8	.	_	_	_	_	4	punct	_	_","1	Postman	_	PROPN	NNP	_	5	nsubj	_	_
2	Fireman	_	PROPN	NNP	_	1	flat	_	_
3	Sam	_	PROPN	NNP	_	1	flat	_	_
4	's	_	AUX	VBZ	_	5	cop	_	_
5	up	_	ADV	RB	_	0	root	_	_
6	in	_	ADP	IN	_	8	case	_	_
7	the	_	DET	DT	_	8	det	_	_
8	air	_	NOUN	NN	_	5	obl	_	_
9	.	_	PUNCT	.	_	5	punct	_	_",
there you are .,"1	there	_	_	_	_	0	root	_	_
2	you	_	_	_	_	1	nsubj	_	_
3	are	_	_	_	_	1	cop	_	_
4	.	_	_	_	_	1	punct	_	_","1	there	_	PRON	EX	_	3	expl	_	_
2	you	_	PRON	PRP	_	3	nsubj	_	_
3	are	_	AUX	VBP	_	0	root	_	_
4	.	_	PUNCT	.	_	3	punct	_	_","1	There	there	PRON	EX	_	0	root	0:root	_
2	you	you	PRON	PRP	_	1	nsubj	1:nsubj	_
3	are	be	AUX	VBP	_	1	cop	1:cop	SpaceAfter=No
4	.	.	PUNCT	.	_	1	punct	1:punct	_
"
what's that ?,"1	what's	_	_	_	_	0	root	_	_
2	that	_	_	_	_	1	nsubj	_	_
3	?	_	_	_	_	1	punct	_	_","1	what	_	PRON	WP	_	0	root	_	_
2	's	_	AUX	VBZ	_	1	cop	_	_
3	that	_	PRON	DT	_	1	nsubj	_	_
4	?	_	PUNCT	.	_	1	punct	_	_",
La La's coming there .,"1	La	_	_	_	_	3	nsubj	_	_
2	La's	_	_	_	_	3	nsubj	_	_
3	coming	_	_	_	_	0	root	_	_
4	there	_	_	_	_	3	advmod	_	_
5	.	_	_	_	_	3	punct	_	_","1	La	_	PROPN	NNP	_	4	nsubj	_	_
2	La	_	PROPN	NNP	_	1	flat	_	_
3	's	_	PART	POS	_	1	case	_	_
4	coming	_	VERB	VBG	_	0	root	_	_
5	there	_	ADV	RB	_	4	advmod	_	_
6	.	_	PUNCT	.	_	4	punct	_	_",
it's warm .,"1	it's	_	_	_	_	2	nsubj	_	_
2	warm	_	_	_	_	0	root	_	_
3	.	_	_	_	_	2	punct	_	_","1	it	_	PRON	PRP	_	3	nsubj	_	_
2	's	_	AUX	VBZ	_	3	cop	_	_
3	warm	_	ADJ	JJ	_	0	root	_	_
4	.	_	PUNCT	.	_	3	punct	_	_",
they're going to sing Happy Birthday .,"1	they're	_	_	_	_	2	nsubj	_	_
2	going	_	_	_	_	0	root	_	_
3	to	_	_	_	_	4	mark	_	_
4	sing	_	_	_	_	2	xcomp	_	_
5	Happy	_	_	_	_	6	amod	_	_
6	Birthday	_	_	_	_	4	obj	_	_
7	.	_	_	_	_	2	punct	_	_","1	they	_	PRON	PRP	_	3	nsubj	_	_
2	're	_	AUX	VBP	_	3	aux	_	_
3	going	_	VERB	VBG	_	0	root	_	_
4	to	_	PART	TO	_	5	mark	_	_
5	sing	_	VERB	VB	_	3	xcomp	_	_
6	Happy	_	ADJ	JJ	_	7	amod	_	_
7	Birthday	_	PROPN	NNP	_	5	obj	_	_
8	.	_	PUNCT	.	_	3	punct	_	_",
I'm the kangaroo .,"1	I'm	_	_	_	_	3	cop	_	_
2	the	_	_	_	_	3	det	_	_
3	kangaroo	_	_	_	_	0	root	_	_
4	.	_	_	_	_	3	punct	_	_","1	I	_	PRON	PRP	_	4	nsubj	_	_
2	'm	_	AUX	VBP	_	4	cop	_	_
3	the	_	DET	DT	_	4	det	_	_
4	kangaroo	_	NOUN	NN	_	0	root	_	_
5	.	_	PUNCT	.	_	4	punct	_	_",
I'm the turtle .,"1	I'm	_	_	_	_	3	cop	_	_
2	the	_	_	_	_	3	det	_	_
3	turtle	_	_	_	_	0	root	_	_
4	.	_	_	_	_	3	punct	_	_","1	I	_	PRON	PRP	_	4	nsubj	_	_
2	'm	_	AUX	VBP	_	4	cop	_	_
3	the	_	DET	DT	_	4	det	_	_
4	turtle	_	NOUN	NN	_	0	root	_	_
5	.	_	PUNCT	.	_	4	punct	_	_",
I'm Dinky the doggie .,"1	I'm	_	_	_	_	2	cop	_	_
2	Dinky	_	_	_	_	0	root	_	_
3	the	_	_	_	_	4	det	_	_
4	doggie	_	_	_	_	2	appos	_	_
5	.	_	_	_	_	2	punct	_	_","1	I	_	PRON	PRP	_	3	nsubj	_	_
2	'm	_	AUX	VBP	_	5	cop	_	_
3	Dinky	_	PROPN	NNP	_	5	nmod:poss	_	_
4	the	_	DET	DT	_	5	det	_	_
5	doggie	_	NOUN	NN	_	0	root	_	_
6	.	_	PUNCT	.	_	3	punct	_	_",
Marky's going to be Dinky .,"1	Marky's	_	_	_	_	2	nsubj	_	_
2	going	_	_	_	_	0	root	_	_
3	to	_	_	_	_	5	mark	_	_
4	be	_	_	_	_	5	cop	_	_
5	Dinky	_	_	_	_	2	xcomp	_	_
6	.	_	_	_	_	2	punct	_	_","1	Marky	_	PROPN	NNP	_	3	nsubj	_	_
2	's	_	AUX	VBZ	_	3	aux	_	_
3	going	_	VERB	VBG	_	0	root	_	_
4	to	_	PART	TO	_	6	mark	_	_
5	be	_	AUX	VB	_	6	cop	_	_
6	Dinky	_	PROPN	NNP	_	3	xcomp	_	_
7	.	_	PUNCT	.	_	3	punct	_	_",
"no , Marky's going to be a baby .","1	no	_	_	_	_	4	discourse	_	_
2	,	_	_	_	_	4	mark	_	_
3	Marky's	_	_	_	_	4	nsubj	_	_
4	going	_	_	_	_	0	root	_	_
5	to	_	_	_	_	8	mark	_	_
6	be	_	_	_	_	8	cop	_	_
7	a	_	_	_	_	8	det	_	_
8	baby	_	_	_	_	4	xcomp	_	_
9	.	_	_	_	_	4	punct	_	_","1	no	_	INTJ	UH	_	5	discourse	_	_
2	,	_	PUNCT	,	_	1	punct	_	_
3	Marky	_	PROPN	NNP	_	5	nsubj	_	_
4	's	_	AUX	VBZ	_	5	aux	_	_
5	going	_	VERB	VBG	_	0	root	_	_
6	to	_	PART	TO	_	9	mark	_	_
7	be	_	AUX	VB	_	9	cop	_	_
8	a	_	DET	DT	_	9	det	_	_
9	baby	_	NOUN	NN	_	5	xcomp	_	_
10	.	_	PUNCT	.	_	5	punct	_	_",
Marky's going to be a doggie .,"1	Marky's	_	_	_	_	2	nsubj	_	_
2	going	_	_	_	_	0	root	_	_
3	to	_	_	_	_	6	mark	_	_
4	be	_	_	_	_	6	cop	_	_
5	a	_	_	_	_	6	det	_	_
6	doggie	_	_	_	_	2	xcomp	_	_
7	.	_	_	_	_	2	punct	_	_","1	Marky	_	PROPN	NNP	_	3	nsubj	_	_
2	's	_	AUX	VBZ	_	3	aux	_	_
3	going	_	VERB	VBG	_	0	root	_	_
4	to	_	PART	TO	_	7	mark	_	_
5	be	_	AUX	VB	_	7	cop	_	_
6	a	_	DET	DT	_	7	det	_	_
7	doggie	_	NOUN	NN	_	3	xcomp	_	_
8	.	_	PUNCT	.	_	3	punct	_	_",
he's going to fall down .,"1	he's	_	_	_	_	2	nsubj	_	_
2	going	_	_	_	_	0	root	_	_
3	to	_	_	_	_	4	mark	_	_
4	fall	_	_	_	_	2	xcomp	_	_
5	down	_	_	_	_	4	advmod	_	_
6	.	_	_	_	_	2	punct	_	_","1	he	_	PRON	PRP	_	3	nsubj	_	_
2	's	_	AUX	VBZ	_	3	aux	_	_
3	going	_	VERB	VBG	_	0	root	_	_
4	to	_	PART	TO	_	5	mark	_	_
5	fall	_	VERB	VB	_	3	xcomp	_	_
6	down	_	ADP	RP	_	5	compound:prt	_	_
7	.	_	PUNCT	.	_	3	punct	_	_",
the boy's going to get the other boy .,"1	the	_	_	_	_	2	det	_	_
2	boy's	_	_	_	_	3	nsubj	_	_
3	going	_	_	_	_	0	root	_	_
4	to	_	_	_	_	5	mark	_	_
5	get	_	_	_	_	3	xcomp	_	_
6	the	_	_	_	_	8	det	_	_
7	other	_	_	_	_	8	amod	_	_
8	boy	_	_	_	_	5	obj	_	_
9	.	_	_	_	_	3	punct	_	_","1	the	_	DET	DT	_	2	det	_	_
2	boy	_	NOUN	NN	_	4	nsubj	_	_
3	's	_	AUX	VBZ	_	4	aux	_	_
4	going	_	VERB	VBG	_	0	root	_	_
5	to	_	PART	TO	_	6	mark	_	_
6	get	_	VERB	VB	_	4	xcomp	_	_
7	the	_	DET	DT	_	9	det	_	_
8	other	_	ADJ	JJ	_	9	amod	_	_
9	boy	_	NOUN	NN	_	6	obj	_	_
10	.	_	PUNCT	.	_	4	punct	_	_",
he's going to knock him over .,"1	he's	_	_	_	_	2	nsubj	_	_
2	going	_	_	_	_	0	root	_	_
3	to	_	_	_	_	4	mark	_	_
4	knock	_	_	_	_	2	xcomp	_	_
5	him	_	_	_	_	4	obj	_	_
6	over	_	_	_	_	4	compound:prt	_	_
7	.	_	_	_	_	2	punct	_	_","1	he	_	PRON	PRP	_	3	nsubj	_	_
2	's	_	AUX	VBZ	_	3	aux	_	_
3	going	_	VERB	VBG	_	0	root	_	_
4	to	_	PART	TO	_	5	mark	_	_
5	knock	_	VERB	VB	_	3	xcomp	_	_
6	him	_	PRON	PRP	_	5	obj	_	_
7	over	_	ADP	RP	_	5	compound:prt	_	_
8	.	_	PUNCT	.	_	3	punct	_	_",
no he's he's not going to knock .,"1	no	_	_	_	_	5	discourse	_	_
2	he's	_	_	_	_	5	reparandum	_	_
3	he's	_	_	_	_	5	nsubj	_	_
4	not	_	_	_	_	5	advmod	_	_
5	going	_	_	_	_	0	root	_	_
6	to	_	_	_	_	7	mark	_	_
7	knock	_	_	_	_	5	xcomp	_	_
8	.	_	_	_	_	5	punct	_	_","1	no	_	INTJ	UH	_	7	discourse	_	_
2	he	_	PRON	PRP	_	7	nsubj:outer	_	_
3	's	_	AUX	VBZ	_	7	reparandum	_	_
4	he	_	PRON	PRP	_	7	nsubj	_	_
5	's	_	AUX	VBZ	_	7	aux	_	_
6	not	_	PART	RB	_	7	advmod	_	_
7	going	_	VERB	VBG	_	0	root	_	_
8	to	_	PART	TO	_	9	mark	_	_
9	knock	_	VERB	VB	_	7	xcomp	_	_
10	.	_	PUNCT	.	_	7	punct	_	_",
he's going to hold on .,"1	he's	_	_	_	_	2	nsubj	_	_
2	going	_	_	_	_	0	root	_	_
3	to	_	_	_	_	4	mark	_	_
4	hold	_	_	_	_	2	xcomp	_	_
5	on	_	_	_	_	4	compound:prt	_	_
6	.	_	_	_	_	2	punct	_	_","1	he	_	PRON	PRP	_	3	nsubj	_	_
2	's	_	AUX	VBZ	_	3	aux	_	_
3	going	_	VERB	VBG	_	0	root	_	_
4	to	_	PART	TO	_	5	mark	_	_
5	hold	_	VERB	VB	_	3	xcomp	_	_
6	on	_	ADP	RP	_	5	compound:prt	_	_
7	.	_	PUNCT	.	_	3	punct	_	_",
he's going to hold on .,"1	he's	_	_	_	_	2	nsubj	_	_
2	going	_	_	_	_	0	root	_	_
3	to	_	_	_	_	4	mark	_	_
4	hold	_	_	_	_	2	xcomp	_	_
5	on	_	_	_	_	4	compound:prt	_	_
6	.	_	_	_	_	2	punct	_	_","1	he	_	PRON	PRP	_	3	nsubj	_	_
2	's	_	AUX	VBZ	_	3	aux	_	_
3	going	_	VERB	VBG	_	0	root	_	_
4	to	_	PART	TO	_	5	mark	_	_
5	hold	_	VERB	VB	_	3	xcomp	_	_
6	on	_	ADP	RP	_	5	compound:prt	_	_
7	.	_	PUNCT	.	_	3	punct	_	_",
this is Marky's hat .,"1	this	_	_	_	_	4	nsubj	_	_
2	is	_	_	_	_	4	cop	_	_
3	Marky's	_	_	_	_	4	nmod:poss	_	_
4	hat	_	_	_	_	0	root	_	_
5	.	_	_	_	_	4	punct	_	_","1	this	_	PRON	DT	_	5	nsubj	_	_
2	is	_	AUX	VBZ	_	5	cop	_	_
3	Marky	_	PROPN	NNP	_	5	nmod:poss	_	_
4	's	_	PART	POS	_	3	case	_	_
5	hat	_	NOUN	NN	_	0	root	_	_
6	.	_	PUNCT	.	_	5	punct	_	_",
this is my Marky's hat .,"1	this	_	_	_	_	5	nsubj	_	_
2	is	_	_	_	_	5	cop	_	_
3	my	_	_	_	_	4	nmod:poss	_	_
4	Marky's	_	_	_	_	5	nmod:poss	_	_
5	hat	_	_	_	_	0	root	_	_
6	.	_	_	_	_	5	punct	_	_","1	this	_	PRON	DT	_	6	nsubj	_	_
2	is	_	AUX	VBZ	_	6	cop	_	_
3	my	_	PRON	PRP$	_	4	nmod:poss	_	_
4	Marky	_	PROPN	NNP	_	6	nmod:poss	_	_
5	's	_	PART	POS	_	4	case	_	_
6	hat	_	NOUN	NN	_	0	root	_	_
7	.	_	PUNCT	.	_	6	punct	_	_",
let's talk about the Hulk .,"1	let's	_	_	_	_	0	root	_	_
2	talk	_	_	_	_	1	xcomp	_	_
3	about	_	_	_	_	5	case	_	_
4	the	_	_	_	_	5	det	_	_
5	Hulk	_	_	_	_	2	obl	_	_
6	.	_	_	_	_	1	punct	_	_","1	let	_	VERB	VB	_	0	root	_	_
2	's	_	PRON	PRP	_	1	obj	_	_
3	talk	_	VERB	VB	_	1	xcomp	_	_
4	about	_	ADP	IN	_	6	case	_	_
5	the	_	DET	DT	_	6	det	_	_
6	Hulk	_	PROPN	NNP	_	3	obl	_	_
7	.	_	PUNCT	.	_	1	punct	_	_",
he's going to shoot he's going to be dead .,"1	he's	_	_	_	_	2	nsubj	_	_
2	going	_	_	_	_	0	root	_	_
3	to	_	_	_	_	4	mark	_	_
4	shoot	_	_	_	_	2	xcomp	_	_
5	he's	_	_	_	_	6	nsubj	_	_
6	going	_	_	_	_	2	parataxis	_	_
7	to	_	_	_	_	9	mark	_	_
8	be	_	_	_	_	9	cop	_	_
9	dead	_	_	_	_	6	xcomp	_	_
10	.	_	_	_	_	2	punct	_	_","1	he	_	PRON	PRP	_	3	nsubj	_	_
2	's	_	AUX	VBZ	_	3	aux	_	_
3	going	_	VERB	VBG	_	0	root	_	_
4	to	_	PART	TO	_	5	mark	_	_
5	shoot	_	VERB	VB	_	3	xcomp	_	_
6	he	_	PRON	PRP	_	8	nsubj	_	_
7	's	_	AUX	VBZ	_	8	aux	_	_
8	going	_	VERB	VBG	_	5	ccomp	_	_
9	to	_	PART	TO	_	11	mark	_	_
10	be	_	AUX	VB	_	11	cop	_	_
11	dead	_	ADJ	JJ	_	8	xcomp	_	_
12	.	_	PUNCT	.	_	3	punct	_	_",
he's going to be the Hulk .,"1	he's	_	_	_	_	2	nsubj	_	_
2	going	_	_	_	_	0	root	_	_
3	to	_	_	_	_	6	mark	_	_
4	be	_	_	_	_	6	cop	_	_
5	the	_	_	_	_	6	det	_	_
6	Hulk	_	_	_	_	2	xcomp	_	_
7	.	_	_	_	_	2	punct	_	_","1	he	_	PRON	PRP	_	3	nsubj	_	_
2	's	_	AUX	VBZ	_	3	aux	_	_
3	going	_	VERB	VBG	_	0	root	_	_
4	to	_	PART	TO	_	7	mark	_	_
5	be	_	AUX	VB	_	7	cop	_	_
6	the	_	DET	DT	_	7	det	_	_
7	Hulk	_	PROPN	NNP	_	3	xcomp	_	_
8	.	_	PUNCT	.	_	3	punct	_	_",
hey it's my nose .,"1	hey	_	_	_	_	4	discourse	_	_
2	it's	_	_	_	_	4	cop	_	_
3	my	_	_	_	_	4	nmod:poss	_	_
4	nose	_	_	_	_	0	root	_	_
5	.	_	_	_	_	4	punct	_	_","1	hey	_	INTJ	UH	_	5	discourse	_	_
2	it	_	PRON	PRP	_	5	nsubj	_	_
3	's	_	AUX	VBZ	_	5	cop	_	_
4	my	_	PRON	PRP$	_	5	nmod:poss	_	_
5	nose	_	NOUN	NN	_	0	root	_	_
6	.	_	PUNCT	.	_	5	punct	_	_",
it's happy .,"1	it's	_	_	_	_	2	nsubj	_	_
2	happy	_	_	_	_	0	root	_	_
3	.	_	_	_	_	2	punct	_	_","1	it	_	PRON	PRP	_	3	nsubj	_	_
2	's	_	AUX	VBZ	_	3	cop	_	_
3	happy	_	ADJ	JJ	_	0	root	_	_
4	.	_	PUNCT	.	_	3	punct	_	_",
hey mom .,"1	hey	_	_	_	_	0	root	_	_
2	mom	_	_	_	_	1	vocative	_	_
3	.	_	_	_	_	1	punct	_	_","1	hey	_	INTJ	UH	_	2	discourse	_	_
2	mom	_	NOUN	NN	_	0	root	_	_
3	.	_	PUNCT	.	_	2	punct	_	_","1	Hey	hey	INTJ	UH	_	0	root	0:root	_
2	Mom	mom	NOUN	NN	_	1	vocative	1:vocative	SpaceAfter=No
3	.	.	PUNCT	.	_	1	punct	1:punct	_
"
um no .,"1	um	_	_	_	_	0	root	_	_
2	no	_	_	_	_	1	discourse	_	_
3	.	_	_	_	_	1	punct	_	_","1	um	_	INTJ	UH	_	2	discourse	_	_
2	no	_	INTJ	UH	_	0	root	_	_
3	.	_	PUNCT	.	_	2	punct	_	_","1	Um	um	INTJ	UH	_	0	root	0:root	_
2	no	no	INTJ	UH	_	1	discourse	1:discourse	SpaceAfter=No
3	!	!	PUNCT	!	_	1	punct	1:punct	_
"
no no what what .,"1	no	_	_	_	_	3	discourse	_	_
2	no	_	_	_	_	1	conj	_	_
3	what	_	_	_	_	0	root	_	_
4	what	_	_	_	_	3	parataxis	_	_
5	.	_	_	_	_	3	punct	_	_","1	no	_	INTJ	UH	_	3	discourse	_	_
2	no	_	INTJ	UH	_	3	discourse	_	_
3	what	_	PRON	WP	_	0	root	_	_
4	what	_	PRON	WP	_	3	nsubj	_	_
5	.	_	PUNCT	.	_	3	punct	_	_",
Miriam did Mommy .,"1	Miriam	_	_	_	_	2	nsubj	_	_
2	did	_	_	_	_	0	root	_	_
3	Mommy	_	_	_	_	2	vocative	_	_
4	.	_	_	_	_	2	punct	_	_","1	Miriam	_	PROPN	NNP	_	2	nsubj	_	_
2	did	_	VERB	VBD	_	0	root	_	_
3	Mommy	_	PROPN	NNP	_	2	obj	_	_
4	.	_	PUNCT	.	_	2	punct	_	_",
in Marilee's house .,"1	in	_	_	_	_	3	case	_	_
2	Marilee's	_	_	_	_	3	nmod:poss	_	_
3	house	_	_	_	_	0	root	_	_
4	.	_	_	_	_	3	punct	_	_","1	in	_	ADP	IN	_	4	case	_	_
2	Marilee	_	PROPN	NNP	_	4	nmod:poss	_	_
3	's	_	PART	POS	_	2	case	_	_
4	house	_	NOUN	NN	_	0	root	_	_
5	.	_	PUNCT	.	_	4	punct	_	_",
where's Marilee ?,"1	where's	_	_	_	_	0	root	_	_
2	Marilee	_	_	_	_	1	nsubj	_	_
3	?	_	_	_	_	1	punct	_	_","1	where	_	ADV	WRB	_	0	root	_	_
2	's	_	AUX	VBZ	_	1	cop	_	_
3	Marilee	_	PROPN	NNP	_	1	nsubj	_	_
4	?	_	PUNCT	.	_	1	punct	_	_",
let's play with the play dough now .,"1	let's	_	_	_	_	0	root	_	_
2	play	_	_	_	_	1	xcomp	_	_
3	with	_	_	_	_	6	case	_	_
4	the	_	_	_	_	6	det	_	_
5	play	_	_	_	_	6	compound	_	_
6	dough	_	_	_	_	2	obl	_	_
7	now	_	_	_	_	2	advmod	_	_
8	.	_	_	_	_	1	punct	_	_","1	let	_	VERB	VB	_	0	root	_	_
2	's	_	PRON	PRP	_	1	obj	_	_
3	play	_	VERB	VB	_	1	xcomp	_	_
4	with	_	ADP	IN	_	7	case	_	_
5	the	_	DET	DT	_	7	det	_	_
6	play	_	NOUN	NN	_	7	compound	_	_
7	dough	_	NOUN	NN	_	3	obl	_	_
8	now	_	ADV	RB	_	3	advmod	_	_
9	.	_	PUNCT	.	_	1	punct	_	_",
let's play with the play dough now .,"1	let's	_	_	_	_	0	root	_	_
2	play	_	_	_	_	1	xcomp	_	_
3	with	_	_	_	_	6	case	_	_
4	the	_	_	_	_	6	det	_	_
5	play	_	_	_	_	6	compound	_	_
6	dough	_	_	_	_	2	obl	_	_
7	now	_	_	_	_	2	advmod	_	_
8	.	_	_	_	_	1	punct	_	_","1	let	_	VERB	VB	_	0	root	_	_
2	's	_	PRON	PRP	_	1	obj	_	_
3	play	_	VERB	VB	_	1	xcomp	_	_
4	with	_	ADP	IN	_	7	case	_	_
5	the	_	DET	DT	_	7	det	_	_
6	play	_	NOUN	NN	_	7	compound	_	_
7	dough	_	NOUN	NN	_	3	obl	_	_
8	now	_	ADV	RB	_	3	advmod	_	_
9	.	_	PUNCT	.	_	1	punct	_	_",
let's play with it .,"1	let's	_	_	_	_	0	root	_	_
2	play	_	_	_	_	1	xcomp	_	_
3	with	_	_	_	_	4	case	_	_
4	it	_	_	_	_	2	obl	_	_
5	.	_	_	_	_	1	punct	_	_","1	let	_	VERB	VB	_	0	root	_	_
2	's	_	PRON	PRP	_	1	obj	_	_
3	play	_	VERB	VB	_	1	xcomp	_	_
4	with	_	ADP	IN	_	5	case	_	_
5	it	_	PRON	PRP	_	3	obl	_	_
6	.	_	PUNCT	.	_	1	punct	_	_",
I wanna play with it with you .,"1	I	_	_	_	_	2	nsubj	_	_
2	wanna	_	_	_	_	0	root	_	_
3	play	_	_	_	_	2	xcomp	_	_
4	with	_	_	_	_	5	case	_	_
5	it	_	_	_	_	3	obl	_	_
6	with	_	_	_	_	7	case	_	_
7	you	_	_	_	_	3	obl	_	_
8	.	_	_	_	_	2	punct	_	_","1	I	_	PRON	PRP	_	2	nsubj	_	_
2	wan	_	VERB	VBP	_	0	root	_	_
3	na	_	PART	TO	_	4	mark	_	_
4	play	_	VERB	VB	_	2	xcomp	_	_
5	with	_	ADP	IN	_	6	case	_	_
6	it	_	PRON	PRP	_	4	obl	_	_
7	with	_	ADP	IN	_	8	case	_	_
8	you	_	PRON	PRP	_	4	obl	_	_
9	.	_	PUNCT	.	_	2	punct	_	_",
I wanna play with it with you .,"1	I	_	_	_	_	2	nsubj	_	_
2	wanna	_	_	_	_	0	root	_	_
3	play	_	_	_	_	2	xcomp	_	_
4	with	_	_	_	_	5	case	_	_
5	it	_	_	_	_	3	obl	_	_
6	with	_	_	_	_	7	case	_	_
7	you	_	_	_	_	3	obl	_	_
8	.	_	_	_	_	2	punct	_	_","1	I	_	PRON	PRP	_	2	nsubj	_	_
2	wan	_	VERB	VBP	_	0	root	_	_
3	na	_	PART	TO	_	4	mark	_	_
4	play	_	VERB	VB	_	2	xcomp	_	_
5	with	_	ADP	IN	_	6	case	_	_
6	it	_	PRON	PRP	_	4	obl	_	_
7	with	_	ADP	IN	_	8	case	_	_
8	you	_	PRON	PRP	_	4	obl	_	_
9	.	_	PUNCT	.	_	2	punct	_	_",
that's a seal .,"1	that's	_	_	_	_	3	cop	_	_
2	a	_	_	_	_	3	det	_	_
3	seal	_	_	_	_	0	root	_	_
4	.	_	_	_	_	3	punct	_	_","1	that	_	PRON	DT	_	4	nsubj	_	_
2	's	_	AUX	VBZ	_	4	cop	_	_
3	a	_	DET	DT	_	4	det	_	_
4	seal	_	NOUN	NN	_	0	root	_	_
5	.	_	PUNCT	.	_	4	punct	_	_",
when she meows you put her down .,"1	when	_	_	_	_	3	mark	_	_
2	she	_	_	_	_	3	nsubj	_	_
3	meows	_	_	_	_	5	advcl	_	_
4	you	_	_	_	_	5	nsubj	_	_
5	put	_	_	_	_	0	root	_	_
6	her	_	_	_	_	5	obj	_	_
7	down	_	_	_	_	5	compound:prt	_	_
8	.	_	_	_	_	5	punct	_	_","1	when	_	ADV	WRB	_	3	advmod	_	_
2	she	_	PRON	PRP	_	3	nsubj	_	_
3	meows	_	VERB	VBZ	_	5	advcl	_	_
4	you	_	PRON	PRP	_	5	nsubj	_	_
5	put	_	VERB	VBD	_	0	root	_	_
6	her	_	PRON	PRP	_	5	obj	_	_
7	down	_	ADP	RP	_	5	compound:prt	_	_
8	.	_	PUNCT	.	_	5	punct	_	_",
that was nice purring .,"1	that	_	_	_	_	4	nsubj	_	_
2	was	_	_	_	_	4	cop	_	_
3	nice	_	_	_	_	4	amod	_	_
4	purring	_	_	_	_	0	root	_	_
5	.	_	_	_	_	4	punct	_	_","1	that	_	PRON	DT	_	3	nsubj	_	_
2	was	_	AUX	VBD	_	3	cop	_	_
3	nice	_	ADJ	JJ	_	0	root	_	_
4	purring	_	VERB	VBG	_	3	xcomp	_	_
5	.	_	PUNCT	.	_	3	punct	_	_",
purring means put her down .,"1	purring	_	_	_	_	2	nsubj	_	_
2	means	_	_	_	_	0	root	_	_
3	put	_	_	_	_	2	ccomp	_	_
4	her	_	_	_	_	3	obj	_	_
5	down	_	_	_	_	3	compound:prt	_	_
6	.	_	_	_	_	2	punct	_	_","1	purring	_	VERB	VBG	_	2	amod	_	_
2	means	_	NOUN	NNS	_	3	nsubj	_	_
3	put	_	VERB	VB	_	0	root	_	_
4	her	_	PRON	PRP	_	3	obj	_	_
5	down	_	ADP	RP	_	3	compound:prt	_	_
6	.	_	PUNCT	.	_	3	punct	_	_",
that way she wants to get down .,"1	that	_	_	_	_	2	det	_	_
2	way	_	_	_	_	0	root	_	_
3	she	_	_	_	_	4	nsubj	_	_
4	wants	_	_	_	_	2	acl:relcl	_	_
5	to	_	_	_	_	6	mark	_	_
6	get	_	_	_	_	4	xcomp	_	_
7	down	_	_	_	_	6	advmod	_	_
8	.	_	_	_	_	2	punct	_	_","1	that	_	DET	DT	_	2	det	_	_
2	way	_	NOUN	NN	_	0	root	_	_
3	she	_	PRON	PRP	_	4	nsubj	_	_
4	wants	_	VERB	VBZ	_	2	acl:relcl	_	_
5	to	_	PART	TO	_	6	mark	_	_
6	get	_	VERB	VB	_	4	xcomp	_	_
7	down	_	ADP	RP	_	6	compound:prt	_	_
8	.	_	PUNCT	.	_	2	punct	_	_",
she wants to get down .,"1	she	_	_	_	_	2	nsubj	_	_
2	wants	_	_	_	_	0	root	_	_
3	to	_	_	_	_	4	mark	_	_
4	get	_	_	_	_	2	xcomp	_	_
5	down	_	_	_	_	4	advmod	_	_
6	.	_	_	_	_	2	punct	_	_","1	she	_	PRON	PRP	_	2	nsubj	_	_
2	wants	_	VERB	VBZ	_	0	root	_	_
3	to	_	PART	TO	_	4	mark	_	_
4	get	_	VERB	VB	_	2	xcomp	_	_
5	down	_	ADP	RP	_	4	compound:prt	_	_
6	.	_	PUNCT	.	_	2	punct	_	_",
let's play with the play dough now .,"1	let's	_	_	_	_	0	root	_	_
2	play	_	_	_	_	1	xcomp	_	_
3	with	_	_	_	_	6	case	_	_
4	the	_	_	_	_	6	det	_	_
5	play	_	_	_	_	6	compound	_	_
6	dough	_	_	_	_	2	obl	_	_
7	now	_	_	_	_	2	advmod	_	_
8	.	_	_	_	_	1	punct	_	_","1	let	_	VERB	VB	_	0	root	_	_
2	's	_	PRON	PRP	_	1	obj	_	_
3	play	_	VERB	VB	_	1	xcomp	_	_
4	with	_	ADP	IN	_	7	case	_	_
5	the	_	DET	DT	_	7	det	_	_
6	play	_	NOUN	NN	_	7	compound	_	_
7	dough	_	NOUN	NN	_	3	obl	_	_
8	now	_	ADV	RB	_	3	advmod	_	_
9	.	_	PUNCT	.	_	1	punct	_	_",
that's for big people too and for little girls .,"1	that's	_	_	_	_	4	nsubj	_	_
2	for	_	_	_	_	4	case	_	_
3	big	_	_	_	_	4	amod	_	_
4	people	_	_	_	_	0	root	_	_
5	too	_	_	_	_	4	advmod	_	_
6	and	_	_	_	_	9	cc	_	_
7	for	_	_	_	_	9	case	_	_
8	little	_	_	_	_	9	amod	_	_
9	girls	_	_	_	_	4	conj	_	_
10	.	_	_	_	_	4	punct	_	_","1	that	_	PRON	DT	_	5	nsubj	_	_
2	's	_	AUX	VBZ	_	5	cop	_	_
3	for	_	ADP	IN	_	5	case	_	_
4	big	_	ADJ	JJ	_	5	amod	_	_
5	people	_	NOUN	NNS	_	0	root	_	_
6	too	_	ADV	RB	_	5	advmod	_	_
7	and	_	CCONJ	CC	_	10	cc	_	_
8	for	_	ADP	IN	_	10	case	_	_
9	little	_	ADJ	JJ	_	10	amod	_	_
10	girls	_	NOUN	NNS	_	5	conj	_	_
11	.	_	PUNCT	.	_	5	punct	_	_",
play dough is for big girls big people .,"1	play	_	_	_	_	2	compound	_	_
2	dough	_	_	_	_	6	nsubj	_	_
3	is	_	_	_	_	6	cop	_	_
4	for	_	_	_	_	6	case	_	_
5	big	_	_	_	_	6	amod	_	_
6	girls	_	_	_	_	0	root	_	_
7	big	_	_	_	_	8	amod	_	_
8	people	_	_	_	_	6	conj	_	_
9	.	_	_	_	_	6	punct	_	_","1	play	_	VERB	VB	_	0	root	_	_
2	dough	_	NOUN	NN	_	1	obj	_	_
3	is	_	AUX	VBZ	_	8	cop	_	_
4	for	_	ADP	IN	_	8	case	_	_
5	big	_	ADJ	JJ	_	6	amod	_	_
6	girls	_	NOUN	NNS	_	8	compound	_	_
7	big	_	ADJ	JJ	_	8	amod	_	_
8	people	_	NOUN	NNS	_	1	parataxis	_	_
9	.	_	PUNCT	.	_	1	punct	_	_",
yup with Maggie at the pancake house with Justin and me and Maggie and Justin and you .,"1	yup	_	_	_	_	3	discourse	_	_
2	with	_	_	_	_	3	case	_	_
3	Maggie	_	_	_	_	0	root	_	_
4	at	_	_	_	_	7	case	_	_
5	the	_	_	_	_	7	det	_	_
6	pancake	_	_	_	_	7	compound	_	_
7	house	_	_	_	_	3	nmod	_	_
8	with	_	_	_	_	9	case	_	_
9	Justin	_	_	_	_	3	parataxis	_	_
10	and	_	_	_	_	11	cc	_	_
11	me	_	_	_	_	9	conj	_	_
12	and	_	_	_	_	13	cc	_	_
13	Maggie	_	_	_	_	9	conj	_	_
14	and	_	_	_	_	15	cc	_	_
15	Justin	_	_	_	_	9	conj	_	_
16	and	_	_	_	_	17	cc	_	_
17	you	_	_	_	_	9	conj	_	_
18	.	_	_	_	_	3	punct	_	_","1	yup	_	INTJ	UH	_	3	discourse	_	_
2	with	_	ADP	IN	_	3	case	_	_
3	Maggie	_	PROPN	NNP	_	0	root	_	_
4	at	_	ADP	IN	_	7	case	_	_
5	the	_	DET	DT	_	7	det	_	_
6	pancake	_	NOUN	NN	_	7	compound	_	_
7	house	_	NOUN	NN	_	3	nmod	_	_
8	with	_	ADP	IN	_	9	case	_	_
9	Justin	_	PROPN	NNP	_	7	nmod	_	_
10	and	_	CCONJ	CC	_	11	cc	_	_
11	me	_	PRON	PRP	_	9	conj	_	_
12	and	_	CCONJ	CC	_	13	cc	_	_
13	Maggie	_	PROPN	NNP	_	9	conj	_	_
14	and	_	CCONJ	CC	_	15	cc	_	_
15	Justin	_	PROPN	NNP	_	13	conj	_	_
16	and	_	CCONJ	CC	_	17	cc	_	_
17	you	_	PRON	PRP	_	9	conj	_	_
18	.	_	PUNCT	.	_	3	punct	_	_",
he eat he ate pancakes too .,"1	he	_	_	_	_	2	nsubj	_	_
2	eat	_	_	_	_	4	reparandum	_	_
3	he	_	_	_	_	4	nsubj	_	_
4	ate	_	_	_	_	0	root	_	_
5	pancakes	_	_	_	_	4	obj	_	_
6	too	_	_	_	_	4	advmod	_	_
7	.	_	_	_	_	4	punct	_	_","1	he	_	PRON	PRP	_	2	nsubj	_	_
2	eat	_	VERB	VBP	_	0	root	_	_
3	he	_	PRON	PRP	_	4	nsubj	_	_
4	ate	_	VERB	VBD	_	2	ccomp	_	_
5	pancakes	_	NOUN	NNS	_	4	obj	_	_
6	too	_	ADV	RB	_	4	advmod	_	_
7	.	_	PUNCT	.	_	2	punct	_	_",
and I and I ate some of your french fries .,"1	and	_	_	_	_	2	cc	_	_
2	I	_	_	_	_	5	reparandum	_	_
3	and	_	_	_	_	5	cc	_	_
4	I	_	_	_	_	5	nsubj	_	_
5	ate	_	_	_	_	0	root	_	_
6	some	_	_	_	_	5	obj	_	_
7	of	_	_	_	_	10	case	_	_
8	your	_	_	_	_	10	nmod:poss	_	_
9	french	_	_	_	_	10	amod	_	_
10	fries	_	_	_	_	6	nmod	_	_
11	.	_	_	_	_	5	punct	_	_","1	and	_	CCONJ	CC	_	5	cc	_	_
2	I	_	PRON	PRP	_	5	nsubj	_	_
3	and	_	CCONJ	CC	_	4	cc	_	_
4	I	_	PRON	PRP	_	2	conj	_	_
5	ate	_	VERB	VBD	_	0	root	_	_
6	some	_	DET	DT	_	5	obj	_	_
7	of	_	ADP	IN	_	10	case	_	_
8	your	_	PRON	PRP$	_	10	nmod:poss	_	_
9	french	_	ADJ	JJ	_	10	amod	_	_
10	fries	_	NOUN	NNS	_	6	nmod	_	_
11	.	_	PUNCT	.	_	5	punct	_	_",
here's a pancake .,"1	here's	_	_	_	_	0	root	_	_
2	a	_	_	_	_	3	det	_	_
3	pancake	_	_	_	_	1	nsubj	_	_
4	.	_	_	_	_	1	punct	_	_","1	here	_	ADV	RB	_	0	root	_	_
2	's	_	AUX	VBZ	_	1	cop	_	_
3	a	_	DET	DT	_	4	det	_	_
4	pancake	_	NOUN	NN	_	1	nsubj	_	_
5	.	_	PUNCT	.	_	1	punct	_	_",
Mommy what are you doing ?,"1	Mommy	_	_	_	_	5	vocative	_	_
2	what	_	_	_	_	5	obj	_	_
3	are	_	_	_	_	5	aux	_	_
4	you	_	_	_	_	5	nsubj	_	_
5	doing	_	_	_	_	0	root	_	_
6	?	_	_	_	_	5	punct	_	_","1	Mommy	_	INTJ	UH	_	5	discourse	_	_
2	what	_	PRON	WP	_	5	obj	_	_
3	are	_	AUX	VBP	_	5	aux	_	_
4	you	_	PRON	PRP	_	5	nsubj	_	_
5	doing	_	VERB	VBG	_	0	root	_	_
6	?	_	PUNCT	.	_	5	punct	_	_",
can I roll Mommy ?,"1	can	_	_	_	_	3	aux	_	_
2	I	_	_	_	_	3	nsubj	_	_
3	roll	_	_	_	_	0	root	_	_
4	Mommy	_	_	_	_	3	vocative	_	_
5	?	_	_	_	_	3	punct	_	_","1	can	_	AUX	MD	_	3	aux	_	_
2	I	_	PRON	PRP	_	3	nsubj	_	_
3	roll	_	VERB	VB	_	0	root	_	_
4	Mommy	_	PROPN	NNP	_	3	obj	_	_
5	?	_	PUNCT	.	_	3	punct	_	_",
I'm rolling my play dough .,"1	I'm	_	_	_	_	2	nsubj	_	_
2	rolling	_	_	_	_	0	root	_	_
3	my	_	_	_	_	5	nmod:poss	_	_
4	play	_	_	_	_	5	compound	_	_
5	dough	_	_	_	_	2	obj	_	_
6	.	_	_	_	_	2	punct	_	_","1	I	_	PRON	PRP	_	3	nsubj	_	_
2	'm	_	AUX	VBP	_	3	aux	_	_
3	rolling	_	VERB	VBG	_	0	root	_	_
4	my	_	PRON	PRP$	_	6	nmod:poss	_	_
5	play	_	NOUN	NN	_	6	compound	_	_
6	dough	_	NOUN	NN	_	3	obj	_	_
7	.	_	PUNCT	.	_	3	punct	_	_",
is this is this my little one ?,"1	is	_	_	_	_	7	reparandum	_	_
2	this	_	_	_	_	1	nsubj	_	_
3	is	_	_	_	_	7	cop	_	_
4	this	_	_	_	_	7	nsubj	_	_
5	my	_	_	_	_	7	nmod:poss	_	_
6	little	_	_	_	_	7	amod	_	_
7	one	_	_	_	_	0	root	_	_
8	?	_	_	_	_	7	punct	_	_","1	is	_	AUX	VBZ	_	7	cop	_	_
2	this	_	PRON	DT	_	7	nsubj	_	_
3	is	_	AUX	VBZ	_	7	cop	_	_
4	this	_	PRON	DT	_	7	nsubj	_	_
5	my	_	PRON	PRP$	_	7	nmod:poss	_	_
6	little	_	ADJ	JJ	_	7	amod	_	_
7	one	_	NOUN	NN	_	0	root	_	_
8	?	_	PUNCT	.	_	7	punct	_	_",
now my now my dough is finished .,"1	now	_	_	_	_	3	reparandum	_	_
2	my	_	_	_	_	3	reparandum	_	_
3	now	_	_	_	_	7	advmod	_	_
4	my	_	_	_	_	5	nmod:poss	_	_
5	dough	_	_	_	_	7	nsubj:outer	_	_
6	is	_	_	_	_	7	cop	_	_
7	finished	_	_	_	_	0	root	_	_
8	.	_	_	_	_	7	punct	_	_","1	now	_	ADV	RB	_	7	advmod	_	_
2	my	_	PRON	PRP$	_	5	nmod:poss	_	_
3	now	_	ADV	RB	_	7	advmod	_	_
4	my	_	PRON	PRP$	_	5	nmod:poss	_	_
5	dough	_	NOUN	NN	_	7	nsubj:pass	_	_
6	is	_	AUX	VBZ	_	7	aux:pass	_	_
7	finished	_	VERB	VBN	_	0	root	_	_
8	.	_	PUNCT	.	_	7	punct	_	_",
let's make little peas in there .,"1	let's	_	_	_	_	0	root	_	_
2	make	_	_	_	_	1	xcomp	_	_
3	little	_	_	_	_	4	amod	_	_
4	peas	_	_	_	_	2	obj	_	_
5	in	_	_	_	_	6	case	_	_
6	there	_	_	_	_	2	obl	_	_
7	.	_	_	_	_	1	punct	_	_","1	let	_	VERB	VB	_	0	root	_	_
2	's	_	PRON	PRP	_	1	obj	_	_
3	make	_	VERB	VB	_	1	xcomp	_	_
4	little	_	ADJ	JJ	_	5	amod	_	_
5	peas	_	NOUN	NNS	_	3	obj	_	_
6	in	_	ADP	IN	_	7	case	_	_
7	there	_	ADV	RB	_	3	obl	_	_
8	.	_	PUNCT	.	_	1	punct	_	_",
I'm going to cook .,"1	I'm	_	_	_	_	2	nsubj	_	_
2	going	_	_	_	_	0	root	_	_
3	to	_	_	_	_	4	mark	_	_
4	cook	_	_	_	_	2	xcomp	_	_
5	.	_	_	_	_	2	punct	_	_","1	I	_	PRON	PRP	_	3	nsubj	_	_
2	'm	_	AUX	VBP	_	3	aux	_	_
3	going	_	VERB	VBG	_	0	root	_	_
4	to	_	PART	TO	_	5	mark	_	_
5	cook	_	VERB	VB	_	3	xcomp	_	_
6	.	_	PUNCT	.	_	3	punct	_	_",
I could put something in there .,"1	I	_	_	_	_	3	nsubj	_	_
2	could	_	_	_	_	3	aux	_	_
3	put	_	_	_	_	0	root	_	_
4	something	_	_	_	_	3	obj	_	_
5	in	_	_	_	_	6	advmod	_	_
6	there	_	_	_	_	3	advmod	_	_
7	.	_	_	_	_	3	punct	_	_","1	I	_	PRON	PRP	_	3	nsubj	_	_
2	could	_	AUX	MD	_	3	aux	_	_
3	put	_	VERB	VB	_	0	root	_	_
4	something	_	PRON	NN	_	3	obj	_	_
5	in	_	ADP	IN	_	6	case	_	_
6	there	_	ADV	RB	_	3	obl	_	_
7	.	_	PUNCT	.	_	3	punct	_	_",
no we eat just eat food .,"1	no	_	_	_	_	5	discourse	_	_
2	we	_	_	_	_	5	nsubj	_	_
3	eat	_	_	_	_	5	reparandum	_	_
4	just	_	_	_	_	5	advmod	_	_
5	eat	_	_	_	_	0	root	_	_
6	food	_	_	_	_	5	obj	_	_
7	.	_	_	_	_	5	punct	_	_","1	no	_	INTJ	UH	_	3	discourse	_	_
2	we	_	PRON	PRP	_	3	nsubj	_	_
3	eat	_	VERB	VBP	_	0	root	_	_
4	just	_	ADV	RB	_	5	advmod	_	_
5	eat	_	VERB	VB	_	3	xcomp	_	_
6	food	_	NOUN	NN	_	5	obj	_	_
7	.	_	PUNCT	.	_	3	punct	_	_",
a a funny lady with red hair and a funny lady with cream on her .,"1	a	_	_	_	_	2	reparandum	_	_
2	a	_	_	_	_	4	det	_	_
3	funny	_	_	_	_	4	amod	_	_
4	lady	_	_	_	_	0	root	_	_
5	with	_	_	_	_	7	case	_	_
6	red	_	_	_	_	7	amod	_	_
7	hair	_	_	_	_	4	nmod	_	_
8	and	_	_	_	_	11	cc	_	_
9	a	_	_	_	_	11	det	_	_
10	funny	_	_	_	_	11	amod	_	_
11	lady	_	_	_	_	4	conj	_	_
12	with	_	_	_	_	13	case	_	_
13	cream	_	_	_	_	11	nmod	_	_
14	on	_	_	_	_	15	case	_	_
15	her	_	_	_	_	13	nmod	_	_
16	.	_	_	_	_	4	punct	_	_","1	a	_	DET	DT	_	4	det	_	_
2	a	_	DET	DT	_	4	det	_	_
3	funny	_	ADJ	JJ	_	4	amod	_	_
4	lady	_	NOUN	NN	_	0	root	_	_
5	with	_	ADP	IN	_	7	case	_	_
6	red	_	ADJ	JJ	_	7	amod	_	_
7	hair	_	NOUN	NN	_	4	nmod	_	_
8	and	_	CCONJ	CC	_	11	cc	_	_
9	a	_	DET	DT	_	11	det	_	_
10	funny	_	ADJ	JJ	_	11	amod	_	_
11	lady	_	NOUN	NN	_	7	conj	_	_
12	with	_	ADP	IN	_	13	case	_	_
13	cream	_	NOUN	NN	_	11	nmod	_	_
14	on	_	ADP	IN	_	15	case	_	_
15	her	_	PRON	PRP	_	13	nmod	_	_
16	.	_	PUNCT	.	_	4	punct	_	_",
she was and she was a witch .,"1	she	_	_	_	_	2	nsubj	_	_
2	was	_	_	_	_	0	root	_	_
3	and	_	_	_	_	7	cc	_	_
4	she	_	_	_	_	7	nsubj	_	_
5	was	_	_	_	_	7	cop	_	_
6	a	_	_	_	_	7	det	_	_
7	witch	_	_	_	_	2	conj	_	_
8	.	_	_	_	_	2	punct	_	_","1	she	_	PRON	PRP	_	2	nsubj	_	_
2	was	_	AUX	VBD	_	7	cop	_	_
3	and	_	CCONJ	CC	_	7	cc	_	_
4	she	_	PRON	PRP	_	7	nsubj	_	_
5	was	_	AUX	VBD	_	7	cop	_	_
6	a	_	DET	DT	_	7	det	_	_
7	witch	_	NOUN	NN	_	0	root	_	_
8	.	_	PUNCT	.	_	2	punct	_	_",
how are you people down there ?,"1	how	_	_	_	_	0	root	_	_
2	are	_	_	_	_	1	cop	_	_
3	you	_	_	_	_	4	det	_	_
4	people	_	_	_	_	1	nsubj	_	_
5	down	_	_	_	_	6	advmod	_	_
6	there	_	_	_	_	4	advmod	_	_
7	?	_	_	_	_	1	punct	_	_","1	how	_	ADV	WRB	_	6	advmod	_	_
2	are	_	AUX	VBP	_	6	cop	_	_
3	you	_	PRON	PRP	_	4	nsubj	_	_
4	people	_	NOUN	NNS	_	6	nsubj	_	_
5	down	_	ADV	RB	_	6	advmod	_	_
6	there	_	ADV	RB	_	0	root	_	_
7	?	_	PUNCT	.	_	6	punct	_	_",
hello how are how are all you people down there ?,"1	hello	_	_	_	_	4	discourse	_	_
2	how	_	_	_	_	3	advmod	_	_
3	are	_	_	_	_	4	reparandum	_	_
4	how	_	_	_	_	0	root	_	_
5	are	_	_	_	_	4	cop	_	_
6	all	_	_	_	_	8	det:predet	_	_
7	you	_	_	_	_	8	det	_	_
8	people	_	_	_	_	4	nsubj	_	_
9	down	_	_	_	_	10	advmod	_	_
10	there	_	_	_	_	8	advmod	_	_
11	?	_	_	_	_	4	punct	_	_","1	hello	_	INTJ	UH	_	10	discourse	_	_
2	how	_	ADV	WRB	_	10	advmod	_	_
3	are	_	AUX	VBP	_	10	cop	_	_
4	how	_	ADV	WRB	_	10	advmod	_	_
5	are	_	AUX	VBP	_	10	cop	_	_
6	all	_	DET	PDT	_	8	det:predet	_	_
7	you	_	PRON	PRP	_	8	nmod:poss	_	_
8	people	_	NOUN	NNS	_	10	nsubj	_	_
9	down	_	ADP	IN	_	10	case	_	_
10	there	_	ADV	RB	_	0	root	_	_
11	?	_	PUNCT	.	_	10	punct	_	_",
Mr Mr Punch .,"1	Mr	_	_	_	_	2	reparandum	_	_
2	Mr	_	_	_	_	3	reparandum	_	_
3	Punch	_	_	_	_	0	root	_	_
4	.	_	_	_	_	3	punct	_	_","1	Mr	_	PROPN	NNP	_	0	root	_	_
2	Mr	_	PROPN	NNP	_	1	flat	_	_
3	Punch	_	PROPN	NNP	_	1	flat	_	_
4	.	_	PUNCT	.	_	1	punct	_	_",
he ate it him all up .,"1	he	_	_	_	_	2	nsubj	_	_
2	ate	_	_	_	_	0	root	_	_
3	it	_	_	_	_	2	obj	_	_
4	him	_	_	_	_	2	obj	_	_
5	all	_	_	_	_	6	advmod	_	_
6	up	_	_	_	_	2	advmod	_	_
7	.	_	_	_	_	2	punct	_	_","1	he	_	PRON	PRP	_	2	nsubj	_	_
2	ate	_	VERB	VBD	_	0	root	_	_
3	it	_	PRON	PRP	_	2	obj	_	_
4	him	_	PRON	PRP	_	2	obj	_	_
5	all	_	DET	DT	_	6	det	_	_
6	up	_	ADP	RP	_	2	compound:prt	_	_
7	.	_	PUNCT	.	_	2	punct	_	_",
watched Mr Punch talk .,"1	watched	_	_	_	_	0	root	_	_
2	Mr	_	_	_	_	4	nsubj	_	_
3	Punch	_	_	_	_	2	flat	_	_
4	talk	_	_	_	_	1	xcomp	_	_
5	.	_	_	_	_	1	punct	_	_","1	watched	_	VERB	VBD	_	0	root	_	_
2	Mr	_	PROPN	NNP	_	1	obj	_	_
3	Punch	_	PROPN	NNP	_	2	flat	_	_
4	talk	_	VERB	VB	_	1	xcomp	_	_
5	.	_	PUNCT	.	_	1	punct	_	_",
oh it's upside down .,"1	oh	_	_	_	_	4	discourse	_	_
2	it's	_	_	_	_	4	nsubj	_	_
3	upside	_	_	_	_	0	root	_	_
4	down	_	_	_	_	3	fixed	_	_
5	.	_	_	_	_	4	punct	_	_","1	oh	_	INTJ	UH	_	4	discourse	_	_
2	it	_	PRON	PRP	_	4	nsubj	_	_
3	's	_	AUX	VBZ	_	4	cop	_	_
4	upside	_	ADJ	JJ	_	0	root	_	_
5	down	_	ADP	RP	_	4	advmod	_	_
6	.	_	PUNCT	.	_	4	punct	_	_",
the the peas are .,"1	the	_	_	_	_	2	reparandum	_	_
2	the	_	_	_	_	3	det	_	_
3	peas	_	_	_	_	4	nsubj	_	_
4	are	_	_	_	_	0	root	_	_
5	.	_	_	_	_	4	punct	_	_","1	the	_	DET	DT	_	3	det	_	_
2	the	_	DET	DT	_	3	det	_	_
3	peas	_	NOUN	NNS	_	4	nsubj	_	_
4	are	_	AUX	VBP	_	0	root	_	_
5	.	_	PUNCT	.	_	4	punct	_	_",
that's not good .,"1	that's	_	_	_	_	3	nsubj	_	_
2	not	_	_	_	_	3	advmod	_	_
3	good	_	_	_	_	0	root	_	_
4	.	_	_	_	_	3	punct	_	_","1	that	_	PRON	DT	_	4	nsubj	_	_
2	's	_	AUX	VBZ	_	4	cop	_	_
3	not	_	PART	RB	_	4	advmod	_	_
4	good	_	ADJ	JJ	_	0	root	_	_
5	.	_	PUNCT	.	_	4	punct	_	_",
that's awful .,"1	that's	_	_	_	_	2	nsubj	_	_
2	awful	_	_	_	_	0	root	_	_
3	.	_	_	_	_	2	punct	_	_","1	that	_	PRON	DT	_	3	nsubj	_	_
2	's	_	AUX	VBZ	_	3	cop	_	_
3	awful	_	ADJ	JJ	_	0	root	_	_
4	.	_	PUNCT	.	_	3	punct	_	_",
nope nope nope nope .,"1	nope	_	_	_	_	0	root	_	_
2	nope	_	_	_	_	1	conj	_	_
3	nope	_	_	_	_	1	conj	_	_
4	nope	_	_	_	_	1	conj	_	_
5	.	_	_	_	_	1	punct	_	_","1	nope	_	INTJ	UH	_	2	discourse	_	_
2	nope	_	INTJ	UH	_	4	discourse	_	_
3	nope	_	INTJ	UH	_	4	discourse	_	_
4	nope	_	INTJ	UH	_	0	root	_	_
5	.	_	PUNCT	.	_	2	punct	_	_",
all up .,"1	all	_	_	_	_	2	advmod	_	_
2	up	_	_	_	_	0	root	_	_
3	.	_	_	_	_	2	punct	_	_","1	all	_	DET	DT	_	2	det	_	_
2	up	_	ADP	RP	_	0	root	_	_
3	.	_	PUNCT	.	_	2	punct	_	_","1	All	all	ADV	DT	_	2	advmod	2:advmod	_
2	up	up	ADV	RB	_	0	root	0:root	SpaceAfter=No
3	.	.	PUNCT	.	_	2	punct	2:punct	_
"
I wanna throw the play dough ball .,"1	I	_	_	_	_	2	nsubj	_	_
2	wanna	_	_	_	_	0	root	_	_
3	throw	_	_	_	_	2	xcomp	_	_
4	the	_	_	_	_	7	det	_	_
5	play	_	_	_	_	6	compound	_	_
6	dough	_	_	_	_	7	compound	_	_
7	ball	_	_	_	_	3	obj	_	_
8	.	_	_	_	_	2	punct	_	_","1	I	_	PRON	PRP	_	2	nsubj	_	_
2	wan	_	VERB	VBP	_	0	root	_	_
3	na	_	PART	TO	_	4	mark	_	_
4	throw	_	VERB	VB	_	2	xcomp	_	_
5	the	_	DET	DT	_	8	det	_	_
6	play	_	NOUN	NN	_	8	compound	_	_
7	dough	_	NOUN	NN	_	8	compound	_	_
8	ball	_	NOUN	NN	_	4	obj	_	_
9	.	_	PUNCT	.	_	2	punct	_	_",
oh he's going to bite that girl .,"1	oh	_	_	_	_	3	discourse	_	_
2	he's	_	_	_	_	3	nsubj	_	_
3	going	_	_	_	_	0	root	_	_
4	to	_	_	_	_	5	mark	_	_
5	bite	_	_	_	_	3	xcomp	_	_
6	that	_	_	_	_	7	det	_	_
7	girl	_	_	_	_	5	obj	_	_
8	.	_	_	_	_	3	punct	_	_","1	oh	_	INTJ	UH	_	4	discourse	_	_
2	he	_	PRON	PRP	_	4	nsubj	_	_
3	's	_	AUX	VBZ	_	4	aux	_	_
4	going	_	VERB	VBG	_	0	root	_	_
5	to	_	PART	TO	_	6	mark	_	_
6	bite	_	VERB	VB	_	4	xcomp	_	_
7	that	_	DET	DT	_	8	det	_	_
8	girl	_	NOUN	NN	_	6	obj	_	_
9	.	_	PUNCT	.	_	4	punct	_	_",
she's lying on my arm .,"1	she's	_	_	_	_	2	nsubj	_	_
2	lying	_	_	_	_	0	root	_	_
3	on	_	_	_	_	5	case	_	_
4	my	_	_	_	_	5	nmod:poss	_	_
5	arm	_	_	_	_	2	obl	_	_
6	.	_	_	_	_	2	punct	_	_","1	she	_	PRON	PRP	_	3	nsubj	_	_
2	's	_	AUX	VBZ	_	3	aux	_	_
3	lying	_	VERB	VBG	_	0	root	_	_
4	on	_	ADP	IN	_	6	case	_	_
5	my	_	PRON	PRP$	_	6	nmod:poss	_	_
6	arm	_	NOUN	NN	_	3	obl	_	_
7	.	_	PUNCT	.	_	3	punct	_	_",
he's biting me .,"1	he's	_	_	_	_	2	nsubj	_	_
2	biting	_	_	_	_	0	root	_	_
3	me	_	_	_	_	2	obj	_	_
4	.	_	_	_	_	2	punct	_	_","1	he	_	PRON	PRP	_	3	nsubj	_	_
2	's	_	AUX	VBZ	_	3	aux	_	_
3	biting	_	VERB	VBG	_	0	root	_	_
4	me	_	PRON	PRP	_	3	obj	_	_
5	.	_	PUNCT	.	_	3	punct	_	_",
on me on my on this .,"1	on	_	_	_	_	2	case	_	_
2	me	_	_	_	_	0	root	_	_
3	on	_	_	_	_	4	case	_	_
4	my	_	_	_	_	2	conj	_	_
5	on	_	_	_	_	6	case	_	_
6	this	_	_	_	_	2	conj	_	_
7	.	_	_	_	_	2	punct	_	_","1	on	_	ADP	IN	_	2	case	_	_
2	me	_	PRON	PRP	_	0	root	_	_
3	on	_	ADP	IN	_	6	case	_	_
4	my	_	PRON	PRP$	_	6	nmod:poss	_	_
5	on	_	ADP	IN	_	6	case	_	_
6	this	_	PRON	DT	_	2	nmod	_	_
7	.	_	PUNCT	.	_	2	punct	_	_",
he's he's upside down .,"1	he's	_	_	_	_	3	reparandum	_	_
2	he's	_	_	_	_	3	nsubj	_	_
3	upside	_	_	_	_	0	root	_	_
4	down	_	_	_	_	3	fixed	_	_
5	.	_	_	_	_	3	punct	_	_","1	he	_	PRON	PRP	_	5	nsubj	_	_
2	's	_	AUX	VBZ	_	5	cop	_	_
3	he	_	PRON	PRP	_	5	nsubj	_	_
4	's	_	AUX	VBZ	_	5	cop	_	_
5	upside	_	ADJ	JJ	_	0	root	_	_
6	down	_	ADP	RP	_	5	advmod	_	_
7	.	_	PUNCT	.	_	5	punct	_	_",
oh that's a funny place for a knee .,"1	oh	_	_	_	_	5	discourse	_	_
2	that's	_	_	_	_	5	cop	_	_
3	a	_	_	_	_	5	det	_	_
4	funny	_	_	_	_	5	amod	_	_
5	place	_	_	_	_	0	root	_	_
6	for	_	_	_	_	8	case	_	_
7	a	_	_	_	_	8	det	_	_
8	knee	_	_	_	_	5	nmod	_	_
9	.	_	_	_	_	5	punct	_	_","1	oh	_	INTJ	UH	_	6	discourse	_	_
2	that	_	PRON	DT	_	6	nsubj	_	_
3	's	_	AUX	VBZ	_	6	cop	_	_
4	a	_	DET	DT	_	6	det	_	_
5	funny	_	ADJ	JJ	_	6	amod	_	_
6	place	_	NOUN	NN	_	0	root	_	_
7	for	_	ADP	IN	_	9	case	_	_
8	a	_	DET	DT	_	9	det	_	_
9	knee	_	NOUN	NN	_	6	nmod	_	_
10	.	_	PUNCT	.	_	6	punct	_	_",
that's a funny place .,"1	that's	_	_	_	_	4	cop	_	_
2	a	_	_	_	_	4	det	_	_
3	funny	_	_	_	_	4	amod	_	_
4	place	_	_	_	_	0	root	_	_
5	.	_	_	_	_	4	punct	_	_","1	that	_	PRON	DT	_	5	nsubj	_	_
2	's	_	AUX	VBZ	_	5	cop	_	_
3	a	_	DET	DT	_	5	det	_	_
4	funny	_	ADJ	JJ	_	5	amod	_	_
5	place	_	NOUN	NN	_	0	root	_	_
6	.	_	PUNCT	.	_	5	punct	_	_",
it's a hat .,"1	it's	_	_	_	_	3	cop	_	_
2	a	_	_	_	_	3	det	_	_
3	hat	_	_	_	_	0	root	_	_
4	.	_	_	_	_	3	punct	_	_","1	it	_	PRON	PRP	_	4	nsubj	_	_
2	's	_	AUX	VBZ	_	4	cop	_	_
3	a	_	DET	DT	_	4	det	_	_
4	hat	_	NOUN	NN	_	0	root	_	_
5	.	_	PUNCT	.	_	4	punct	_	_",
it's a hat .,"1	it's	_	_	_	_	3	cop	_	_
2	a	_	_	_	_	3	det	_	_
3	hat	_	_	_	_	0	root	_	_
4	.	_	_	_	_	3	punct	_	_","1	it	_	PRON	PRP	_	4	nsubj	_	_
2	's	_	AUX	VBZ	_	4	cop	_	_
3	a	_	DET	DT	_	4	det	_	_
4	hat	_	NOUN	NN	_	0	root	_	_
5	.	_	PUNCT	.	_	4	punct	_	_",
it's a it's a hat .,"1	it's	_	_	_	_	2	nsubj	_	_
2	a	_	_	_	_	5	reparandum	_	_
3	it's	_	_	_	_	5	cop	_	_
4	a	_	_	_	_	5	det	_	_
5	hat	_	_	_	_	0	root	_	_
6	.	_	_	_	_	5	punct	_	_","1	it	_	PRON	PRP	_	7	nsubj	_	_
2	's	_	AUX	VBZ	_	7	cop	_	_
3	a	_	DET	DT	_	7	reparandum	_	_
4	it	_	PRON	PRP	_	7	nsubj	_	_
5	's	_	AUX	VBZ	_	7	cop	_	_
6	a	_	DET	DT	_	7	det	_	_
7	hat	_	NOUN	NN	_	0	root	_	_
8	.	_	PUNCT	.	_	7	punct	_	_",
I wanna put her on there .,"1	I	_	_	_	_	2	nsubj	_	_
2	wanna	_	_	_	_	0	root	_	_
3	put	_	_	_	_	2	xcomp	_	_
4	her	_	_	_	_	3	obj	_	_
5	on	_	_	_	_	6	case	_	_
6	there	_	_	_	_	3	obl	_	_
7	.	_	_	_	_	2	punct	_	_","1	I	_	PRON	PRP	_	2	nsubj	_	_
2	wan	_	VERB	VBP	_	0	root	_	_
3	na	_	PART	TO	_	4	mark	_	_
4	put	_	VERB	VB	_	2	xcomp	_	_
5	her	_	PRON	PRP	_	4	obj	_	_
6	on	_	ADP	RP	_	4	compound:prt	_	_
7	there	_	ADV	RB	_	4	advmod	_	_
8	.	_	PUNCT	.	_	2	punct	_	_",
that's a funny place for a snake .,"1	that's	_	_	_	_	4	cop	_	_
2	a	_	_	_	_	4	det	_	_
3	funny	_	_	_	_	4	amod	_	_
4	place	_	_	_	_	0	root	_	_
5	for	_	_	_	_	7	case	_	_
6	a	_	_	_	_	7	det	_	_
7	snake	_	_	_	_	4	nmod	_	_
8	.	_	_	_	_	4	punct	_	_","1	that	_	PRON	DT	_	5	nsubj	_	_
2	's	_	AUX	VBZ	_	5	cop	_	_
3	a	_	DET	DT	_	5	det	_	_
4	funny	_	ADJ	JJ	_	5	amod	_	_
5	place	_	NOUN	NN	_	0	root	_	_
6	for	_	ADP	IN	_	8	case	_	_
7	a	_	DET	DT	_	8	det	_	_
8	snake	_	NOUN	NN	_	5	nmod	_	_
9	.	_	PUNCT	.	_	5	punct	_	_",
I will put this on the snake because it's red .,"1	I	_	_	_	_	3	nsubj	_	_
2	will	_	_	_	_	3	aux	_	_
3	put	_	_	_	_	0	root	_	_
4	this	_	_	_	_	3	obj	_	_
5	on	_	_	_	_	7	case	_	_
6	the	_	_	_	_	7	det	_	_
7	snake	_	_	_	_	3	obl	_	_
8	because	_	_	_	_	10	mark	_	_
9	it's	_	_	_	_	10	cop	_	_
10	red	_	_	_	_	3	advcl	_	_
11	.	_	_	_	_	3	punct	_	_","1	I	_	PRON	PRP	_	3	nsubj	_	_
2	will	_	AUX	MD	_	3	aux	_	_
3	put	_	VERB	VB	_	0	root	_	_
4	this	_	PRON	DT	_	3	obj	_	_
5	on	_	ADP	IN	_	7	case	_	_
6	the	_	DET	DT	_	7	det	_	_
7	snake	_	NOUN	NN	_	3	obl	_	_
8	because	_	SCONJ	IN	_	11	mark	_	_
9	it	_	PRON	PRP	_	11	nsubj	_	_
10	's	_	AUX	VBZ	_	11	cop	_	_
11	red	_	ADJ	JJ	_	3	advcl	_	_
12	.	_	PUNCT	.	_	3	punct	_	_",
this is for the dog to eat .,"1	this	_	_	_	_	2	nsubj	_	_
2	is	_	_	_	_	0	root	_	_
3	for	_	_	_	_	7	mark	_	_
4	the	_	_	_	_	5	det	_	_
5	dog	_	_	_	_	2	obl	_	_
6	to	_	_	_	_	7	mark	_	_
7	eat	_	_	_	_	5	acl	_	_
8	.	_	_	_	_	2	punct	_	_","1	this	_	PRON	DT	_	5	nsubj	_	_
2	is	_	AUX	VBZ	_	7	cop	_	_
3	for	_	SCONJ	IN	_	7	mark	_	_
4	the	_	DET	DT	_	5	det	_	_
5	dog	_	NOUN	NN	_	7	nsubj	_	_
6	to	_	PART	TO	_	7	mark	_	_
7	eat	_	VERB	VB	_	0	root	_	_
8	.	_	PUNCT	.	_	7	punct	_	_",
this is dog food okay ?,"1	this	_	_	_	_	4	nsubj	_	_
2	is	_	_	_	_	4	cop	_	_
3	dog	_	_	_	_	4	compound	_	_
4	food	_	_	_	_	0	root	_	_
5	okay	_	_	_	_	4	discourse	_	_
6	?	_	_	_	_	4	punct	_	_","1	this	_	PRON	DT	_	5	nsubj	_	_
2	is	_	AUX	VBZ	_	5	cop	_	_
3	dog	_	NOUN	NN	_	4	compound	_	_
4	food	_	NOUN	NN	_	5	compound	_	_
5	okay	_	ADJ	JJ	_	0	root	_	_
6	?	_	PUNCT	.	_	5	punct	_	_",
I don't know .,"1	I	_	_	_	_	3	nsubj	_	_
2	don't	_	_	_	_	3	aux	_	_
3	know	_	_	_	_	0	root	_	_
4	.	_	_	_	_	3	punct	_	_","1	I	_	PRON	PRP	_	4	nsubj	_	_
2	do	_	AUX	VBP	_	4	aux	_	_
3	n't	_	PART	RB	_	4	advmod	_	_
4	know	_	VERB	VB	_	0	root	_	_
5	.	_	PUNCT	.	_	4	punct	_	_",
he he has a sad face .,"1	he	_	_	_	_	2	reparandum	_	_
2	he	_	_	_	_	3	nsubj	_	_
3	has	_	_	_	_	0	root	_	_
4	a	_	_	_	_	6	det	_	_
5	sad	_	_	_	_	6	amod	_	_
6	face	_	_	_	_	3	obj	_	_
7	.	_	_	_	_	3	punct	_	_","1	he	_	PRON	PRP	_	3	nsubj	_	_
2	he	_	PRON	PRP	_	3	nsubj	_	_
3	has	_	VERB	VBZ	_	0	root	_	_
4	a	_	DET	DT	_	6	det	_	_
5	sad	_	ADJ	JJ	_	6	amod	_	_
6	face	_	NOUN	NN	_	3	obj	_	_
7	.	_	PUNCT	.	_	3	punct	_	_",
I don't know .,"1	I	_	_	_	_	3	nsubj	_	_
2	don't	_	_	_	_	3	aux	_	_
3	know	_	_	_	_	0	root	_	_
4	.	_	_	_	_	3	punct	_	_","1	I	_	PRON	PRP	_	4	nsubj	_	_
2	do	_	AUX	VBP	_	4	aux	_	_
3	n't	_	PART	RB	_	4	advmod	_	_
4	know	_	VERB	VB	_	0	root	_	_
5	.	_	PUNCT	.	_	4	punct	_	_",
I wanna go in the snow with this today .,"1	I	_	_	_	_	2	nsubj	_	_
2	wanna	_	_	_	_	0	root	_	_
3	go	_	_	_	_	2	xcomp	_	_
4	in	_	_	_	_	6	case	_	_
5	the	_	_	_	_	6	det	_	_
6	snow	_	_	_	_	3	obl	_	_
7	with	_	_	_	_	8	case	_	_
8	this	_	_	_	_	3	obl	_	_
9	today	_	_	_	_	3	obl:unmarked	_	_
10	.	_	_	_	_	2	punct	_	_","1	I	_	PRON	PRP	_	2	nsubj	_	_
2	wan	_	VERB	VBP	_	0	root	_	_
3	na	_	PART	TO	_	4	mark	_	_
4	go	_	VERB	VB	_	2	xcomp	_	_
5	in	_	ADP	IN	_	7	case	_	_
6	the	_	DET	DT	_	7	det	_	_
7	snow	_	NOUN	NN	_	4	obl	_	_
8	with	_	ADP	IN	_	9	case	_	_
9	this	_	PRON	DT	_	4	obl	_	_
10	today	_	NOUN	NN	_	4	obl:unmarked	_	_
11	.	_	PUNCT	.	_	2	punct	_	_",
I wanna I wanna I wanna go to Jared's .,"1	I	_	_	_	_	2	nsubj	_	_
2	wanna	_	_	_	_	6	reparandum	_	_
3	I	_	_	_	_	4	nsubj	_	_
4	wanna	_	_	_	_	6	reparandum	_	_
5	I	_	_	_	_	6	nsubj	_	_
6	wanna	_	_	_	_	0	root	_	_
7	go	_	_	_	_	6	xcomp	_	_
8	to	_	_	_	_	9	case	_	_
9	Jared's	_	_	_	_	7	obl	_	_
10	.	_	_	_	_	6	punct	_	_","1	I	_	PRON	PRP	_	2	nsubj	_	_
2	wan	_	VERB	VBP	_	0	root	_	_
3	na	_	PART	TO	_	5	mark	_	_
4	I	_	PRON	PRP	_	5	nsubj	_	_
5	wan	_	VERB	VBP	_	2	xcomp	_	_
6	na	_	PART	TO	_	8	mark	_	_
7	I	_	PRON	PRP	_	8	nsubj	_	_
8	wan	_	VERB	VBP	_	5	xcomp	_	_
9	na	_	PART	TO	_	10	mark	_	_
10	go	_	VERB	VB	_	8	xcomp	_	_
11	to	_	ADP	IN	_	12	case	_	_
12	Jared	_	PROPN	NNP	_	10	obl	_	_
13	's	_	PART	POS	_	12	case	_	_
14	.	_	PUNCT	.	_	2	punct	_	_",
I wanna bring it to Jared's .,"1	I	_	_	_	_	2	nsubj	_	_
2	wanna	_	_	_	_	0	root	_	_
3	bring	_	_	_	_	2	xcomp	_	_
4	it	_	_	_	_	3	obj	_	_
5	to	_	_	_	_	6	case	_	_
6	Jared's	_	_	_	_	3	obl	_	_
7	.	_	_	_	_	2	punct	_	_","1	I	_	PRON	PRP	_	2	nsubj	_	_
2	wan	_	VERB	VBP	_	0	root	_	_
3	na	_	PART	TO	_	4	mark	_	_
4	bring	_	VERB	VB	_	2	xcomp	_	_
5	it	_	PRON	PRP	_	4	obj	_	_
6	to	_	ADP	IN	_	7	case	_	_
7	Jared	_	PROPN	NNP	_	4	obl	_	_
8	's	_	PART	POS	_	7	case	_	_
9	.	_	PUNCT	.	_	2	punct	_	_",
I wanna borrow it .,"1	I	_	_	_	_	2	nsubj	_	_
2	wanna	_	_	_	_	0	root	_	_
3	borrow	_	_	_	_	2	xcomp	_	_
4	it	_	_	_	_	3	obj	_	_
5	.	_	_	_	_	2	punct	_	_","1	I	_	PRON	PRP	_	2	nsubj	_	_
2	wan	_	VERB	VBP	_	0	root	_	_
3	na	_	PART	TO	_	4	mark	_	_
4	borrow	_	VERB	VB	_	2	xcomp	_	_
5	it	_	PRON	PRP	_	4	obj	_	_
6	.	_	PUNCT	.	_	2	punct	_	_",
I don't know .,"1	I	_	_	_	_	3	nsubj	_	_
2	don't	_	_	_	_	3	aux	_	_
3	know	_	_	_	_	0	root	_	_
4	.	_	_	_	_	3	punct	_	_","1	I	_	PRON	PRP	_	4	nsubj	_	_
2	do	_	AUX	VBP	_	4	aux	_	_
3	n't	_	PART	RB	_	4	advmod	_	_
4	know	_	VERB	VB	_	0	root	_	_
5	.	_	PUNCT	.	_	4	punct	_	_",
uh does Prissy does ?,"1	uh	_	_	_	_	2	discourse	_	_
2	does	_	_	_	_	0	root	_	_
3	Prissy	_	_	_	_	4	nsubj	_	_
4	does	_	_	_	_	2	parataxis	_	_
5	?	_	_	_	_	2	punct	_	_","1	uh	_	INTJ	UH	_	4	discourse	_	_
2	does	_	AUX	VBZ	_	4	aux	_	_
3	Prissy	_	PROPN	NNP	_	4	nsubj	_	_
4	does	_	AUX	VBZ	_	0	root	_	_
5	?	_	PUNCT	.	_	4	punct	_	_",
I don't know .,"1	I	_	_	_	_	3	nsubj	_	_
2	don't	_	_	_	_	3	aux	_	_
3	know	_	_	_	_	0	root	_	_
4	.	_	_	_	_	3	punct	_	_","1	I	_	PRON	PRP	_	4	nsubj	_	_
2	do	_	AUX	VBP	_	4	aux	_	_
3	n't	_	PART	RB	_	4	advmod	_	_
4	know	_	VERB	VB	_	0	root	_	_
5	.	_	PUNCT	.	_	4	punct	_	_",
I don't know .,"1	I	_	_	_	_	3	nsubj	_	_
2	don't	_	_	_	_	3	aux	_	_
3	know	_	_	_	_	0	root	_	_
4	.	_	_	_	_	3	punct	_	_","1	I	_	PRON	PRP	_	4	nsubj	_	_
2	do	_	AUX	VBP	_	4	aux	_	_
3	n't	_	PART	RB	_	4	advmod	_	_
4	know	_	VERB	VB	_	0	root	_	_
5	.	_	PUNCT	.	_	4	punct	_	_",
I don't know .,"1	I	_	_	_	_	3	nsubj	_	_
2	don't	_	_	_	_	3	aux	_	_
3	know	_	_	_	_	0	root	_	_
4	.	_	_	_	_	3	punct	_	_","1	I	_	PRON	PRP	_	4	nsubj	_	_
2	do	_	AUX	VBP	_	4	aux	_	_
3	n't	_	PART	RB	_	4	advmod	_	_
4	know	_	VERB	VB	_	0	root	_	_
5	.	_	PUNCT	.	_	4	punct	_	_",
they're each in the bed .,"1	they're	_	_	_	_	5	nsubj	_	_
2	each	_	_	_	_	5	advmod	_	_
3	in	_	_	_	_	5	case	_	_
4	the	_	_	_	_	5	det	_	_
5	bed	_	_	_	_	0	root	_	_
6	.	_	_	_	_	5	punct	_	_","1	they	_	PRON	PRP	_	6	nsubj	_	_
2	're	_	AUX	VBP	_	6	cop	_	_
3	each	_	DET	DT	_	6	advmod	_	_
4	in	_	ADP	IN	_	6	case	_	_
5	the	_	DET	DT	_	6	det	_	_
6	bed	_	NOUN	NN	_	0	root	_	_
7	.	_	PUNCT	.	_	6	punct	_	_",
this doesn't turn .,"1	this	_	_	_	_	3	nsubj	_	_
2	doesn't	_	_	_	_	3	aux	_	_
3	turn	_	_	_	_	0	root	_	_
4	.	_	_	_	_	3	punct	_	_","1	this	_	PRON	DT	_	4	nsubj	_	_
2	does	_	AUX	VBZ	_	4	aux	_	_
3	n't	_	PART	RB	_	4	advmod	_	_
4	turn	_	VERB	VB	_	0	root	_	_
5	.	_	PUNCT	.	_	4	punct	_	_",
I don't know .,"1	I	_	_	_	_	3	nsubj	_	_
2	don't	_	_	_	_	3	aux	_	_
3	know	_	_	_	_	0	root	_	_
4	.	_	_	_	_	3	punct	_	_","1	I	_	PRON	PRP	_	4	nsubj	_	_
2	do	_	AUX	VBP	_	4	aux	_	_
3	n't	_	PART	RB	_	4	advmod	_	_
4	know	_	VERB	VB	_	0	root	_	_
5	.	_	PUNCT	.	_	4	punct	_	_",
I don't know .,"1	I	_	_	_	_	3	nsubj	_	_
2	don't	_	_	_	_	3	aux	_	_
3	know	_	_	_	_	0	root	_	_
4	.	_	_	_	_	3	punct	_	_","1	I	_	PRON	PRP	_	4	nsubj	_	_
2	do	_	AUX	VBP	_	4	aux	_	_
3	n't	_	PART	RB	_	4	advmod	_	_
4	know	_	VERB	VB	_	0	root	_	_
5	.	_	PUNCT	.	_	4	punct	_	_",
it's Cookie Monster .,"1	it's	_	_	_	_	2	nsubj	_	_
2	Cookie	_	_	_	_	3	compound	_	_
3	Monster	_	_	_	_	0	root	_	_
4	.	_	_	_	_	2	punct	_	_","1	it	_	PRON	PRP	_	4	nsubj	_	_
2	's	_	AUX	VBZ	_	4	cop	_	_
3	Cookie	_	PROPN	NNP	_	4	compound	_	_
4	Monster	_	PROPN	NNP	_	0	root	_	_
5	.	_	PUNCT	.	_	4	punct	_	_",
I'm going to sleep in my bed .,"1	I'm	_	_	_	_	2	nsubj	_	_
2	going	_	_	_	_	0	root	_	_
3	to	_	_	_	_	4	mark	_	_
4	sleep	_	_	_	_	2	xcomp	_	_
5	in	_	_	_	_	7	case	_	_
6	my	_	_	_	_	7	nmod:poss	_	_
7	bed	_	_	_	_	4	obl	_	_
8	.	_	_	_	_	2	punct	_	_","1	I	_	PRON	PRP	_	3	nsubj	_	_
2	'm	_	AUX	VBP	_	3	aux	_	_
3	going	_	VERB	VBG	_	0	root	_	_
4	to	_	PART	TO	_	5	mark	_	_
5	sleep	_	VERB	VB	_	3	xcomp	_	_
6	in	_	ADP	IN	_	8	case	_	_
7	my	_	PRON	PRP$	_	8	nmod:poss	_	_
8	bed	_	NOUN	NN	_	5	obl	_	_
9	.	_	PUNCT	.	_	3	punct	_	_",
I can't do this one .,"1	I	_	_	_	_	3	nsubj	_	_
2	can't	_	_	_	_	3	aux	_	_
3	do	_	_	_	_	0	root	_	_
4	this	_	_	_	_	5	det	_	_
5	one	_	_	_	_	3	obj	_	_
6	.	_	_	_	_	3	punct	_	_","1	I	_	PRON	PRP	_	4	nsubj	_	_
2	ca	_	AUX	MD	_	4	aux	_	_
3	n't	_	PART	RB	_	4	advmod	_	_
4	do	_	VERB	VB	_	0	root	_	_
5	this	_	DET	DT	_	6	det	_	_
6	one	_	NOUN	NN	_	4	obj	_	_
7	.	_	PUNCT	.	_	4	punct	_	_",
they they can play on the swings .,"1	they	_	_	_	_	2	reparandum	_	_
2	they	_	_	_	_	4	nsubj	_	_
3	can	_	_	_	_	4	aux	_	_
4	play	_	_	_	_	0	root	_	_
5	on	_	_	_	_	7	case	_	_
6	the	_	_	_	_	7	det	_	_
7	swings	_	_	_	_	4	obl	_	_
8	.	_	_	_	_	4	punct	_	_","1	they	_	PRON	PRP	_	4	nsubj	_	_
2	they	_	PRON	PRP	_	4	nsubj	_	_
3	can	_	AUX	MD	_	4	aux	_	_
4	play	_	VERB	VB	_	0	root	_	_
5	on	_	ADP	IN	_	7	case	_	_
6	the	_	DET	DT	_	7	det	_	_
7	swings	_	NOUN	NNS	_	4	obl	_	_
8	.	_	PUNCT	.	_	4	punct	_	_",
I'm going to go to sleep .,"1	I'm	_	_	_	_	2	nsubj	_	_
2	going	_	_	_	_	0	root	_	_
3	to	_	_	_	_	4	mark	_	_
4	go	_	_	_	_	2	xcomp	_	_
5	to	_	_	_	_	6	case	_	_
6	sleep	_	_	_	_	4	obl	_	_
7	.	_	_	_	_	2	punct	_	_","1	I	_	PRON	PRP	_	3	nsubj	_	_
2	'm	_	AUX	VBP	_	3	aux	_	_
3	going	_	VERB	VBG	_	0	root	_	_
4	to	_	PART	TO	_	5	mark	_	_
5	go	_	VERB	VB	_	3	xcomp	_	_
6	to	_	ADP	IN	_	7	case	_	_
7	sleep	_	NOUN	NN	_	5	obl	_	_
8	.	_	PUNCT	.	_	3	punct	_	_",
I did it mom .,"1	I	_	_	_	_	2	nsubj	_	_
2	did	_	_	_	_	0	root	_	_
3	it	_	_	_	_	2	obj	_	_
4	mom	_	_	_	_	2	vocative	_	_
5	.	_	_	_	_	2	punct	_	_","1	I	_	PRON	PRP	_	2	nsubj	_	_
2	did	_	VERB	VBD	_	0	root	_	_
3	it	_	PRON	PRP	_	2	obj	_	_
4	mom	_	NOUN	NN	_	2	obj	_	_
5	.	_	PUNCT	.	_	2	punct	_	_",
I don't know .,"1	I	_	_	_	_	3	nsubj	_	_
2	don't	_	_	_	_	3	aux	_	_
3	know	_	_	_	_	0	root	_	_
4	.	_	_	_	_	3	punct	_	_","1	I	_	PRON	PRP	_	4	nsubj	_	_
2	do	_	AUX	VBP	_	4	aux	_	_
3	n't	_	PART	RB	_	4	advmod	_	_
4	know	_	VERB	VB	_	0	root	_	_
5	.	_	PUNCT	.	_	4	punct	_	_",
where's paper ?,"1	where's	_	_	_	_	0	root	_	_
2	paper	_	_	_	_	1	nsubj	_	_
3	?	_	_	_	_	1	punct	_	_","1	where	_	ADV	WRB	_	0	root	_	_
2	's	_	AUX	VBZ	_	1	cop	_	_
3	paper	_	NOUN	NN	_	1	nsubj	_	_
4	?	_	PUNCT	.	_	1	punct	_	_",
who did this mom ?,"1	who	_	_	_	_	2	nsubj	_	_
2	did	_	_	_	_	0	root	_	_
3	this	_	_	_	_	2	obj	_	_
4	mom	_	_	_	_	2	vocative	_	_
5	?	_	_	_	_	2	punct	_	_","1	who	_	PRON	WP	_	2	nsubj	_	_
2	did	_	VERB	VBD	_	0	root	_	_
3	this	_	DET	DT	_	4	det	_	_
4	mom	_	NOUN	NN	_	2	obj	_	_
5	?	_	PUNCT	.	_	2	punct	_	_",
that's me .,"1	that's	_	_	_	_	2	nsubj	_	_
2	me	_	_	_	_	0	root	_	_
3	.	_	_	_	_	2	punct	_	_","1	that	_	PRON	DT	_	3	nsubj	_	_
2	's	_	AUX	VBZ	_	3	cop	_	_
3	me	_	PRON	PRP	_	0	root	_	_
4	.	_	PUNCT	.	_	3	punct	_	_",
because I wanna .,"1	because	_	_	_	_	3	mark	_	_
2	I	_	_	_	_	3	nsubj	_	_
3	wanna	_	_	_	_	0	root	_	_
4	.	_	_	_	_	3	punct	_	_","1	because	_	SCONJ	IN	_	3	mark	_	_
2	I	_	PRON	PRP	_	3	nsubj	_	_
3	wan	_	VERB	VBP	_	0	root	_	_
4	na	_	PART	TO	_	3	xcomp	_	_
5	.	_	PUNCT	.	_	3	punct	_	_",
I'm I'm making the kid the kid a toy .,"1	I'm	_	_	_	_	3	reparandum	_	_
2	I'm	_	_	_	_	3	nsubj	_	_
3	making	_	_	_	_	0	root	_	_
4	the	_	_	_	_	5	det	_	_
5	kid	_	_	_	_	3	obj	_	_
6	the	_	_	_	_	7	det	_	_
7	kid	_	_	_	_	9	nsubj	_	_
8	a	_	_	_	_	9	det	_	_
9	toy	_	_	_	_	3	obj	_	_
10	.	_	_	_	_	3	punct	_	_","1	I	_	PRON	PRP	_	5	nsubj:outer	_	_
2	'm	_	AUX	VBP	_	5	reparandum	_	_
3	I	_	PRON	PRP	_	5	nsubj	_	_
4	'm	_	AUX	VBP	_	5	aux	_	_
5	making	_	VERB	VBG	_	0	root	_	_
6	the	_	DET	DT	_	7	det	_	_
7	kid	_	NOUN	NN	_	5	iobj	_	_
8	the	_	DET	DT	_	9	det	_	_
9	kid	_	NOUN	NN	_	5	obj	_	_
10	a	_	DET	DT	_	11	det	_	_
11	toy	_	NOUN	NN	_	5	xcomp	_	_
12	.	_	PUNCT	.	_	5	punct	_	_",
I'm going to make a rainbow .,"1	I'm	_	_	_	_	2	nsubj	_	_
2	going	_	_	_	_	0	root	_	_
3	to	_	_	_	_	4	mark	_	_
4	make	_	_	_	_	2	xcomp	_	_
5	a	_	_	_	_	6	det	_	_
6	rainbow	_	_	_	_	4	obj	_	_
7	.	_	_	_	_	2	punct	_	_","1	I	_	PRON	PRP	_	3	nsubj	_	_
2	'm	_	AUX	VBP	_	3	aux	_	_
3	going	_	VERB	VBG	_	0	root	_	_
4	to	_	PART	TO	_	5	mark	_	_
5	make	_	VERB	VB	_	3	xcomp	_	_
6	a	_	DET	DT	_	7	det	_	_
7	rainbow	_	NOUN	NN	_	5	obj	_	_
8	.	_	PUNCT	.	_	3	punct	_	_",
where's the door ?,"1	where's	_	_	_	_	0	root	_	_
2	the	_	_	_	_	3	det	_	_
3	door	_	_	_	_	1	nsubj	_	_
4	?	_	_	_	_	1	punct	_	_","1	where	_	ADV	WRB	_	0	root	_	_
2	's	_	AUX	VBZ	_	1	cop	_	_
3	the	_	DET	DT	_	4	det	_	_
4	door	_	NOUN	NN	_	1	nsubj	_	_
5	?	_	PUNCT	.	_	1	punct	_	_",
"um , kitty cats , do kitty cats go in the zoo ?","1	um	_	_	_	_	4	discourse	_	_
2	,	_	_	_	_	4	reparandum	_	_
3	kitty	_	_	_	_	4	compound	_	_
4	cats	_	_	_	_	0	root	_	_
5	,	_	_	_	_	9	mark	_	_
6	do	_	_	_	_	9	aux	_	_
7	kitty	_	_	_	_	8	compound	_	_
8	cats	_	_	_	_	9	nsubj	_	_
9	go	_	_	_	_	4	parataxis	_	_
10	in	_	_	_	_	12	case	_	_
11	the	_	_	_	_	12	det	_	_
12	zoo	_	_	_	_	9	obl	_	_
13	?	_	_	_	_	4	punct	_	_","1	um	_	INTJ	UH	_	9	discourse	_	_
2	,	_	PUNCT	,	_	1	punct	_	_
3	kitty	_	NOUN	NN	_	4	compound	_	_
4	cats	_	NOUN	NNS	_	9	vocative	_	_
5	,	_	PUNCT	,	_	4	punct	_	_
6	do	_	AUX	VBP	_	9	aux	_	_
7	kitty	_	NOUN	NN	_	8	compound	_	_
8	cats	_	NOUN	NNS	_	9	nsubj	_	_
9	go	_	VERB	VB	_	0	root	_	_
10	in	_	ADP	IN	_	12	case	_	_
11	the	_	DET	DT	_	12	det	_	_
12	zoo	_	NOUN	NN	_	9	obl	_	_
13	?	_	PUNCT	.	_	9	punct	_	_",
"but they're not , cats .","1	but	_	_	_	_	5	cc	_	_
2	they're	_	_	_	_	5	nsubj	_	_
3	not	_	_	_	_	5	advmod	_	_
4	,	_	_	_	_	5	case	_	_
5	cats	_	_	_	_	0	root	_	_
6	.	_	_	_	_	5	punct	_	_","1	but	_	CCONJ	CC	_	6	cc	_	_
2	they	_	PRON	PRP	_	6	nsubj	_	_
3	're	_	AUX	VBP	_	6	cop	_	_
4	not	_	PART	RB	_	6	advmod	_	_
5	,	_	PUNCT	,	_	4	punct	_	_
6	cats	_	NOUN	NNS	_	0	root	_	_
7	.	_	PUNCT	.	_	6	punct	_	_",
they're lions .,"1	they're	_	_	_	_	2	cop	_	_
2	lions	_	_	_	_	0	root	_	_
3	.	_	_	_	_	2	punct	_	_","1	they	_	PRON	PRP	_	3	nsubj	_	_
2	're	_	AUX	VBP	_	3	cop	_	_
3	lions	_	NOUN	NNS	_	0	root	_	_
4	.	_	PUNCT	.	_	3	punct	_	_",
they're big .,"1	they're	_	_	_	_	2	nsubj	_	_
2	big	_	_	_	_	0	root	_	_
3	.	_	_	_	_	2	punct	_	_","1	they	_	PRON	PRP	_	3	nsubj	_	_
2	're	_	AUX	VBP	_	3	cop	_	_
3	big	_	ADJ	JJ	_	0	root	_	_
4	.	_	PUNCT	.	_	3	punct	_	_",
I'm going to carve a pumpkin .,"1	I'm	_	_	_	_	2	nsubj	_	_
2	going	_	_	_	_	0	root	_	_
3	to	_	_	_	_	4	mark	_	_
4	carve	_	_	_	_	2	xcomp	_	_
5	a	_	_	_	_	6	det	_	_
6	pumpkin	_	_	_	_	4	obj	_	_
7	.	_	_	_	_	2	punct	_	_","1	I	_	PRON	PRP	_	3	nsubj	_	_
2	'm	_	AUX	VBP	_	3	aux	_	_
3	going	_	VERB	VBG	_	0	root	_	_
4	to	_	PART	TO	_	5	mark	_	_
5	carve	_	VERB	VB	_	3	xcomp	_	_
6	a	_	DET	DT	_	7	det	_	_
7	pumpkin	_	NOUN	NN	_	5	obj	_	_
8	.	_	PUNCT	.	_	3	punct	_	_",
a balle - a ballerina .,"1	a	_	_	_	_	2	det	_	_
2	balle	_	_	_	_	0	root	_	_
3	-	_	_	_	_	5	cc	_	_
4	a	_	_	_	_	5	det	_	_
5	ballerina	_	_	_	_	2	conj	_	_
6	.	_	_	_	_	2	punct	_	_","1	a	_	DET	DT	_	5	det	_	_
2	balle	_	NOUN	NN	_	5	compound	_	_
3	-	_	PUNCT	HYPH	_	2	punct	_	_
4	a	_	DET	DT	_	5	det	_	_
5	ballerina	_	NOUN	NN	_	0	root	_	_
6	.	_	PUNCT	.	_	5	punct	_	_",
"at a house , up the street .","1	at	_	_	_	_	3	case	_	_
2	a	_	_	_	_	3	det	_	_
3	house	_	_	_	_	0	root	_	_
4	,	_	_	_	_	7	case	_	_
5	up	_	_	_	_	7	case	_	_
6	the	_	_	_	_	7	det	_	_
7	street	_	_	_	_	3	conj	_	_
8	.	_	_	_	_	3	punct	_	_","1	at	_	ADP	IN	_	3	case	_	_
2	a	_	DET	DT	_	3	det	_	_
3	house	_	NOUN	NN	_	7	nmod	_	_
4	,	_	PUNCT	,	_	7	punct	_	_
5	up	_	ADP	IN	_	7	case	_	_
6	the	_	DET	DT	_	7	det	_	_
7	street	_	NOUN	NN	_	0	root	_	_
8	.	_	PUNCT	.	_	7	punct	_	_",
"I think , I think we got one , two three left .","1	I	_	_	_	_	2	nsubj	_	_
2	think	_	_	_	_	5	reparandum	_	_
3	,	_	_	_	_	2	mark	_	_
4	I	_	_	_	_	5	nsubj	_	_
5	think	_	_	_	_	0	root	_	_
6	we	_	_	_	_	7	nsubj	_	_
7	got	_	_	_	_	5	ccomp	_	_
8	one	_	_	_	_	7	obj	_	_
9	,	_	_	_	_	8	conj	_	_
10	two	_	_	_	_	8	conj	_	_
11	three	_	_	_	_	8	conj	_	_
12	left	_	_	_	_	8	acl	_	_
13	.	_	_	_	_	5	punct	_	_","1	I	_	PRON	PRP	_	2	nsubj	_	_
2	think	_	VERB	VBP	_	0	root	_	_
3	,	_	PUNCT	,	_	5	punct	_	_
4	I	_	PRON	PRP	_	5	nsubj	_	_
5	think	_	VERB	VBP	_	2	parataxis	_	_
6	we	_	PRON	PRP	_	7	nsubj	_	_
7	got	_	VERB	VBD	_	5	ccomp	_	_
8	one	_	NUM	CD	_	7	obj	_	_
9	,	_	PUNCT	,	_	12	punct	_	_
10	two	_	NUM	CD	_	11	nummod	_	_
11	three	_	NUM	CD	_	12	nsubj	_	_
12	left	_	ADJ	JJ	_	7	advmod	_	_
13	.	_	PUNCT	.	_	2	punct	_	_",
because she's walking on a stick .,"1	because	_	_	_	_	3	mark	_	_
2	she's	_	_	_	_	3	nsubj	_	_
3	walking	_	_	_	_	0	root	_	_
4	on	_	_	_	_	6	case	_	_
5	a	_	_	_	_	6	det	_	_
6	stick	_	_	_	_	3	obl	_	_
7	.	_	_	_	_	3	punct	_	_","1	because	_	SCONJ	IN	_	4	mark	_	_
2	she	_	PRON	PRP	_	4	nsubj	_	_
3	's	_	AUX	VBZ	_	4	aux	_	_
4	walking	_	VERB	VBG	_	0	root	_	_
5	on	_	ADP	IN	_	7	case	_	_
6	a	_	DET	DT	_	7	det	_	_
7	stick	_	NOUN	NN	_	4	obl	_	_
8	.	_	PUNCT	.	_	4	punct	_	_",
a huge giant cracker .,"1	a	_	_	_	_	4	det	_	_
2	huge	_	_	_	_	4	amod	_	_
3	giant	_	_	_	_	2	conj	_	_
4	cracker	_	_	_	_	0	root	_	_
5	.	_	_	_	_	4	punct	_	_","1	a	_	DET	DT	_	4	det	_	_
2	huge	_	ADJ	JJ	_	4	amod	_	_
3	giant	_	ADJ	JJ	_	4	amod	_	_
4	cracker	_	NOUN	NN	_	0	root	_	_
5	.	_	PUNCT	.	_	4	punct	_	_",
uh huh .,"1	uh	_	_	_	_	0	root	_	_
2	huh	_	_	_	_	1	flat	_	_
3	.	_	_	_	_	1	punct	_	_","1	uh	_	INTJ	UH	_	2	discourse	_	_
2	huh	_	INTJ	UH	_	0	root	_	_
3	.	_	PUNCT	.	_	2	punct	_	_","1	Uh	uh	INTJ	UH	_	0	root	0:root	_
2	huh	huh	INTJ	UH	_	1	flat	1:flat	SpaceAfter=No
3	?	?	PUNCT	?	_	1	punct	1:punct	_
"
he's waving .,"1	he's	_	_	_	_	2	nsubj	_	_
2	waving	_	_	_	_	0	root	_	_
3	.	_	_	_	_	2	punct	_	_","1	he	_	PRON	PRP	_	3	nsubj	_	_
2	's	_	AUX	VBZ	_	3	aux	_	_
3	waving	_	VERB	VBG	_	0	root	_	_
4	.	_	PUNCT	.	_	3	punct	_	_",
where's Stephen .,"1	where's	_	_	_	_	0	root	_	_
2	Stephen	_	_	_	_	1	nsubj	_	_
3	.	_	_	_	_	1	punct	_	_","1	where	_	ADV	WRB	_	0	root	_	_
2	's	_	AUX	VBZ	_	1	cop	_	_
3	Stephen	_	PROPN	NNP	_	1	nsubj	_	_
4	.	_	PUNCT	.	_	1	punct	_	_",
don't spill my juice .,"1	don't	_	_	_	_	2	aux	_	_
2	spill	_	_	_	_	0	root	_	_
3	my	_	_	_	_	4	nmod:poss	_	_
4	juice	_	_	_	_	2	obj	_	_
5	.	_	_	_	_	2	punct	_	_","1	do	_	AUX	VB	_	3	aux	_	_
2	n't	_	PART	RB	_	3	advmod	_	_
3	spill	_	VERB	VB	_	0	root	_	_
4	my	_	PRON	PRP$	_	5	nmod:poss	_	_
5	juice	_	NOUN	NN	_	3	obj	_	_
6	.	_	PUNCT	.	_	3	punct	_	_",
"sorry , Purd .","1	sorry	_	_	_	_	0	root	_	_
2	,	_	_	_	_	1	vocative	_	_
3	Purd	_	_	_	_	1	vocative	_	_
4	.	_	_	_	_	1	punct	_	_","1	sorry	_	INTJ	UH	_	3	discourse	_	_
2	,	_	PUNCT	,	_	1	punct	_	_
3	Purd	_	PROPN	NNP	_	0	root	_	_
4	.	_	PUNCT	.	_	3	punct	_	_",
"sorry , Purdie .","1	sorry	_	_	_	_	0	root	_	_
2	,	_	_	_	_	1	vocative	_	_
3	Purdie	_	_	_	_	1	vocative	_	_
4	.	_	_	_	_	1	punct	_	_","1	sorry	_	INTJ	UH	_	3	discourse	_	_
2	,	_	PUNCT	,	_	1	punct	_	_
3	Purdie	_	PROPN	NNP	_	0	root	_	_
4	.	_	PUNCT	.	_	3	punct	_	_",
Purdie's hot .,"1	Purdie's	_	_	_	_	2	nsubj	_	_
2	hot	_	_	_	_	0	root	_	_
3	.	_	_	_	_	2	punct	_	_","1	Purdie	_	PROPN	NNP	_	3	nsubj	_	_
2	's	_	AUX	VBZ	_	3	cop	_	_
3	hot	_	ADJ	JJ	_	0	root	_	_
4	.	_	PUNCT	.	_	3	punct	_	_",
more like a crocodile .,"1	more	_	_	_	_	4	advmod	_	_
2	like	_	_	_	_	4	case	_	_
3	a	_	_	_	_	4	det	_	_
4	crocodile	_	_	_	_	0	root	_	_
5	.	_	_	_	_	4	punct	_	_","1	more	_	ADJ	JJR	_	0	root	_	_
2	like	_	ADP	IN	_	4	case	_	_
3	a	_	DET	DT	_	4	det	_	_
4	crocodile	_	NOUN	NN	_	1	obl	_	_
5	.	_	PUNCT	.	_	1	punct	_	_",
a big tail like Purdie has .,"1	a	_	_	_	_	3	det	_	_
2	big	_	_	_	_	3	amod	_	_
3	tail	_	_	_	_	0	root	_	_
4	like	_	_	_	_	6	mark	_	_
5	Purdie	_	_	_	_	6	nsubj	_	_
6	has	_	_	_	_	3	acl:relcl	_	_
7	.	_	_	_	_	3	punct	_	_","1	a	_	DET	DT	_	3	det	_	_
2	big	_	ADJ	JJ	_	3	amod	_	_
3	tail	_	NOUN	NN	_	6	nsubj	_	_
4	like	_	SCONJ	IN	_	5	case	_	_
5	Purdie	_	PROPN	NNP	_	3	nmod	_	_
6	has	_	VERB	VBZ	_	0	root	_	_
7	.	_	PUNCT	.	_	6	punct	_	_",
more like pepper .,"1	more	_	_	_	_	3	advmod	_	_
2	like	_	_	_	_	3	case	_	_
3	pepper	_	_	_	_	0	root	_	_
4	.	_	_	_	_	3	punct	_	_","1	more	_	ADJ	JJR	_	0	root	_	_
2	like	_	ADP	IN	_	3	case	_	_
3	pepper	_	NOUN	NN	_	1	obl	_	_
4	.	_	PUNCT	.	_	1	punct	_	_",
uh like salt .,"1	uh	_	_	_	_	3	discourse	_	_
2	like	_	_	_	_	3	case	_	_
3	salt	_	_	_	_	0	root	_	_
4	.	_	_	_	_	3	punct	_	_","1	uh	_	INTJ	UH	_	3	discourse	_	_
2	like	_	INTJ	UH	_	3	discourse	_	_
3	salt	_	NOUN	NN	_	0	root	_	_
4	.	_	PUNCT	.	_	3	punct	_	_",
and you're not a dustbin .,"1	and	_	_	_	_	5	cc	_	_
2	you're	_	_	_	_	5	nsubj	_	_
3	not	_	_	_	_	5	advmod	_	_
4	a	_	_	_	_	5	det	_	_
5	dustbin	_	_	_	_	0	root	_	_
6	.	_	_	_	_	5	punct	_	_","1	and	_	CCONJ	CC	_	6	cc	_	_
2	you	_	PRON	PRP	_	6	nsubj	_	_
3	're	_	AUX	VBP	_	6	cop	_	_
4	not	_	PART	RB	_	6	advmod	_	_
5	a	_	DET	DT	_	6	det	_	_
6	dustbin	_	NOUN	NN	_	0	root	_	_
7	.	_	PUNCT	.	_	6	punct	_	_",
you're a lady .,"1	you're	_	_	_	_	3	nsubj	_	_
2	a	_	_	_	_	3	det	_	_
3	lady	_	_	_	_	0	root	_	_
4	.	_	_	_	_	3	punct	_	_","1	you	_	PRON	PRP	_	4	nsubj	_	_
2	're	_	AUX	VBP	_	4	cop	_	_
3	a	_	DET	DT	_	4	det	_	_
4	lady	_	NOUN	NN	_	0	root	_	_
5	.	_	PUNCT	.	_	4	punct	_	_",
you're not dustbin wagon .,"1	you're	_	_	_	_	4	nsubj	_	_
2	not	_	_	_	_	4	advmod	_	_
3	dustbin	_	_	_	_	4	compound	_	_
4	wagon	_	_	_	_	0	root	_	_
5	.	_	_	_	_	4	punct	_	_","1	you	_	PRON	PRP	_	5	nsubj	_	_
2	're	_	AUX	VBP	_	5	cop	_	_
3	not	_	PART	RB	_	5	advmod	_	_
4	dustbin	_	NOUN	NN	_	5	compound	_	_
5	wagon	_	NOUN	NN	_	0	root	_	_
6	.	_	PUNCT	.	_	5	punct	_	_",
you're a fire engine .,"1	you're	_	_	_	_	4	nsubj	_	_
2	a	_	_	_	_	4	det	_	_
3	fire	_	_	_	_	4	compound	_	_
4	engine	_	_	_	_	0	root	_	_
5	.	_	_	_	_	4	punct	_	_","1	you	_	PRON	PRP	_	5	nsubj	_	_
2	're	_	AUX	VBP	_	5	cop	_	_
3	a	_	DET	DT	_	5	det	_	_
4	fire	_	NOUN	NN	_	5	compound	_	_
5	engine	_	NOUN	NN	_	0	root	_	_
6	.	_	PUNCT	.	_	5	punct	_	_",
where's it now ?,"1	where's	_	_	_	_	0	root	_	_
2	it	_	_	_	_	1	nsubj	_	_
3	now	_	_	_	_	1	advmod	_	_
4	?	_	_	_	_	1	punct	_	_","1	where	_	ADV	WRB	_	0	root	_	_
2	's	_	AUX	VBZ	_	1	cop	_	_
3	it	_	PRON	PRP	_	1	nsubj	_	_
4	now	_	ADV	RB	_	1	advmod	_	_
5	?	_	PUNCT	.	_	1	punct	_	_",
"look , Purdy .","1	look	_	_	_	_	0	root	_	_
2	,	_	_	_	_	1	vocative	_	_
3	Purdy	_	_	_	_	1	vocative	_	_
4	.	_	_	_	_	1	punct	_	_","1	look	_	VERB	VB	_	0	root	_	_
2	,	_	PUNCT	,	_	3	punct	_	_
3	Purdy	_	PROPN	NNP	_	1	vocative	_	_
4	.	_	PUNCT	.	_	1	punct	_	_",
Mummy's bringing the big box .,"1	Mummy's	_	_	_	_	2	nsubj	_	_
2	bringing	_	_	_	_	0	root	_	_
3	the	_	_	_	_	5	det	_	_
4	big	_	_	_	_	5	amod	_	_
5	box	_	_	_	_	2	obj	_	_
6	.	_	_	_	_	2	punct	_	_","1	Mummy	_	PROPN	NNP	_	3	nsubj	_	_
2	's	_	AUX	VBZ	_	3	aux	_	_
3	bringing	_	VERB	VBG	_	0	root	_	_
4	the	_	DET	DT	_	6	det	_	_
5	big	_	ADJ	JJ	_	6	amod	_	_
6	box	_	NOUN	NN	_	3	obj	_	_
7	.	_	PUNCT	.	_	3	punct	_	_",
"here you are , Purd .","1	here	_	_	_	_	0	root	_	_
2	you	_	_	_	_	1	nsubj	_	_
3	are	_	_	_	_	1	cop	_	_
4	,	_	_	_	_	1	vocative	_	_
5	Purd	_	_	_	_	1	vocative	_	_
6	.	_	_	_	_	1	punct	_	_","1	here	_	ADV	RB	_	0	root	_	_
2	you	_	PRON	PRP	_	5	nsubj	_	_
3	are	_	AUX	VBP	_	1	cop	_	_
4	,	_	PUNCT	,	_	5	punct	_	_
5	Purd	_	PROPN	NNP	_	1	vocative	_	_
6	.	_	PUNCT	.	_	1	punct	_	_",
it's a piece of paper .,"1	it's	_	_	_	_	3	nsubj	_	_
2	a	_	_	_	_	3	det	_	_
3	piece	_	_	_	_	0	root	_	_
4	of	_	_	_	_	5	case	_	_
5	paper	_	_	_	_	3	nmod	_	_
6	.	_	_	_	_	3	punct	_	_","1	it	_	PRON	PRP	_	4	nsubj	_	_
2	's	_	AUX	VBZ	_	4	cop	_	_
3	a	_	DET	DT	_	4	det	_	_
4	piece	_	NOUN	NN	_	0	root	_	_
5	of	_	ADP	IN	_	6	case	_	_
6	paper	_	NOUN	NN	_	4	nmod	_	_
7	.	_	PUNCT	.	_	4	punct	_	_",
that's my fire engine .,"1	that's	_	_	_	_	4	cop	_	_
2	my	_	_	_	_	4	nmod:poss	_	_
3	fire	_	_	_	_	4	compound	_	_
4	engine	_	_	_	_	0	root	_	_
5	.	_	_	_	_	4	punct	_	_","1	that	_	PRON	DT	_	5	nsubj	_	_
2	's	_	AUX	VBZ	_	5	cop	_	_
3	my	_	PRON	PRP$	_	5	nmod:poss	_	_
4	fire	_	NOUN	NN	_	5	compound	_	_
5	engine	_	NOUN	NN	_	0	root	_	_
6	.	_	PUNCT	.	_	5	punct	_	_",
no no .,"1	no	_	_	_	_	0	root	_	_
2	no	_	_	_	_	1	conj	_	_
3	.	_	_	_	_	1	punct	_	_","1	no	_	INTJ	UH	_	0	root	_	_
2	no	_	INTJ	UH	_	1	discourse	_	_
3	.	_	PUNCT	.	_	1	punct	_	_","1	No	no	INTJ	UH	_	0	root	0:root	_
2	no	no	INTJ	UH	_	1	conj	1:conj	SpaceAfter=No
3	!	!	PUNCT	!	_	1	punct	1:punct	_
"
it's my fire engine .,"1	it's	_	_	_	_	4	nsubj	_	_
2	my	_	_	_	_	4	nmod:poss	_	_
3	fire	_	_	_	_	4	compound	_	_
4	engine	_	_	_	_	0	root	_	_
5	.	_	_	_	_	4	punct	_	_","1	it	_	PRON	PRP	_	5	nsubj	_	_
2	's	_	AUX	VBZ	_	5	cop	_	_
3	my	_	PRON	PRP$	_	5	nmod:poss	_	_
4	fire	_	NOUN	NN	_	5	compound	_	_
5	engine	_	NOUN	NN	_	0	root	_	_
6	.	_	PUNCT	.	_	5	punct	_	_",
I'm going to show Purdie .,"1	I'm	_	_	_	_	2	nsubj	_	_
2	going	_	_	_	_	0	root	_	_
3	to	_	_	_	_	4	mark	_	_
4	show	_	_	_	_	2	xcomp	_	_
5	Purdie	_	_	_	_	4	iobj	_	_
6	.	_	_	_	_	2	punct	_	_","1	I	_	PRON	PRP	_	3	nsubj	_	_
2	'm	_	AUX	VBP	_	3	aux	_	_
3	going	_	VERB	VBG	_	0	root	_	_
4	to	_	PART	TO	_	5	mark	_	_
5	show	_	VERB	VB	_	3	xcomp	_	_
6	Purdie	_	PROPN	NNP	_	5	iobj	_	_
7	.	_	PUNCT	.	_	3	punct	_	_",
"hello , Puss .","1	hello	_	_	_	_	0	root	_	_
2	,	_	_	_	_	1	vocative	_	_
3	Puss	_	_	_	_	1	vocative	_	_
4	.	_	_	_	_	1	punct	_	_","1	hello	_	INTJ	UH	_	0	root	_	_
2	,	_	PUNCT	,	_	3	punct	_	_
3	Puss	_	PROPN	NNP	_	1	vocative	_	_
4	.	_	PUNCT	.	_	1	punct	_	_",
"I like your ears , Purdie .","1	I	_	_	_	_	2	nsubj	_	_
2	like	_	_	_	_	0	root	_	_
3	your	_	_	_	_	4	nmod:poss	_	_
4	ears	_	_	_	_	2	obj	_	_
5	,	_	_	_	_	2	vocative	_	_
6	Purdie	_	_	_	_	2	vocative	_	_
7	.	_	_	_	_	2	punct	_	_","1	I	_	PRON	PRP	_	2	nsubj	_	_
2	like	_	VERB	VBP	_	0	root	_	_
3	your	_	PRON	PRP$	_	4	nmod:poss	_	_
4	ears	_	NOUN	NNS	_	2	obj	_	_
5	,	_	PUNCT	,	_	6	punct	_	_
6	Purdie	_	PROPN	NNP	_	2	vocative	_	_
7	.	_	PUNCT	.	_	2	punct	_	_",
uh where's the box ?,"1	uh	_	_	_	_	2	discourse	_	_
2	where's	_	_	_	_	0	root	_	_
3	the	_	_	_	_	4	det	_	_
4	box	_	_	_	_	2	nsubj	_	_
5	?	_	_	_	_	2	punct	_	_","1	uh	_	INTJ	UH	_	2	discourse	_	_
2	where	_	ADV	WRB	_	0	root	_	_
3	's	_	AUX	VBZ	_	2	cop	_	_
4	the	_	DET	DT	_	5	det	_	_
5	box	_	NOUN	NN	_	2	nsubj	_	_
6	?	_	PUNCT	.	_	2	punct	_	_",
"no , Mummy .","1	no	_	_	_	_	0	root	_	_
2	,	_	_	_	_	1	vocative	_	_
3	Mummy	_	_	_	_	1	vocative	_	_
4	.	_	_	_	_	1	punct	_	_","1	no	_	INTJ	UH	_	3	discourse	_	_
2	,	_	PUNCT	,	_	1	punct	_	_
3	Mummy	_	NOUN	NN	_	0	root	_	_
4	.	_	PUNCT	.	_	3	punct	_	_","1	No	no	DET	DT	_	2	det	2:det	_
2	Mummy	mummy	NOUN	NN	_	0	root	0:root	SpaceAfter=No
3	.	.	PUNCT	.	_	2	punct	2:punct	_
"
hey mommy .,"1	hey	_	_	_	_	0	root	_	_
2	mommy	_	_	_	_	1	vocative	_	_
3	.	_	_	_	_	1	punct	_	_","1	hey	_	INTJ	UH	_	2	discourse	_	_
2	mommy	_	NOUN	NN	_	0	root	_	_
3	.	_	PUNCT	.	_	2	punct	_	_","1	Hey	hey	INTJ	UH	_	0	root	0:root	_
2	Mommy	Mommy	PROPN	NNP	_	1	vocative	1:vocative	SpaceAfter=No
3	.	.	PUNCT	.	_	1	punct	1:punct	_
"
"the frost , the frosting .","1	the	_	_	_	_	2	det	_	_
2	frost	_	_	_	_	0	root	_	_
3	,	_	_	_	_	5	cc	_	_
4	the	_	_	_	_	5	det	_	_
5	frosting	_	_	_	_	2	conj	_	_
6	.	_	_	_	_	2	punct	_	_","1	the	_	DET	DT	_	2	det	_	_
2	frost	_	NOUN	NN	_	0	root	_	_
3	,	_	PUNCT	,	_	5	punct	_	_
4	the	_	DET	DT	_	5	det	_	_
5	frosting	_	NOUN	NN	_	2	conj	_	_
6	.	_	PUNCT	.	_	2	punct	_	_",
"flying an air , flying the airplane .","1	flying	_	_	_	_	0	root	_	_
2	an	_	_	_	_	3	det	_	_
3	air	_	_	_	_	1	obj	_	_
4	,	_	_	_	_	5	aux	_	_
5	flying	_	_	_	_	1	conj	_	_
6	the	_	_	_	_	7	det	_	_
7	airplane	_	_	_	_	5	obj	_	_
8	.	_	_	_	_	1	punct	_	_","1	flying	_	VERB	VBG	_	0	root	_	_
2	an	_	DET	DT	_	3	det	_	_
3	air	_	NOUN	NN	_	1	obj	_	_
4	,	_	PUNCT	,	_	5	punct	_	_
5	flying	_	VERB	VBG	_	1	advcl	_	_
6	the	_	DET	DT	_	7	det	_	_
7	airplane	_	NOUN	NN	_	5	obj	_	_
8	.	_	PUNCT	.	_	1	punct	_	_",
uh huh .,"1	uh	_	_	_	_	0	root	_	_
2	huh	_	_	_	_	1	flat	_	_
3	.	_	_	_	_	1	punct	_	_","1	uh	_	INTJ	UH	_	2	discourse	_	_
2	huh	_	INTJ	UH	_	0	root	_	_
3	.	_	PUNCT	.	_	2	punct	_	_","1	Uh	uh	INTJ	UH	_	0	root	0:root	_
2	huh	huh	INTJ	UH	_	1	flat	1:flat	SpaceAfter=No
3	?	?	PUNCT	?	_	1	punct	1:punct	_
"
no maybe he's talking on the radio .,"1	no	_	_	_	_	4	discourse	_	_
2	maybe	_	_	_	_	4	advmod	_	_
3	he's	_	_	_	_	4	aux	_	_
4	talking	_	_	_	_	0	root	_	_
5	on	_	_	_	_	7	case	_	_
6	the	_	_	_	_	7	det	_	_
7	radio	_	_	_	_	4	obl	_	_
8	.	_	_	_	_	4	punct	_	_","1	no	_	INTJ	UH	_	5	discourse	_	_
2	maybe	_	ADV	RB	_	5	advmod	_	_
3	he	_	PRON	PRP	_	5	nsubj	_	_
4	's	_	AUX	VBZ	_	5	aux	_	_
5	talking	_	VERB	VBG	_	0	root	_	_
6	on	_	ADP	IN	_	8	case	_	_
7	the	_	DET	DT	_	8	det	_	_
8	radio	_	NOUN	NN	_	5	obl	_	_
9	.	_	PUNCT	.	_	5	punct	_	_",
I think those are they help them catch fish .,"1	I	_	_	_	_	2	nsubj	_	_
2	think	_	_	_	_	0	root	_	_
3	those	_	_	_	_	4	nsubj	_	_
4	are	_	_	_	_	2	ccomp	_	_
5	they	_	_	_	_	6	nsubj	_	_
6	help	_	_	_	_	2	parataxis	_	_
7	them	_	_	_	_	6	obj	_	_
8	catch	_	_	_	_	6	xcomp	_	_
9	fish	_	_	_	_	8	obj	_	_
10	.	_	_	_	_	2	punct	_	_","1	I	_	PRON	PRP	_	2	nsubj	_	_
2	think	_	VERB	VBP	_	0	root	_	_
3	those	_	PRON	DT	_	6	nsubj:outer	_	_
4	are	_	AUX	VBP	_	6	cop	_	_
5	they	_	PRON	PRP	_	6	nsubj	_	_
6	help	_	VERB	VB	_	2	ccomp	_	_
7	them	_	PRON	PRP	_	6	obj	_	_
8	catch	_	VERB	VB	_	6	xcomp	_	_
9	fish	_	NOUN	NNS	_	8	obj	_	_
10	.	_	PUNCT	.	_	2	punct	_	_",
oh oh oh at least they like to eat fish .,"1	oh	_	_	_	_	7	discourse	_	_
2	oh	_	_	_	_	1	conj	_	_
3	oh	_	_	_	_	1	conj	_	_
4	at	_	_	_	_	7	advmod	_	_
5	least	_	_	_	_	7	advmod	_	_
6	they	_	_	_	_	7	nsubj	_	_
7	like	_	_	_	_	0	root	_	_
8	to	_	_	_	_	9	mark	_	_
9	eat	_	_	_	_	7	xcomp	_	_
10	fish	_	_	_	_	9	obj	_	_
11	.	_	_	_	_	7	punct	_	_","1	oh	_	INTJ	UH	_	7	discourse	_	_
2	oh	_	INTJ	UH	_	7	discourse	_	_
3	oh	_	INTJ	UH	_	7	discourse	_	_
4	at	_	ADP	IN	_	7	advmod	_	_
5	least	_	ADJ	JJS	_	4	fixed	_	_
6	they	_	PRON	PRP	_	7	nsubj	_	_
7	like	_	VERB	VBP	_	0	root	_	_
8	to	_	PART	TO	_	9	mark	_	_
9	eat	_	VERB	VB	_	7	xcomp	_	_
10	fish	_	NOUN	NNS	_	9	obj	_	_
11	.	_	PUNCT	.	_	7	punct	_	_",
oh yeah .,"1	oh	_	_	_	_	0	root	_	_
2	yeah	_	_	_	_	1	discourse	_	_
3	.	_	_	_	_	1	punct	_	_","1	oh	_	INTJ	UH	_	2	discourse	_	_
2	yeah	_	INTJ	UH	_	0	root	_	_
3	.	_	PUNCT	.	_	1	punct	_	_","1	Oh	oh	INTJ	UH	_	0	root	0:root	_
2	yeah	yeah	INTJ	UH	_	1	discourse	1:discourse	SpaceAfter=No
3	?	?	PUNCT	?	_	1	punct	1:punct	_
"
I don't know .,"1	I	_	_	_	_	3	nsubj	_	_
2	don't	_	_	_	_	3	aux	_	_
3	know	_	_	_	_	0	root	_	_
4	.	_	_	_	_	3	punct	_	_","1	I	_	PRON	PRP	_	4	nsubj	_	_
2	do	_	AUX	VBP	_	4	aux	_	_
3	n't	_	PART	RB	_	4	advmod	_	_
4	know	_	VERB	VB	_	0	root	_	_
5	.	_	PUNCT	.	_	4	punct	_	_",
at at when we were at the zoo .,"1	at	_	_	_	_	2	reparandum	_	_
2	at	_	_	_	_	3	reparandum	_	_
3	when	_	_	_	_	8	mark	_	_
4	we	_	_	_	_	8	nsubj	_	_
5	were	_	_	_	_	8	cop	_	_
6	at	_	_	_	_	8	case	_	_
7	the	_	_	_	_	8	det	_	_
8	zoo	_	_	_	_	0	root	_	_
9	.	_	_	_	_	2	punct	_	_","1	at	_	ADP	IN	_	8	mark	_	_
2	at	_	ADP	IN	_	8	mark	_	_
3	when	_	ADV	WRB	_	8	advmod	_	_
4	we	_	PRON	PRP	_	8	nsubj	_	_
5	were	_	AUX	VBD	_	8	cop	_	_
6	at	_	ADP	IN	_	8	case	_	_
7	the	_	DET	DT	_	8	det	_	_
8	zoo	_	NOUN	NN	_	0	root	_	_
9	.	_	PUNCT	.	_	3	punct	_	_",
someone playing baseball .,"1	someone	_	_	_	_	2	nsubj	_	_
2	playing	_	_	_	_	0	root	_	_
3	baseball	_	_	_	_	2	obj	_	_
4	.	_	_	_	_	2	punct	_	_","1	someone	_	PRON	NN	_	0	root	_	_
2	playing	_	VERB	VBG	_	1	acl	_	_
3	baseball	_	NOUN	NN	_	2	obj	_	_
4	.	_	PUNCT	.	_	1	punct	_	_",
number three and zero .,"1	number	_	_	_	_	0	root	_	_
2	three	_	_	_	_	1	nummod	_	_
3	and	_	_	_	_	4	cc	_	_
4	zero	_	_	_	_	2	conj	_	_
5	.	_	_	_	_	1	punct	_	_","1	number	_	NOUN	NN	_	0	root	_	_
2	three	_	NUM	CD	_	1	nummod	_	_
3	and	_	CCONJ	CC	_	4	cc	_	_
4	zero	_	NUM	CD	_	1	conj	_	_
5	.	_	PUNCT	.	_	1	punct	_	_",
"I think it's , red .","1	I	_	_	_	_	2	nsubj	_	_
2	think	_	_	_	_	0	root	_	_
3	it's	_	_	_	_	5	cop	_	_
4	,	_	_	_	_	5	advmod	_	_
5	red	_	_	_	_	2	ccomp	_	_
6	.	_	_	_	_	2	punct	_	_","1	I	_	PRON	PRP	_	2	nsubj	_	_
2	think	_	VERB	VBP	_	0	root	_	_
3	it	_	PRON	PRP	_	6	nsubj	_	_
4	's	_	AUX	VBZ	_	6	cop	_	_
5	,	_	PUNCT	,	_	4	punct	_	_
6	red	_	ADJ	JJ	_	2	ccomp	_	_
7	.	_	PUNCT	.	_	2	punct	_	_",
no I I think it's when I scrape it on something .,"1	no	_	_	_	_	4	discourse	_	_
2	I	_	_	_	_	3	reparandum	_	_
3	I	_	_	_	_	4	nsubj	_	_
4	think	_	_	_	_	0	root	_	_
5	it's	_	_	_	_	4	ccomp	_	_
6	when	_	_	_	_	8	mark	_	_
7	I	_	_	_	_	8	nsubj	_	_
8	scrape	_	_	_	_	5	advcl	_	_
9	it	_	_	_	_	8	obj	_	_
10	on	_	_	_	_	11	case	_	_
11	something	_	_	_	_	8	obl	_	_
12	.	_	_	_	_	4	punct	_	_","1	no	_	INTJ	UH	_	4	discourse	_	_
2	I	_	PRON	PRP	_	4	nsubj	_	_
3	I	_	PRON	PRP	_	4	nsubj	_	_
4	think	_	VERB	VBP	_	0	root	_	_
5	it	_	PRON	PRP	_	7	nsubj	_	_
6	's	_	AUX	VBZ	_	7	cop	_	_
7	when	_	ADV	WRB	_	9	advmod	_	_
8	I	_	PRON	PRP	_	9	nsubj	_	_
9	scrape	_	VERB	VBP	_	4	ccomp	_	_
10	it	_	PRON	PRP	_	9	obj	_	_
11	on	_	ADP	IN	_	12	case	_	_
12	something	_	PRON	NN	_	9	obl	_	_
13	.	_	PUNCT	.	_	4	punct	_	_",
I'll turn .,"1	I'll	_	_	_	_	2	nsubj	_	_
2	turn	_	_	_	_	0	root	_	_
3	.	_	_	_	_	2	punct	_	_","1	I	_	PRON	PRP	_	3	nsubj	_	_
2	'll	_	AUX	MD	_	3	aux	_	_
3	turn	_	VERB	VB	_	0	root	_	_
4	.	_	PUNCT	.	_	3	punct	_	_",
"because I , know a a a where the part is .","1	because	_	_	_	_	4	mark	_	_
2	I	_	_	_	_	4	nsubj	_	_
3	,	_	_	_	_	4	aux	_	_
4	know	_	_	_	_	0	root	_	_
5	a	_	_	_	_	8	reparandum	_	_
6	a	_	_	_	_	5	conj	_	_
7	a	_	_	_	_	5	conj	_	_
8	where	_	_	_	_	4	ccomp	_	_
9	the	_	_	_	_	10	det	_	_
10	part	_	_	_	_	8	nsubj	_	_
11	is	_	_	_	_	8	cop	_	_
12	.	_	_	_	_	4	punct	_	_","1	because	_	SCONJ	IN	_	4	mark	_	_
2	I	_	PRON	PRP	_	4	nsubj	_	_
3	,	_	PUNCT	,	_	2	punct	_	_
4	know	_	VERB	VBP	_	0	root	_	_
5	a	_	DET	DT	_	8	reparandum	_	_
6	a	_	DET	DT	_	8	reparandum	_	_
7	a	_	DET	DT	_	8	det	_	_
8	where	_	ADV	WRB	_	4	ccomp	_	_
9	the	_	DET	DT	_	10	det	_	_
10	part	_	NOUN	NN	_	11	nsubj	_	_
11	is	_	AUX	VBZ	_	8	cop	_	_
12	.	_	PUNCT	.	_	4	punct	_	_",
uh huh .,"1	uh	_	_	_	_	0	root	_	_
2	huh	_	_	_	_	1	flat	_	_
3	.	_	_	_	_	1	punct	_	_","1	uh	_	INTJ	UH	_	2	discourse	_	_
2	huh	_	INTJ	UH	_	0	root	_	_
3	.	_	PUNCT	.	_	2	punct	_	_","1	Uh	uh	INTJ	UH	_	0	root	0:root	_
2	huh	huh	INTJ	UH	_	1	flat	1:flat	SpaceAfter=No
3	?	?	PUNCT	?	_	1	punct	1:punct	_
"
oh yeah .,"1	oh	_	_	_	_	0	root	_	_
2	yeah	_	_	_	_	1	discourse	_	_
3	.	_	_	_	_	1	punct	_	_","1	oh	_	INTJ	UH	_	2	discourse	_	_
2	yeah	_	INTJ	UH	_	0	root	_	_
3	.	_	PUNCT	.	_	1	punct	_	_","1	Oh	oh	INTJ	UH	_	0	root	0:root	_
2	yeah	yeah	INTJ	UH	_	1	discourse	1:discourse	SpaceAfter=No
3	?	?	PUNCT	?	_	1	punct	1:punct	_
"
oh yeah .,"1	oh	_	_	_	_	0	root	_	_
2	yeah	_	_	_	_	1	discourse	_	_
3	.	_	_	_	_	1	punct	_	_","1	oh	_	INTJ	UH	_	2	discourse	_	_
2	yeah	_	INTJ	UH	_	0	root	_	_
3	.	_	PUNCT	.	_	1	punct	_	_","1	Oh	oh	INTJ	UH	_	0	root	0:root	_
2	yeah	yeah	INTJ	UH	_	1	discourse	1:discourse	SpaceAfter=No
3	?	?	PUNCT	?	_	1	punct	1:punct	_
"
wh- no .,"1	wh-	_	_	_	_	0	root	_	_
2	no	_	_	_	_	1	discourse	_	_
3	.	_	_	_	_	1	punct	_	_","1	wh-	_	INTJ	UH	_	2	discourse	_	_
2	no	_	INTJ	UH	_	0	root	_	_
3	.	_	PUNCT	.	_	2	punct	_	_",
there's even a bat .,"1	there's	_	_	_	_	4	expl	_	_
2	even	_	_	_	_	4	advmod	_	_
3	a	_	_	_	_	4	det	_	_
4	bat	_	_	_	_	0	root	_	_
5	.	_	_	_	_	4	punct	_	_","1	there	_	PRON	EX	_	2	expl	_	_
2	's	_	VERB	VBZ	_	0	root	_	_
3	even	_	ADV	RB	_	2	advmod	_	_
4	a	_	DET	DT	_	5	det	_	_
5	bat	_	NOUN	NN	_	2	nsubj	_	_
6	.	_	PUNCT	.	_	2	punct	_	_",
I'm sure she didn't have a bat on her costume .,"1	I'm	_	_	_	_	2	nsubj	_	_
2	sure	_	_	_	_	0	root	_	_
3	she	_	_	_	_	5	nsubj	_	_
4	didn't	_	_	_	_	5	aux	_	_
5	have	_	_	_	_	2	ccomp	_	_
6	a	_	_	_	_	7	det	_	_
7	bat	_	_	_	_	5	obj	_	_
8	on	_	_	_	_	10	case	_	_
9	her	_	_	_	_	10	nmod:poss	_	_
10	costume	_	_	_	_	5	obl	_	_
11	.	_	_	_	_	2	punct	_	_","1	I	_	PRON	PRP	_	3	nsubj	_	_
2	'm	_	AUX	VBP	_	3	cop	_	_
3	sure	_	ADJ	JJ	_	0	root	_	_
4	she	_	PRON	PRP	_	7	nsubj	_	_
5	did	_	AUX	VBD	_	7	aux	_	_
6	n't	_	PART	RB	_	7	advmod	_	_
7	have	_	VERB	VB	_	3	ccomp	_	_
8	a	_	DET	DT	_	9	det	_	_
9	bat	_	NOUN	NN	_	7	obj	_	_
10	on	_	ADP	IN	_	12	case	_	_
11	her	_	PRON	PRP$	_	12	nmod:poss	_	_
12	costume	_	NOUN	NN	_	7	obl	_	_
13	.	_	PUNCT	.	_	3	punct	_	_",
what's that ?,"1	what's	_	_	_	_	0	root	_	_
2	that	_	_	_	_	1	nsubj	_	_
3	?	_	_	_	_	1	punct	_	_","1	what	_	PRON	WP	_	0	root	_	_
2	's	_	AUX	VBZ	_	1	cop	_	_
3	that	_	PRON	DT	_	1	nsubj	_	_
4	?	_	PUNCT	.	_	1	punct	_	_",
oh yeah .,"1	oh	_	_	_	_	0	root	_	_
2	yeah	_	_	_	_	1	discourse	_	_
3	.	_	_	_	_	1	punct	_	_","1	oh	_	INTJ	UH	_	2	discourse	_	_
2	yeah	_	INTJ	UH	_	0	root	_	_
3	.	_	PUNCT	.	_	1	punct	_	_","1	Oh	oh	INTJ	UH	_	0	root	0:root	_
2	yeah	yeah	INTJ	UH	_	1	discourse	1:discourse	SpaceAfter=No
3	?	?	PUNCT	?	_	1	punct	1:punct	_
"
and see these are the flaps that open them up .,"1	and	_	_	_	_	2	cc	_	_
2	see	_	_	_	_	0	root	_	_
3	these	_	_	_	_	6	nsubj	_	_
4	are	_	_	_	_	6	cop	_	_
5	the	_	_	_	_	6	det	_	_
6	flaps	_	_	_	_	2	parataxis	_	_
7	that	_	_	_	_	8	nsubj	_	_
8	open	_	_	_	_	6	acl:relcl	_	_
9	them	_	_	_	_	8	obj	_	_
10	up	_	_	_	_	8	compound:prt	_	_
11	.	_	_	_	_	2	punct	_	_","1	and	_	CCONJ	CC	_	2	cc	_	_
2	see	_	VERB	VB	_	0	root	_	_
3	these	_	PRON	DT	_	6	nsubj	_	_
4	are	_	AUX	VBP	_	6	cop	_	_
5	the	_	DET	DT	_	6	det	_	_
6	flaps	_	NOUN	NNS	_	2	ccomp	_	_
7	that	_	PRON	WDT	_	8	nsubj	_	_
8	open	_	VERB	VBP	_	6	acl:relcl	_	_
9	them	_	PRON	PRP	_	8	obj	_	_
10	up	_	ADP	RP	_	8	compound:prt	_	_
11	.	_	PUNCT	.	_	2	punct	_	_",
so that they'll know we're done with the book ?,"1	so	_	_	_	_	4	mark	_	_
2	that	_	_	_	_	4	mark	_	_
3	they'll	_	_	_	_	4	nsubj	_	_
4	know	_	_	_	_	0	root	_	_
5	we're	_	_	_	_	6	nsubj	_	_
6	done	_	_	_	_	4	ccomp	_	_
7	with	_	_	_	_	9	case	_	_
8	the	_	_	_	_	9	det	_	_
9	book	_	_	_	_	6	obl	_	_
10	?	_	_	_	_	4	punct	_	_","1	so	_	SCONJ	IN	_	5	mark	_	_
2	that	_	SCONJ	IN	_	1	fixed	_	_
3	they	_	PRON	PRP	_	5	nsubj	_	_
4	'll	_	AUX	MD	_	5	aux	_	_
5	know	_	VERB	VB	_	0	root	_	_
6	we	_	PRON	PRP	_	8	nsubj	_	_
7	're	_	AUX	VBP	_	8	cop	_	_
8	done	_	ADJ	JJ	_	5	ccomp	_	_
9	with	_	ADP	IN	_	11	case	_	_
10	the	_	DET	DT	_	11	det	_	_
11	book	_	NOUN	NN	_	8	obl	_	_
12	?	_	PUNCT	.	_	5	punct	_	_",
"what's that , Mummy ?","1	what's	_	_	_	_	0	root	_	_
2	that	_	_	_	_	1	nsubj	_	_
3	,	_	_	_	_	1	punct	_	_
4	Mummy	_	_	_	_	1	vocative	_	_
5	?	_	_	_	_	1	punct	_	_","1	what	_	PRON	WP	_	0	root	_	_
2	's	_	AUX	VBZ	_	1	cop	_	_
3	that	_	PRON	DT	_	1	nsubj	_	_
4	,	_	PUNCT	,	_	5	punct	_	_
5	Mummy	_	NOUN	NN	_	1	nsubj	_	_
6	?	_	PUNCT	.	_	1	punct	_	_",
what's this ?,"1	what's	_	_	_	_	0	root	_	_
2	this	_	_	_	_	1	nsubj	_	_
3	?	_	_	_	_	1	punct	_	_","1	what	_	PRON	WP	_	3	nsubj	_	_
2	's	_	AUX	VBZ	_	3	cop	_	_
3	this	_	PRON	DT	_	0	root	_	_
4	?	_	PUNCT	.	_	3	punct	_	_",
oh no oh no .,"1	oh	_	_	_	_	0	root	_	_
2	no	_	_	_	_	1	discourse	_	_
3	oh	_	_	_	_	1	discourse	_	_
4	no	_	_	_	_	3	conj	_	_
5	.	_	_	_	_	1	punct	_	_","1	oh	_	INTJ	UH	_	2	discourse	_	_
2	no	_	INTJ	UH	_	0	root	_	_
3	oh	_	INTJ	UH	_	4	discourse	_	_
4	no	_	INTJ	UH	_	2	discourse	_	_
5	.	_	PUNCT	.	_	2	punct	_	_",
what's this ?,"1	what's	_	_	_	_	0	root	_	_
2	this	_	_	_	_	1	nsubj	_	_
3	?	_	_	_	_	1	punct	_	_","1	what	_	PRON	WP	_	3	nsubj	_	_
2	's	_	AUX	VBZ	_	3	cop	_	_
3	this	_	PRON	DT	_	0	root	_	_
4	?	_	PUNCT	.	_	3	punct	_	_",
what's in the bag ?,"1	what's	_	_	_	_	4	nsubj	_	_
2	in	_	_	_	_	4	case	_	_
3	the	_	_	_	_	4	det	_	_
4	bag	_	_	_	_	0	root	_	_
5	?	_	_	_	_	4	punct	_	_","1	what	_	PRON	WP	_	5	nsubj	_	_
2	's	_	AUX	VBZ	_	5	cop	_	_
3	in	_	ADP	IN	_	5	case	_	_
4	the	_	DET	DT	_	5	det	_	_
5	bag	_	NOUN	NN	_	0	root	_	_
6	?	_	PUNCT	.	_	5	punct	_	_",
what's this ?,"1	what's	_	_	_	_	0	root	_	_
2	this	_	_	_	_	1	nsubj	_	_
3	?	_	_	_	_	1	punct	_	_","1	what	_	PRON	WP	_	3	nsubj	_	_
2	's	_	AUX	VBZ	_	3	cop	_	_
3	this	_	PRON	DT	_	0	root	_	_
4	?	_	PUNCT	.	_	3	punct	_	_",
um yes .,"1	um	_	_	_	_	0	root	_	_
2	yes	_	_	_	_	1	discourse	_	_
3	.	_	_	_	_	1	punct	_	_","1	um	_	INTJ	UH	_	2	discourse	_	_
2	yes	_	INTJ	UH	_	0	root	_	_
3	.	_	PUNCT	.	_	2	punct	_	_","1	Um	um	INTJ	UH	_	0	root	0:root	_
2	yes	yes	INTJ	UH	_	1	discourse	1:discourse	SpaceAfter=No
3	.	.	PUNCT	.	_	1	punct	1:punct	_
"
Mummy's broken hat .,"1	Mummy's	_	_	_	_	3	nmod:poss	_	_
2	broken	_	_	_	_	3	amod	_	_
3	hat	_	_	_	_	0	root	_	_
4	.	_	_	_	_	3	punct	_	_","1	Mummy	_	PROPN	NNP	_	4	nmod:poss	_	_
2	's	_	PART	POS	_	1	case	_	_
3	broken	_	VERB	VBN	_	4	amod	_	_
4	hat	_	NOUN	NN	_	0	root	_	_
5	.	_	PUNCT	.	_	4	punct	_	_",
oh no no no .,"1	oh	_	_	_	_	0	root	_	_
2	no	_	_	_	_	1	discourse	_	_
3	no	_	_	_	_	2	conj	_	_
4	no	_	_	_	_	2	conj	_	_
5	.	_	_	_	_	1	punct	_	_","1	oh	_	INTJ	UH	_	2	discourse	_	_
2	no	_	INTJ	UH	_	0	root	_	_
3	no	_	INTJ	UH	_	2	discourse	_	_
4	no	_	INTJ	UH	_	2	discourse	_	_
5	.	_	PUNCT	.	_	2	punct	_	_","1	Oh	oh	INTJ	UH	_	0	root	0:root	_
2	no	no	INTJ	UH	_	1	discourse	1:discourse	_
3	no	no	INTJ	UH	_	2	conj	1:discourse|2:conj	_
4	no	no	INTJ	UH	_	2	conj	1:discourse|2:conj	SpaceAfter=No
5	.	.	PUNCT	.	_	1	punct	1:punct	_
"
no no .,"1	no	_	_	_	_	0	root	_	_
2	no	_	_	_	_	1	conj	_	_
3	.	_	_	_	_	1	punct	_	_","1	no	_	INTJ	UH	_	0	root	_	_
2	no	_	INTJ	UH	_	1	discourse	_	_
3	.	_	PUNCT	.	_	1	punct	_	_","1	No	no	INTJ	UH	_	0	root	0:root	_
2	no	no	INTJ	UH	_	1	conj	1:conj	SpaceAfter=No
3	!	!	PUNCT	!	_	1	punct	1:punct	_
"
oh yes .,"1	oh	_	_	_	_	0	root	_	_
2	yes	_	_	_	_	1	discourse	_	_
3	.	_	_	_	_	1	punct	_	_","1	oh	_	INTJ	UH	_	2	discourse	_	_
2	yes	_	INTJ	UH	_	0	root	_	_
3	.	_	PUNCT	.	_	2	punct	_	_","1	Oh	oh	INTJ	UH	_	0	root	0:root	_
2	yes	yes	INTJ	UH	_	1	discourse	1:discourse	SpaceAfter=No
3	.	.	PUNCT	.	_	1	punct	1:punct	_
"
where's the fish now ?,"1	where's	_	_	_	_	0	root	_	_
2	the	_	_	_	_	3	det	_	_
3	fish	_	_	_	_	1	nsubj	_	_
4	now	_	_	_	_	1	advmod	_	_
5	?	_	_	_	_	1	punct	_	_","1	where	_	ADV	WRB	_	0	root	_	_
2	's	_	AUX	VBZ	_	1	cop	_	_
3	the	_	DET	DT	_	4	det	_	_
4	fish	_	NOUN	NN	_	1	nsubj	_	_
5	now	_	ADV	RB	_	1	advmod	_	_
6	?	_	PUNCT	.	_	1	punct	_	_",
oh no .,"1	oh	_	_	_	_	0	root	_	_
2	no	_	_	_	_	1	discourse	_	_
3	.	_	_	_	_	1	punct	_	_","1	oh	_	INTJ	UH	_	2	discourse	_	_
2	no	_	INTJ	UH	_	0	root	_	_
3	.	_	PUNCT	.	_	2	punct	_	_","1	Oh	oh	INTJ	UH	_	0	root	0:root	_
2	no	no	INTJ	UH	_	1	discourse	1:discourse	SpaceAfter=No
3	.	.	PUNCT	.	_	1	punct	1:punct	_
"
here you are .,"1	here	_	_	_	_	0	root	_	_
2	you	_	_	_	_	1	nsubj	_	_
3	are	_	_	_	_	1	cop	_	_
4	.	_	_	_	_	1	punct	_	_","1	here	_	ADV	RB	_	0	root	_	_
2	you	_	PRON	PRP	_	3	nsubj	_	_
3	are	_	AUX	VBP	_	1	cop	_	_
4	.	_	PUNCT	.	_	1	punct	_	_","1	Here	here	ADV	RB	_	0	root	0:root	_
2	you	you	PRON	PRP	_	1	nsubj	1:nsubj	_
3	are	be	AUX	VBP	_	1	cop	1:cop	SpaceAfter=No
4	.	.	PUNCT	.	_	1	punct	1:punct	_
"
mm yes .,"1	mm	_	_	_	_	0	root	_	_
2	yes	_	_	_	_	1	discourse	_	_
3	.	_	_	_	_	1	punct	_	_","1	mm	_	INTJ	UH	_	2	discourse	_	_
2	yes	_	INTJ	UH	_	0	root	_	_
3	.	_	PUNCT	.	_	2	punct	_	_","1	Mm	mm	INTJ	UH	_	0	root	0:root	_
2	yes	yes	INTJ	UH	_	1	discourse	1:discourse	SpaceAfter=No
3	.	.	PUNCT	.	_	1	punct	1:punct	_
"
oh no no no no .,"1	oh	_	_	_	_	0	root	_	_
2	no	_	_	_	_	1	discourse	_	_
3	no	_	_	_	_	2	conj	_	_
4	no	_	_	_	_	2	conj	_	_
5	no	_	_	_	_	2	conj	_	_
6	.	_	_	_	_	1	punct	_	_","1	oh	_	INTJ	UH	_	2	discourse	_	_
2	no	_	INTJ	UH	_	0	root	_	_
3	no	_	INTJ	UH	_	2	discourse	_	_
4	no	_	INTJ	UH	_	2	discourse	_	_
5	no	_	INTJ	UH	_	2	discourse	_	_
6	.	_	PUNCT	.	_	2	punct	_	_","1	Oh	oh	INTJ	UH	_	0	root	0:root	_
2	no	no	INTJ	UH	_	1	conj	1:conj	_
3	no	no	INTJ	UH	_	2	conj	1:conj|2:conj	_
4	no	no	INTJ	UH	_	2	conj	1:conj|2:conj	_
5	no	no	INTJ	UH	_	2	conj	1:conj|2:conj	SpaceAfter=No
6	.	.	PUNCT	.	_	1	punct	1:punct	_
"
here you are .,"1	here	_	_	_	_	0	root	_	_
2	you	_	_	_	_	1	nsubj	_	_
3	are	_	_	_	_	1	cop	_	_
4	.	_	_	_	_	1	punct	_	_","1	here	_	ADV	RB	_	0	root	_	_
2	you	_	PRON	PRP	_	3	nsubj	_	_
3	are	_	AUX	VBP	_	1	cop	_	_
4	.	_	PUNCT	.	_	1	punct	_	_","1	Here	here	ADV	RB	_	0	root	0:root	_
2	you	you	PRON	PRP	_	1	nsubj	1:nsubj	_
3	are	be	AUX	VBP	_	1	cop	1:cop	SpaceAfter=No
4	.	.	PUNCT	.	_	1	punct	1:punct	_
"
here you are .,"1	here	_	_	_	_	0	root	_	_
2	you	_	_	_	_	1	nsubj	_	_
3	are	_	_	_	_	1	cop	_	_
4	.	_	_	_	_	1	punct	_	_","1	here	_	ADV	RB	_	0	root	_	_
2	you	_	PRON	PRP	_	3	nsubj	_	_
3	are	_	AUX	VBP	_	1	cop	_	_
4	.	_	PUNCT	.	_	1	punct	_	_","1	Here	here	ADV	RB	_	0	root	0:root	_
2	you	you	PRON	PRP	_	1	nsubj	1:nsubj	_
3	are	be	AUX	VBP	_	1	cop	1:cop	SpaceAfter=No
4	.	.	PUNCT	.	_	1	punct	1:punct	_
"
"here you are , Mummy .","1	here	_	_	_	_	0	root	_	_
2	you	_	_	_	_	1	nsubj	_	_
3	are	_	_	_	_	1	cop	_	_
4	,	_	_	_	_	1	vocative	_	_
5	Mummy	_	_	_	_	1	vocative	_	_
6	.	_	_	_	_	1	punct	_	_","1	here	_	ADV	RB	_	0	root	_	_
2	you	_	PRON	PRP	_	5	nsubj	_	_
3	are	_	AUX	VBP	_	1	cop	_	_
4	,	_	PUNCT	,	_	5	punct	_	_
5	Mummy	_	PROPN	NNP	_	1	vocative	_	_
6	.	_	PUNCT	.	_	1	punct	_	_","1	Here	here	ADV	RB	_	0	root	0:root	_
2	you	you	PRON	PRP	_	1	nsubj	1:nsubj	_
3	are	be	AUX	VBP	_	1	cop	1:cop	_
4	Mummy	Mummy	PROPN	NNP	_	1	vocative	1:vocative	SpaceAfter=No
5	.	.	PUNCT	.	_	1	punct	1:punct	_
"
what's this ?,"1	what's	_	_	_	_	0	root	_	_
2	this	_	_	_	_	1	nsubj	_	_
3	?	_	_	_	_	1	punct	_	_","1	what	_	PRON	WP	_	3	nsubj	_	_
2	's	_	AUX	VBZ	_	3	cop	_	_
3	this	_	PRON	DT	_	0	root	_	_
4	?	_	PUNCT	.	_	3	punct	_	_",
"Mummy , what's this ?","1	Mummy	_	_	_	_	3	vocative	_	_
2	,	_	_	_	_	3	punct	_	_
3	what's	_	_	_	_	0	root	_	_
4	this	_	_	_	_	3	nsubj	_	_
5	?	_	_	_	_	3	punct	_	_","1	Mummy	_	NOUN	NN	_	5	vocative	_	_
2	,	_	PUNCT	,	_	1	punct	_	_
3	what	_	PRON	WP	_	5	nsubj	_	_
4	's	_	AUX	VBZ	_	5	cop	_	_
5	this	_	PRON	DT	_	0	root	_	_
6	?	_	PUNCT	.	_	3	punct	_	_",
oh dear .,"1	oh	_	_	_	_	0	root	_	_
2	dear	_	_	_	_	1	vocative	_	_
3	.	_	_	_	_	1	punct	_	_","1	oh	_	INTJ	UH	_	2	discourse	_	_
2	dear	_	ADJ	JJ	_	0	root	_	_
3	.	_	PUNCT	.	_	2	punct	_	_","1	Oh	oh	INTJ	UH	_	0	root	0:root	_
2	dear	dear	ADJ	JJ	_	1	vocative	1:vocative	SpaceAfter=No
3	.	.	PUNCT	.	_	1	punct	1:punct	_
"
oh dear .,"1	oh	_	_	_	_	0	root	_	_
2	dear	_	_	_	_	1	vocative	_	_
3	.	_	_	_	_	1	punct	_	_","1	oh	_	INTJ	UH	_	2	discourse	_	_
2	dear	_	ADJ	JJ	_	0	root	_	_
3	.	_	PUNCT	.	_	2	punct	_	_","1	Oh	oh	INTJ	UH	_	0	root	0:root	_
2	dear	dear	ADJ	JJ	_	1	vocative	1:vocative	SpaceAfter=No
3	.	.	PUNCT	.	_	1	punct	1:punct	_
"
it's all crunchy now .,"1	it's	_	_	_	_	3	cop	_	_
2	all	_	_	_	_	3	advmod	_	_
3	crunchy	_	_	_	_	0	root	_	_
4	now	_	_	_	_	3	advmod	_	_
5	.	_	_	_	_	3	punct	_	_","1	it	_	PRON	PRP	_	4	nsubj	_	_
2	's	_	AUX	VBZ	_	4	cop	_	_
3	all	_	ADV	RB	_	4	advmod	_	_
4	crunchy	_	ADJ	JJ	_	0	root	_	_
5	now	_	ADV	RB	_	4	advmod	_	_
6	.	_	PUNCT	.	_	4	punct	_	_",
oh dear .,"1	oh	_	_	_	_	0	root	_	_
2	dear	_	_	_	_	1	vocative	_	_
3	.	_	_	_	_	1	punct	_	_","1	oh	_	INTJ	UH	_	2	discourse	_	_
2	dear	_	ADJ	JJ	_	0	root	_	_
3	.	_	PUNCT	.	_	2	punct	_	_","1	Oh	oh	INTJ	UH	_	0	root	0:root	_
2	dear	dear	ADJ	JJ	_	1	vocative	1:vocative	SpaceAfter=No
3	.	.	PUNCT	.	_	1	punct	1:punct	_
"
what's this ?,"1	what's	_	_	_	_	0	root	_	_
2	this	_	_	_	_	1	nsubj	_	_
3	?	_	_	_	_	1	punct	_	_","1	what	_	PRON	WP	_	3	nsubj	_	_
2	's	_	AUX	VBZ	_	3	cop	_	_
3	this	_	PRON	DT	_	0	root	_	_
4	?	_	PUNCT	.	_	3	punct	_	_",
what's this ?,"1	what's	_	_	_	_	0	root	_	_
2	this	_	_	_	_	1	nsubj	_	_
3	?	_	_	_	_	1	punct	_	_","1	what	_	PRON	WP	_	3	nsubj	_	_
2	's	_	AUX	VBZ	_	3	cop	_	_
3	this	_	PRON	DT	_	0	root	_	_
4	?	_	PUNCT	.	_	3	punct	_	_",
what's this ?,"1	what's	_	_	_	_	0	root	_	_
2	this	_	_	_	_	1	nsubj	_	_
3	?	_	_	_	_	1	punct	_	_","1	what	_	PRON	WP	_	3	nsubj	_	_
2	's	_	AUX	VBZ	_	3	cop	_	_
3	this	_	PRON	DT	_	0	root	_	_
4	?	_	PUNCT	.	_	3	punct	_	_",
what's this ?,"1	what's	_	_	_	_	0	root	_	_
2	this	_	_	_	_	1	nsubj	_	_
3	?	_	_	_	_	1	punct	_	_","1	what	_	PRON	WP	_	3	nsubj	_	_
2	's	_	AUX	VBZ	_	3	cop	_	_
3	this	_	PRON	DT	_	0	root	_	_
4	?	_	PUNCT	.	_	3	punct	_	_",
what's this ?,"1	what's	_	_	_	_	0	root	_	_
2	this	_	_	_	_	1	nsubj	_	_
3	?	_	_	_	_	1	punct	_	_","1	what	_	PRON	WP	_	3	nsubj	_	_
2	's	_	AUX	VBZ	_	3	cop	_	_
3	this	_	PRON	DT	_	0	root	_	_
4	?	_	PUNCT	.	_	3	punct	_	_",
what's this ?,"1	what's	_	_	_	_	0	root	_	_
2	this	_	_	_	_	1	nsubj	_	_
3	?	_	_	_	_	1	punct	_	_","1	what	_	PRON	WP	_	3	nsubj	_	_
2	's	_	AUX	VBZ	_	3	cop	_	_
3	this	_	PRON	DT	_	0	root	_	_
4	?	_	PUNCT	.	_	3	punct	_	_",
what's this ?,"1	what's	_	_	_	_	0	root	_	_
2	this	_	_	_	_	1	nsubj	_	_
3	?	_	_	_	_	1	punct	_	_","1	what	_	PRON	WP	_	3	nsubj	_	_
2	's	_	AUX	VBZ	_	3	cop	_	_
3	this	_	PRON	DT	_	0	root	_	_
4	?	_	PUNCT	.	_	3	punct	_	_",
what's this ?,"1	what's	_	_	_	_	0	root	_	_
2	this	_	_	_	_	1	nsubj	_	_
3	?	_	_	_	_	1	punct	_	_","1	what	_	PRON	WP	_	3	nsubj	_	_
2	's	_	AUX	VBZ	_	3	cop	_	_
3	this	_	PRON	DT	_	0	root	_	_
4	?	_	PUNCT	.	_	3	punct	_	_",
no no .,"1	no	_	_	_	_	0	root	_	_
2	no	_	_	_	_	1	conj	_	_
3	.	_	_	_	_	1	punct	_	_","1	no	_	INTJ	UH	_	0	root	_	_
2	no	_	INTJ	UH	_	1	discourse	_	_
3	.	_	PUNCT	.	_	1	punct	_	_","1	No	no	INTJ	UH	_	0	root	0:root	_
2	no	no	INTJ	UH	_	1	conj	1:conj	SpaceAfter=No
3	!	!	PUNCT	!	_	1	punct	1:punct	_
"
no no .,"1	no	_	_	_	_	0	root	_	_
2	no	_	_	_	_	1	conj	_	_
3	.	_	_	_	_	1	punct	_	_","1	no	_	INTJ	UH	_	0	root	_	_
2	no	_	INTJ	UH	_	1	discourse	_	_
3	.	_	PUNCT	.	_	1	punct	_	_","1	No	no	INTJ	UH	_	0	root	0:root	_
2	no	no	INTJ	UH	_	1	conj	1:conj	SpaceAfter=No
3	!	!	PUNCT	!	_	1	punct	1:punct	_
"
I'm very happy .,"1	I'm	_	_	_	_	3	nsubj	_	_
2	very	_	_	_	_	3	advmod	_	_
3	happy	_	_	_	_	0	root	_	_
4	.	_	_	_	_	3	punct	_	_","1	I	_	PRON	PRP	_	4	nsubj	_	_
2	'm	_	AUX	VBP	_	4	cop	_	_
3	very	_	ADV	RB	_	4	advmod	_	_
4	happy	_	ADJ	JJ	_	0	root	_	_
5	.	_	PUNCT	.	_	4	punct	_	_",
I don't know .,"1	I	_	_	_	_	3	nsubj	_	_
2	don't	_	_	_	_	3	aux	_	_
3	know	_	_	_	_	0	root	_	_
4	.	_	_	_	_	3	punct	_	_","1	I	_	PRON	PRP	_	4	nsubj	_	_
2	do	_	AUX	VBP	_	4	aux	_	_
3	n't	_	PART	RB	_	4	advmod	_	_
4	know	_	VERB	VB	_	0	root	_	_
5	.	_	PUNCT	.	_	4	punct	_	_",
oh yes .,"1	oh	_	_	_	_	0	root	_	_
2	yes	_	_	_	_	1	discourse	_	_
3	.	_	_	_	_	1	punct	_	_","1	oh	_	INTJ	UH	_	2	discourse	_	_
2	yes	_	INTJ	UH	_	0	root	_	_
3	.	_	PUNCT	.	_	2	punct	_	_","1	Oh	oh	INTJ	UH	_	0	root	0:root	_
2	yes	yes	INTJ	UH	_	1	discourse	1:discourse	SpaceAfter=No
3	.	.	PUNCT	.	_	1	punct	1:punct	_
"
I'm Milly .,"1	I'm	_	_	_	_	2	cop	_	_
2	Milly	_	_	_	_	0	root	_	_
3	.	_	_	_	_	2	punct	_	_","1	I	_	PRON	PRP	_	3	nsubj	_	_
2	'm	_	AUX	VBP	_	3	cop	_	_
3	Milly	_	PROPN	NNP	_	0	root	_	_
4	.	_	PUNCT	.	_	3	punct	_	_",
I'm I'm Milly .,"1	I'm	_	_	_	_	3	reparandum	_	_
2	I'm	_	_	_	_	3	cop	_	_
3	Milly	_	_	_	_	0	root	_	_
4	.	_	_	_	_	3	punct	_	_","1	I	_	PRON	PRP	_	5	nsubj	_	_
2	'm	_	AUX	VBP	_	5	cop	_	_
3	I	_	PRON	PRP	_	5	nsubj	_	_
4	'm	_	AUX	VBP	_	5	cop	_	_
5	Milly	_	PROPN	NNP	_	0	root	_	_
6	.	_	PUNCT	.	_	5	punct	_	_",
I'm not getting anything .,"1	I'm	_	_	_	_	3	nsubj	_	_
2	not	_	_	_	_	3	advmod	_	_
3	getting	_	_	_	_	0	root	_	_
4	anything	_	_	_	_	3	obj	_	_
5	.	_	_	_	_	3	punct	_	_","1	I	_	PRON	PRP	_	4	nsubj	_	_
2	'm	_	AUX	VBP	_	4	aux	_	_
3	not	_	PART	RB	_	4	advmod	_	_
4	getting	_	VERB	VBG	_	0	root	_	_
5	anything	_	PRON	NN	_	4	obj	_	_
6	.	_	PUNCT	.	_	4	punct	_	_",
I'm Fireman Sam .,"1	I'm	_	_	_	_	2	cop	_	_
2	Fireman	_	_	_	_	0	root	_	_
3	Sam	_	_	_	_	2	flat	_	_
4	.	_	_	_	_	2	punct	_	_","1	I	_	PRON	PRP	_	3	nsubj	_	_
2	'm	_	AUX	VBP	_	3	cop	_	_
3	Fireman	_	PROPN	NNP	_	0	root	_	_
4	Sam	_	PROPN	NNP	_	3	flat	_	_
5	.	_	PUNCT	.	_	3	punct	_	_",
it's it's my it's my ladder .,"1	it's	_	_	_	_	3	reparandum	_	_
2	it's	_	_	_	_	3	nsubj	_	_
3	my	_	_	_	_	6	reparandum	_	_
4	it's	_	_	_	_	6	nsubj	_	_
5	my	_	_	_	_	6	nmod:poss	_	_
6	ladder	_	_	_	_	0	root	_	_
7	.	_	_	_	_	6	punct	_	_","1	it	_	PRON	PRP	_	2	nsubj	_	_
2	's	_	AUX	VBZ	_	9	reparandum	_	_
3	it	_	PRON	PRP	_	9	nsubj:outer	_	_
4	's	_	AUX	VBZ	_	9	reparandum	_	_
5	my	_	PRON	PRP$	_	9	nmod:poss	_	_
6	it	_	PRON	PRP	_	9	nsubj	_	_
7	's	_	AUX	VBZ	_	9	cop	_	_
8	my	_	PRON	PRP$	_	9	nmod:poss	_	_
9	ladder	_	NOUN	NN	_	0	root	_	_
10	.	_	PUNCT	.	_	9	punct	_	_",
it's not .,"1	it's	_	_	_	_	2	nsubj	_	_
2	not	_	_	_	_	0	root	_	_
3	.	_	_	_	_	2	punct	_	_","1	it	_	PRON	PRP	_	2	nsubj	_	_
2	's	_	AUX	VBZ	_	0	root	_	_
3	not	_	PART	RB	_	2	advmod	_	_
4	.	_	PUNCT	.	_	2	punct	_	_",
it's a ladder .,"1	it's	_	_	_	_	3	cop	_	_
2	a	_	_	_	_	3	det	_	_
3	ladder	_	_	_	_	0	root	_	_
4	.	_	_	_	_	3	punct	_	_","1	it	_	PRON	PRP	_	4	nsubj	_	_
2	's	_	AUX	VBZ	_	4	cop	_	_
3	a	_	DET	DT	_	4	det	_	_
4	ladder	_	NOUN	NN	_	0	root	_	_
5	.	_	PUNCT	.	_	4	punct	_	_",
I can't see anybody .,"1	I	_	_	_	_	3	nsubj	_	_
2	can't	_	_	_	_	3	aux	_	_
3	see	_	_	_	_	0	root	_	_
4	anybody	_	_	_	_	3	obj	_	_
5	.	_	_	_	_	3	punct	_	_","1	I	_	PRON	PRP	_	4	nsubj	_	_
2	ca	_	AUX	MD	_	4	aux	_	_
3	n't	_	PART	RB	_	4	advmod	_	_
4	see	_	VERB	VB	_	0	root	_	_
5	anybody	_	PRON	NN	_	4	obj	_	_
6	.	_	PUNCT	.	_	4	punct	_	_",
oh okay okay .,"1	oh	_	_	_	_	0	root	_	_
2	okay	_	_	_	_	1	discourse	_	_
3	okay	_	_	_	_	2	conj	_	_
4	.	_	_	_	_	1	punct	_	_","1	oh	_	INTJ	UH	_	3	discourse	_	_
2	okay	_	INTJ	UH	_	3	discourse	_	_
3	okay	_	INTJ	UH	_	0	root	_	_
4	.	_	PUNCT	.	_	3	punct	_	_",
I can't see anybody .,"1	I	_	_	_	_	3	nsubj	_	_
2	can't	_	_	_	_	3	aux	_	_
3	see	_	_	_	_	0	root	_	_
4	anybody	_	_	_	_	3	obj	_	_
5	.	_	_	_	_	3	punct	_	_","1	I	_	PRON	PRP	_	4	nsubj	_	_
2	ca	_	AUX	MD	_	4	aux	_	_
3	n't	_	PART	RB	_	4	advmod	_	_
4	see	_	VERB	VB	_	0	root	_	_
5	anybody	_	PRON	NN	_	4	obj	_	_
6	.	_	PUNCT	.	_	4	punct	_	_",
"hello , Puss .","1	hello	_	_	_	_	0	root	_	_
2	,	_	_	_	_	1	vocative	_	_
3	Puss	_	_	_	_	1	vocative	_	_
4	.	_	_	_	_	1	punct	_	_","1	hello	_	INTJ	UH	_	0	root	_	_
2	,	_	PUNCT	,	_	3	punct	_	_
3	Puss	_	PROPN	NNP	_	1	vocative	_	_
4	.	_	PUNCT	.	_	1	punct	_	_",
"hello , Purdie .","1	hello	_	_	_	_	0	root	_	_
2	,	_	_	_	_	1	vocative	_	_
3	Purdie	_	_	_	_	1	vocative	_	_
4	.	_	_	_	_	1	punct	_	_","1	hello	_	INTJ	UH	_	0	root	_	_
2	,	_	PUNCT	,	_	3	punct	_	_
3	Purdie	_	PROPN	NNP	_	1	vocative	_	_
4	.	_	PUNCT	.	_	1	punct	_	_",
"nice to see you , Purdie .","1	nice	_	_	_	_	0	root	_	_
2	to	_	_	_	_	3	mark	_	_
3	see	_	_	_	_	1	xcomp	_	_
4	you	_	_	_	_	3	obj	_	_
5	,	_	_	_	_	1	vocative	_	_
6	Purdie	_	_	_	_	1	vocative	_	_
7	.	_	_	_	_	1	punct	_	_","1	nice	_	ADJ	JJ	_	0	root	_	_
2	to	_	PART	TO	_	3	mark	_	_
3	see	_	VERB	VB	_	1	advcl	_	_
4	you	_	PRON	PRP	_	3	obj	_	_
5	,	_	PUNCT	,	_	6	punct	_	_
6	Purdie	_	PROPN	NNP	_	3	vocative	_	_
7	.	_	PUNCT	.	_	1	punct	_	_",
Purdie's coming down .,"1	Purdie's	_	_	_	_	2	nsubj	_	_
2	coming	_	_	_	_	0	root	_	_
3	down	_	_	_	_	2	advmod	_	_
4	.	_	_	_	_	2	punct	_	_","1	Purdie	_	PROPN	NNP	_	3	nsubj	_	_
2	's	_	AUX	VBZ	_	3	aux	_	_
3	coming	_	VERB	VBG	_	0	root	_	_
4	down	_	ADP	RP	_	3	compound:prt	_	_
5	.	_	PUNCT	.	_	3	punct	_	_",
it's going meow .,"1	it's	_	_	_	_	2	nsubj	_	_
2	going	_	_	_	_	0	root	_	_
3	meow	_	_	_	_	2	xcomp	_	_
4	.	_	_	_	_	2	punct	_	_","1	it	_	PRON	PRP	_	3	nsubj	_	_
2	's	_	AUX	VBZ	_	3	aux	_	_
3	going	_	VERB	VBG	_	0	root	_	_
4	meow	_	NOUN	NN	_	3	obj	_	_
5	.	_	PUNCT	.	_	3	punct	_	_",
"night night , crocodile .","1	night	_	_	_	_	2	compound	_	_
2	night	_	_	_	_	0	root	_	_
3	,	_	_	_	_	4	nmod:poss	_	_
4	crocodile	_	_	_	_	2	vocative	_	_
5	.	_	_	_	_	2	punct	_	_","1	night	_	NOUN	NN	_	2	compound	_	_
2	night	_	NOUN	NN	_	0	root	_	_
3	,	_	PUNCT	,	_	4	punct	_	_
4	crocodile	_	NOUN	NN	_	2	vocative	_	_
5	.	_	PUNCT	.	_	2	punct	_	_",
and Purdie's here .,"1	and	_	_	_	_	3	cc	_	_
2	Purdie's	_	_	_	_	3	nsubj	_	_
3	here	_	_	_	_	0	root	_	_
4	.	_	_	_	_	3	punct	_	_","1	and	_	CCONJ	CC	_	4	cc	_	_
2	Purdie	_	PROPN	NNP	_	4	nmod:poss	_	_
3	's	_	PART	POS	_	2	case	_	_
4	here	_	ADV	RB	_	0	root	_	_
5	.	_	PUNCT	.	_	4	punct	_	_",
"look , Purdie .","1	look	_	_	_	_	0	root	_	_
2	,	_	_	_	_	1	vocative	_	_
3	Purdie	_	_	_	_	1	vocative	_	_
4	.	_	_	_	_	1	punct	_	_","1	look	_	VERB	VB	_	0	root	_	_
2	,	_	PUNCT	,	_	3	punct	_	_
3	Purdie	_	PROPN	NNP	_	1	vocative	_	_
4	.	_	PUNCT	.	_	1	punct	_	_",
"Purdie , where are you ?","1	Purdie	_	_	_	_	3	vocative	_	_
2	,	_	_	_	_	3	cop	_	_
3	where	_	_	_	_	0	root	_	_
4	are	_	_	_	_	3	cop	_	_
5	you	_	_	_	_	3	nsubj	_	_
6	?	_	_	_	_	3	punct	_	_","1	Purdie	_	PROPN	NNP	_	3	vocative	_	_
2	,	_	PUNCT	,	_	1	punct	_	_
3	where	_	ADV	WRB	_	0	root	_	_
4	are	_	AUX	VBP	_	3	cop	_	_
5	you	_	PRON	PRP	_	4	nsubj	_	_
6	?	_	PUNCT	.	_	3	punct	_	_",
silly Thomas .,"1	silly	_	_	_	_	2	amod	_	_
2	Thomas	_	_	_	_	0	root	_	_
3	.	_	_	_	_	2	punct	_	_","1	silly	_	ADJ	JJ	_	0	root	_	_
2	Thomas	_	PROPN	NNP	_	1	vocative	_	_
3	.	_	PUNCT	.	_	1	punct	_	_",
they're eating them .,"1	they're	_	_	_	_	2	nsubj	_	_
2	eating	_	_	_	_	0	root	_	_
3	them	_	_	_	_	2	obj	_	_
4	.	_	_	_	_	2	punct	_	_","1	they	_	PRON	PRP	_	3	nsubj	_	_
2	're	_	AUX	VBP	_	3	aux	_	_
3	eating	_	VERB	VBG	_	0	root	_	_
4	them	_	PRON	PRP	_	3	obj	_	_
5	.	_	PUNCT	.	_	3	punct	_	_",
little baby's over there .,"1	little	_	_	_	_	2	amod	_	_
2	baby's	_	_	_	_	4	nsubj	_	_
3	over	_	_	_	_	4	case	_	_
4	there	_	_	_	_	0	root	_	_
5	.	_	_	_	_	4	punct	_	_","1	little	_	ADJ	JJ	_	2	amod	_	_
2	baby	_	NOUN	NN	_	5	nsubj	_	_
3	's	_	AUX	VBZ	_	5	cop	_	_
4	over	_	ADV	RB	_	5	advmod	_	_
5	there	_	ADV	RB	_	0	root	_	_
6	.	_	PUNCT	.	_	5	punct	_	_",
oh uhoh .,"1	oh	_	_	_	_	0	root	_	_
2	uhoh	_	_	_	_	1	flat	_	_
3	.	_	_	_	_	1	punct	_	_","1	oh	_	INTJ	UH	_	2	discourse	_	_
2	uhoh	_	INTJ	UH	_	0	root	_	_
3	.	_	PUNCT	.	_	2	punct	_	_","1	Oh	oh	INTJ	UH	_	0	root	0:root	_
2	uhoh	uhoh	INTJ	UH	_	1	flat	1:flat	SpaceAfter=No
3	.	.	PUNCT	.	_	1	punct	1:punct	_
"
oh no .,"1	oh	_	_	_	_	0	root	_	_
2	no	_	_	_	_	1	discourse	_	_
3	.	_	_	_	_	1	punct	_	_","1	oh	_	INTJ	UH	_	2	discourse	_	_
2	no	_	INTJ	UH	_	0	root	_	_
3	.	_	PUNCT	.	_	2	punct	_	_","1	Oh	oh	INTJ	UH	_	0	root	0:root	_
2	no	no	INTJ	UH	_	1	discourse	1:discourse	SpaceAfter=No
3	.	.	PUNCT	.	_	1	punct	1:punct	_
"
Dips Dipsy likes strawberries .,"1	Dips	_	_	_	_	3	dislocated	_	_
2	Dipsy	_	_	_	_	3	nsubj	_	_
3	likes	_	_	_	_	0	root	_	_
4	strawberries	_	_	_	_	3	obj	_	_
5	.	_	_	_	_	3	punct	_	_","1	Dips	_	NOUN	NNS	_	3	nsubj	_	_
2	Dipsy	_	PROPN	NNP	_	1	flat	_	_
3	likes	_	VERB	VBZ	_	0	root	_	_
4	strawberries	_	NOUN	NNS	_	3	obj	_	_
5	.	_	PUNCT	.	_	3	punct	_	_",
here you are .,"1	here	_	_	_	_	0	root	_	_
2	you	_	_	_	_	1	nsubj	_	_
3	are	_	_	_	_	1	cop	_	_
4	.	_	_	_	_	1	punct	_	_","1	here	_	ADV	RB	_	0	root	_	_
2	you	_	PRON	PRP	_	3	nsubj	_	_
3	are	_	AUX	VBP	_	1	cop	_	_
4	.	_	PUNCT	.	_	1	punct	_	_","1	Here	here	ADV	RB	_	0	root	0:root	_
2	you	you	PRON	PRP	_	1	nsubj	1:nsubj	_
3	are	be	AUX	VBP	_	1	cop	1:cop	SpaceAfter=No
4	.	.	PUNCT	.	_	1	punct	1:punct	_
"
want I wanna eat two now .,"1	want	_	_	_	_	3	reparandum	_	_
2	I	_	_	_	_	3	nsubj	_	_
3	wanna	_	_	_	_	0	root	_	_
4	eat	_	_	_	_	3	xcomp	_	_
5	two	_	_	_	_	4	obj	_	_
6	now	_	_	_	_	4	advmod	_	_
7	.	_	_	_	_	3	punct	_	_","1	want	_	VERB	VBP	_	0	root	_	_
2	I	_	PRON	PRP	_	3	nsubj	_	_
3	wan	_	VERB	VBP	_	1	ccomp	_	_
4	na	_	PART	TO	_	5	mark	_	_
5	eat	_	VERB	VB	_	3	xcomp	_	_
6	two	_	NUM	CD	_	5	obj	_	_
7	now	_	ADV	RB	_	5	advmod	_	_
8	.	_	PUNCT	.	_	1	punct	_	_",
no no .,"1	no	_	_	_	_	0	root	_	_
2	no	_	_	_	_	1	conj	_	_
3	.	_	_	_	_	1	punct	_	_","1	no	_	INTJ	UH	_	0	root	_	_
2	no	_	INTJ	UH	_	1	discourse	_	_
3	.	_	PUNCT	.	_	1	punct	_	_","1	No	no	INTJ	UH	_	0	root	0:root	_
2	no	no	INTJ	UH	_	1	conj	1:conj	SpaceAfter=No
3	!	!	PUNCT	!	_	1	punct	1:punct	_
"
the tape's on board .,"1	the	_	_	_	_	2	det	_	_
2	tape's	_	_	_	_	4	nsubj	_	_
3	on	_	_	_	_	4	case	_	_
4	board	_	_	_	_	0	root	_	_
5	.	_	_	_	_	4	punct	_	_","1	the	_	DET	DT	_	2	det	_	_
2	tape	_	NOUN	NN	_	5	nsubj	_	_
3	's	_	AUX	VBZ	_	5	cop	_	_
4	on	_	ADP	IN	_	5	case	_	_
5	board	_	NOUN	NN	_	0	root	_	_
6	.	_	PUNCT	.	_	5	punct	_	_",
the tape's on board .,"1	the	_	_	_	_	2	det	_	_
2	tape's	_	_	_	_	4	nsubj	_	_
3	on	_	_	_	_	4	case	_	_
4	board	_	_	_	_	0	root	_	_
5	.	_	_	_	_	4	punct	_	_","1	the	_	DET	DT	_	2	det	_	_
2	tape	_	NOUN	NN	_	5	nsubj	_	_
3	's	_	AUX	VBZ	_	5	cop	_	_
4	on	_	ADP	IN	_	5	case	_	_
5	board	_	NOUN	NN	_	0	root	_	_
6	.	_	PUNCT	.	_	5	punct	_	_",
how come they got cars on them ?,"1	how	_	_	_	_	4	advmod	_	_
2	come	_	_	_	_	1	fixed	_	_
3	they	_	_	_	_	4	nsubj	_	_
4	got	_	_	_	_	0	root	_	_
5	cars	_	_	_	_	4	obj	_	_
6	on	_	_	_	_	7	case	_	_
7	them	_	_	_	_	4	obl	_	_
8	?	_	_	_	_	4	punct	_	_","1	how	_	ADV	WRB	_	2	advmod	_	_
2	come	_	VERB	VBP	_	4	advcl	_	_
3	they	_	PRON	PRP	_	4	nsubj	_	_
4	got	_	VERB	VBD	_	0	root	_	_
5	cars	_	NOUN	NNS	_	4	obj	_	_
6	on	_	ADP	IN	_	7	case	_	_
7	them	_	PRON	PRP	_	4	obl	_	_
8	?	_	PUNCT	.	_	4	punct	_	_",
yeah where is that thing ?,"1	yeah	_	_	_	_	2	discourse	_	_
2	where	_	_	_	_	0	root	_	_
3	is	_	_	_	_	2	cop	_	_
4	that	_	_	_	_	5	det	_	_
5	thing	_	_	_	_	2	nsubj	_	_
6	?	_	_	_	_	2	punct	_	_","1	yeah	_	INTJ	UH	_	2	discourse	_	_
2	where	_	ADV	WRB	_	0	root	_	_
3	is	_	AUX	VBZ	_	2	cop	_	_
4	that	_	DET	DT	_	5	nsubj	_	_
5	thing	_	NOUN	NN	_	2	nsubj	_	_
6	?	_	PUNCT	.	_	2	punct	_	_",
me that's my thing .,"1	me	_	_	_	_	0	root	_	_
2	that's	_	_	_	_	4	cop	_	_
3	my	_	_	_	_	4	nmod:poss	_	_
4	thing	_	_	_	_	1	parataxis	_	_
5	.	_	_	_	_	1	punct	_	_","1	me	_	PRON	PRP	_	5	vocative	_	_
2	that	_	PRON	DT	_	5	nsubj	_	_
3	's	_	AUX	VBZ	_	5	cop	_	_
4	my	_	PRON	PRP$	_	5	nmod:poss	_	_
5	thing	_	NOUN	NN	_	0	root	_	_
6	.	_	PUNCT	.	_	5	punct	_	_",
okay how did it get to over there ?,"1	okay	_	_	_	_	5	discourse	_	_
2	how	_	_	_	_	5	advmod	_	_
3	did	_	_	_	_	5	aux	_	_
4	it	_	_	_	_	5	nsubj	_	_
5	get	_	_	_	_	0	root	_	_
6	to	_	_	_	_	7	reparandum	_	_
7	over	_	_	_	_	8	advmod	_	_
8	there	_	_	_	_	5	obl	_	_
9	?	_	_	_	_	5	punct	_	_","1	okay	_	INTJ	UH	_	5	discourse	_	_
2	how	_	ADV	WRB	_	5	advmod	_	_
3	did	_	AUX	VBD	_	5	aux	_	_
4	it	_	PRON	PRP	_	5	nsubj	_	_
5	get	_	VERB	VB	_	0	root	_	_
6	to	_	ADP	IN	_	5	obl	_	_
7	over	_	ADP	IN	_	8	case	_	_
8	there	_	ADV	RB	_	5	obl	_	_
9	?	_	PUNCT	.	_	5	punct	_	_",
can I leave my blanket down Daddy ?,"1	can	_	_	_	_	3	aux	_	_
2	I	_	_	_	_	3	nsubj	_	_
3	leave	_	_	_	_	0	root	_	_
4	my	_	_	_	_	5	nmod:poss	_	_
5	blanket	_	_	_	_	3	obj	_	_
6	down	_	_	_	_	3	advmod	_	_
7	Daddy	_	_	_	_	3	vocative	_	_
8	?	_	_	_	_	3	punct	_	_","1	can	_	AUX	MD	_	3	aux	_	_
2	I	_	PRON	PRP	_	3	nsubj	_	_
3	leave	_	VERB	VB	_	0	root	_	_
4	my	_	PRON	PRP$	_	5	nmod:poss	_	_
5	blanket	_	NOUN	NN	_	3	obj	_	_
6	down	_	ADP	IN	_	7	case	_	_
7	Daddy	_	PROPN	NNP	_	3	obl	_	_
8	?	_	PUNCT	.	_	3	punct	_	_",
I can't walk in the river Daddy .,"1	I	_	_	_	_	3	nsubj	_	_
2	can't	_	_	_	_	3	aux	_	_
3	walk	_	_	_	_	0	root	_	_
4	in	_	_	_	_	6	case	_	_
5	the	_	_	_	_	6	det	_	_
6	river	_	_	_	_	3	obl	_	_
7	Daddy	_	_	_	_	3	vocative	_	_
8	.	_	_	_	_	3	punct	_	_","1	I	_	PRON	PRP	_	4	nsubj	_	_
2	ca	_	AUX	MD	_	4	aux	_	_
3	n't	_	PART	RB	_	4	advmod	_	_
4	walk	_	VERB	VB	_	0	root	_	_
5	in	_	ADP	IN	_	7	case	_	_
6	the	_	DET	DT	_	7	det	_	_
7	river	_	NOUN	NN	_	4	obl	_	_
8	Daddy	_	PROPN	NNP	_	4	vocative	_	_
9	.	_	PUNCT	.	_	4	punct	_	_",
if I have honey on my toast I want a big glass of milk okay ?,"1	if	_	_	_	_	3	mark	_	_
2	I	_	_	_	_	3	nsubj	_	_
3	have	_	_	_	_	9	advcl	_	_
4	honey	_	_	_	_	3	obj	_	_
5	on	_	_	_	_	7	case	_	_
6	my	_	_	_	_	7	nmod:poss	_	_
7	toast	_	_	_	_	3	obl	_	_
8	I	_	_	_	_	9	nsubj	_	_
9	want	_	_	_	_	0	root	_	_
10	a	_	_	_	_	12	det	_	_
11	big	_	_	_	_	12	amod	_	_
12	glass	_	_	_	_	9	obj	_	_
13	of	_	_	_	_	14	case	_	_
14	milk	_	_	_	_	12	nmod	_	_
15	okay	_	_	_	_	9	discourse	_	_
16	?	_	_	_	_	9	punct	_	_","1	if	_	SCONJ	IN	_	3	mark	_	_
2	I	_	PRON	PRP	_	3	nsubj	_	_
3	have	_	VERB	VBP	_	9	advcl	_	_
4	honey	_	NOUN	NN	_	3	obj	_	_
5	on	_	ADP	IN	_	7	case	_	_
6	my	_	PRON	PRP$	_	7	nmod:poss	_	_
7	toast	_	NOUN	NN	_	3	obl	_	_
8	I	_	PRON	PRP	_	9	nsubj	_	_
9	want	_	VERB	VBP	_	0	root	_	_
10	a	_	DET	DT	_	12	det	_	_
11	big	_	ADJ	JJ	_	12	amod	_	_
12	glass	_	NOUN	NN	_	9	obj	_	_
13	of	_	ADP	IN	_	14	case	_	_
14	milk	_	NOUN	NN	_	12	nmod	_	_
15	okay	_	ADJ	JJ	_	9	xcomp	_	_
16	?	_	PUNCT	.	_	9	punct	_	_",
I wanna put the honey on .,"1	I	_	_	_	_	2	nsubj	_	_
2	wanna	_	_	_	_	0	root	_	_
3	put	_	_	_	_	2	xcomp	_	_
4	the	_	_	_	_	5	det	_	_
5	honey	_	_	_	_	3	obj	_	_
6	on	_	_	_	_	3	compound:prt	_	_
7	.	_	_	_	_	2	punct	_	_","1	I	_	PRON	PRP	_	2	nsubj	_	_
2	wan	_	VERB	VBP	_	0	root	_	_
3	na	_	PART	TO	_	4	mark	_	_
4	put	_	VERB	VB	_	2	xcomp	_	_
5	the	_	DET	DT	_	6	det	_	_
6	honey	_	NOUN	NN	_	4	obj	_	_
7	on	_	ADP	RP	_	4	compound:prt	_	_
8	.	_	PUNCT	.	_	2	punct	_	_",
how come you'll put it on ?,"1	how	_	_	_	_	4	advmod	_	_
2	come	_	_	_	_	1	fixed	_	_
3	you'll	_	_	_	_	4	nsubj	_	_
4	put	_	_	_	_	0	root	_	_
5	it	_	_	_	_	4	obj	_	_
6	on	_	_	_	_	4	compound:prt	_	_
7	?	_	_	_	_	4	punct	_	_","1	how	_	ADV	WRB	_	2	advmod	_	_
2	come	_	VERB	VBP	_	5	advcl	_	_
3	you	_	PRON	PRP	_	5	nsubj	_	_
4	'll	_	AUX	MD	_	5	aux	_	_
5	put	_	VERB	VB	_	0	root	_	_
6	it	_	PRON	PRP	_	5	obj	_	_
7	on	_	ADP	RP	_	5	compound:prt	_	_
8	?	_	PUNCT	.	_	5	punct	_	_",
okay except are you going to get me new milk ?,"1	okay	_	_	_	_	5	discourse	_	_
2	except	_	_	_	_	5	cc	_	_
3	are	_	_	_	_	5	aux	_	_
4	you	_	_	_	_	5	nsubj	_	_
5	going	_	_	_	_	0	root	_	_
6	to	_	_	_	_	7	mark	_	_
7	get	_	_	_	_	5	xcomp	_	_
8	me	_	_	_	_	7	iobj	_	_
9	new	_	_	_	_	10	amod	_	_
10	milk	_	_	_	_	7	obj	_	_
11	?	_	_	_	_	5	punct	_	_","1	okay	_	INTJ	UH	_	5	discourse	_	_
2	except	_	SCONJ	IN	_	5	mark	_	_
3	are	_	AUX	VBP	_	5	aux	_	_
4	you	_	PRON	PRP	_	5	nsubj	_	_
5	going	_	VERB	VBG	_	0	root	_	_
6	to	_	PART	TO	_	7	mark	_	_
7	get	_	VERB	VB	_	5	xcomp	_	_
8	me	_	PRON	PRP	_	7	iobj	_	_
9	new	_	ADJ	JJ	_	10	amod	_	_
10	milk	_	NOUN	NN	_	7	obj	_	_
11	?	_	PUNCT	.	_	5	punct	_	_",
how how do you know it's shaped different ?,"1	how	_	_	_	_	2	reparandum	_	_
2	how	_	_	_	_	5	advmod	_	_
3	do	_	_	_	_	5	aux	_	_
4	you	_	_	_	_	5	nsubj	_	_
5	know	_	_	_	_	0	root	_	_
6	it's	_	_	_	_	7	nsubj	_	_
7	shaped	_	_	_	_	5	ccomp	_	_
8	different	_	_	_	_	7	xcomp	_	_
9	?	_	_	_	_	5	punct	_	_","1	how	_	ADV	WRB	_	2	advmod	_	_
2	how	_	ADV	WRB	_	5	advmod	_	_
3	do	_	AUX	VBP	_	5	aux	_	_
4	you	_	PRON	PRP	_	5	nsubj	_	_
5	know	_	VERB	VB	_	0	root	_	_
6	it	_	PRON	PRP	_	8	nsubj:pass	_	_
7	's	_	AUX	VBZ	_	8	aux:pass	_	_
8	shaped	_	VERB	VBN	_	5	ccomp	_	_
9	different	_	ADJ	JJ	_	8	xcomp	_	_
10	?	_	PUNCT	.	_	5	punct	_	_",
I can't see it .,"1	I	_	_	_	_	3	nsubj	_	_
2	can't	_	_	_	_	3	aux	_	_
3	see	_	_	_	_	0	root	_	_
4	it	_	_	_	_	3	obj	_	_
5	.	_	_	_	_	3	punct	_	_","1	I	_	PRON	PRP	_	4	nsubj	_	_
2	ca	_	AUX	MD	_	4	aux	_	_
3	n't	_	PART	RB	_	4	advmod	_	_
4	see	_	VERB	VB	_	0	root	_	_
5	it	_	PRON	PRP	_	4	obj	_	_
6	.	_	PUNCT	.	_	4	punct	_	_",
do you know this is wheat bread because it's made from wheat ?,"1	do	_	_	_	_	3	aux	_	_
2	you	_	_	_	_	3	nsubj	_	_
3	know	_	_	_	_	0	root	_	_
4	this	_	_	_	_	7	nsubj	_	_
5	is	_	_	_	_	7	cop	_	_
6	wheat	_	_	_	_	7	compound	_	_
7	bread	_	_	_	_	3	ccomp	_	_
8	because	_	_	_	_	10	mark	_	_
9	it's	_	_	_	_	10	aux:pass	_	_
10	made	_	_	_	_	7	advcl	_	_
11	from	_	_	_	_	12	case	_	_
12	wheat	_	_	_	_	10	obl	_	_
13	?	_	_	_	_	3	punct	_	_","1	do	_	AUX	VBP	_	3	aux	_	_
2	you	_	PRON	PRP	_	3	nsubj	_	_
3	know	_	VERB	VB	_	0	root	_	_
4	this	_	PRON	DT	_	7	nsubj	_	_
5	is	_	AUX	VBZ	_	7	cop	_	_
6	wheat	_	NOUN	NN	_	7	compound	_	_
7	bread	_	NOUN	NN	_	3	ccomp	_	_
8	because	_	SCONJ	IN	_	11	mark	_	_
9	it	_	PRON	PRP	_	11	nsubj:pass	_	_
10	's	_	AUX	VBZ	_	11	aux:pass	_	_
11	made	_	VERB	VBN	_	7	advcl	_	_
12	from	_	ADP	IN	_	13	case	_	_
13	wheat	_	NOUN	NN	_	11	obl	_	_
14	?	_	PUNCT	.	_	3	punct	_	_",
I didn't know that .,"1	I	_	_	_	_	3	nsubj	_	_
2	didn't	_	_	_	_	3	aux	_	_
3	know	_	_	_	_	0	root	_	_
4	that	_	_	_	_	3	obj	_	_
5	.	_	_	_	_	3	punct	_	_","1	I	_	PRON	PRP	_	4	nsubj	_	_
2	did	_	AUX	VBD	_	4	aux	_	_
3	n't	_	PART	RB	_	4	advmod	_	_
4	know	_	VERB	VB	_	0	root	_	_
5	that	_	PRON	DT	_	4	obj	_	_
6	.	_	PUNCT	.	_	4	punct	_	_",
no I thought it wasn't wheat bread .,"1	no	_	_	_	_	3	discourse	_	_
2	I	_	_	_	_	3	nsubj	_	_
3	thought	_	_	_	_	0	root	_	_
4	it	_	_	_	_	7	nsubj	_	_
5	wasn't	_	_	_	_	7	cop	_	_
6	wheat	_	_	_	_	7	compound	_	_
7	bread	_	_	_	_	3	ccomp	_	_
8	.	_	_	_	_	3	punct	_	_","1	no	_	INTJ	UH	_	3	discourse	_	_
2	I	_	PRON	PRP	_	3	nsubj	_	_
3	thought	_	VERB	VBD	_	0	root	_	_
4	it	_	PRON	PRP	_	8	nsubj	_	_
5	was	_	AUX	VBD	_	8	cop	_	_
6	n't	_	PART	RB	_	8	advmod	_	_
7	wheat	_	NOUN	NN	_	8	compound	_	_
8	bread	_	NOUN	NN	_	3	ccomp	_	_
9	.	_	PUNCT	.	_	3	punct	_	_",
because it's made from wheat .,"1	because	_	_	_	_	3	mark	_	_
2	it's	_	_	_	_	3	aux:pass	_	_
3	made	_	_	_	_	0	root	_	_
4	from	_	_	_	_	5	case	_	_
5	wheat	_	_	_	_	3	obl	_	_
6	.	_	_	_	_	3	punct	_	_","1	because	_	SCONJ	IN	_	4	mark	_	_
2	it	_	PRON	PRP	_	4	nsubj:pass	_	_
3	's	_	AUX	VBZ	_	4	aux:pass	_	_
4	made	_	VERB	VBN	_	0	root	_	_
5	from	_	ADP	IN	_	6	case	_	_
6	wheat	_	NOUN	NN	_	4	obl	_	_
7	.	_	PUNCT	.	_	4	punct	_	_",
no I don't like wheat bread .,"1	no	_	_	_	_	4	discourse	_	_
2	I	_	_	_	_	4	nsubj	_	_
3	don't	_	_	_	_	4	aux	_	_
4	like	_	_	_	_	0	root	_	_
5	wheat	_	_	_	_	6	compound	_	_
6	bread	_	_	_	_	4	obj	_	_
7	.	_	_	_	_	4	punct	_	_","1	no	_	INTJ	UH	_	5	discourse	_	_
2	I	_	PRON	PRP	_	5	nsubj	_	_
3	do	_	AUX	VBP	_	5	aux	_	_
4	n't	_	PART	RB	_	5	advmod	_	_
5	like	_	VERB	VB	_	0	root	_	_
6	wheat	_	NOUN	NN	_	7	compound	_	_
7	bread	_	NOUN	NN	_	5	obj	_	_
8	.	_	PUNCT	.	_	5	punct	_	_",
that's black .,"1	that's	_	_	_	_	2	nsubj	_	_
2	black	_	_	_	_	0	root	_	_
3	.	_	_	_	_	2	punct	_	_","1	that	_	PRON	DT	_	3	nsubj	_	_
2	's	_	AUX	VBZ	_	3	cop	_	_
3	black	_	ADJ	JJ	_	0	root	_	_
4	.	_	PUNCT	.	_	3	punct	_	_",
which part did Momma like ?,"1	which	_	_	_	_	2	det	_	_
2	part	_	_	_	_	5	obj	_	_
3	did	_	_	_	_	5	aux	_	_
4	Momma	_	_	_	_	5	nsubj	_	_
5	like	_	_	_	_	0	root	_	_
6	?	_	_	_	_	5	punct	_	_","1	which	_	DET	WDT	_	2	det	_	_
2	part	_	NOUN	NN	_	3	nsubj	_	_
3	did	_	AUX	VBD	_	0	root	_	_
4	Momma	_	PROPN	NNP	_	3	nsubj	_	_
5	like	_	INTJ	UH	_	2	discourse	_	_
6	?	_	PUNCT	.	_	3	punct	_	_",
how come you didn't like them all ?,"1	how	_	_	_	_	5	advmod	_	_
2	come	_	_	_	_	1	fixed	_	_
3	you	_	_	_	_	5	nsubj	_	_
4	didn't	_	_	_	_	5	aux	_	_
5	like	_	_	_	_	0	root	_	_
6	them	_	_	_	_	5	obj	_	_
7	all	_	_	_	_	6	det	_	_
8	?	_	_	_	_	5	punct	_	_","1	how	_	ADV	WRB	_	2	advmod	_	_
2	come	_	VERB	VBP	_	6	advcl	_	_
3	you	_	PRON	PRP	_	6	nsubj	_	_
4	did	_	AUX	VBD	_	6	aux	_	_
5	n't	_	PART	RB	_	6	advmod	_	_
6	like	_	VERB	VB	_	0	root	_	_
7	them	_	PRON	PRP	_	6	obj	_	_
8	all	_	DET	DT	_	6	obj	_	_
9	?	_	PUNCT	.	_	2	punct	_	_",
I didn't spill it .,"1	I	_	_	_	_	3	nsubj	_	_
2	didn't	_	_	_	_	3	aux	_	_
3	spill	_	_	_	_	0	root	_	_
4	it	_	_	_	_	3	obj	_	_
5	.	_	_	_	_	3	punct	_	_","1	I	_	PRON	PRP	_	4	nsubj	_	_
2	did	_	AUX	VBD	_	4	aux	_	_
3	n't	_	PART	RB	_	4	advmod	_	_
4	spill	_	VERB	VB	_	0	root	_	_
5	it	_	PRON	PRP	_	4	obj	_	_
6	.	_	PUNCT	.	_	4	punct	_	_",
I didn't spill it .,"1	I	_	_	_	_	3	nsubj	_	_
2	didn't	_	_	_	_	3	aux	_	_
3	spill	_	_	_	_	0	root	_	_
4	it	_	_	_	_	3	obj	_	_
5	.	_	_	_	_	3	punct	_	_","1	I	_	PRON	PRP	_	4	nsubj	_	_
2	did	_	AUX	VBD	_	4	aux	_	_
3	n't	_	PART	RB	_	4	advmod	_	_
4	spill	_	VERB	VB	_	0	root	_	_
5	it	_	PRON	PRP	_	4	obj	_	_
6	.	_	PUNCT	.	_	4	punct	_	_",
you did spill it remember ?,"1	you	_	_	_	_	3	nsubj	_	_
2	did	_	_	_	_	3	aux	_	_
3	spill	_	_	_	_	0	root	_	_
4	it	_	_	_	_	3	obj	_	_
5	remember	_	_	_	_	3	parataxis	_	_
6	?	_	_	_	_	3	punct	_	_","1	you	_	PRON	PRP	_	3	nsubj	_	_
2	did	_	AUX	VBD	_	3	aux	_	_
3	spill	_	VERB	VB	_	0	root	_	_
4	it	_	PRON	PRP	_	3	obj	_	_
5	remember	_	VERB	VB	_	3	xcomp	_	_
6	?	_	PUNCT	.	_	3	punct	_	_",
I'm not thinking about anything .,"1	I'm	_	_	_	_	3	aux	_	_
2	not	_	_	_	_	3	advmod	_	_
3	thinking	_	_	_	_	0	root	_	_
4	about	_	_	_	_	5	case	_	_
5	anything	_	_	_	_	3	obl	_	_
6	.	_	_	_	_	3	punct	_	_","1	I	_	PRON	PRP	_	4	nsubj	_	_
2	'm	_	AUX	VBP	_	4	aux	_	_
3	not	_	PART	RB	_	4	advmod	_	_
4	thinking	_	VERB	VBG	_	0	root	_	_
5	about	_	ADP	IN	_	6	case	_	_
6	anything	_	PRON	NN	_	4	obl	_	_
7	.	_	PUNCT	.	_	4	punct	_	_",
Daddy I couldn't eat the rest .,"1	Daddy	_	_	_	_	4	vocative	_	_
2	I	_	_	_	_	4	nsubj	_	_
3	couldn't	_	_	_	_	4	aux	_	_
4	eat	_	_	_	_	0	root	_	_
5	the	_	_	_	_	6	det	_	_
6	rest	_	_	_	_	4	obj	_	_
7	.	_	_	_	_	4	punct	_	_","1	Daddy	_	PROPN	NNP	_	5	vocative	_	_
2	I	_	PRON	PRP	_	5	nsubj	_	_
3	could	_	AUX	MD	_	5	aux	_	_
4	n't	_	PART	RB	_	5	advmod	_	_
5	eat	_	VERB	VB	_	0	root	_	_
6	the	_	DET	DT	_	7	det	_	_
7	rest	_	NOUN	NN	_	5	obj	_	_
8	.	_	PUNCT	.	_	5	punct	_	_",
get down .,"1	get	_	_	_	_	0	root	_	_
2	down	_	_	_	_	1	advmod	_	_
3	.	_	_	_	_	1	punct	_	_","1	get	_	VERB	VB	_	0	root	_	_
2	down	_	ADP	RP	_	1	compound:prt	_	_
3	.	_	PUNCT	.	_	1	punct	_	_","1	Get	get	VERB	VB	_	0	root	0:root	_
2	down	down	ADV	RB	_	1	advmod	1:advmod	SpaceAfter=No
3	.	.	PUNCT	.	_	1	punct	1:punct	_
"
oh dear .,"1	oh	_	_	_	_	0	root	_	_
2	dear	_	_	_	_	1	vocative	_	_
3	.	_	_	_	_	1	punct	_	_","1	oh	_	INTJ	UH	_	2	discourse	_	_
2	dear	_	ADJ	JJ	_	0	root	_	_
3	.	_	PUNCT	.	_	2	punct	_	_","1	Oh	oh	INTJ	UH	_	0	root	0:root	_
2	dear	dear	ADJ	JJ	_	1	vocative	1:vocative	SpaceAfter=No
3	.	.	PUNCT	.	_	1	punct	1:punct	_
"
oh dear .,"1	oh	_	_	_	_	0	root	_	_
2	dear	_	_	_	_	1	vocative	_	_
3	.	_	_	_	_	1	punct	_	_","1	oh	_	INTJ	UH	_	2	discourse	_	_
2	dear	_	ADJ	JJ	_	0	root	_	_
3	.	_	PUNCT	.	_	2	punct	_	_","1	Oh	oh	INTJ	UH	_	0	root	0:root	_
2	dear	dear	ADJ	JJ	_	1	vocative	1:vocative	SpaceAfter=No
3	.	.	PUNCT	.	_	1	punct	1:punct	_
"
oh dear .,"1	oh	_	_	_	_	0	root	_	_
2	dear	_	_	_	_	1	vocative	_	_
3	.	_	_	_	_	1	punct	_	_","1	oh	_	INTJ	UH	_	2	discourse	_	_
2	dear	_	ADJ	JJ	_	0	root	_	_
3	.	_	PUNCT	.	_	2	punct	_	_","1	Oh	oh	INTJ	UH	_	0	root	0:root	_
2	dear	dear	ADJ	JJ	_	1	vocative	1:vocative	SpaceAfter=No
3	.	.	PUNCT	.	_	1	punct	1:punct	_
"
oh dear .,"1	oh	_	_	_	_	0	root	_	_
2	dear	_	_	_	_	1	vocative	_	_
3	.	_	_	_	_	1	punct	_	_","1	oh	_	INTJ	UH	_	2	discourse	_	_
2	dear	_	ADJ	JJ	_	0	root	_	_
3	.	_	PUNCT	.	_	2	punct	_	_","1	Oh	oh	INTJ	UH	_	0	root	0:root	_
2	dear	dear	ADJ	JJ	_	1	vocative	1:vocative	SpaceAfter=No
3	.	.	PUNCT	.	_	1	punct	1:punct	_
"
help help .,"1	help	_	_	_	_	0	root	_	_
2	help	_	_	_	_	1	conj	_	_
3	.	_	_	_	_	1	punct	_	_","1	help	_	VERB	VB	_	0	root	_	_
2	help	_	VERB	VB	_	1	xcomp	_	_
3	.	_	PUNCT	.	_	1	punct	_	_","1	Help	help	NOUN	NN	_	0	root	0:root	_
2	help	help	NOUN	NN	_	1	conj	1:conj	SpaceAfter=No
3	.	.	PUNCT	.	_	1	punct	1:punct	_
"
help help help help .,"1	help	_	_	_	_	0	root	_	_
2	help	_	_	_	_	1	conj	_	_
3	help	_	_	_	_	1	conj	_	_
4	help	_	_	_	_	1	conj	_	_
5	.	_	_	_	_	1	punct	_	_","1	help	_	VERB	VB	_	0	root	_	_
2	help	_	VERB	VB	_	1	xcomp	_	_
3	help	_	VERB	VB	_	2	xcomp	_	_
4	help	_	VERB	VB	_	3	xcomp	_	_
5	.	_	PUNCT	.	_	1	punct	_	_","1	Help	help	VERB	VB	_	0	root	0:root	_
2	help	help	NOUN	NN	_	1	conj	1:conj	_
3	help	help	NOUN	NN	_	1	conj	1:conj	_
4	help	help	NOUN	NN	_	1	conj	1:conj	SpaceAfter=No
5	.	.	PUNCT	.	_	1	punct	1:punct	_
"
oh dear .,"1	oh	_	_	_	_	0	root	_	_
2	dear	_	_	_	_	1	vocative	_	_
3	.	_	_	_	_	1	punct	_	_","1	oh	_	INTJ	UH	_	2	discourse	_	_
2	dear	_	ADJ	JJ	_	0	root	_	_
3	.	_	PUNCT	.	_	2	punct	_	_","1	Oh	oh	INTJ	UH	_	0	root	0:root	_
2	dear	dear	ADJ	JJ	_	1	vocative	1:vocative	SpaceAfter=No
3	.	.	PUNCT	.	_	1	punct	1:punct	_
"
oh dear .,"1	oh	_	_	_	_	0	root	_	_
2	dear	_	_	_	_	1	vocative	_	_
3	.	_	_	_	_	1	punct	_	_","1	oh	_	INTJ	UH	_	2	discourse	_	_
2	dear	_	ADJ	JJ	_	0	root	_	_
3	.	_	PUNCT	.	_	2	punct	_	_","1	Oh	oh	INTJ	UH	_	0	root	0:root	_
2	dear	dear	ADJ	JJ	_	1	vocative	1:vocative	SpaceAfter=No
3	.	.	PUNCT	.	_	1	punct	1:punct	_
"
oh dear .,"1	oh	_	_	_	_	0	root	_	_
2	dear	_	_	_	_	1	vocative	_	_
3	.	_	_	_	_	1	punct	_	_","1	oh	_	INTJ	UH	_	2	discourse	_	_
2	dear	_	ADJ	JJ	_	0	root	_	_
3	.	_	PUNCT	.	_	2	punct	_	_","1	Oh	oh	INTJ	UH	_	0	root	0:root	_
2	dear	dear	ADJ	JJ	_	1	vocative	1:vocative	SpaceAfter=No
3	.	.	PUNCT	.	_	1	punct	1:punct	_
"
night night .,"1	night	_	_	_	_	0	root	_	_
2	night	_	_	_	_	1	conj	_	_
3	.	_	_	_	_	1	punct	_	_","1	night	_	NOUN	NN	_	2	compound	_	_
2	night	_	NOUN	NN	_	0	root	_	_
3	.	_	PUNCT	.	_	2	punct	_	_","1	Night	night	NOUN	NN	_	2	compound	2:compound	_
2	night	night	NOUN	NN	_	0	root	0:root	SpaceAfter=No
3	.	.	PUNCT	.	_	2	punct	2:punct	_
"
oh dear .,"1	oh	_	_	_	_	0	root	_	_
2	dear	_	_	_	_	1	vocative	_	_
3	.	_	_	_	_	1	punct	_	_","1	oh	_	INTJ	UH	_	2	discourse	_	_
2	dear	_	ADJ	JJ	_	0	root	_	_
3	.	_	PUNCT	.	_	2	punct	_	_","1	Oh	oh	INTJ	UH	_	0	root	0:root	_
2	dear	dear	ADJ	JJ	_	1	vocative	1:vocative	SpaceAfter=No
3	.	.	PUNCT	.	_	1	punct	1:punct	_
"
oh dear .,"1	oh	_	_	_	_	0	root	_	_
2	dear	_	_	_	_	1	vocative	_	_
3	.	_	_	_	_	1	punct	_	_","1	oh	_	INTJ	UH	_	2	discourse	_	_
2	dear	_	ADJ	JJ	_	0	root	_	_
3	.	_	PUNCT	.	_	2	punct	_	_","1	Oh	oh	INTJ	UH	_	0	root	0:root	_
2	dear	dear	ADJ	JJ	_	1	vocative	1:vocative	SpaceAfter=No
3	.	.	PUNCT	.	_	1	punct	1:punct	_
"
oh dear .,"1	oh	_	_	_	_	0	root	_	_
2	dear	_	_	_	_	1	vocative	_	_
3	.	_	_	_	_	1	punct	_	_","1	oh	_	INTJ	UH	_	2	discourse	_	_
2	dear	_	ADJ	JJ	_	0	root	_	_
3	.	_	PUNCT	.	_	2	punct	_	_","1	Oh	oh	INTJ	UH	_	0	root	0:root	_
2	dear	dear	ADJ	JJ	_	1	vocative	1:vocative	SpaceAfter=No
3	.	.	PUNCT	.	_	1	punct	1:punct	_
"
oh oh .,"1	oh	_	_	_	_	0	root	_	_
2	oh	_	_	_	_	1	conj	_	_
3	.	_	_	_	_	1	punct	_	_","1	oh	_	INTJ	UH	_	0	root	_	_
2	oh	_	INTJ	UH	_	1	discourse	_	_
3	.	_	PUNCT	.	_	1	punct	_	_","1	Oh	oh	INTJ	UH	_	0	root	0:root	_
2	oh	oh	INTJ	UH	_	1	conj	1:conj	SpaceAfter=No
3	!	!	PUNCT	!	_	1	punct	1:punct	_
"
what's this ?,"1	what's	_	_	_	_	0	root	_	_
2	this	_	_	_	_	1	nsubj	_	_
3	?	_	_	_	_	1	punct	_	_","1	what	_	PRON	WP	_	3	nsubj	_	_
2	's	_	AUX	VBZ	_	3	cop	_	_
3	this	_	PRON	DT	_	0	root	_	_
4	?	_	PUNCT	.	_	3	punct	_	_",
knock knock who's there ?,"1	knock	_	_	_	_	2	compound	_	_
2	knock	_	_	_	_	0	root	_	_
3	who's	_	_	_	_	4	nsubj	_	_
4	there	_	_	_	_	1	parataxis	_	_
5	?	_	_	_	_	2	punct	_	_","1	knock	_	VERB	VB	_	0	root	_	_
2	knock	_	NOUN	NN	_	1	obj	_	_
3	who	_	PRON	WP	_	5	nsubj	_	_
4	's	_	AUX	VBZ	_	5	cop	_	_
5	there	_	ADV	RB	_	2	acl:relcl	_	_
6	?	_	PUNCT	.	_	1	punct	_	_",
what's this ?,"1	what's	_	_	_	_	0	root	_	_
2	this	_	_	_	_	1	nsubj	_	_
3	?	_	_	_	_	1	punct	_	_","1	what	_	PRON	WP	_	3	nsubj	_	_
2	's	_	AUX	VBZ	_	3	cop	_	_
3	this	_	PRON	DT	_	0	root	_	_
4	?	_	PUNCT	.	_	3	punct	_	_",
oh it's there .,"1	oh	_	_	_	_	3	discourse	_	_
2	it's	_	_	_	_	3	nsubj	_	_
3	there	_	_	_	_	0	root	_	_
4	.	_	_	_	_	3	punct	_	_","1	oh	_	INTJ	UH	_	4	discourse	_	_
2	it	_	PRON	PRP	_	4	nsubj	_	_
3	's	_	AUX	VBZ	_	4	cop	_	_
4	there	_	ADV	RB	_	0	root	_	_
5	.	_	PUNCT	.	_	4	punct	_	_",
what's this ?,"1	what's	_	_	_	_	0	root	_	_
2	this	_	_	_	_	1	nsubj	_	_
3	?	_	_	_	_	1	punct	_	_","1	what	_	PRON	WP	_	3	nsubj	_	_
2	's	_	AUX	VBZ	_	3	cop	_	_
3	this	_	PRON	DT	_	0	root	_	_
4	?	_	PUNCT	.	_	3	punct	_	_",
what's this ?,"1	what's	_	_	_	_	0	root	_	_
2	this	_	_	_	_	1	nsubj	_	_
3	?	_	_	_	_	1	punct	_	_","1	what	_	PRON	WP	_	3	nsubj	_	_
2	's	_	AUX	VBZ	_	3	cop	_	_
3	this	_	PRON	DT	_	0	root	_	_
4	?	_	PUNCT	.	_	3	punct	_	_",
what's this ?,"1	what's	_	_	_	_	0	root	_	_
2	this	_	_	_	_	1	nsubj	_	_
3	?	_	_	_	_	1	punct	_	_","1	what	_	PRON	WP	_	3	nsubj	_	_
2	's	_	AUX	VBZ	_	3	cop	_	_
3	this	_	PRON	DT	_	0	root	_	_
4	?	_	PUNCT	.	_	3	punct	_	_",
what's this ?,"1	what's	_	_	_	_	0	root	_	_
2	this	_	_	_	_	1	nsubj	_	_
3	?	_	_	_	_	1	punct	_	_","1	what	_	PRON	WP	_	3	nsubj	_	_
2	's	_	AUX	VBZ	_	3	cop	_	_
3	this	_	PRON	DT	_	0	root	_	_
4	?	_	PUNCT	.	_	3	punct	_	_",
what's this ?,"1	what's	_	_	_	_	0	root	_	_
2	this	_	_	_	_	1	nsubj	_	_
3	?	_	_	_	_	1	punct	_	_","1	what	_	PRON	WP	_	3	nsubj	_	_
2	's	_	AUX	VBZ	_	3	cop	_	_
3	this	_	PRON	DT	_	0	root	_	_
4	?	_	PUNCT	.	_	3	punct	_	_",
what's this ?,"1	what's	_	_	_	_	0	root	_	_
2	this	_	_	_	_	1	nsubj	_	_
3	?	_	_	_	_	1	punct	_	_","1	what	_	PRON	WP	_	3	nsubj	_	_
2	's	_	AUX	VBZ	_	3	cop	_	_
3	this	_	PRON	DT	_	0	root	_	_
4	?	_	PUNCT	.	_	3	punct	_	_",
what's this ?,"1	what's	_	_	_	_	0	root	_	_
2	this	_	_	_	_	1	nsubj	_	_
3	?	_	_	_	_	1	punct	_	_","1	what	_	PRON	WP	_	3	nsubj	_	_
2	's	_	AUX	VBZ	_	3	cop	_	_
3	this	_	PRON	DT	_	0	root	_	_
4	?	_	PUNCT	.	_	3	punct	_	_",
what's this ?,"1	what's	_	_	_	_	0	root	_	_
2	this	_	_	_	_	1	nsubj	_	_
3	?	_	_	_	_	1	punct	_	_","1	what	_	PRON	WP	_	3	nsubj	_	_
2	's	_	AUX	VBZ	_	3	cop	_	_
3	this	_	PRON	DT	_	0	root	_	_
4	?	_	PUNCT	.	_	3	punct	_	_",
oh dear .,"1	oh	_	_	_	_	0	root	_	_
2	dear	_	_	_	_	1	vocative	_	_
3	.	_	_	_	_	1	punct	_	_","1	oh	_	INTJ	UH	_	2	discourse	_	_
2	dear	_	ADJ	JJ	_	0	root	_	_
3	.	_	PUNCT	.	_	2	punct	_	_","1	Oh	oh	INTJ	UH	_	0	root	0:root	_
2	dear	dear	ADJ	JJ	_	1	vocative	1:vocative	SpaceAfter=No
3	.	.	PUNCT	.	_	1	punct	1:punct	_
"
what's this ?,"1	what's	_	_	_	_	0	root	_	_
2	this	_	_	_	_	1	nsubj	_	_
3	?	_	_	_	_	1	punct	_	_","1	what	_	PRON	WP	_	3	nsubj	_	_
2	's	_	AUX	VBZ	_	3	cop	_	_
3	this	_	PRON	DT	_	0	root	_	_
4	?	_	PUNCT	.	_	3	punct	_	_",
"Mommy , I want food .","1	Mommy	_	_	_	_	4	vocative	_	_
2	,	_	_	_	_	4	mark	_	_
3	I	_	_	_	_	4	nsubj	_	_
4	want	_	_	_	_	0	root	_	_
5	food	_	_	_	_	4	obj	_	_
6	.	_	_	_	_	4	punct	_	_","1	Mommy	_	INTJ	UH	_	4	discourse	_	_
2	,	_	PUNCT	,	_	1	punct	_	_
3	I	_	PRON	PRP	_	4	nsubj	_	_
4	want	_	VERB	VBP	_	0	root	_	_
5	food	_	NOUN	NN	_	4	obj	_	_
6	.	_	PUNCT	.	_	4	punct	_	_",
"she can't come because she's sick , that's why .","1	she	_	_	_	_	3	nsubj	_	_
2	can't	_	_	_	_	3	aux	_	_
3	come	_	_	_	_	0	root	_	_
4	because	_	_	_	_	6	mark	_	_
5	she's	_	_	_	_	6	cop	_	_
6	sick	_	_	_	_	3	advcl	_	_
7	,	_	_	_	_	9	mark	_	_
8	that's	_	_	_	_	9	nsubj	_	_
9	why	_	_	_	_	3	parataxis	_	_
10	.	_	_	_	_	3	punct	_	_","1	she	_	PRON	PRP	_	4	nsubj	_	_
2	ca	_	AUX	MD	_	4	aux	_	_
3	n't	_	PART	RB	_	4	advmod	_	_
4	come	_	VERB	VB	_	0	root	_	_
5	because	_	SCONJ	IN	_	8	mark	_	_
6	she	_	PRON	PRP	_	8	nsubj	_	_
7	's	_	AUX	VBZ	_	8	cop	_	_
8	sick	_	ADJ	JJ	_	4	advcl	_	_
9	,	_	PUNCT	,	_	12	punct	_	_
10	that	_	PRON	DT	_	12	nsubj	_	_
11	's	_	AUX	VBZ	_	12	cop	_	_
12	why	_	ADV	WRB	_	4	parataxis	_	_
13	.	_	PUNCT	.	_	4	punct	_	_",
"shoot , he didn't fix our dishwasher .","1	shoot	_	_	_	_	5	discourse	_	_
2	,	_	_	_	_	5	mark	_	_
3	he	_	_	_	_	5	nsubj	_	_
4	didn't	_	_	_	_	5	aux	_	_
5	fix	_	_	_	_	0	root	_	_
6	our	_	_	_	_	7	nmod:poss	_	_
7	dishwasher	_	_	_	_	5	obj	_	_
8	.	_	_	_	_	5	punct	_	_","1	shoot	_	VERB	VB	_	0	root	_	_
2	,	_	PUNCT	,	_	6	punct	_	_
3	he	_	PRON	PRP	_	6	nsubj	_	_
4	did	_	AUX	VBD	_	6	aux	_	_
5	n't	_	PART	RB	_	6	advmod	_	_
6	fix	_	VERB	VB	_	1	parataxis	_	_
7	our	_	PRON	PRP$	_	8	nmod:poss	_	_
8	dishwasher	_	NOUN	NN	_	6	obj	_	_
9	.	_	PUNCT	.	_	1	punct	_	_",
"oh , she's over here .","1	oh	_	_	_	_	5	discourse	_	_
2	,	_	_	_	_	5	mark	_	_
3	she's	_	_	_	_	5	nsubj	_	_
4	over	_	_	_	_	5	case	_	_
5	here	_	_	_	_	0	root	_	_
6	.	_	_	_	_	5	punct	_	_","1	oh	_	INTJ	UH	_	6	discourse	_	_
2	,	_	PUNCT	,	_	1	punct	_	_
3	she	_	PRON	PRP	_	6	nsubj	_	_
4	's	_	AUX	VBZ	_	6	cop	_	_
5	over	_	ADV	RB	_	6	advmod	_	_
6	here	_	ADV	RB	_	0	root	_	_
7	.	_	PUNCT	.	_	6	punct	_	_",
"honey , where are you ?","1	honey	_	_	_	_	3	vocative	_	_
2	,	_	_	_	_	3	cop	_	_
3	where	_	_	_	_	0	root	_	_
4	are	_	_	_	_	3	cop	_	_
5	you	_	_	_	_	3	nsubj	_	_
6	?	_	_	_	_	3	punct	_	_","1	honey	_	NOUN	NN	_	0	root	_	_
2	,	_	PUNCT	,	_	3	punct	_	_
3	where	_	ADV	WRB	_	1	parataxis	_	_
4	are	_	AUX	VBP	_	3	cop	_	_
5	you	_	PRON	PRP	_	4	nsubj	_	_
6	?	_	PUNCT	.	_	1	punct	_	_",
clowns shouldn't drive .,"1	clowns	_	_	_	_	3	nsubj	_	_
2	shouldn't	_	_	_	_	3	aux	_	_
3	drive	_	_	_	_	0	root	_	_
4	.	_	_	_	_	3	punct	_	_","1	clowns	_	NOUN	NNS	_	4	nsubj	_	_
2	should	_	AUX	MD	_	4	aux	_	_
3	n't	_	PART	RB	_	4	advmod	_	_
4	drive	_	VERB	VB	_	0	root	_	_
5	.	_	PUNCT	.	_	4	punct	_	_",
"shoot , clowns shouldn't be in a car .","1	shoot	_	_	_	_	8	discourse	_	_
2	,	_	_	_	_	8	mark	_	_
3	clowns	_	_	_	_	8	nsubj	_	_
4	shouldn't	_	_	_	_	8	aux	_	_
5	be	_	_	_	_	8	cop	_	_
6	in	_	_	_	_	8	case	_	_
7	a	_	_	_	_	8	det	_	_
8	car	_	_	_	_	0	root	_	_
9	.	_	_	_	_	8	punct	_	_","1	shoot	_	VERB	VB	_	0	root	_	_
2	,	_	PUNCT	,	_	9	punct	_	_
3	clowns	_	NOUN	NNS	_	9	nsubj	_	_
4	should	_	AUX	MD	_	9	aux	_	_
5	n't	_	PART	RB	_	9	advmod	_	_
6	be	_	AUX	VB	_	9	cop	_	_
7	in	_	ADP	IN	_	9	case	_	_
8	a	_	DET	DT	_	9	det	_	_
9	car	_	NOUN	NN	_	1	parataxis	_	_
10	.	_	PUNCT	.	_	1	punct	_	_",
um yes .,"1	um	_	_	_	_	0	root	_	_
2	yes	_	_	_	_	1	discourse	_	_
3	.	_	_	_	_	1	punct	_	_","1	um	_	INTJ	UH	_	2	discourse	_	_
2	yes	_	INTJ	UH	_	0	root	_	_
3	.	_	PUNCT	.	_	2	punct	_	_","1	Um	um	INTJ	UH	_	0	root	0:root	_
2	yes	yes	INTJ	UH	_	1	discourse	1:discourse	SpaceAfter=No
3	.	.	PUNCT	.	_	1	punct	1:punct	_
"
bye bye .,"1	bye	_	_	_	_	0	root	_	_
2	bye	_	_	_	_	1	conj	_	_
3	.	_	_	_	_	1	punct	_	_","1	bye	_	INTJ	UH	_	2	discourse	_	_
2	bye	_	NOUN	NN	_	0	root	_	_
3	.	_	PUNCT	.	_	2	punct	_	_","1-3	Bye-bye	_	_	_	_	_	_	_	SpaceAfter=No
1	Bye	bye	NOUN	NN	_	0	root	0:root	_
2	-	-	PUNCT	HYPH	_	1	punct	1:punct	_
3	bye	bye	NOUN	NN	_	1	compound	1:compound	_
4	.	.	PUNCT	.	_	1	punct	1:punct	_
"
bye bye .,"1	bye	_	_	_	_	0	root	_	_
2	bye	_	_	_	_	1	conj	_	_
3	.	_	_	_	_	1	punct	_	_","1	bye	_	INTJ	UH	_	2	discourse	_	_
2	bye	_	NOUN	NN	_	0	root	_	_
3	.	_	PUNCT	.	_	2	punct	_	_","1-3	Bye-bye	_	_	_	_	_	_	_	SpaceAfter=No
1	Bye	bye	NOUN	NN	_	0	root	0:root	_
2	-	-	PUNCT	HYPH	_	1	punct	1:punct	_
3	bye	bye	NOUN	NN	_	1	compound	1:compound	_
4	.	.	PUNCT	.	_	1	punct	1:punct	_
"
uh uh uh uh uh yes .,"1	uh	_	_	_	_	6	discourse	_	_
2	uh	_	_	_	_	1	conj	_	_
3	uh	_	_	_	_	1	conj	_	_
4	uh	_	_	_	_	1	conj	_	_
5	uh	_	_	_	_	1	conj	_	_
6	yes	_	_	_	_	0	root	_	_
7	.	_	_	_	_	6	punct	_	_","1	uh	_	INTJ	UH	_	6	discourse	_	_
2	uh	_	INTJ	UH	_	6	discourse	_	_
3	uh	_	INTJ	UH	_	6	discourse	_	_
4	uh	_	INTJ	UH	_	6	discourse	_	_
5	uh	_	INTJ	UH	_	6	discourse	_	_
6	yes	_	INTJ	UH	_	0	root	_	_
7	.	_	PUNCT	.	_	6	punct	_	_",
oh ah !,"1	oh	_	_	_	_	0	root	_	_
2	ah	_	_	_	_	1	discourse	_	_
3	!	_	_	_	_	1	punct	_	_","1	oh	_	INTJ	UH	_	2	discourse	_	_
2	ah	_	INTJ	UH	_	0	root	_	_
3	!	_	PUNCT	.	_	2	punct	_	_","1	Oh	oh	INTJ	UH	_	0	root	0:root	_
2	ah	ah	INTJ	UH	_	1	discourse	1:discourse	SpaceAfter=No
3	.	.	PUNCT	.	_	1	punct	1:punct	_
"
nanny's purse .,"1	nanny's	_	_	_	_	2	nmod:poss	_	_
2	purse	_	_	_	_	0	root	_	_
3	.	_	_	_	_	2	punct	_	_","1	nanny	_	NOUN	NN	_	3	nmod:poss	_	_
2	's	_	PART	POS	_	1	case	_	_
3	purse	_	NOUN	NN	_	0	root	_	_
4	.	_	PUNCT	.	_	3	punct	_	_",
nanny's bear .,"1	nanny's	_	_	_	_	2	nmod:poss	_	_
2	bear	_	_	_	_	0	root	_	_
3	.	_	_	_	_	2	punct	_	_","1	nanny	_	NOUN	NN	_	3	nmod:poss	_	_
2	's	_	PART	POS	_	1	case	_	_
3	bear	_	NOUN	NN	_	0	root	_	_
4	.	_	PUNCT	.	_	3	punct	_	_",
that's pizza .,"1	that's	_	_	_	_	2	cop	_	_
2	pizza	_	_	_	_	0	root	_	_
3	.	_	_	_	_	2	punct	_	_","1	that	_	PRON	DT	_	3	nsubj	_	_
2	's	_	AUX	VBZ	_	3	cop	_	_
3	pizza	_	NOUN	NN	_	0	root	_	_
4	.	_	PUNCT	.	_	3	punct	_	_",
it's too hot !,"1	it's	_	_	_	_	3	nsubj	_	_
2	too	_	_	_	_	3	advmod	_	_
3	hot	_	_	_	_	0	root	_	_
4	!	_	_	_	_	3	punct	_	_","1	it	_	PRON	PRP	_	4	nsubj	_	_
2	's	_	AUX	VBZ	_	4	cop	_	_
3	too	_	ADV	RB	_	4	advmod	_	_
4	hot	_	ADJ	JJ	_	0	root	_	_
5	!	_	PUNCT	.	_	4	punct	_	_",
that's too hot .,"1	that's	_	_	_	_	3	nsubj	_	_
2	too	_	_	_	_	3	advmod	_	_
3	hot	_	_	_	_	0	root	_	_
4	.	_	_	_	_	3	punct	_	_","1	that	_	PRON	DT	_	4	nsubj	_	_
2	's	_	AUX	VBZ	_	4	cop	_	_
3	too	_	ADV	RB	_	4	advmod	_	_
4	hot	_	ADJ	JJ	_	0	root	_	_
5	.	_	PUNCT	.	_	4	punct	_	_",
where's my book ?,"1	where's	_	_	_	_	0	root	_	_
2	my	_	_	_	_	3	nmod:poss	_	_
3	book	_	_	_	_	1	nsubj	_	_
4	?	_	_	_	_	1	punct	_	_","1	where	_	ADV	WRB	_	0	root	_	_
2	's	_	AUX	VBZ	_	1	cop	_	_
3	my	_	PRON	PRP$	_	4	nmod:poss	_	_
4	book	_	NOUN	NN	_	1	nsubj	_	_
5	?	_	PUNCT	.	_	1	punct	_	_",
where's my other book ?,"1	where's	_	_	_	_	0	root	_	_
2	my	_	_	_	_	4	nmod:poss	_	_
3	other	_	_	_	_	4	amod	_	_
4	book	_	_	_	_	1	nsubj	_	_
5	?	_	_	_	_	1	punct	_	_","1	where	_	ADV	WRB	_	0	root	_	_
2	's	_	AUX	VBZ	_	1	cop	_	_
3	my	_	PRON	PRP$	_	5	nmod:poss	_	_
4	other	_	ADJ	JJ	_	5	amod	_	_
5	book	_	NOUN	NN	_	1	nsubj	_	_
6	?	_	PUNCT	.	_	1	punct	_	_",
I don't know .,"1	I	_	_	_	_	3	nsubj	_	_
2	don't	_	_	_	_	3	aux	_	_
3	know	_	_	_	_	0	root	_	_
4	.	_	_	_	_	3	punct	_	_","1	I	_	PRON	PRP	_	4	nsubj	_	_
2	do	_	AUX	VBP	_	4	aux	_	_
3	n't	_	PART	RB	_	4	advmod	_	_
4	know	_	VERB	VB	_	0	root	_	_
5	.	_	PUNCT	.	_	4	punct	_	_",
"um , um , Firstname did .","1	um	_	_	_	_	6	discourse	_	_
2	,	_	_	_	_	1	conj	_	_
3	um	_	_	_	_	1	conj	_	_
4	,	_	_	_	_	6	mark	_	_
5	Firstname	_	_	_	_	6	nsubj	_	_
6	did	_	_	_	_	0	root	_	_
7	.	_	_	_	_	6	punct	_	_","1	um	_	INTJ	UH	_	6	discourse	_	_
2	,	_	PUNCT	,	_	1	punct	_	_
3	um	_	INTJ	UH	_	6	discourse	_	_
4	,	_	PUNCT	,	_	3	punct	_	_
5	Firstname	_	PROPN	NNP	_	6	nsubj	_	_
6	did	_	AUX	VBD	_	0	root	_	_
7	.	_	PUNCT	.	_	6	punct	_	_",
I don't know .,"1	I	_	_	_	_	3	nsubj	_	_
2	don't	_	_	_	_	3	aux	_	_
3	know	_	_	_	_	0	root	_	_
4	.	_	_	_	_	3	punct	_	_","1	I	_	PRON	PRP	_	4	nsubj	_	_
2	do	_	AUX	VBP	_	4	aux	_	_
3	n't	_	PART	RB	_	4	advmod	_	_
4	know	_	VERB	VB	_	0	root	_	_
5	.	_	PUNCT	.	_	4	punct	_	_",
I don't know .,"1	I	_	_	_	_	3	nsubj	_	_
2	don't	_	_	_	_	3	aux	_	_
3	know	_	_	_	_	0	root	_	_
4	.	_	_	_	_	3	punct	_	_","1	I	_	PRON	PRP	_	4	nsubj	_	_
2	do	_	AUX	VBP	_	4	aux	_	_
3	n't	_	PART	RB	_	4	advmod	_	_
4	know	_	VERB	VB	_	0	root	_	_
5	.	_	PUNCT	.	_	4	punct	_	_",
I don't know .,"1	I	_	_	_	_	3	nsubj	_	_
2	don't	_	_	_	_	3	aux	_	_
3	know	_	_	_	_	0	root	_	_
4	.	_	_	_	_	3	punct	_	_","1	I	_	PRON	PRP	_	4	nsubj	_	_
2	do	_	AUX	VBP	_	4	aux	_	_
3	n't	_	PART	RB	_	4	advmod	_	_
4	know	_	VERB	VB	_	0	root	_	_
5	.	_	PUNCT	.	_	4	punct	_	_",
I don't know .,"1	I	_	_	_	_	3	nsubj	_	_
2	don't	_	_	_	_	3	aux	_	_
3	know	_	_	_	_	0	root	_	_
4	.	_	_	_	_	3	punct	_	_","1	I	_	PRON	PRP	_	4	nsubj	_	_
2	do	_	AUX	VBP	_	4	aux	_	_
3	n't	_	PART	RB	_	4	advmod	_	_
4	know	_	VERB	VB	_	0	root	_	_
5	.	_	PUNCT	.	_	4	punct	_	_",
I don't know .,"1	I	_	_	_	_	3	nsubj	_	_
2	don't	_	_	_	_	3	aux	_	_
3	know	_	_	_	_	0	root	_	_
4	.	_	_	_	_	3	punct	_	_","1	I	_	PRON	PRP	_	4	nsubj	_	_
2	do	_	AUX	VBP	_	4	aux	_	_
3	n't	_	PART	RB	_	4	advmod	_	_
4	know	_	VERB	VB	_	0	root	_	_
5	.	_	PUNCT	.	_	4	punct	_	_",
I don't know .,"1	I	_	_	_	_	3	nsubj	_	_
2	don't	_	_	_	_	3	aux	_	_
3	know	_	_	_	_	0	root	_	_
4	.	_	_	_	_	3	punct	_	_","1	I	_	PRON	PRP	_	4	nsubj	_	_
2	do	_	AUX	VBP	_	4	aux	_	_
3	n't	_	PART	RB	_	4	advmod	_	_
4	know	_	VERB	VB	_	0	root	_	_
5	.	_	PUNCT	.	_	4	punct	_	_",
that's a firetruck .,"1	that's	_	_	_	_	3	cop	_	_
2	a	_	_	_	_	3	det	_	_
3	firetruck	_	_	_	_	0	root	_	_
4	.	_	_	_	_	3	punct	_	_","1	that	_	PRON	DT	_	4	nsubj	_	_
2	's	_	AUX	VBZ	_	4	cop	_	_
3	a	_	DET	DT	_	4	det	_	_
4	firetruck	_	NOUN	NN	_	0	root	_	_
5	.	_	PUNCT	.	_	4	punct	_	_",
that's the roof .,"1	that's	_	_	_	_	3	cop	_	_
2	the	_	_	_	_	3	det	_	_
3	roof	_	_	_	_	0	root	_	_
4	.	_	_	_	_	3	punct	_	_","1	that	_	PRON	DT	_	4	nsubj	_	_
2	's	_	AUX	VBZ	_	4	cop	_	_
3	the	_	DET	DT	_	4	det	_	_
4	roof	_	NOUN	NN	_	0	root	_	_
5	.	_	PUNCT	.	_	4	punct	_	_",
I don't know .,"1	I	_	_	_	_	3	nsubj	_	_
2	don't	_	_	_	_	3	aux	_	_
3	know	_	_	_	_	0	root	_	_
4	.	_	_	_	_	3	punct	_	_","1	I	_	PRON	PRP	_	4	nsubj	_	_
2	do	_	AUX	VBP	_	4	aux	_	_
3	n't	_	PART	RB	_	4	advmod	_	_
4	know	_	VERB	VB	_	0	root	_	_
5	.	_	PUNCT	.	_	4	punct	_	_",
hey mom ?,"1	hey	_	_	_	_	0	root	_	_
2	mom	_	_	_	_	1	vocative	_	_
3	?	_	_	_	_	1	punct	_	_","1	hey	_	INTJ	UH	_	2	discourse	_	_
2	mom	_	NOUN	NN	_	0	root	_	_
3	?	_	PUNCT	.	_	2	punct	_	_","1	Hey	hey	INTJ	UH	_	0	root	0:root	_
2	Mom	mom	NOUN	NN	_	1	vocative	1:vocative	SpaceAfter=No
3	.	.	PUNCT	.	_	1	punct	1:punct	_
"
I don't know .,"1	I	_	_	_	_	3	nsubj	_	_
2	don't	_	_	_	_	3	aux	_	_
3	know	_	_	_	_	0	root	_	_
4	.	_	_	_	_	3	punct	_	_","1	I	_	PRON	PRP	_	4	nsubj	_	_
2	do	_	AUX	VBP	_	4	aux	_	_
3	n't	_	PART	RB	_	4	advmod	_	_
4	know	_	VERB	VB	_	0	root	_	_
5	.	_	PUNCT	.	_	4	punct	_	_",
"um , purple .","1	um	_	_	_	_	3	discourse	_	_
2	,	_	_	_	_	3	cc	_	_
3	purple	_	_	_	_	0	root	_	_
4	.	_	_	_	_	3	punct	_	_","1	um	_	INTJ	UH	_	3	discourse	_	_
2	,	_	PUNCT	,	_	1	punct	_	_
3	purple	_	ADJ	JJ	_	0	root	_	_
4	.	_	PUNCT	.	_	3	punct	_	_",
"uh , a man .","1	uh	_	_	_	_	4	discourse	_	_
2	,	_	_	_	_	4	case	_	_
3	a	_	_	_	_	4	det	_	_
4	man	_	_	_	_	0	root	_	_
5	.	_	_	_	_	4	punct	_	_","1	uh	_	INTJ	UH	_	4	discourse	_	_
2	,	_	PUNCT	,	_	1	punct	_	_
3	a	_	DET	DT	_	4	det	_	_
4	man	_	NOUN	NN	_	0	root	_	_
5	.	_	PUNCT	.	_	4	punct	_	_",
"um , I don't know .","1	um	_	_	_	_	5	discourse	_	_
2	,	_	_	_	_	5	mark	_	_
3	I	_	_	_	_	5	nsubj	_	_
4	don't	_	_	_	_	5	aux	_	_
5	know	_	_	_	_	0	root	_	_
6	.	_	_	_	_	5	punct	_	_","1	um	_	INTJ	UH	_	6	discourse	_	_
2	,	_	PUNCT	,	_	1	punct	_	_
3	I	_	PRON	PRP	_	6	nsubj	_	_
4	do	_	AUX	VBP	_	6	aux	_	_
5	n't	_	PART	RB	_	6	advmod	_	_
6	know	_	VERB	VB	_	0	root	_	_
7	.	_	PUNCT	.	_	6	punct	_	_",
"um , a girl .","1	um	_	_	_	_	4	discourse	_	_
2	,	_	_	_	_	4	case	_	_
3	a	_	_	_	_	4	det	_	_
4	girl	_	_	_	_	0	root	_	_
5	.	_	_	_	_	4	punct	_	_","1	um	_	INTJ	UH	_	4	discourse	_	_
2	,	_	PUNCT	,	_	1	punct	_	_
3	a	_	DET	DT	_	4	det	_	_
4	girl	_	NOUN	NN	_	0	root	_	_
5	.	_	PUNCT	.	_	4	punct	_	_",
"um , um a dad .","1	um	_	_	_	_	5	discourse	_	_
2	,	_	_	_	_	5	reparandum	_	_
3	um	_	_	_	_	5	discourse	_	_
4	a	_	_	_	_	5	det	_	_
5	dad	_	_	_	_	0	root	_	_
6	.	_	_	_	_	5	punct	_	_","1	um	_	INTJ	UH	_	5	discourse	_	_
2	,	_	PUNCT	,	_	1	punct	_	_
3	um	_	INTJ	UH	_	5	discourse	_	_
4	a	_	DET	DT	_	5	det	_	_
5	dad	_	NOUN	NN	_	0	root	_	_
6	.	_	PUNCT	.	_	5	punct	_	_",
she's going to sew this .,"1	she's	_	_	_	_	2	nsubj	_	_
2	going	_	_	_	_	0	root	_	_
3	to	_	_	_	_	4	mark	_	_
4	sew	_	_	_	_	2	xcomp	_	_
5	this	_	_	_	_	4	obj	_	_
6	.	_	_	_	_	2	punct	_	_","1	she	_	PRON	PRP	_	3	nsubj	_	_
2	's	_	AUX	VBZ	_	3	aux	_	_
3	going	_	VERB	VBG	_	0	root	_	_
4	to	_	PART	TO	_	5	mark	_	_
5	sew	_	VERB	VB	_	3	xcomp	_	_
6	this	_	PRON	DT	_	5	obj	_	_
7	.	_	PUNCT	.	_	3	punct	_	_",
it's an axe .,"1	it's	_	_	_	_	3	cop	_	_
2	an	_	_	_	_	3	det	_	_
3	axe	_	_	_	_	0	root	_	_
4	.	_	_	_	_	3	punct	_	_","1	it	_	PRON	PRP	_	4	nsubj	_	_
2	's	_	AUX	VBZ	_	4	cop	_	_
3	an	_	DET	DT	_	4	det	_	_
4	axe	_	NOUN	NN	_	0	root	_	_
5	.	_	PUNCT	.	_	4	punct	_	_",
a snake lying on a bed .,"1	a	_	_	_	_	2	det	_	_
2	snake	_	_	_	_	3	nsubj	_	_
3	lying	_	_	_	_	0	root	_	_
4	on	_	_	_	_	6	case	_	_
5	a	_	_	_	_	6	det	_	_
6	bed	_	_	_	_	3	obl	_	_
7	.	_	_	_	_	3	punct	_	_","1	a	_	DET	DT	_	2	det	_	_
2	snake	_	NOUN	NN	_	0	root	_	_
3	lying	_	VERB	VBG	_	2	acl	_	_
4	on	_	ADP	IN	_	6	case	_	_
5	a	_	DET	DT	_	6	det	_	_
6	bed	_	NOUN	NN	_	3	obl	_	_
7	.	_	PUNCT	.	_	2	punct	_	_",
Thomas The Tank Engine story .,"1	Thomas	_	_	_	_	5	compound	_	_
2	The	_	_	_	_	3	det	_	_
3	Tank	_	_	_	_	4	compound	_	_
4	Engine	_	_	_	_	1	flat	_	_
5	story	_	_	_	_	0	root	_	_
6	.	_	_	_	_	5	punct	_	_","1	Thomas	_	PROPN	NNP	_	5	compound	_	_
2	The	_	DET	DT	_	5	det	_	_
3	Tank	_	PROPN	NNP	_	4	compound	_	_
4	Engine	_	PROPN	NNP	_	5	compound	_	_
5	story	_	NOUN	NN	_	0	root	_	_
6	.	_	PUNCT	.	_	5	punct	_	_",
and lots and lots of trains .,"1	and	_	_	_	_	2	cc	_	_
2	lots	_	_	_	_	0	root	_	_
3	and	_	_	_	_	4	cc	_	_
4	lots	_	_	_	_	2	conj	_	_
5	of	_	_	_	_	6	case	_	_
6	trains	_	_	_	_	2	nmod	_	_
7	.	_	_	_	_	2	punct	_	_","1	and	_	CCONJ	CC	_	2	cc	_	_
2	lots	_	NOUN	NNS	_	0	root	_	_
3	and	_	CCONJ	CC	_	4	cc	_	_
4	lots	_	NOUN	NNS	_	2	conj	_	_
5	of	_	ADP	IN	_	6	case	_	_
6	trains	_	NOUN	NNS	_	4	nmod	_	_
7	.	_	PUNCT	.	_	2	punct	_	_",
no no .,"1	no	_	_	_	_	0	root	_	_
2	no	_	_	_	_	1	conj	_	_
3	.	_	_	_	_	1	punct	_	_","1	no	_	INTJ	UH	_	0	root	_	_
2	no	_	INTJ	UH	_	1	discourse	_	_
3	.	_	PUNCT	.	_	1	punct	_	_","1	No	no	INTJ	UH	_	0	root	0:root	_
2	no	no	INTJ	UH	_	1	conj	1:conj	SpaceAfter=No
3	!	!	PUNCT	!	_	1	punct	1:punct	_
"
what's this ?,"1	what's	_	_	_	_	0	root	_	_
2	this	_	_	_	_	1	nsubj	_	_
3	?	_	_	_	_	1	punct	_	_","1	what	_	PRON	WP	_	3	nsubj	_	_
2	's	_	AUX	VBZ	_	3	cop	_	_
3	this	_	PRON	DT	_	0	root	_	_
4	?	_	PUNCT	.	_	3	punct	_	_",
uh what's this ?,"1	uh	_	_	_	_	2	discourse	_	_
2	what's	_	_	_	_	0	root	_	_
3	this	_	_	_	_	2	nsubj	_	_
4	?	_	_	_	_	2	punct	_	_","1	uh	_	INTJ	UH	_	2	discourse	_	_
2	what	_	PRON	WP	_	4	nsubj	_	_
3	's	_	AUX	VBZ	_	4	cop	_	_
4	this	_	PRON	DT	_	0	root	_	_
5	?	_	PUNCT	.	_	2	punct	_	_",
what's this ?,"1	what's	_	_	_	_	0	root	_	_
2	this	_	_	_	_	1	nsubj	_	_
3	?	_	_	_	_	1	punct	_	_","1	what	_	PRON	WP	_	3	nsubj	_	_
2	's	_	AUX	VBZ	_	3	cop	_	_
3	this	_	PRON	DT	_	0	root	_	_
4	?	_	PUNCT	.	_	3	punct	_	_",
what's this ?,"1	what's	_	_	_	_	0	root	_	_
2	this	_	_	_	_	1	nsubj	_	_
3	?	_	_	_	_	1	punct	_	_","1	what	_	PRON	WP	_	3	nsubj	_	_
2	's	_	AUX	VBZ	_	3	cop	_	_
3	this	_	PRON	DT	_	0	root	_	_
4	?	_	PUNCT	.	_	3	punct	_	_",
what's this ?,"1	what's	_	_	_	_	0	root	_	_
2	this	_	_	_	_	1	nsubj	_	_
3	?	_	_	_	_	1	punct	_	_","1	what	_	PRON	WP	_	3	nsubj	_	_
2	's	_	AUX	VBZ	_	3	cop	_	_
3	this	_	PRON	DT	_	0	root	_	_
4	?	_	PUNCT	.	_	3	punct	_	_",
there's number six .,"1	there's	_	_	_	_	0	root	_	_
2	number	_	_	_	_	3	compound	_	_
3	six	_	_	_	_	1	nsubj	_	_
4	.	_	_	_	_	1	punct	_	_","1	there	_	PRON	EX	_	2	expl	_	_
2	's	_	VERB	VBZ	_	0	root	_	_
3	number	_	NOUN	NN	_	2	nsubj	_	_
4	six	_	NUM	CD	_	3	nummod	_	_
5	.	_	PUNCT	.	_	2	punct	_	_",
it's Bertie .,"1	it's	_	_	_	_	2	cop	_	_
2	Bertie	_	_	_	_	0	root	_	_
3	.	_	_	_	_	2	punct	_	_","1	it	_	PRON	PRP	_	3	nsubj	_	_
2	's	_	AUX	VBZ	_	3	cop	_	_
3	Bertie	_	PROPN	NNP	_	0	root	_	_
4	.	_	PUNCT	.	_	3	punct	_	_",
it's Toby .,"1	it's	_	_	_	_	2	nsubj	_	_
2	Toby	_	_	_	_	0	root	_	_
3	.	_	_	_	_	2	punct	_	_","1	it	_	PRON	PRP	_	3	nsubj	_	_
2	's	_	AUX	VBZ	_	3	cop	_	_
3	Toby	_	PROPN	NNP	_	0	root	_	_
4	.	_	PUNCT	.	_	3	punct	_	_",
oh yes .,"1	oh	_	_	_	_	0	root	_	_
2	yes	_	_	_	_	1	discourse	_	_
3	.	_	_	_	_	1	punct	_	_","1	oh	_	INTJ	UH	_	2	discourse	_	_
2	yes	_	INTJ	UH	_	0	root	_	_
3	.	_	PUNCT	.	_	2	punct	_	_","1	Oh	oh	INTJ	UH	_	0	root	0:root	_
2	yes	yes	INTJ	UH	_	1	discourse	1:discourse	SpaceAfter=No
3	.	.	PUNCT	.	_	1	punct	1:punct	_
"
um um a monkey .,"1	um	_	_	_	_	4	discourse	_	_
2	um	_	_	_	_	1	conj	_	_
3	a	_	_	_	_	4	det	_	_
4	monkey	_	_	_	_	0	root	_	_
5	.	_	_	_	_	4	punct	_	_","1	um	_	INTJ	UH	_	4	discourse	_	_
2	um	_	INTJ	UH	_	4	discourse	_	_
3	a	_	DET	DT	_	4	det	_	_
4	monkey	_	NOUN	NN	_	0	root	_	_
5	.	_	PUNCT	.	_	4	punct	_	_",
oh dear me .,"1	oh	_	_	_	_	3	discourse	_	_
2	dear	_	_	_	_	3	amod	_	_
3	me	_	_	_	_	0	root	_	_
4	.	_	_	_	_	3	punct	_	_","1	oh	_	INTJ	UH	_	2	discourse	_	_
2	dear	_	VERB	VB	_	0	root	_	_
3	me	_	PRON	PRP	_	2	obj	_	_
4	.	_	PUNCT	.	_	2	punct	_	_","1	Oh	oh	INTJ	UH	_	3	discourse	3:discourse	_
2	dear	dear	VERB	VB	_	3	amod	3:amod	_
3	me	I	PRON	PRP	_	0	root	0:root	SpaceAfter=No
4	.	.	PUNCT	.	_	3	punct	3:punct	_
"
a big elephant in the in the tunnel .,"1	a	_	_	_	_	3	det	_	_
2	big	_	_	_	_	3	amod	_	_
3	elephant	_	_	_	_	0	root	_	_
4	in	_	_	_	_	5	case	_	_
5	the	_	_	_	_	8	reparandum	_	_
6	in	_	_	_	_	8	case	_	_
7	the	_	_	_	_	8	det	_	_
8	tunnel	_	_	_	_	3	nmod	_	_
9	.	_	_	_	_	3	punct	_	_","1	a	_	DET	DT	_	3	det	_	_
2	big	_	ADJ	JJ	_	3	amod	_	_
3	elephant	_	NOUN	NN	_	0	root	_	_
4	in	_	ADP	IN	_	5	case	_	_
5	the	_	DET	DT	_	3	nmod	_	_
6	in	_	ADP	IN	_	8	case	_	_
7	the	_	DET	DT	_	8	det	_	_
8	tunnel	_	NOUN	NN	_	3	nmod	_	_
9	.	_	PUNCT	.	_	3	punct	_	_",
I don't know .,"1	I	_	_	_	_	3	nsubj	_	_
2	don't	_	_	_	_	3	aux	_	_
3	know	_	_	_	_	0	root	_	_
4	.	_	_	_	_	3	punct	_	_","1	I	_	PRON	PRP	_	4	nsubj	_	_
2	do	_	AUX	VBP	_	4	aux	_	_
3	n't	_	PART	RB	_	4	advmod	_	_
4	know	_	VERB	VB	_	0	root	_	_
5	.	_	PUNCT	.	_	4	punct	_	_",
I don't know .,"1	I	_	_	_	_	3	nsubj	_	_
2	don't	_	_	_	_	3	aux	_	_
3	know	_	_	_	_	0	root	_	_
4	.	_	_	_	_	3	punct	_	_","1	I	_	PRON	PRP	_	4	nsubj	_	_
2	do	_	AUX	VBP	_	4	aux	_	_
3	n't	_	PART	RB	_	4	advmod	_	_
4	know	_	VERB	VB	_	0	root	_	_
5	.	_	PUNCT	.	_	4	punct	_	_",
no no .,"1	no	_	_	_	_	0	root	_	_
2	no	_	_	_	_	1	conj	_	_
3	.	_	_	_	_	1	punct	_	_","1	no	_	INTJ	UH	_	0	root	_	_
2	no	_	INTJ	UH	_	1	discourse	_	_
3	.	_	PUNCT	.	_	1	punct	_	_","1	No	no	INTJ	UH	_	0	root	0:root	_
2	no	no	INTJ	UH	_	1	conj	1:conj	SpaceAfter=No
3	!	!	PUNCT	!	_	1	punct	1:punct	_
"
who's there ?,"1	who's	_	_	_	_	0	root	_	_
2	there	_	_	_	_	1	advmod	_	_
3	?	_	_	_	_	1	punct	_	_","1	who	_	PRON	WP	_	3	nsubj	_	_
2	's	_	AUX	VBZ	_	3	cop	_	_
3	there	_	ADV	RB	_	0	root	_	_
4	?	_	PUNCT	.	_	3	punct	_	_",
what's that ?,"1	what's	_	_	_	_	0	root	_	_
2	that	_	_	_	_	1	nsubj	_	_
3	?	_	_	_	_	1	punct	_	_","1	what	_	PRON	WP	_	0	root	_	_
2	's	_	AUX	VBZ	_	1	cop	_	_
3	that	_	PRON	DT	_	1	nsubj	_	_
4	?	_	PUNCT	.	_	1	punct	_	_",
I don't know .,"1	I	_	_	_	_	3	nsubj	_	_
2	don't	_	_	_	_	3	aux	_	_
3	know	_	_	_	_	0	root	_	_
4	.	_	_	_	_	3	punct	_	_","1	I	_	PRON	PRP	_	4	nsubj	_	_
2	do	_	AUX	VBP	_	4	aux	_	_
3	n't	_	PART	RB	_	4	advmod	_	_
4	know	_	VERB	VB	_	0	root	_	_
5	.	_	PUNCT	.	_	4	punct	_	_",
I don't know .,"1	I	_	_	_	_	3	nsubj	_	_
2	don't	_	_	_	_	3	aux	_	_
3	know	_	_	_	_	0	root	_	_
4	.	_	_	_	_	3	punct	_	_","1	I	_	PRON	PRP	_	4	nsubj	_	_
2	do	_	AUX	VBP	_	4	aux	_	_
3	n't	_	PART	RB	_	4	advmod	_	_
4	know	_	VERB	VB	_	0	root	_	_
5	.	_	PUNCT	.	_	4	punct	_	_",
I don't know .,"1	I	_	_	_	_	3	nsubj	_	_
2	don't	_	_	_	_	3	aux	_	_
3	know	_	_	_	_	0	root	_	_
4	.	_	_	_	_	3	punct	_	_","1	I	_	PRON	PRP	_	4	nsubj	_	_
2	do	_	AUX	VBP	_	4	aux	_	_
3	n't	_	PART	RB	_	4	advmod	_	_
4	know	_	VERB	VB	_	0	root	_	_
5	.	_	PUNCT	.	_	4	punct	_	_",
Thomas can't see a baby walker .,"1	Thomas	_	_	_	_	3	nsubj	_	_
2	can't	_	_	_	_	3	aux	_	_
3	see	_	_	_	_	0	root	_	_
4	a	_	_	_	_	6	det	_	_
5	baby	_	_	_	_	6	compound	_	_
6	walker	_	_	_	_	3	obj	_	_
7	.	_	_	_	_	3	punct	_	_","1	Thomas	_	PROPN	NNP	_	4	nsubj	_	_
2	ca	_	AUX	MD	_	4	aux	_	_
3	n't	_	PART	RB	_	4	advmod	_	_
4	see	_	VERB	VB	_	0	root	_	_
5	a	_	DET	DT	_	7	det	_	_
6	baby	_	NOUN	NN	_	7	compound	_	_
7	walker	_	NOUN	NN	_	4	obj	_	_
8	.	_	PUNCT	.	_	4	punct	_	_",
what what's happening ?,"1	what	_	_	_	_	2	reparandum	_	_
2	what's	_	_	_	_	3	aux	_	_
3	happening	_	_	_	_	0	root	_	_
4	?	_	_	_	_	3	punct	_	_","1	what	_	PRON	WP	_	0	root	_	_
2	what	_	PRON	WP	_	4	nsubj	_	_
3	's	_	AUX	VBZ	_	4	aux	_	_
4	happening	_	VERB	VBG	_	1	acl:relcl	_	_
5	?	_	PUNCT	.	_	1	punct	_	_",
it's my coffee .,"1	it's	_	_	_	_	3	nsubj	_	_
2	my	_	_	_	_	3	nmod:poss	_	_
3	coffee	_	_	_	_	0	root	_	_
4	.	_	_	_	_	3	punct	_	_","1	it	_	PRON	PRP	_	4	nsubj	_	_
2	's	_	AUX	VBZ	_	4	cop	_	_
3	my	_	PRON	PRP$	_	4	nmod:poss	_	_
4	coffee	_	NOUN	NN	_	0	root	_	_
5	.	_	PUNCT	.	_	4	punct	_	_",
oh yes .,"1	oh	_	_	_	_	0	root	_	_
2	yes	_	_	_	_	1	discourse	_	_
3	.	_	_	_	_	1	punct	_	_","1	oh	_	INTJ	UH	_	2	discourse	_	_
2	yes	_	INTJ	UH	_	0	root	_	_
3	.	_	PUNCT	.	_	2	punct	_	_","1	Oh	oh	INTJ	UH	_	0	root	0:root	_
2	yes	yes	INTJ	UH	_	1	discourse	1:discourse	SpaceAfter=No
3	.	.	PUNCT	.	_	1	punct	1:punct	_
"
it's more like a circle .,"1	it's	_	_	_	_	5	nsubj	_	_
2	more	_	_	_	_	5	advmod	_	_
3	like	_	_	_	_	5	case	_	_
4	a	_	_	_	_	5	det	_	_
5	circle	_	_	_	_	0	root	_	_
6	.	_	_	_	_	5	punct	_	_","1	it	_	PRON	PRP	_	6	nsubj	_	_
2	's	_	AUX	VBZ	_	6	cop	_	_
3	more	_	ADV	RBR	_	6	advmod	_	_
4	like	_	ADP	IN	_	6	case	_	_
5	a	_	DET	DT	_	6	det	_	_
6	circle	_	NOUN	NN	_	0	root	_	_
7	.	_	PUNCT	.	_	6	punct	_	_",
bye bye .,"1	bye	_	_	_	_	0	root	_	_
2	bye	_	_	_	_	1	conj	_	_
3	.	_	_	_	_	1	punct	_	_","1	bye	_	INTJ	UH	_	2	discourse	_	_
2	bye	_	NOUN	NN	_	0	root	_	_
3	.	_	PUNCT	.	_	2	punct	_	_","1-3	Bye-bye	_	_	_	_	_	_	_	SpaceAfter=No
1	Bye	bye	NOUN	NN	_	0	root	0:root	_
2	-	-	PUNCT	HYPH	_	1	punct	1:punct	_
3	bye	bye	NOUN	NN	_	1	compound	1:compound	_
4	.	.	PUNCT	.	_	1	punct	1:punct	_
"
what's this ?,"1	what's	_	_	_	_	0	root	_	_
2	this	_	_	_	_	1	nsubj	_	_
3	?	_	_	_	_	1	punct	_	_","1	what	_	PRON	WP	_	3	nsubj	_	_
2	's	_	AUX	VBZ	_	3	cop	_	_
3	this	_	PRON	DT	_	0	root	_	_
4	?	_	PUNCT	.	_	3	punct	_	_",
it's the station .,"1	it's	_	_	_	_	3	nsubj	_	_
2	the	_	_	_	_	3	det	_	_
3	station	_	_	_	_	0	root	_	_
4	.	_	_	_	_	3	punct	_	_","1	it	_	PRON	PRP	_	4	nsubj	_	_
2	's	_	AUX	VBZ	_	4	cop	_	_
3	the	_	DET	DT	_	4	det	_	_
4	station	_	NOUN	NN	_	0	root	_	_
5	.	_	PUNCT	.	_	4	punct	_	_",
it's driving off .,"1	it's	_	_	_	_	2	nsubj	_	_
2	driving	_	_	_	_	0	root	_	_
3	off	_	_	_	_	2	advmod	_	_
4	.	_	_	_	_	2	punct	_	_","1	it	_	PRON	PRP	_	3	nsubj	_	_
2	's	_	AUX	VBZ	_	3	aux	_	_
3	driving	_	VERB	VBG	_	0	root	_	_
4	off	_	ADP	RP	_	3	compound:prt	_	_
5	.	_	PUNCT	.	_	3	punct	_	_",
I wanna play something .,"1	I	_	_	_	_	2	nsubj	_	_
2	wanna	_	_	_	_	0	root	_	_
3	play	_	_	_	_	2	xcomp	_	_
4	something	_	_	_	_	3	obj	_	_
5	.	_	_	_	_	2	punct	_	_","1	I	_	PRON	PRP	_	2	nsubj	_	_
2	wan	_	VERB	VBP	_	0	root	_	_
3	na	_	PART	TO	_	4	mark	_	_
4	play	_	VERB	VB	_	2	xcomp	_	_
5	something	_	PRON	NN	_	4	obj	_	_
6	.	_	PUNCT	.	_	2	punct	_	_",
over there .,"1	over	_	_	_	_	2	case	_	_
2	there	_	_	_	_	0	root	_	_
3	.	_	_	_	_	2	punct	_	_","1	over	_	ADV	RB	_	2	advmod	_	_
2	there	_	ADV	RB	_	0	root	_	_
3	.	_	PUNCT	.	_	2	punct	_	_","1	Over	over	ADP	IN	_	2	case	2:case	_
2	there	there	ADV	RB	_	0	root	0:root	SpaceAfter=No
3	.	.	PUNCT	.	_	2	punct	2:punct	_
"
no no no .,"1	no	_	_	_	_	0	root	_	_
2	no	_	_	_	_	1	conj	_	_
3	no	_	_	_	_	1	conj	_	_
4	.	_	_	_	_	1	punct	_	_","1	no	_	INTJ	UH	_	0	root	_	_
2	no	_	INTJ	UH	_	1	discourse	_	_
3	no	_	INTJ	UH	_	1	discourse	_	_
4	.	_	PUNCT	.	_	1	punct	_	_","1	No	no	INTJ	UH	_	0	root	0:root	_
2	no	no	INTJ	UH	_	1	conj	1:conj	_
3	no	no	INTJ	UH	_	1	conj	1:conj	SpaceAfter=No
4	.	.	PUNCT	.	_	1	punct	1:punct	_
"
oh dear .,"1	oh	_	_	_	_	0	root	_	_
2	dear	_	_	_	_	1	vocative	_	_
3	.	_	_	_	_	1	punct	_	_","1	oh	_	INTJ	UH	_	2	discourse	_	_
2	dear	_	ADJ	JJ	_	0	root	_	_
3	.	_	PUNCT	.	_	2	punct	_	_","1	Oh	oh	INTJ	UH	_	0	root	0:root	_
2	dear	dear	ADJ	JJ	_	1	vocative	1:vocative	SpaceAfter=No
3	.	.	PUNCT	.	_	1	punct	1:punct	_
"
they're going now .,"1	they're	_	_	_	_	2	nsubj	_	_
2	going	_	_	_	_	0	root	_	_
3	now	_	_	_	_	2	advmod	_	_
4	.	_	_	_	_	2	punct	_	_","1	they	_	PRON	PRP	_	3	nsubj	_	_
2	're	_	AUX	VBP	_	3	aux	_	_
3	going	_	VERB	VBG	_	0	root	_	_
4	now	_	ADV	RB	_	3	advmod	_	_
5	.	_	PUNCT	.	_	3	punct	_	_",
no no no no .,"1	no	_	_	_	_	0	root	_	_
2	no	_	_	_	_	1	conj	_	_
3	no	_	_	_	_	1	conj	_	_
4	no	_	_	_	_	1	conj	_	_
5	.	_	_	_	_	1	punct	_	_","1	no	_	INTJ	UH	_	0	root	_	_
2	no	_	INTJ	UH	_	1	discourse	_	_
3	no	_	INTJ	UH	_	1	discourse	_	_
4	no	_	INTJ	UH	_	1	discourse	_	_
5	.	_	PUNCT	.	_	1	punct	_	_","1	No	no	INTJ	UH	_	0	root	0:root	_
2	no	no	INTJ	UH	_	1	conj	1:conj	_
3	no	no	INTJ	UH	_	1	conj	1:conj	_
4	no	no	INTJ	UH	_	1	conj	1:conj	SpaceAfter=No
5	.	.	PUNCT	.	_	1	punct	1:punct	_
"
no no .,"1	no	_	_	_	_	0	root	_	_
2	no	_	_	_	_	1	conj	_	_
3	.	_	_	_	_	1	punct	_	_","1	no	_	INTJ	UH	_	0	root	_	_
2	no	_	INTJ	UH	_	1	discourse	_	_
3	.	_	PUNCT	.	_	1	punct	_	_","1	No	no	INTJ	UH	_	0	root	0:root	_
2	no	no	INTJ	UH	_	1	conj	1:conj	SpaceAfter=No
3	!	!	PUNCT	!	_	1	punct	1:punct	_
"
what's this ?,"1	what's	_	_	_	_	0	root	_	_
2	this	_	_	_	_	1	nsubj	_	_
3	?	_	_	_	_	1	punct	_	_","1	what	_	PRON	WP	_	3	nsubj	_	_
2	's	_	AUX	VBZ	_	3	cop	_	_
3	this	_	PRON	DT	_	0	root	_	_
4	?	_	PUNCT	.	_	3	punct	_	_",
what's this now ?,"1	what's	_	_	_	_	0	root	_	_
2	this	_	_	_	_	1	nsubj	_	_
3	now	_	_	_	_	1	advmod	_	_
4	?	_	_	_	_	1	punct	_	_","1	what	_	PRON	WP	_	0	root	_	_
2	's	_	AUX	VBZ	_	1	cop	_	_
3	this	_	PRON	DT	_	1	nsubj	_	_
4	now	_	ADV	RB	_	1	advmod	_	_
5	?	_	PUNCT	.	_	1	punct	_	_",
what's this ?,"1	what's	_	_	_	_	0	root	_	_
2	this	_	_	_	_	1	nsubj	_	_
3	?	_	_	_	_	1	punct	_	_","1	what	_	PRON	WP	_	3	nsubj	_	_
2	's	_	AUX	VBZ	_	3	cop	_	_
3	this	_	PRON	DT	_	0	root	_	_
4	?	_	PUNCT	.	_	3	punct	_	_",
what's this ?,"1	what's	_	_	_	_	0	root	_	_
2	this	_	_	_	_	1	nsubj	_	_
3	?	_	_	_	_	1	punct	_	_","1	what	_	PRON	WP	_	3	nsubj	_	_
2	's	_	AUX	VBZ	_	3	cop	_	_
3	this	_	PRON	DT	_	0	root	_	_
4	?	_	PUNCT	.	_	3	punct	_	_",
a squirrel eating the walnut .,"1	a	_	_	_	_	2	det	_	_
2	squirrel	_	_	_	_	3	nsubj	_	_
3	eating	_	_	_	_	0	root	_	_
4	the	_	_	_	_	5	det	_	_
5	walnut	_	_	_	_	3	obj	_	_
6	.	_	_	_	_	3	punct	_	_","1	a	_	DET	DT	_	2	det	_	_
2	squirrel	_	NOUN	NN	_	0	root	_	_
3	eating	_	VERB	VBG	_	2	acl	_	_
4	the	_	DET	DT	_	5	det	_	_
5	walnut	_	NOUN	NN	_	3	obj	_	_
6	.	_	PUNCT	.	_	2	punct	_	_",
um no .,"1	um	_	_	_	_	0	root	_	_
2	no	_	_	_	_	1	discourse	_	_
3	.	_	_	_	_	1	punct	_	_","1	um	_	INTJ	UH	_	2	discourse	_	_
2	no	_	INTJ	UH	_	0	root	_	_
3	.	_	PUNCT	.	_	2	punct	_	_","1	Um	um	INTJ	UH	_	0	root	0:root	_
2	no	no	INTJ	UH	_	1	discourse	1:discourse	SpaceAfter=No
3	!	!	PUNCT	!	_	1	punct	1:punct	_
"
no no no .,"1	no	_	_	_	_	0	root	_	_
2	no	_	_	_	_	1	conj	_	_
3	no	_	_	_	_	1	conj	_	_
4	.	_	_	_	_	1	punct	_	_","1	no	_	INTJ	UH	_	0	root	_	_
2	no	_	INTJ	UH	_	1	discourse	_	_
3	no	_	INTJ	UH	_	1	discourse	_	_
4	.	_	PUNCT	.	_	1	punct	_	_","1	No	no	INTJ	UH	_	0	root	0:root	_
2	no	no	INTJ	UH	_	1	conj	1:conj	_
3	no	no	INTJ	UH	_	1	conj	1:conj	SpaceAfter=No
4	.	.	PUNCT	.	_	1	punct	1:punct	_
"
uh yes .,"1	uh	_	_	_	_	0	root	_	_
2	yes	_	_	_	_	1	discourse	_	_
3	.	_	_	_	_	1	punct	_	_","1	uh	_	INTJ	UH	_	2	discourse	_	_
2	yes	_	INTJ	UH	_	0	root	_	_
3	.	_	PUNCT	.	_	2	punct	_	_",
"Mummy , find him .","1	Mummy	_	_	_	_	3	vocative	_	_
2	,	_	_	_	_	3	aux	_	_
3	find	_	_	_	_	0	root	_	_
4	him	_	_	_	_	3	obj	_	_
5	.	_	_	_	_	3	punct	_	_","1	Mummy	_	NOUN	NN	_	3	vocative	_	_
2	,	_	PUNCT	,	_	1	punct	_	_
3	find	_	VERB	VB	_	0	root	_	_
4	him	_	PRON	PRP	_	3	obj	_	_
5	.	_	PUNCT	.	_	3	punct	_	_",
no no no .,"1	no	_	_	_	_	0	root	_	_
2	no	_	_	_	_	1	conj	_	_
3	no	_	_	_	_	1	conj	_	_
4	.	_	_	_	_	1	punct	_	_","1	no	_	INTJ	UH	_	0	root	_	_
2	no	_	INTJ	UH	_	1	discourse	_	_
3	no	_	INTJ	UH	_	1	discourse	_	_
4	.	_	PUNCT	.	_	1	punct	_	_","1	No	no	INTJ	UH	_	0	root	0:root	_
2	no	no	INTJ	UH	_	1	conj	1:conj	_
3	no	no	INTJ	UH	_	1	conj	1:conj	SpaceAfter=No
4	.	.	PUNCT	.	_	1	punct	1:punct	_
"
no no no no no .,"1	no	_	_	_	_	0	root	_	_
2	no	_	_	_	_	1	conj	_	_
3	no	_	_	_	_	1	conj	_	_
4	no	_	_	_	_	1	conj	_	_
5	no	_	_	_	_	1	conj	_	_
6	.	_	_	_	_	1	punct	_	_","1	no	_	INTJ	UH	_	0	root	_	_
2	no	_	INTJ	UH	_	1	discourse	_	_
3	no	_	INTJ	UH	_	1	discourse	_	_
4	no	_	INTJ	UH	_	1	discourse	_	_
5	no	_	INTJ	UH	_	1	discourse	_	_
6	.	_	PUNCT	.	_	1	punct	_	_","1	No	no	INTJ	UH	_	0	root	0:root	_
2	no	no	INTJ	UH	_	1	conj	1:conj	_
3	no	no	INTJ	UH	_	1	conj	1:conj	_
4	no	no	INTJ	UH	_	1	conj	1:conj	_
5	no	no	INTJ	UH	_	1	conj	1:conj	SpaceAfter=No
6	.	.	PUNCT	.	_	1	punct	1:punct	_
"
no four .,"1	no	_	_	_	_	2	discourse	_	_
2	four	_	_	_	_	0	root	_	_
3	.	_	_	_	_	2	punct	_	_","1	no	_	DET	DT	_	2	det	_	_
2	four	_	NUM	CD	_	0	root	_	_
3	.	_	PUNCT	.	_	2	punct	_	_",
no no .,"1	no	_	_	_	_	0	root	_	_
2	no	_	_	_	_	1	conj	_	_
3	.	_	_	_	_	1	punct	_	_","1	no	_	INTJ	UH	_	0	root	_	_
2	no	_	INTJ	UH	_	1	discourse	_	_
3	.	_	PUNCT	.	_	1	punct	_	_","1	No	no	INTJ	UH	_	0	root	0:root	_
2	no	no	INTJ	UH	_	1	conj	1:conj	SpaceAfter=No
3	!	!	PUNCT	!	_	1	punct	1:punct	_
"
no no .,"1	no	_	_	_	_	0	root	_	_
2	no	_	_	_	_	1	conj	_	_
3	.	_	_	_	_	1	punct	_	_","1	no	_	INTJ	UH	_	0	root	_	_
2	no	_	INTJ	UH	_	1	discourse	_	_
3	.	_	PUNCT	.	_	1	punct	_	_","1	No	no	INTJ	UH	_	0	root	0:root	_
2	no	no	INTJ	UH	_	1	conj	1:conj	SpaceAfter=No
3	!	!	PUNCT	!	_	1	punct	1:punct	_
"
no no .,"1	no	_	_	_	_	0	root	_	_
2	no	_	_	_	_	1	conj	_	_
3	.	_	_	_	_	1	punct	_	_","1	no	_	INTJ	UH	_	0	root	_	_
2	no	_	INTJ	UH	_	1	discourse	_	_
3	.	_	PUNCT	.	_	1	punct	_	_","1	No	no	INTJ	UH	_	0	root	0:root	_
2	no	no	INTJ	UH	_	1	conj	1:conj	SpaceAfter=No
3	!	!	PUNCT	!	_	1	punct	1:punct	_
"
where's Daddy ?,"1	where's	_	_	_	_	0	root	_	_
2	Daddy	_	_	_	_	1	nsubj	_	_
3	?	_	_	_	_	1	punct	_	_","1	where	_	ADV	WRB	_	0	root	_	_
2	's	_	AUX	VBZ	_	1	cop	_	_
3	Daddy	_	PROPN	NNP	_	1	nsubj	_	_
4	?	_	PUNCT	.	_	1	punct	_	_",
"Daddy , a firework .","1	Daddy	_	_	_	_	4	vocative	_	_
2	,	_	_	_	_	4	case	_	_
3	a	_	_	_	_	4	det	_	_
4	firework	_	_	_	_	0	root	_	_
5	.	_	_	_	_	4	punct	_	_","1	Daddy	_	PROPN	NNP	_	0	root	_	_
2	,	_	PUNCT	,	_	4	punct	_	_
3	a	_	DET	DT	_	4	det	_	_
4	firework	_	NOUN	NN	_	1	appos	_	_
5	.	_	PUNCT	.	_	1	punct	_	_",
yes yes .,"1	yes	_	_	_	_	0	root	_	_
2	yes	_	_	_	_	1	conj	_	_
3	.	_	_	_	_	1	punct	_	_","1	yes	_	INTJ	UH	_	2	discourse	_	_
2	yes	_	INTJ	UH	_	0	root	_	_
3	.	_	PUNCT	.	_	2	punct	_	_","1	Yes	yes	INTJ	UH	_	0	root	0:root	_
2	yes	yes	INTJ	UH	_	1	conj	1:conj	SpaceAfter=No
3	.	.	PUNCT	.	_	1	punct	1:punct	_
"
there's a firework .,"1	there's	_	_	_	_	0	root	_	_
2	a	_	_	_	_	3	det	_	_
3	firework	_	_	_	_	1	nsubj	_	_
4	.	_	_	_	_	1	punct	_	_","1	there	_	PRON	EX	_	2	expl	_	_
2	's	_	VERB	VBZ	_	0	root	_	_
3	a	_	DET	DT	_	4	det	_	_
4	firework	_	NOUN	NN	_	2	nsubj	_	_
5	.	_	PUNCT	.	_	2	punct	_	_",
oh no no no .,"1	oh	_	_	_	_	0	root	_	_
2	no	_	_	_	_	1	discourse	_	_
3	no	_	_	_	_	2	conj	_	_
4	no	_	_	_	_	2	conj	_	_
5	.	_	_	_	_	1	punct	_	_","1	oh	_	INTJ	UH	_	2	discourse	_	_
2	no	_	INTJ	UH	_	0	root	_	_
3	no	_	INTJ	UH	_	2	discourse	_	_
4	no	_	INTJ	UH	_	2	discourse	_	_
5	.	_	PUNCT	.	_	2	punct	_	_","1	Oh	oh	INTJ	UH	_	0	root	0:root	_
2	no	no	INTJ	UH	_	1	discourse	1:discourse	_
3	no	no	INTJ	UH	_	2	conj	1:discourse|2:conj	_
4	no	no	INTJ	UH	_	2	conj	1:discourse|2:conj	SpaceAfter=No
5	.	.	PUNCT	.	_	1	punct	1:punct	_
"
um it's frightened .,"1	um	_	_	_	_	3	discourse	_	_
2	it's	_	_	_	_	3	nsubj	_	_
3	frightened	_	_	_	_	0	root	_	_
4	.	_	_	_	_	3	punct	_	_","1	um	_	INTJ	UH	_	4	discourse	_	_
2	it	_	PRON	PRP	_	4	nsubj	_	_
3	's	_	AUX	VBZ	_	4	cop	_	_
4	frightened	_	ADJ	JJ	_	0	root	_	_
5	.	_	PUNCT	.	_	4	punct	_	_",
oh oh .,"1	oh	_	_	_	_	0	root	_	_
2	oh	_	_	_	_	1	conj	_	_
3	.	_	_	_	_	1	punct	_	_","1	oh	_	INTJ	UH	_	0	root	_	_
2	oh	_	INTJ	UH	_	1	discourse	_	_
3	.	_	PUNCT	.	_	1	punct	_	_","1	Oh	oh	INTJ	UH	_	0	root	0:root	_
2	oh	oh	INTJ	UH	_	1	conj	1:conj	SpaceAfter=No
3	!	!	PUNCT	!	_	1	punct	1:punct	_
"
um um .,"1	um	_	_	_	_	0	root	_	_
2	um	_	_	_	_	1	conj	_	_
3	.	_	_	_	_	1	punct	_	_","1	um	_	INTJ	UH	_	0	root	_	_
2	um	_	INTJ	UH	_	1	discourse	_	_
3	.	_	PUNCT	.	_	1	punct	_	_",
it's actually red .,"1	it's	_	_	_	_	3	nsubj	_	_
2	actually	_	_	_	_	3	advmod	_	_
3	red	_	_	_	_	0	root	_	_
4	.	_	_	_	_	3	punct	_	_","1	it	_	PRON	PRP	_	4	nsubj	_	_
2	's	_	AUX	VBZ	_	4	cop	_	_
3	actually	_	ADV	RB	_	4	advmod	_	_
4	red	_	ADJ	JJ	_	0	root	_	_
5	.	_	PUNCT	.	_	4	punct	_	_",
no no .,"1	no	_	_	_	_	0	root	_	_
2	no	_	_	_	_	1	conj	_	_
3	.	_	_	_	_	1	punct	_	_","1	no	_	INTJ	UH	_	0	root	_	_
2	no	_	INTJ	UH	_	1	discourse	_	_
3	.	_	PUNCT	.	_	1	punct	_	_","1	No	no	INTJ	UH	_	0	root	0:root	_
2	no	no	INTJ	UH	_	1	conj	1:conj	SpaceAfter=No
3	!	!	PUNCT	!	_	1	punct	1:punct	_
"
um it's too heavy for me .,"1	um	_	_	_	_	4	discourse	_	_
2	it's	_	_	_	_	4	nsubj	_	_
3	too	_	_	_	_	4	advmod	_	_
4	heavy	_	_	_	_	0	root	_	_
5	for	_	_	_	_	6	case	_	_
6	me	_	_	_	_	4	obl	_	_
7	.	_	_	_	_	4	punct	_	_","1	um	_	INTJ	UH	_	5	discourse	_	_
2	it	_	PRON	PRP	_	5	nsubj	_	_
3	's	_	AUX	VBZ	_	5	cop	_	_
4	too	_	ADV	RB	_	5	advmod	_	_
5	heavy	_	ADJ	JJ	_	0	root	_	_
6	for	_	ADP	IN	_	7	case	_	_
7	me	_	PRON	PRP	_	5	obl	_	_
8	.	_	PUNCT	.	_	5	punct	_	_",
Thomas The Tank Engine .,"1	Thomas	_	_	_	_	4	compound	_	_
2	The	_	_	_	_	4	det	_	_
3	Tank	_	_	_	_	4	compound	_	_
4	Engine	_	_	_	_	0	root	_	_
5	.	_	_	_	_	4	punct	_	_","1	Thomas	_	PROPN	NNP	_	0	root	_	_
2	The	_	DET	DT	_	4	det	_	_
3	Tank	_	PROPN	NNP	_	4	compound	_	_
4	Engine	_	PROPN	NNP	_	1	appos	_	_
5	.	_	PUNCT	.	_	1	punct	_	_",
um no .,"1	um	_	_	_	_	0	root	_	_
2	no	_	_	_	_	1	discourse	_	_
3	.	_	_	_	_	1	punct	_	_","1	um	_	INTJ	UH	_	2	discourse	_	_
2	no	_	INTJ	UH	_	0	root	_	_
3	.	_	PUNCT	.	_	2	punct	_	_","1	Um	um	INTJ	UH	_	0	root	0:root	_
2	no	no	INTJ	UH	_	1	discourse	1:discourse	SpaceAfter=No
3	!	!	PUNCT	!	_	1	punct	1:punct	_
"
all right .,"1	all	_	_	_	_	0	root	_	_
2	right	_	_	_	_	1	discourse	_	_
3	.	_	_	_	_	1	punct	_	_","1	all	_	DET	DT	_	2	nsubj	_	_
2	right	_	ADJ	JJ	_	0	root	_	_
3	.	_	PUNCT	.	_	2	punct	_	_","1	All	all	DET	DT	_	2	advmod	2:advmod	_
2	right	right	ADV	RB	_	0	root	0:root	SpaceAfter=No
3	.	.	PUNCT	.	_	2	punct	2:punct	_
"
fall down .,"1	fall	_	_	_	_	0	root	_	_
2	down	_	_	_	_	1	advmod	_	_
3	.	_	_	_	_	1	punct	_	_","1	fall	_	VERB	VB	_	0	root	_	_
2	down	_	ADP	RP	_	1	compound:prt	_	_
3	.	_	PUNCT	.	_	1	punct	_	_","1	Fall	fall	VERB	VB	_	0	root	0:root	_
2	down	down	ADP	RP	_	1	compound:prt	1:compound:prt	SpaceAfter=No
3	.	.	PUNCT	.	_	1	punct	1:punct	_
"
they're all at the park .,"1	they're	_	_	_	_	5	nsubj	_	_
2	all	_	_	_	_	5	advmod	_	_
3	at	_	_	_	_	5	case	_	_
4	the	_	_	_	_	5	det	_	_
5	park	_	_	_	_	0	root	_	_
6	.	_	_	_	_	5	punct	_	_","1	they	_	PRON	PRP	_	6	nsubj	_	_
2	're	_	AUX	VBP	_	6	cop	_	_
3	all	_	ADV	RB	_	6	advmod	_	_
4	at	_	ADP	IN	_	6	case	_	_
5	the	_	DET	DT	_	6	det	_	_
6	park	_	NOUN	NN	_	0	root	_	_
7	.	_	PUNCT	.	_	6	punct	_	_",
oh no .,"1	oh	_	_	_	_	0	root	_	_
2	no	_	_	_	_	1	discourse	_	_
3	.	_	_	_	_	1	punct	_	_","1	oh	_	INTJ	UH	_	2	discourse	_	_
2	no	_	INTJ	UH	_	0	root	_	_
3	.	_	PUNCT	.	_	2	punct	_	_","1	Oh	oh	INTJ	UH	_	0	root	0:root	_
2	no	no	INTJ	UH	_	1	discourse	1:discourse	SpaceAfter=No
3	.	.	PUNCT	.	_	1	punct	1:punct	_
"
oh no no no no .,"1	oh	_	_	_	_	0	root	_	_
2	no	_	_	_	_	1	discourse	_	_
3	no	_	_	_	_	2	conj	_	_
4	no	_	_	_	_	2	conj	_	_
5	no	_	_	_	_	2	conj	_	_
6	.	_	_	_	_	1	punct	_	_","1	oh	_	INTJ	UH	_	2	discourse	_	_
2	no	_	INTJ	UH	_	0	root	_	_
3	no	_	INTJ	UH	_	2	discourse	_	_
4	no	_	INTJ	UH	_	2	discourse	_	_
5	no	_	INTJ	UH	_	2	discourse	_	_
6	.	_	PUNCT	.	_	2	punct	_	_","1	Oh	oh	INTJ	UH	_	0	root	0:root	_
2	no	no	INTJ	UH	_	1	conj	1:conj	_
3	no	no	INTJ	UH	_	2	conj	1:conj|2:conj	_
4	no	no	INTJ	UH	_	2	conj	1:conj|2:conj	_
5	no	no	INTJ	UH	_	2	conj	1:conj|2:conj	SpaceAfter=No
6	.	.	PUNCT	.	_	1	punct	1:punct	_
"
oh no .,"1	oh	_	_	_	_	0	root	_	_
2	no	_	_	_	_	1	discourse	_	_
3	.	_	_	_	_	1	punct	_	_","1	oh	_	INTJ	UH	_	2	discourse	_	_
2	no	_	INTJ	UH	_	0	root	_	_
3	.	_	PUNCT	.	_	2	punct	_	_","1	Oh	oh	INTJ	UH	_	0	root	0:root	_
2	no	no	INTJ	UH	_	1	discourse	1:discourse	SpaceAfter=No
3	.	.	PUNCT	.	_	1	punct	1:punct	_
"
no no .,"1	no	_	_	_	_	0	root	_	_
2	no	_	_	_	_	1	conj	_	_
3	.	_	_	_	_	1	punct	_	_","1	no	_	INTJ	UH	_	0	root	_	_
2	no	_	INTJ	UH	_	1	discourse	_	_
3	.	_	PUNCT	.	_	1	punct	_	_","1	No	no	INTJ	UH	_	0	root	0:root	_
2	no	no	INTJ	UH	_	1	conj	1:conj	SpaceAfter=No
3	!	!	PUNCT	!	_	1	punct	1:punct	_
"
oh dear .,"1	oh	_	_	_	_	0	root	_	_
2	dear	_	_	_	_	1	vocative	_	_
3	.	_	_	_	_	1	punct	_	_","1	oh	_	INTJ	UH	_	2	discourse	_	_
2	dear	_	ADJ	JJ	_	0	root	_	_
3	.	_	PUNCT	.	_	2	punct	_	_","1	Oh	oh	INTJ	UH	_	0	root	0:root	_
2	dear	dear	ADJ	JJ	_	1	vocative	1:vocative	SpaceAfter=No
3	.	.	PUNCT	.	_	1	punct	1:punct	_
"
oh dear .,"1	oh	_	_	_	_	0	root	_	_
2	dear	_	_	_	_	1	vocative	_	_
3	.	_	_	_	_	1	punct	_	_","1	oh	_	INTJ	UH	_	2	discourse	_	_
2	dear	_	ADJ	JJ	_	0	root	_	_
3	.	_	PUNCT	.	_	2	punct	_	_","1	Oh	oh	INTJ	UH	_	0	root	0:root	_
2	dear	dear	ADJ	JJ	_	1	vocative	1:vocative	SpaceAfter=No
3	.	.	PUNCT	.	_	1	punct	1:punct	_
"
"thank you , horse .","1	thank	_	_	_	_	0	root	_	_
2	you	_	_	_	_	1	obj	_	_
3	,	_	_	_	_	4	case	_	_
4	horse	_	_	_	_	1	vocative	_	_
5	.	_	_	_	_	1	punct	_	_","1	thank	_	VERB	VBP	_	0	root	_	_
2	you	_	PRON	PRP	_	1	obj	_	_
3	,	_	PUNCT	,	_	4	punct	_	_
4	horse	_	NOUN	NN	_	1	vocative	_	_
5	.	_	PUNCT	.	_	1	punct	_	_","1	Thank	thank	VERB	VBP	_	0	root	0:root	_
2	you	you	PRON	PRP	_	1	obj	1:obj	_
3	horse	horse	NOUN	NN	_	1	vocative	1:vocative	SpaceAfter=No
4	.	.	PUNCT	.	_	1	punct	1:punct	_
"
no no thanks .,"1	no	_	_	_	_	2	reparandum	_	_
2	no	_	_	_	_	3	det	_	_
3	thanks	_	_	_	_	0	root	_	_
4	.	_	_	_	_	3	punct	_	_","1	no	_	DET	DT	_	3	det	_	_
2	no	_	DET	DT	_	3	det	_	_
3	thanks	_	NOUN	NN	_	0	root	_	_
4	.	_	PUNCT	.	_	3	punct	_	_","1	No	no	DET	DT	_	3	discourse	3:discourse	_
2	no	no	DET	DT	_	1	conj	1:conj|3:discourse	_
3	thanks	thanks	NOUN	NN	_	0	root	0:root	SpaceAfter=No
4	.	.	PUNCT	.	_	3	punct	3:punct	_
"
what's this now ?,"1	what's	_	_	_	_	0	root	_	_
2	this	_	_	_	_	1	nsubj	_	_
3	now	_	_	_	_	1	advmod	_	_
4	?	_	_	_	_	1	punct	_	_","1	what	_	PRON	WP	_	0	root	_	_
2	's	_	AUX	VBZ	_	1	cop	_	_
3	this	_	PRON	DT	_	1	nsubj	_	_
4	now	_	ADV	RB	_	1	advmod	_	_
5	?	_	PUNCT	.	_	1	punct	_	_",
what's this ?,"1	what's	_	_	_	_	0	root	_	_
2	this	_	_	_	_	1	nsubj	_	_
3	?	_	_	_	_	1	punct	_	_","1	what	_	PRON	WP	_	3	nsubj	_	_
2	's	_	AUX	VBZ	_	3	cop	_	_
3	this	_	PRON	DT	_	0	root	_	_
4	?	_	PUNCT	.	_	3	punct	_	_",
it's cold .,"1	it's	_	_	_	_	2	nsubj	_	_
2	cold	_	_	_	_	0	root	_	_
3	.	_	_	_	_	2	punct	_	_","1	it	_	PRON	PRP	_	3	nsubj	_	_
2	's	_	AUX	VBZ	_	3	cop	_	_
3	cold	_	ADJ	JJ	_	0	root	_	_
4	.	_	PUNCT	.	_	3	punct	_	_",
"get out , driver .","1	get	_	_	_	_	0	root	_	_
2	out	_	_	_	_	1	compound:prt	_	_
3	,	_	_	_	_	1	punct	_	_
4	driver	_	_	_	_	1	vocative	_	_
5	.	_	_	_	_	1	punct	_	_","1	get	_	VERB	VB	_	0	root	_	_
2	out	_	ADP	RP	_	1	compound:prt	_	_
3	,	_	PUNCT	,	_	4	punct	_	_
4	driver	_	NOUN	NN	_	1	vocative	_	_
5	.	_	PUNCT	.	_	1	punct	_	_","1	Get	get	VERB	VB	_	0	root	0:root	_
2	out	out	ADP	RP	_	1	compound:prt	1:compound:prt	_
3	driver	driver	NOUN	NN	_	1	obj	1:obj	SpaceAfter=No
4	.	.	PUNCT	.	_	1	punct	1:punct	_
"
"bye bye , horse .","1	bye	_	_	_	_	4	discourse	_	_
2	bye	_	_	_	_	1	compound	_	_
3	,	_	_	_	_	4	case	_	_
4	horse	_	_	_	_	0	root	_	_
5	.	_	_	_	_	4	punct	_	_","1	bye	_	INTJ	UH	_	2	discourse	_	_
2	bye	_	NOUN	NN	_	0	root	_	_
3	,	_	PUNCT	,	_	4	punct	_	_
4	horse	_	NOUN	NN	_	2	vocative	_	_
5	.	_	PUNCT	.	_	2	punct	_	_","1	Bye	bye	NOUN	NN	_	0	root	0:root	_
2	bye	bye	NOUN	NN	_	1	conj	1:conj	_
3	horse	horse	NOUN	NN	_	1	vocative	1:vocative	SpaceAfter=No
4	.	.	PUNCT	.	_	1	punct	1:punct	_
"
twelve o'clock .,"1	twelve	_	_	_	_	2	nummod	_	_
2	o'clock	_	_	_	_	0	root	_	_
3	.	_	_	_	_	2	punct	_	_","1	twelve	_	NUM	CD	_	0	root	_	_
2	o'clock	_	NOUN	NN	_	1	nmod:unmarked	_	_
3	.	_	PUNCT	.	_	1	punct	_	_","1	Twelve	twelve	NUM	CD	_	2	nummod	2:nummod	_
2	o'clock	o'clock	NOUN	NNS	_	0	root	0:root	SpaceAfter=No
3	.	.	PUNCT	.	_	2	punct	2:punct	_
"
"look , Mummy .","1	look	_	_	_	_	0	root	_	_
2	,	_	_	_	_	1	vocative	_	_
3	Mummy	_	_	_	_	1	vocative	_	_
4	.	_	_	_	_	1	punct	_	_","1	look	_	VERB	VB	_	0	root	_	_
2	,	_	PUNCT	,	_	3	punct	_	_
3	Mummy	_	PROPN	NNP	_	1	vocative	_	_
4	.	_	PUNCT	.	_	1	punct	_	_","1	Look	look	VERB	VB	_	0	root	0:root	_
2	Mummy	Mummy	PROPN	NNP	_	1	vocative	1:vocative	SpaceAfter=No
3	.	.	PUNCT	.	_	1	punct	1:punct	_
"
"look , Mummy .","1	look	_	_	_	_	0	root	_	_
2	,	_	_	_	_	1	vocative	_	_
3	Mummy	_	_	_	_	1	vocative	_	_
4	.	_	_	_	_	1	punct	_	_","1	look	_	VERB	VB	_	0	root	_	_
2	,	_	PUNCT	,	_	3	punct	_	_
3	Mummy	_	PROPN	NNP	_	1	vocative	_	_
4	.	_	PUNCT	.	_	1	punct	_	_","1	Look	look	VERB	VB	_	0	root	0:root	_
2	Mummy	Mummy	PROPN	NNP	_	1	vocative	1:vocative	SpaceAfter=No
3	.	.	PUNCT	.	_	1	punct	1:punct	_
"
that's better .,"1	that's	_	_	_	_	2	nsubj	_	_
2	better	_	_	_	_	0	root	_	_
3	.	_	_	_	_	2	punct	_	_","1	that	_	PRON	DT	_	3	nsubj	_	_
2	's	_	AUX	VBZ	_	3	cop	_	_
3	better	_	ADJ	JJR	_	0	root	_	_
4	.	_	PUNCT	.	_	3	punct	_	_",
oh dear .,"1	oh	_	_	_	_	0	root	_	_
2	dear	_	_	_	_	1	vocative	_	_
3	.	_	_	_	_	1	punct	_	_","1	oh	_	INTJ	UH	_	2	discourse	_	_
2	dear	_	ADJ	JJ	_	0	root	_	_
3	.	_	PUNCT	.	_	2	punct	_	_","1	Oh	oh	INTJ	UH	_	0	root	0:root	_
2	dear	dear	ADJ	JJ	_	1	vocative	1:vocative	SpaceAfter=No
3	.	.	PUNCT	.	_	1	punct	1:punct	_
"
let me take it out of there .,"1	let	_	_	_	_	0	root	_	_
2	me	_	_	_	_	1	obj	_	_
3	take	_	_	_	_	1	xcomp	_	_
4	it	_	_	_	_	3	obj	_	_
5	out	_	_	_	_	7	case	_	_
6	of	_	_	_	_	5	fixed	_	_
7	there	_	_	_	_	3	obl	_	_
8	.	_	_	_	_	1	punct	_	_","1	let	_	VERB	VB	_	0	root	_	_
2	me	_	PRON	PRP	_	1	obj	_	_
3	take	_	VERB	VB	_	1	xcomp	_	_
4	it	_	PRON	PRP	_	3	obj	_	_
5	out	_	ADP	IN	_	7	case	_	_
6	of	_	ADP	IN	_	7	case	_	_
7	there	_	ADV	RB	_	3	obl	_	_
8	.	_	PUNCT	.	_	1	punct	_	_",
and who's in there ?,"1	and	_	_	_	_	4	cc	_	_
2	who's	_	_	_	_	4	nsubj	_	_
3	in	_	_	_	_	4	case	_	_
4	there	_	_	_	_	0	root	_	_
5	?	_	_	_	_	4	punct	_	_","1	and	_	CCONJ	CC	_	5	cc	_	_
2	who	_	PRON	WP	_	5	nsubj	_	_
3	's	_	AUX	VBZ	_	5	cop	_	_
4	in	_	ADP	IN	_	5	case	_	_
5	there	_	ADV	RB	_	0	root	_	_
6	?	_	PUNCT	.	_	5	punct	_	_",
that's another little baby .,"1	that's	_	_	_	_	4	nsubj	_	_
2	another	_	_	_	_	4	det	_	_
3	little	_	_	_	_	4	amod	_	_
4	baby	_	_	_	_	0	root	_	_
5	.	_	_	_	_	4	punct	_	_","1	that	_	PRON	DT	_	5	nsubj	_	_
2	's	_	AUX	VBZ	_	5	cop	_	_
3	another	_	DET	DT	_	5	det	_	_
4	little	_	ADJ	JJ	_	5	amod	_	_
5	baby	_	NOUN	NN	_	0	root	_	_
6	.	_	PUNCT	.	_	5	punct	_	_",
he wants to come out of his crib .,"1	he	_	_	_	_	2	nsubj	_	_
2	wants	_	_	_	_	0	root	_	_
3	to	_	_	_	_	4	mark	_	_
4	come	_	_	_	_	2	xcomp	_	_
5	out	_	_	_	_	8	case	_	_
6	of	_	_	_	_	8	case	_	_
7	his	_	_	_	_	8	nmod:poss	_	_
8	crib	_	_	_	_	4	obl	_	_
9	.	_	_	_	_	2	punct	_	_","1	he	_	PRON	PRP	_	2	nsubj	_	_
2	wants	_	VERB	VBZ	_	0	root	_	_
3	to	_	PART	TO	_	4	mark	_	_
4	come	_	VERB	VB	_	2	xcomp	_	_
5	out	_	ADP	IN	_	8	case	_	_
6	of	_	ADP	IN	_	5	fixed	_	_
7	his	_	PRON	PRP$	_	8	nmod:poss	_	_
8	crib	_	NOUN	NN	_	4	obl	_	_
9	.	_	PUNCT	.	_	2	punct	_	_",
where's the mother to push him ?,"1	where's	_	_	_	_	0	root	_	_
2	the	_	_	_	_	3	det	_	_
3	mother	_	_	_	_	1	nsubj	_	_
4	to	_	_	_	_	5	mark	_	_
5	push	_	_	_	_	3	acl	_	_
6	him	_	_	_	_	5	obj	_	_
7	?	_	_	_	_	1	punct	_	_","1	where	_	ADV	WRB	_	0	root	_	_
2	's	_	AUX	VBZ	_	1	cop	_	_
3	the	_	DET	DT	_	4	det	_	_
4	mother	_	NOUN	NN	_	1	nsubj	_	_
5	to	_	PART	TO	_	6	mark	_	_
6	push	_	VERB	VB	_	1	acl	_	_
7	him	_	PRON	PRP	_	6	obj	_	_
8	?	_	PUNCT	.	_	1	punct	_	_",
nope I won't .,"1	nope	_	_	_	_	3	discourse	_	_
2	I	_	_	_	_	3	nsubj	_	_
3	won't	_	_	_	_	0	root	_	_
4	.	_	_	_	_	3	punct	_	_","1	nope	_	INTJ	UH	_	3	discourse	_	_
2	I	_	PRON	PRP	_	3	nsubj	_	_
3	wo	_	AUX	MD	_	0	root	_	_
4	n't	_	PART	RB	_	3	advmod	_	_
5	.	_	PUNCT	.	_	3	punct	_	_",
them both of them are going to go there .,"1	them	_	_	_	_	2	reparandum	_	_
2	both	_	_	_	_	6	nsubj	_	_
3	of	_	_	_	_	4	case	_	_
4	them	_	_	_	_	2	nmod	_	_
5	are	_	_	_	_	6	aux	_	_
6	going	_	_	_	_	0	root	_	_
7	to	_	_	_	_	8	mark	_	_
8	go	_	_	_	_	6	xcomp	_	_
9	there	_	_	_	_	8	advmod	_	_
10	.	_	_	_	_	6	punct	_	_","1	them	_	PRON	PRP	_	6	nsubj	_	_
2	both	_	DET	DT	_	6	nsubj	_	_
3	of	_	ADP	IN	_	4	case	_	_
4	them	_	PRON	PRP	_	2	nmod	_	_
5	are	_	AUX	VBP	_	6	aux	_	_
6	going	_	VERB	VBG	_	0	root	_	_
7	to	_	PART	TO	_	8	mark	_	_
8	go	_	VERB	VB	_	6	xcomp	_	_
9	there	_	ADV	RB	_	8	advmod	_	_
10	.	_	PUNCT	.	_	6	punct	_	_",
this baby's going to share the carriage .,"1	this	_	_	_	_	2	det	_	_
2	baby's	_	_	_	_	3	nsubj	_	_
3	going	_	_	_	_	0	root	_	_
4	to	_	_	_	_	5	mark	_	_
5	share	_	_	_	_	3	xcomp	_	_
6	the	_	_	_	_	7	det	_	_
7	carriage	_	_	_	_	5	obj	_	_
8	.	_	_	_	_	3	punct	_	_","1	this	_	DET	DT	_	2	det	_	_
2	baby	_	NOUN	NN	_	4	nsubj	_	_
3	's	_	AUX	VBZ	_	4	aux	_	_
4	going	_	VERB	VBG	_	0	root	_	_
5	to	_	PART	TO	_	6	mark	_	_
6	share	_	VERB	VB	_	4	xcomp	_	_
7	the	_	DET	DT	_	8	det	_	_
8	carriage	_	NOUN	NN	_	6	obj	_	_
9	.	_	PUNCT	.	_	4	punct	_	_",
he's going to go in the carriage .,"1	he's	_	_	_	_	2	nsubj	_	_
2	going	_	_	_	_	0	root	_	_
3	to	_	_	_	_	4	mark	_	_
4	go	_	_	_	_	2	xcomp	_	_
5	in	_	_	_	_	7	case	_	_
6	the	_	_	_	_	7	det	_	_
7	carriage	_	_	_	_	4	obl	_	_
8	.	_	_	_	_	2	punct	_	_","1	he	_	PRON	PRP	_	3	nsubj	_	_
2	's	_	AUX	VBZ	_	3	aux	_	_
3	going	_	VERB	VBG	_	0	root	_	_
4	to	_	PART	TO	_	5	mark	_	_
5	go	_	VERB	VB	_	3	xcomp	_	_
6	in	_	ADP	IN	_	8	case	_	_
7	the	_	DET	DT	_	8	det	_	_
8	carriage	_	NOUN	NN	_	5	obl	_	_
9	.	_	PUNCT	.	_	3	punct	_	_",
I'm going to be the mother .,"1	I'm	_	_	_	_	2	nsubj	_	_
2	going	_	_	_	_	0	root	_	_
3	to	_	_	_	_	6	mark	_	_
4	be	_	_	_	_	6	cop	_	_
5	the	_	_	_	_	6	det	_	_
6	mother	_	_	_	_	2	xcomp	_	_
7	.	_	_	_	_	2	punct	_	_","1	I	_	PRON	PRP	_	3	nsubj	_	_
2	'm	_	AUX	VBP	_	3	aux	_	_
3	going	_	VERB	VBG	_	0	root	_	_
4	to	_	PART	TO	_	7	mark	_	_
5	be	_	AUX	VB	_	7	cop	_	_
6	the	_	DET	DT	_	7	det	_	_
7	mother	_	NOUN	NN	_	3	xcomp	_	_
8	.	_	PUNCT	.	_	3	punct	_	_",
to to the zoo .,"1	to	_	_	_	_	2	reparandum	_	_
2	to	_	_	_	_	4	case	_	_
3	the	_	_	_	_	4	det	_	_
4	zoo	_	_	_	_	0	root	_	_
5	.	_	_	_	_	4	punct	_	_","1	to	_	ADP	IN	_	4	case	_	_
2	to	_	ADP	IN	_	4	case	_	_
3	the	_	DET	DT	_	4	det	_	_
4	zoo	_	NOUN	NN	_	0	root	_	_
5	.	_	PUNCT	.	_	4	punct	_	_",
we're going to the park .,"1	we're	_	_	_	_	2	nsubj	_	_
2	going	_	_	_	_	0	root	_	_
3	to	_	_	_	_	5	case	_	_
4	the	_	_	_	_	5	det	_	_
5	park	_	_	_	_	2	obl	_	_
6	.	_	_	_	_	2	punct	_	_","1	we	_	PRON	PRP	_	3	nsubj	_	_
2	're	_	AUX	VBP	_	3	aux	_	_
3	going	_	VERB	VBG	_	0	root	_	_
4	to	_	ADP	IN	_	6	case	_	_
5	the	_	DET	DT	_	6	det	_	_
6	park	_	NOUN	NN	_	3	obl	_	_
7	.	_	PUNCT	.	_	3	punct	_	_",
they're eating the food .,"1	they're	_	_	_	_	2	nsubj	_	_
2	eating	_	_	_	_	0	root	_	_
3	the	_	_	_	_	4	det	_	_
4	food	_	_	_	_	2	obj	_	_
5	.	_	_	_	_	2	punct	_	_","1	they	_	PRON	PRP	_	3	nsubj	_	_
2	're	_	AUX	VBP	_	3	aux	_	_
3	eating	_	VERB	VBG	_	0	root	_	_
4	the	_	DET	DT	_	5	det	_	_
5	food	_	NOUN	NN	_	3	obj	_	_
6	.	_	PUNCT	.	_	3	punct	_	_",
then they're going to swim with me .,"1	then	_	_	_	_	3	advmod	_	_
2	they're	_	_	_	_	3	nsubj	_	_
3	going	_	_	_	_	0	root	_	_
4	to	_	_	_	_	5	mark	_	_
5	swim	_	_	_	_	3	xcomp	_	_
6	with	_	_	_	_	7	case	_	_
7	me	_	_	_	_	5	obl	_	_
8	.	_	_	_	_	3	punct	_	_","1	then	_	ADV	RB	_	4	advmod	_	_
2	they	_	PRON	PRP	_	4	nsubj	_	_
3	're	_	AUX	VBP	_	4	aux	_	_
4	going	_	VERB	VBG	_	0	root	_	_
5	to	_	PART	TO	_	6	mark	_	_
6	swim	_	VERB	VB	_	4	xcomp	_	_
7	with	_	ADP	IN	_	8	case	_	_
8	me	_	PRON	PRP	_	6	obl	_	_
9	.	_	PUNCT	.	_	4	punct	_	_",
they're going to swim with me .,"1	they're	_	_	_	_	2	nsubj	_	_
2	going	_	_	_	_	0	root	_	_
3	to	_	_	_	_	4	mark	_	_
4	swim	_	_	_	_	2	xcomp	_	_
5	with	_	_	_	_	6	case	_	_
6	me	_	_	_	_	4	obl	_	_
7	.	_	_	_	_	2	punct	_	_","1	they	_	PRON	PRP	_	3	nsubj	_	_
2	're	_	AUX	VBP	_	3	aux	_	_
3	going	_	VERB	VBG	_	0	root	_	_
4	to	_	PART	TO	_	5	mark	_	_
5	swim	_	VERB	VB	_	3	xcomp	_	_
6	with	_	ADP	IN	_	7	case	_	_
7	me	_	PRON	PRP	_	5	obl	_	_
8	.	_	PUNCT	.	_	3	punct	_	_",
where is the crib ?,"1	where	_	_	_	_	0	root	_	_
2	is	_	_	_	_	1	cop	_	_
3	the	_	_	_	_	4	det	_	_
4	crib	_	_	_	_	2	nsubj	_	_
5	?	_	_	_	_	2	punct	_	_","1	where	_	ADV	WRB	_	0	root	_	_
2	is	_	AUX	VBZ	_	1	cop	_	_
3	the	_	DET	DT	_	4	det	_	_
4	crib	_	NOUN	NN	_	1	nsubj	_	_
5	?	_	PUNCT	.	_	1	punct	_	_",
where's the crib ?,"1	where's	_	_	_	_	0	root	_	_
2	the	_	_	_	_	3	det	_	_
3	crib	_	_	_	_	1	nsubj	_	_
4	?	_	_	_	_	1	punct	_	_","1	where	_	ADV	WRB	_	0	root	_	_
2	's	_	AUX	VBZ	_	1	cop	_	_
3	the	_	DET	DT	_	4	det	_	_
4	crib	_	NOUN	NN	_	1	nsubj	_	_
5	?	_	PUNCT	.	_	1	punct	_	_",
there's the crib .,"1	there's	_	_	_	_	0	root	_	_
2	the	_	_	_	_	3	det	_	_
3	crib	_	_	_	_	1	nsubj	_	_
4	.	_	_	_	_	1	punct	_	_","1	there	_	PRON	EX	_	2	expl	_	_
2	's	_	VERB	VBZ	_	0	root	_	_
3	the	_	DET	DT	_	4	det	_	_
4	crib	_	NOUN	NN	_	2	nsubj	_	_
5	.	_	PUNCT	.	_	2	punct	_	_",
a crib on on at the park .,"1	a	_	_	_	_	2	det	_	_
2	crib	_	_	_	_	0	root	_	_
3	on	_	_	_	_	4	reparandum	_	_
4	on	_	_	_	_	2	advmod	_	_
5	at	_	_	_	_	7	case	_	_
6	the	_	_	_	_	7	det	_	_
7	park	_	_	_	_	2	nmod	_	_
8	.	_	_	_	_	2	punct	_	_","1	a	_	DET	DT	_	2	det	_	_
2	crib	_	NOUN	NN	_	0	root	_	_
3	on	_	ADP	IN	_	4	case	_	_
4	on	_	ADP	IN	_	2	nmod	_	_
5	at	_	ADP	IN	_	7	case	_	_
6	the	_	DET	DT	_	7	det	_	_
7	park	_	NOUN	NN	_	2	nmod	_	_
8	.	_	PUNCT	.	_	2	punct	_	_",
now they're both sleeping at the park .,"1	now	_	_	_	_	4	advmod	_	_
2	they're	_	_	_	_	4	aux	_	_
3	both	_	_	_	_	4	advmod	_	_
4	sleeping	_	_	_	_	0	root	_	_
5	at	_	_	_	_	7	case	_	_
6	the	_	_	_	_	7	det	_	_
7	park	_	_	_	_	4	obl	_	_
8	.	_	_	_	_	4	punct	_	_","1	now	_	ADV	RB	_	5	advmod	_	_
2	they	_	PRON	PRP	_	5	nsubj	_	_
3	're	_	AUX	VBP	_	5	aux	_	_
4	both	_	ADV	RB	_	5	advmod	_	_
5	sleeping	_	VERB	VBG	_	0	root	_	_
6	at	_	ADP	IN	_	8	case	_	_
7	the	_	DET	DT	_	8	det	_	_
8	park	_	NOUN	NN	_	5	obl	_	_
9	.	_	PUNCT	.	_	5	punct	_	_",
we didn't eat at the park .,"1	we	_	_	_	_	3	nsubj	_	_
2	didn't	_	_	_	_	3	aux	_	_
3	eat	_	_	_	_	0	root	_	_
4	at	_	_	_	_	6	case	_	_
5	the	_	_	_	_	6	det	_	_
6	park	_	_	_	_	3	obl	_	_
7	.	_	_	_	_	3	punct	_	_","1	we	_	PRON	PRP	_	4	nsubj	_	_
2	did	_	AUX	VBD	_	4	aux	_	_
3	n't	_	PART	RB	_	4	advmod	_	_
4	eat	_	VERB	VB	_	0	root	_	_
5	at	_	ADP	IN	_	7	case	_	_
6	the	_	DET	DT	_	7	det	_	_
7	park	_	NOUN	NN	_	4	obl	_	_
8	.	_	PUNCT	.	_	4	punct	_	_",
here's some of the play dough .,"1	here's	_	_	_	_	0	root	_	_
2	some	_	_	_	_	1	nsubj	_	_
3	of	_	_	_	_	6	case	_	_
4	the	_	_	_	_	6	det	_	_
5	play	_	_	_	_	6	compound	_	_
6	dough	_	_	_	_	2	nmod	_	_
7	.	_	_	_	_	1	punct	_	_","1	here	_	ADV	RB	_	0	root	_	_
2	's	_	AUX	VBZ	_	1	cop	_	_
3	some	_	DET	DT	_	1	nsubj	_	_
4	of	_	ADP	IN	_	7	case	_	_
5	the	_	DET	DT	_	7	det	_	_
6	play	_	NOUN	NN	_	7	compound	_	_
7	dough	_	NOUN	NN	_	3	nmod	_	_
8	.	_	PUNCT	.	_	1	punct	_	_",
a a Mickey mouse hat ?,"1	a	_	_	_	_	2	reparandum	_	_
2	a	_	_	_	_	5	det	_	_
3	Mickey	_	_	_	_	4	compound	_	_
4	mouse	_	_	_	_	5	compound	_	_
5	hat	_	_	_	_	0	root	_	_
6	?	_	_	_	_	5	punct	_	_","1	a	_	DET	DT	_	5	det	_	_
2	a	_	DET	DT	_	5	det	_	_
3	Mickey	_	PROPN	NNP	_	4	compound	_	_
4	mouse	_	NOUN	NN	_	5	compound	_	_
5	hat	_	NOUN	NN	_	0	root	_	_
6	?	_	PUNCT	.	_	5	punct	_	_",
what is it a Mickey mouse hat ?,"1	what	_	_	_	_	0	root	_	_
2	is	_	_	_	_	1	cop	_	_
3	it	_	_	_	_	1	nsubj	_	_
4	a	_	_	_	_	7	det	_	_
5	Mickey	_	_	_	_	6	compound	_	_
6	mouse	_	_	_	_	7	compound	_	_
7	hat	_	_	_	_	1	parataxis	_	_
8	?	_	_	_	_	1	punct	_	_","1	what	_	PRON	WP	_	7	nsubj	_	_
2	is	_	AUX	VBZ	_	7	cop	_	_
3	it	_	PRON	PRP	_	7	nsubj	_	_
4	a	_	DET	DT	_	7	det	_	_
5	Mickey	_	PROPN	NNP	_	6	compound	_	_
6	mouse	_	NOUN	NN	_	7	compound	_	_
7	hat	_	NOUN	NN	_	0	root	_	_
8	?	_	PUNCT	.	_	7	punct	_	_",
come on kitty .,"1	come	_	_	_	_	0	root	_	_
2	on	_	_	_	_	1	compound:prt	_	_
3	kitty	_	_	_	_	1	vocative	_	_
4	.	_	_	_	_	1	punct	_	_","1	come	_	VERB	VB	_	0	root	_	_
2	on	_	ADP	IN	_	1	compound:prt	_	_
3	kitty	_	NOUN	NN	_	1	obl	_	_
4	.	_	PUNCT	.	_	1	punct	_	_",
look at this little Mickey mouse hat .,"1	look	_	_	_	_	0	root	_	_
2	at	_	_	_	_	7	case	_	_
3	this	_	_	_	_	7	det	_	_
4	little	_	_	_	_	7	amod	_	_
5	Mickey	_	_	_	_	6	compound	_	_
6	mouse	_	_	_	_	7	compound	_	_
7	hat	_	_	_	_	1	obl	_	_
8	.	_	_	_	_	1	punct	_	_","1	look	_	VERB	VB	_	0	root	_	_
2	at	_	ADP	IN	_	7	case	_	_
3	this	_	DET	DT	_	7	det	_	_
4	little	_	ADJ	JJ	_	7	amod	_	_
5	Mickey	_	PROPN	NNP	_	7	compound	_	_
6	mouse	_	NOUN	NN	_	7	compound	_	_
7	hat	_	NOUN	NN	_	1	obl	_	_
8	.	_	PUNCT	.	_	1	punct	_	_",
the kitty says he wants to come in .,"1	the	_	_	_	_	2	det	_	_
2	kitty	_	_	_	_	3	nsubj	_	_
3	says	_	_	_	_	0	root	_	_
4	he	_	_	_	_	5	nsubj	_	_
5	wants	_	_	_	_	3	ccomp	_	_
6	to	_	_	_	_	7	mark	_	_
7	come	_	_	_	_	5	xcomp	_	_
8	in	_	_	_	_	7	advmod	_	_
9	.	_	_	_	_	3	punct	_	_","1	the	_	DET	DT	_	2	det	_	_
2	kitty	_	NOUN	NN	_	3	nsubj	_	_
3	says	_	VERB	VBZ	_	0	root	_	_
4	he	_	PRON	PRP	_	5	nsubj	_	_
5	wants	_	VERB	VBZ	_	3	ccomp	_	_
6	to	_	PART	TO	_	7	mark	_	_
7	come	_	VERB	VB	_	5	xcomp	_	_
8	in	_	ADP	RP	_	7	compound:prt	_	_
9	.	_	PUNCT	.	_	3	punct	_	_",
oh he's on my arm .,"1	oh	_	_	_	_	5	discourse	_	_
2	he's	_	_	_	_	5	nsubj	_	_
3	on	_	_	_	_	5	case	_	_
4	my	_	_	_	_	5	nmod:poss	_	_
5	arm	_	_	_	_	0	root	_	_
6	.	_	_	_	_	5	punct	_	_","1	oh	_	INTJ	UH	_	6	discourse	_	_
2	he	_	PRON	PRP	_	6	nsubj	_	_
3	's	_	AUX	VBZ	_	6	cop	_	_
4	on	_	ADP	IN	_	6	case	_	_
5	my	_	PRON	PRP$	_	6	nmod:poss	_	_
6	arm	_	NOUN	NN	_	0	root	_	_
7	.	_	PUNCT	.	_	6	punct	_	_",
he's saying meow because he's sad .,"1	he's	_	_	_	_	2	nsubj	_	_
2	saying	_	_	_	_	0	root	_	_
3	meow	_	_	_	_	2	obj	_	_
4	because	_	_	_	_	6	mark	_	_
5	he's	_	_	_	_	6	nsubj	_	_
6	sad	_	_	_	_	2	advcl	_	_
7	.	_	_	_	_	2	punct	_	_","1	he	_	PRON	PRP	_	3	nsubj	_	_
2	's	_	AUX	VBZ	_	3	aux	_	_
3	saying	_	VERB	VBG	_	0	root	_	_
4	meow	_	NOUN	NN	_	3	obj	_	_
5	because	_	SCONJ	IN	_	8	mark	_	_
6	he	_	PRON	PRP	_	8	nsubj	_	_
7	's	_	AUX	VBZ	_	8	cop	_	_
8	sad	_	ADJ	JJ	_	3	advcl	_	_
9	.	_	PUNCT	.	_	3	punct	_	_",
oh look at my Mickey mouse hat .,"1	oh	_	_	_	_	2	discourse	_	_
2	look	_	_	_	_	0	root	_	_
3	at	_	_	_	_	7	case	_	_
4	my	_	_	_	_	7	nmod:poss	_	_
5	Mickey	_	_	_	_	7	compound	_	_
6	mouse	_	_	_	_	5	flat	_	_
7	hat	_	_	_	_	2	obl	_	_
8	.	_	_	_	_	2	punct	_	_","1	oh	_	INTJ	UH	_	2	discourse	_	_
2	look	_	VERB	VB	_	0	root	_	_
3	at	_	ADP	IN	_	7	case	_	_
4	my	_	PRON	PRP$	_	7	nmod:poss	_	_
5	Mickey	_	PROPN	NNP	_	7	compound	_	_
6	mouse	_	NOUN	NN	_	7	compound	_	_
7	hat	_	NOUN	NN	_	2	obl	_	_
8	.	_	PUNCT	.	_	2	punct	_	_",
I wanna carry him .,"1	I	_	_	_	_	2	nsubj	_	_
2	wanna	_	_	_	_	0	root	_	_
3	carry	_	_	_	_	2	xcomp	_	_
4	him	_	_	_	_	3	obj	_	_
5	.	_	_	_	_	2	punct	_	_","1	I	_	PRON	PRP	_	2	nsubj	_	_
2	wan	_	VERB	VBP	_	0	root	_	_
3	na	_	PART	TO	_	4	mark	_	_
4	carry	_	VERB	VB	_	2	xcomp	_	_
5	him	_	PRON	PRP	_	4	obj	_	_
6	.	_	PUNCT	.	_	2	punct	_	_",
cause you're Mickey mouse .,"1	cause	_	_	_	_	3	mark	_	_
2	you're	_	_	_	_	3	nsubj	_	_
3	Mickey	_	_	_	_	0	root	_	_
4	mouse	_	_	_	_	3	flat	_	_
5	.	_	_	_	_	3	punct	_	_","1	cause	_	SCONJ	IN	_	5	mark	_	_
2	you	_	PRON	PRP	_	5	nsubj	_	_
3	're	_	AUX	VBP	_	5	cop	_	_
4	Mickey	_	PROPN	NNP	_	5	compound	_	_
5	mouse	_	NOUN	NN	_	0	root	_	_
6	.	_	PUNCT	.	_	5	punct	_	_",
that's Mickey mouse .,"1	that's	_	_	_	_	2	nsubj	_	_
2	Mickey	_	_	_	_	0	root	_	_
3	mouse	_	_	_	_	2	flat	_	_
4	.	_	_	_	_	2	punct	_	_","1	that	_	PRON	DT	_	4	nsubj	_	_
2	's	_	AUX	VBZ	_	4	cop	_	_
3	Mickey	_	PROPN	NNP	_	4	compound	_	_
4	mouse	_	NOUN	NN	_	0	root	_	_
5	.	_	PUNCT	.	_	4	punct	_	_",
I wanna carry the kitty when I'm done with the play dough .,"1	I	_	_	_	_	2	nsubj	_	_
2	wanna	_	_	_	_	0	root	_	_
3	carry	_	_	_	_	2	xcomp	_	_
4	the	_	_	_	_	5	det	_	_
5	kitty	_	_	_	_	3	obj	_	_
6	when	_	_	_	_	8	mark	_	_
7	I'm	_	_	_	_	8	nsubj	_	_
8	done	_	_	_	_	3	advcl	_	_
9	with	_	_	_	_	12	case	_	_
10	the	_	_	_	_	12	det	_	_
11	play	_	_	_	_	12	compound	_	_
12	dough	_	_	_	_	8	obl	_	_
13	.	_	_	_	_	2	punct	_	_","1	I	_	PRON	PRP	_	2	nsubj	_	_
2	wan	_	VERB	VBP	_	0	root	_	_
3	na	_	PART	TO	_	4	mark	_	_
4	carry	_	VERB	VB	_	2	xcomp	_	_
5	the	_	DET	DT	_	6	det	_	_
6	kitty	_	NOUN	NN	_	4	obj	_	_
7	when	_	ADV	WRB	_	10	advmod	_	_
8	I	_	PRON	PRP	_	10	nsubj	_	_
9	'm	_	AUX	VBP	_	10	cop	_	_
10	done	_	ADJ	JJ	_	4	advcl	_	_
11	with	_	ADP	IN	_	14	case	_	_
12	the	_	DET	DT	_	14	det	_	_
13	play	_	NOUN	NN	_	14	compound	_	_
14	dough	_	NOUN	NN	_	10	obl	_	_
15	.	_	PUNCT	.	_	2	punct	_	_",
I wanna carry her .,"1	I	_	_	_	_	2	nsubj	_	_
2	wanna	_	_	_	_	0	root	_	_
3	carry	_	_	_	_	2	xcomp	_	_
4	her	_	_	_	_	3	obj	_	_
5	.	_	_	_	_	2	punct	_	_","1	I	_	PRON	PRP	_	2	nsubj	_	_
2	wan	_	VERB	VBP	_	0	root	_	_
3	na	_	PART	TO	_	4	mark	_	_
4	carry	_	VERB	VB	_	2	xcomp	_	_
5	her	_	PRON	PRP	_	4	obj	_	_
6	.	_	PUNCT	.	_	2	punct	_	_",
she's under your bed .,"1	she's	_	_	_	_	4	nsubj	_	_
2	under	_	_	_	_	4	case	_	_
3	your	_	_	_	_	4	nmod:poss	_	_
4	bed	_	_	_	_	0	root	_	_
5	.	_	_	_	_	4	punct	_	_","1	she	_	PRON	PRP	_	5	nsubj	_	_
2	's	_	AUX	VBZ	_	5	cop	_	_
3	under	_	ADP	IN	_	5	case	_	_
4	your	_	PRON	PRP$	_	5	nmod:poss	_	_
5	bed	_	NOUN	NN	_	0	root	_	_
6	.	_	PUNCT	.	_	5	punct	_	_",
I wanna carry her .,"1	I	_	_	_	_	2	nsubj	_	_
2	wanna	_	_	_	_	0	root	_	_
3	carry	_	_	_	_	2	xcomp	_	_
4	her	_	_	_	_	3	obj	_	_
5	.	_	_	_	_	2	punct	_	_","1	I	_	PRON	PRP	_	2	nsubj	_	_
2	wan	_	VERB	VBP	_	0	root	_	_
3	na	_	PART	TO	_	4	mark	_	_
4	carry	_	VERB	VB	_	2	xcomp	_	_
5	her	_	PRON	PRP	_	4	obj	_	_
6	.	_	PUNCT	.	_	2	punct	_	_",
I wanna carry her .,"1	I	_	_	_	_	2	nsubj	_	_
2	wanna	_	_	_	_	0	root	_	_
3	carry	_	_	_	_	2	xcomp	_	_
4	her	_	_	_	_	3	obj	_	_
5	.	_	_	_	_	2	punct	_	_","1	I	_	PRON	PRP	_	2	nsubj	_	_
2	wan	_	VERB	VBP	_	0	root	_	_
3	na	_	PART	TO	_	4	mark	_	_
4	carry	_	VERB	VB	_	2	xcomp	_	_
5	her	_	PRON	PRP	_	4	obj	_	_
6	.	_	PUNCT	.	_	2	punct	_	_",
I wanna carry her Mommy .,"1	I	_	_	_	_	2	nsubj	_	_
2	wanna	_	_	_	_	0	root	_	_
3	carry	_	_	_	_	2	xcomp	_	_
4	her	_	_	_	_	3	obj	_	_
5	Mommy	_	_	_	_	3	vocative	_	_
6	.	_	_	_	_	2	punct	_	_","1	I	_	PRON	PRP	_	2	nsubj	_	_
2	wan	_	VERB	VBP	_	0	root	_	_
3	na	_	PART	TO	_	4	mark	_	_
4	carry	_	VERB	VB	_	2	xcomp	_	_
5	her	_	PRON	PRP$	_	6	nmod:poss	_	_
6	Mommy	_	PROPN	NNP	_	4	obj	_	_
7	.	_	PUNCT	.	_	2	punct	_	_",
he's going to eat my play dough .,"1	he's	_	_	_	_	2	nsubj	_	_
2	going	_	_	_	_	0	root	_	_
3	to	_	_	_	_	4	mark	_	_
4	eat	_	_	_	_	2	xcomp	_	_
5	my	_	_	_	_	7	nmod:poss	_	_
6	play	_	_	_	_	7	compound	_	_
7	dough	_	_	_	_	4	obj	_	_
8	.	_	_	_	_	2	punct	_	_","1	he	_	PRON	PRP	_	3	nsubj	_	_
2	's	_	AUX	VBZ	_	3	aux	_	_
3	going	_	VERB	VBG	_	0	root	_	_
4	to	_	PART	TO	_	5	mark	_	_
5	eat	_	VERB	VB	_	3	xcomp	_	_
6	my	_	PRON	PRP$	_	8	nmod:poss	_	_
7	play	_	NOUN	NN	_	8	compound	_	_
8	dough	_	NOUN	NN	_	5	obj	_	_
9	.	_	PUNCT	.	_	3	punct	_	_",
let's let him out Mommy .,"1	let's	_	_	_	_	0	root	_	_
2	let	_	_	_	_	1	xcomp	_	_
3	him	_	_	_	_	2	obj	_	_
4	out	_	_	_	_	2	compound:prt	_	_
5	Mommy	_	_	_	_	2	vocative	_	_
6	.	_	_	_	_	1	punct	_	_","1	let	_	VERB	VB	_	0	root	_	_
2	's	_	PRON	PRP	_	1	obj	_	_
3	let	_	VERB	VB	_	1	xcomp	_	_
4	him	_	PRON	PRP	_	3	obj	_	_
5	out	_	ADP	RP	_	3	compound:prt	_	_
6	Mommy	_	PROPN	NNP	_	3	obj	_	_
7	.	_	PUNCT	.	_	1	punct	_	_",
what a nice kitty .,"1	what	_	_	_	_	4	det	_	_
2	a	_	_	_	_	4	det	_	_
3	nice	_	_	_	_	4	amod	_	_
4	kitty	_	_	_	_	0	root	_	_
5	.	_	_	_	_	4	punct	_	_","1	what	_	DET	WDT	_	4	det:predet	_	_
2	a	_	DET	DT	_	4	det	_	_
3	nice	_	ADJ	JJ	_	4	amod	_	_
4	kitty	_	NOUN	NN	_	0	root	_	_
5	.	_	PUNCT	.	_	4	punct	_	_",
it's too hard .,"1	it's	_	_	_	_	3	cop	_	_
2	too	_	_	_	_	3	advmod	_	_
3	hard	_	_	_	_	0	root	_	_
4	.	_	_	_	_	3	punct	_	_","1	it	_	PRON	PRP	_	4	nsubj	_	_
2	's	_	AUX	VBZ	_	4	cop	_	_
3	too	_	ADV	RB	_	4	advmod	_	_
4	hard	_	ADJ	JJ	_	0	root	_	_
5	.	_	PUNCT	.	_	4	punct	_	_",
"Mama , Devon might die .","1	Mama	_	_	_	_	5	vocative	_	_
2	,	_	_	_	_	5	mark	_	_
3	Devon	_	_	_	_	5	nsubj	_	_
4	might	_	_	_	_	5	aux	_	_
5	die	_	_	_	_	0	root	_	_
6	.	_	_	_	_	5	punct	_	_","1	Mama	_	NOUN	NN	_	5	vocative	_	_
2	,	_	PUNCT	,	_	1	punct	_	_
3	Devon	_	PROPN	NNP	_	5	nsubj	_	_
4	might	_	AUX	MD	_	5	aux	_	_
5	die	_	VERB	VB	_	0	root	_	_
6	.	_	PUNCT	.	_	5	punct	_	_",
I'm wearing my party hat .,"1	I'm	_	_	_	_	2	nsubj	_	_
2	wearing	_	_	_	_	0	root	_	_
3	my	_	_	_	_	5	nmod:poss	_	_
4	party	_	_	_	_	5	compound	_	_
5	hat	_	_	_	_	2	obj	_	_
6	.	_	_	_	_	2	punct	_	_","1	I	_	PRON	PRP	_	3	nsubj	_	_
2	'm	_	AUX	VBP	_	3	aux	_	_
3	wearing	_	VERB	VBG	_	0	root	_	_
4	my	_	PRON	PRP$	_	6	nmod:poss	_	_
5	party	_	NOUN	NN	_	6	compound	_	_
6	hat	_	NOUN	NN	_	3	obj	_	_
7	.	_	PUNCT	.	_	3	punct	_	_",
one uh another one .,"1	one	_	_	_	_	0	root	_	_
2	uh	_	_	_	_	1	discourse	_	_
3	another	_	_	_	_	4	det	_	_
4	one	_	_	_	_	1	parataxis	_	_
5	.	_	_	_	_	1	punct	_	_","1	one	_	NUM	CD	_	4	nummod	_	_
2	uh	_	INTJ	UH	_	4	discourse	_	_
3	another	_	DET	DT	_	4	det	_	_
4	one	_	NOUN	NN	_	0	root	_	_
5	.	_	PUNCT	.	_	4	punct	_	_",
uh okay .,"1	uh	_	_	_	_	0	root	_	_
2	okay	_	_	_	_	1	discourse	_	_
3	.	_	_	_	_	1	punct	_	_","1	uh	_	INTJ	UH	_	2	discourse	_	_
2	okay	_	INTJ	UH	_	0	root	_	_
3	.	_	PUNCT	.	_	2	punct	_	_",
like this like this .,"1	like	_	_	_	_	2	case	_	_
2	this	_	_	_	_	0	root	_	_
3	like	_	_	_	_	4	case	_	_
4	this	_	_	_	_	2	conj	_	_
5	.	_	_	_	_	2	punct	_	_","1	like	_	ADP	IN	_	2	case	_	_
2	this	_	PRON	DT	_	0	root	_	_
3	like	_	ADP	IN	_	4	case	_	_
4	this	_	PRON	DT	_	2	nmod	_	_
5	.	_	PUNCT	.	_	2	punct	_	_",
here it is .,"1	here	_	_	_	_	0	root	_	_
2	it	_	_	_	_	1	nsubj	_	_
3	is	_	_	_	_	1	cop	_	_
4	.	_	_	_	_	1	punct	_	_","1	here	_	ADV	RB	_	0	root	_	_
2	it	_	PRON	PRP	_	3	nsubj	_	_
3	is	_	AUX	VBZ	_	1	cop	_	_
4	.	_	PUNCT	.	_	1	punct	_	_","1	Here	here	ADV	RB	_	0	root	0:root	_
2	it	it	PRON	PRP	_	1	nsubj	1:nsubj	_
3	is	be	AUX	VBZ	_	1	cop	1:cop	SpaceAfter=No
4	.	.	PUNCT	.	_	1	punct	1:punct	_
"
I wanna see what you have Mom Mommy .,"1	I	_	_	_	_	2	nsubj	_	_
2	wanna	_	_	_	_	0	root	_	_
3	see	_	_	_	_	2	xcomp	_	_
4	what	_	_	_	_	6	obj	_	_
5	you	_	_	_	_	6	nsubj	_	_
6	have	_	_	_	_	3	ccomp	_	_
7	Mom	_	_	_	_	3	vocative	_	_
8	Mommy	_	_	_	_	7	conj	_	_
9	.	_	_	_	_	2	punct	_	_","1	I	_	PRON	PRP	_	2	nsubj	_	_
2	wan	_	VERB	VBP	_	0	root	_	_
3	na	_	PART	TO	_	4	mark	_	_
4	see	_	VERB	VB	_	2	xcomp	_	_
5	what	_	PRON	WP	_	4	obj	_	_
6	you	_	PRON	PRP	_	7	nsubj	_	_
7	have	_	VERB	VBP	_	5	acl:relcl	_	_
8	Mom	_	PROPN	NNP	_	7	obj	_	_
9	Mommy	_	PROPN	NNP	_	8	flat	_	_
10	.	_	PUNCT	.	_	2	punct	_	_",
uhhuh but put a lot of honey in .,"1	uhhuh	_	_	_	_	3	discourse	_	_
2	but	_	_	_	_	3	cc	_	_
3	put	_	_	_	_	0	root	_	_
4	a	_	_	_	_	5	det	_	_
5	lot	_	_	_	_	3	obj	_	_
6	of	_	_	_	_	7	case	_	_
7	honey	_	_	_	_	5	nmod	_	_
8	in	_	_	_	_	3	advmod	_	_
9	.	_	_	_	_	3	punct	_	_","1	uhhuh	_	INTJ	UH	_	3	discourse	_	_
2	but	_	CCONJ	CC	_	3	cc	_	_
3	put	_	VERB	VB	_	0	root	_	_
4	a	_	DET	DT	_	5	det	_	_
5	lot	_	NOUN	NN	_	3	obj	_	_
6	of	_	ADP	IN	_	7	case	_	_
7	honey	_	NOUN	NN	_	5	nmod	_	_
8	in	_	ADP	RP	_	3	compound:prt	_	_
9	.	_	PUNCT	.	_	3	punct	_	_",
I have to go poop .,"1	I	_	_	_	_	2	nsubj	_	_
2	have	_	_	_	_	0	root	_	_
3	to	_	_	_	_	4	mark	_	_
4	go	_	_	_	_	2	xcomp	_	_
5	poop	_	_	_	_	4	xcomp	_	_
6	.	_	_	_	_	2	punct	_	_","1	I	_	PRON	PRP	_	2	nsubj	_	_
2	have	_	VERB	VBP	_	0	root	_	_
3	to	_	PART	TO	_	4	mark	_	_
4	go	_	VERB	VB	_	2	xcomp	_	_
5	poop	_	NOUN	NN	_	4	obj	_	_
6	.	_	PUNCT	.	_	2	punct	_	_",
who's using the toilet ?,"1	who's	_	_	_	_	2	nsubj	_	_
2	using	_	_	_	_	0	root	_	_
3	the	_	_	_	_	4	det	_	_
4	toilet	_	_	_	_	2	obj	_	_
5	?	_	_	_	_	2	punct	_	_","1	who	_	PRON	WP	_	3	nsubj	_	_
2	's	_	AUX	VBZ	_	3	aux	_	_
3	using	_	VERB	VBG	_	0	root	_	_
4	the	_	DET	DT	_	5	det	_	_
5	toilet	_	NOUN	NN	_	3	obj	_	_
6	?	_	PUNCT	.	_	3	punct	_	_",
Mommy let's see how little the bowls are .,"1	Mommy	_	_	_	_	2	vocative	_	_
2	let's	_	_	_	_	0	root	_	_
3	see	_	_	_	_	2	xcomp	_	_
4	how	_	_	_	_	5	advmod	_	_
5	little	_	_	_	_	3	ccomp	_	_
6	the	_	_	_	_	7	det	_	_
7	bowls	_	_	_	_	5	nsubj	_	_
8	are	_	_	_	_	5	cop	_	_
9	.	_	_	_	_	2	punct	_	_","1	Mommy	_	INTJ	UH	_	2	discourse	_	_
2	let	_	VERB	VB	_	0	root	_	_
3	's	_	PRON	PRP	_	2	obj	_	_
4	see	_	VERB	VB	_	2	xcomp	_	_
5	how	_	ADV	WRB	_	6	advmod	_	_
6	little	_	ADJ	JJ	_	4	ccomp	_	_
7	the	_	DET	DT	_	8	det	_	_
8	bowls	_	NOUN	NNS	_	6	nsubj	_	_
9	are	_	AUX	VBP	_	6	cop	_	_
10	.	_	PUNCT	.	_	2	punct	_	_",
hey they're both the same .,"1	hey	_	_	_	_	5	discourse	_	_
2	they're	_	_	_	_	5	nsubj	_	_
3	both	_	_	_	_	5	advmod	_	_
4	the	_	_	_	_	5	det	_	_
5	same	_	_	_	_	0	root	_	_
6	.	_	_	_	_	5	punct	_	_","1	hey	_	INTJ	UH	_	6	discourse	_	_
2	they	_	PRON	PRP	_	6	nsubj	_	_
3	're	_	AUX	VBP	_	6	cop	_	_
4	both	_	ADV	RB	_	6	advmod	_	_
5	the	_	DET	DT	_	6	det	_	_
6	same	_	ADJ	JJ	_	0	root	_	_
7	.	_	PUNCT	.	_	6	punct	_	_",
hey we're running out of everything .,"1	hey	_	_	_	_	3	discourse	_	_
2	we're	_	_	_	_	3	nsubj	_	_
3	running	_	_	_	_	0	root	_	_
4	out	_	_	_	_	3	compound:prt	_	_
5	of	_	_	_	_	6	case	_	_
6	everything	_	_	_	_	3	obl	_	_
7	.	_	_	_	_	3	punct	_	_","1	hey	_	INTJ	UH	_	4	discourse	_	_
2	we	_	PRON	PRP	_	4	nsubj	_	_
3	're	_	AUX	VBP	_	4	aux	_	_
4	running	_	VERB	VBG	_	0	root	_	_
5	out	_	ADP	IN	_	7	case	_	_
6	of	_	ADP	IN	_	5	fixed	_	_
7	everything	_	PRON	NN	_	4	obl	_	_
8	.	_	PUNCT	.	_	4	punct	_	_",
we're running out of everything now .,"1	we're	_	_	_	_	2	nsubj	_	_
2	running	_	_	_	_	0	root	_	_
3	out	_	_	_	_	2	compound:prt	_	_
4	of	_	_	_	_	5	case	_	_
5	everything	_	_	_	_	2	obl	_	_
6	now	_	_	_	_	2	advmod	_	_
7	.	_	_	_	_	2	punct	_	_","1	we	_	PRON	PRP	_	3	nsubj	_	_
2	're	_	AUX	VBP	_	3	aux	_	_
3	running	_	VERB	VBG	_	0	root	_	_
4	out	_	ADP	IN	_	6	case	_	_
5	of	_	ADP	IN	_	4	fixed	_	_
6	everything	_	PRON	NN	_	3	obl	_	_
7	now	_	ADV	RB	_	3	advmod	_	_
8	.	_	PUNCT	.	_	3	punct	_	_",
we're running out of something that was here .,"1	we're	_	_	_	_	2	nsubj	_	_
2	running	_	_	_	_	0	root	_	_
3	out	_	_	_	_	2	compound:prt	_	_
4	of	_	_	_	_	5	case	_	_
5	something	_	_	_	_	2	obl	_	_
6	that	_	_	_	_	8	nsubj	_	_
7	was	_	_	_	_	8	cop	_	_
8	here	_	_	_	_	5	acl:relcl	_	_
9	.	_	_	_	_	2	punct	_	_","1	we	_	PRON	PRP	_	3	nsubj	_	_
2	're	_	AUX	VBP	_	3	aux	_	_
3	running	_	VERB	VBG	_	0	root	_	_
4	out	_	ADP	IN	_	6	case	_	_
5	of	_	ADP	IN	_	4	fixed	_	_
6	something	_	PRON	NN	_	3	obl	_	_
7	that	_	PRON	WDT	_	9	nsubj	_	_
8	was	_	AUX	VBD	_	9	cop	_	_
9	here	_	ADV	RB	_	6	acl:relcl	_	_
10	.	_	PUNCT	.	_	3	punct	_	_",
then we could have then we could have a lot of food .,"1	then	_	_	_	_	4	advmod	_	_
2	we	_	_	_	_	4	nsubj	_	_
3	could	_	_	_	_	4	aux	_	_
4	have	_	_	_	_	8	reparandum	_	_
5	then	_	_	_	_	8	advmod	_	_
6	we	_	_	_	_	8	nsubj	_	_
7	could	_	_	_	_	8	aux	_	_
8	have	_	_	_	_	0	root	_	_
9	a	_	_	_	_	10	det	_	_
10	lot	_	_	_	_	8	obj	_	_
11	of	_	_	_	_	12	case	_	_
12	food	_	_	_	_	10	nmod	_	_
13	.	_	_	_	_	8	punct	_	_","1	then	_	ADV	RB	_	4	advmod	_	_
2	we	_	PRON	PRP	_	4	nsubj	_	_
3	could	_	AUX	MD	_	4	aux	_	_
4	have	_	VERB	VB	_	0	root	_	_
5	then	_	ADV	RB	_	8	advmod	_	_
6	we	_	PRON	PRP	_	8	nsubj	_	_
7	could	_	AUX	MD	_	8	aux	_	_
8	have	_	VERB	VB	_	4	parataxis	_	_
9	a	_	DET	DT	_	10	det	_	_
10	lot	_	NOUN	NN	_	8	obj	_	_
11	of	_	ADP	IN	_	12	case	_	_
12	food	_	NOUN	NN	_	10	nmod	_	_
13	.	_	PUNCT	.	_	4	punct	_	_",
why didn't we call them ?,"1	why	_	_	_	_	4	advmod	_	_
2	didn't	_	_	_	_	4	aux	_	_
3	we	_	_	_	_	4	nsubj	_	_
4	call	_	_	_	_	0	root	_	_
5	them	_	_	_	_	4	obj	_	_
6	?	_	_	_	_	4	punct	_	_","1	why	_	ADV	WRB	_	5	advmod	_	_
2	did	_	AUX	VBD	_	5	aux	_	_
3	n't	_	PART	RB	_	5	advmod	_	_
4	we	_	PRON	PRP	_	5	nsubj	_	_
5	call	_	VERB	VB	_	0	root	_	_
6	them	_	PRON	PRP	_	5	obj	_	_
7	?	_	PUNCT	.	_	5	punct	_	_",
yeah hey Mommy .,"1	yeah	_	_	_	_	0	root	_	_
2	hey	_	_	_	_	1	discourse	_	_
3	Mommy	_	_	_	_	1	vocative	_	_
4	.	_	_	_	_	1	punct	_	_","1	yeah	_	INTJ	UH	_	3	discourse	_	_
2	hey	_	INTJ	UH	_	3	discourse	_	_
3	Mommy	_	PROPN	NNP	_	0	root	_	_
4	.	_	PUNCT	.	_	3	punct	_	_",
why don't we go to the grocery store and just look for things that are cheap ?,"1	why	_	_	_	_	4	advmod	_	_
2	don't	_	_	_	_	4	aux	_	_
3	we	_	_	_	_	4	nsubj	_	_
4	go	_	_	_	_	0	root	_	_
5	to	_	_	_	_	8	case	_	_
6	the	_	_	_	_	8	det	_	_
7	grocery	_	_	_	_	8	compound	_	_
8	store	_	_	_	_	4	obl	_	_
9	and	_	_	_	_	11	cc	_	_
10	just	_	_	_	_	11	advmod	_	_
11	look	_	_	_	_	4	conj	_	_
12	for	_	_	_	_	13	case	_	_
13	things	_	_	_	_	11	obl	_	_
14	that	_	_	_	_	16	nsubj	_	_
15	are	_	_	_	_	16	cop	_	_
16	cheap	_	_	_	_	13	acl:relcl	_	_
17	?	_	_	_	_	4	punct	_	_","1	why	_	ADV	WRB	_	5	advmod	_	_
2	do	_	AUX	VBP	_	5	aux	_	_
3	n't	_	PART	RB	_	5	advmod	_	_
4	we	_	PRON	PRP	_	5	nsubj	_	_
5	go	_	VERB	VB	_	0	root	_	_
6	to	_	ADP	IN	_	9	case	_	_
7	the	_	DET	DT	_	9	det	_	_
8	grocery	_	NOUN	NN	_	9	compound	_	_
9	store	_	NOUN	NN	_	5	obl	_	_
10	and	_	CCONJ	CC	_	12	cc	_	_
11	just	_	ADV	RB	_	12	advmod	_	_
12	look	_	VERB	VB	_	5	conj	_	_
13	for	_	ADP	IN	_	14	case	_	_
14	things	_	NOUN	NNS	_	12	obl	_	_
15	that	_	PRON	WDT	_	17	nsubj	_	_
16	are	_	AUX	VBP	_	17	cop	_	_
17	cheap	_	ADJ	JJ	_	14	acl:relcl	_	_
18	?	_	PUNCT	.	_	5	punct	_	_",
I can't make them .,"1	I	_	_	_	_	3	nsubj	_	_
2	can't	_	_	_	_	3	aux	_	_
3	make	_	_	_	_	0	root	_	_
4	them	_	_	_	_	3	obj	_	_
5	.	_	_	_	_	3	punct	_	_","1	I	_	PRON	PRP	_	4	nsubj	_	_
2	ca	_	AUX	MD	_	4	aux	_	_
3	n't	_	PART	RB	_	4	advmod	_	_
4	make	_	VERB	VB	_	0	root	_	_
5	them	_	PRON	PRP	_	4	obj	_	_
6	.	_	PUNCT	.	_	4	punct	_	_",
so we'll have to buy them .,"1	so	_	_	_	_	3	advmod	_	_
2	we'll	_	_	_	_	3	nsubj	_	_
3	have	_	_	_	_	0	root	_	_
4	to	_	_	_	_	5	mark	_	_
5	buy	_	_	_	_	3	xcomp	_	_
6	them	_	_	_	_	5	obj	_	_
7	.	_	_	_	_	3	punct	_	_","1	so	_	ADV	RB	_	4	advmod	_	_
2	we	_	PRON	PRP	_	4	nsubj	_	_
3	'll	_	AUX	MD	_	4	aux	_	_
4	have	_	VERB	VB	_	0	root	_	_
5	to	_	PART	TO	_	6	mark	_	_
6	buy	_	VERB	VB	_	4	xcomp	_	_
7	them	_	PRON	PRP	_	6	obj	_	_
8	.	_	PUNCT	.	_	4	punct	_	_",
yeah like candy .,"1	yeah	_	_	_	_	3	discourse	_	_
2	like	_	_	_	_	3	case	_	_
3	candy	_	_	_	_	0	root	_	_
4	.	_	_	_	_	3	punct	_	_","1	yeah	_	INTJ	UH	_	3	discourse	_	_
2	like	_	INTJ	UH	_	3	discourse	_	_
3	candy	_	NOUN	NN	_	0	root	_	_
4	.	_	PUNCT	.	_	3	punct	_	_",
how will he know what I want all the way up there ?,"1	how	_	_	_	_	4	advmod	_	_
2	will	_	_	_	_	4	aux	_	_
3	he	_	_	_	_	4	nsubj	_	_
4	know	_	_	_	_	0	root	_	_
5	what	_	_	_	_	7	obj	_	_
6	I	_	_	_	_	7	nsubj	_	_
7	want	_	_	_	_	4	ccomp	_	_
8	all	_	_	_	_	10	det:predet	_	_
9	the	_	_	_	_	10	det	_	_
10	way	_	_	_	_	12	obl:npmod	_	_
11	up	_	_	_	_	12	advmod	_	_
12	there	_	_	_	_	7	advmod	_	_
13	?	_	_	_	_	4	punct	_	_","1	how	_	ADV	WRB	_	4	advmod	_	_
2	will	_	AUX	MD	_	4	aux	_	_
3	he	_	PRON	PRP	_	4	nsubj	_	_
4	know	_	VERB	VB	_	0	root	_	_
5	what	_	PRON	WP	_	7	obj	_	_
6	I	_	PRON	PRP	_	7	nsubj	_	_
7	want	_	VERB	VBP	_	4	ccomp	_	_
8	all	_	DET	PDT	_	10	det:predet	_	_
9	the	_	DET	DT	_	10	det	_	_
10	way	_	NOUN	NN	_	7	obl:unmarked	_	_
11	up	_	ADP	RP	_	12	advmod	_	_
12	there	_	ADV	RB	_	7	advmod	_	_
13	?	_	PUNCT	.	_	4	punct	_	_",
uhuh we're probably going to rent a cabin for some days .,"1	uhuh	_	_	_	_	4	discourse	_	_
2	we're	_	_	_	_	4	nsubj	_	_
3	probably	_	_	_	_	4	advmod	_	_
4	going	_	_	_	_	0	root	_	_
5	to	_	_	_	_	6	mark	_	_
6	rent	_	_	_	_	4	xcomp	_	_
7	a	_	_	_	_	8	det	_	_
8	cabin	_	_	_	_	6	obj	_	_
9	for	_	_	_	_	11	case	_	_
10	some	_	_	_	_	11	det	_	_
11	days	_	_	_	_	6	obl	_	_
12	.	_	_	_	_	4	punct	_	_","1	uhuh	_	INTJ	UH	_	5	discourse	_	_
2	we	_	PRON	PRP	_	5	nsubj	_	_
3	're	_	AUX	VBP	_	5	aux	_	_
4	probably	_	ADV	RB	_	5	advmod	_	_
5	going	_	VERB	VBG	_	0	root	_	_
6	to	_	PART	TO	_	7	mark	_	_
7	rent	_	VERB	VB	_	5	xcomp	_	_
8	a	_	DET	DT	_	9	det	_	_
9	cabin	_	NOUN	NN	_	7	obj	_	_
10	for	_	ADP	IN	_	12	case	_	_
11	some	_	DET	DT	_	12	det	_	_
12	days	_	NOUN	NNS	_	7	obl	_	_
13	.	_	PUNCT	.	_	5	punct	_	_",
well what are the cabins going to be for ?,"1	well	_	_	_	_	6	discourse	_	_
2	what	_	_	_	_	6	xcomp	_	_
3	are	_	_	_	_	6	aux	_	_
4	the	_	_	_	_	5	det	_	_
5	cabins	_	_	_	_	6	nsubj	_	_
6	going	_	_	_	_	0	root	_	_
7	to	_	_	_	_	2	mark	_	_
8	be	_	_	_	_	2	cop	_	_
9	for	_	_	_	_	2	case	_	_
10	?	_	_	_	_	6	punct	_	_","1	well	_	INTJ	UH	_	6	discourse	_	_
2	what	_	PRON	WP	_	6	obj	_	_
3	are	_	AUX	VBP	_	6	aux	_	_
4	the	_	DET	DT	_	5	det	_	_
5	cabins	_	NOUN	NNS	_	6	nsubj	_	_
6	going	_	VERB	VBG	_	0	root	_	_
7	to	_	PART	TO	_	8	mark	_	_
8	be	_	AUX	VB	_	2	cop	_	_
9	for	_	ADP	IN	_	2	case	_	_
10	?	_	PUNCT	.	_	6	punct	_	_",
who's going to give us gifts .,"1	who's	_	_	_	_	2	nsubj	_	_
2	going	_	_	_	_	0	root	_	_
3	to	_	_	_	_	4	mark	_	_
4	give	_	_	_	_	2	xcomp	_	_
5	us	_	_	_	_	4	iobj	_	_
6	gifts	_	_	_	_	4	obj	_	_
7	.	_	_	_	_	2	punct	_	_","1	who	_	PRON	WP	_	3	nsubj	_	_
2	's	_	AUX	VBZ	_	3	aux	_	_
3	going	_	VERB	VBG	_	0	root	_	_
4	to	_	PART	TO	_	5	mark	_	_
5	give	_	VERB	VB	_	3	xcomp	_	_
6	us	_	PRON	PRP	_	5	iobj	_	_
7	gifts	_	NOUN	NNS	_	5	obj	_	_
8	.	_	PUNCT	.	_	3	punct	_	_",
they can't mail them .,"1	they	_	_	_	_	3	nsubj	_	_
2	can't	_	_	_	_	3	aux	_	_
3	mail	_	_	_	_	0	root	_	_
4	them	_	_	_	_	3	obj	_	_
5	.	_	_	_	_	3	punct	_	_","1	they	_	PRON	PRP	_	4	nsubj	_	_
2	ca	_	AUX	MD	_	4	aux	_	_
3	n't	_	PART	RB	_	4	advmod	_	_
4	mail	_	VERB	VB	_	0	root	_	_
5	them	_	PRON	PRP	_	4	obj	_	_
6	.	_	PUNCT	.	_	4	punct	_	_",
because then we wouldn't get them on Christmas Eve .,"1	because	_	_	_	_	5	mark	_	_
2	then	_	_	_	_	5	advmod	_	_
3	we	_	_	_	_	5	nsubj	_	_
4	wouldn't	_	_	_	_	5	aux	_	_
5	get	_	_	_	_	0	root	_	_
6	them	_	_	_	_	5	obj	_	_
7	on	_	_	_	_	9	case	_	_
8	Christmas	_	_	_	_	9	compound	_	_
9	Eve	_	_	_	_	5	obl	_	_
10	.	_	_	_	_	5	punct	_	_","1	because	_	SCONJ	IN	_	6	mark	_	_
2	then	_	ADV	RB	_	6	advmod	_	_
3	we	_	PRON	PRP	_	6	nsubj	_	_
4	would	_	AUX	MD	_	6	aux	_	_
5	n't	_	PART	RB	_	6	advmod	_	_
6	get	_	VERB	VB	_	0	root	_	_
7	them	_	PRON	PRP	_	6	obj	_	_
8	on	_	ADP	IN	_	10	case	_	_
9	Christmas	_	PROPN	NNP	_	10	compound	_	_
10	Eve	_	PROPN	NNP	_	6	obl	_	_
11	.	_	PUNCT	.	_	6	punct	_	_",
I have to go poop .,"1	I	_	_	_	_	2	nsubj	_	_
2	have	_	_	_	_	0	root	_	_
3	to	_	_	_	_	4	mark	_	_
4	go	_	_	_	_	2	xcomp	_	_
5	poop	_	_	_	_	4	xcomp	_	_
6	.	_	_	_	_	2	punct	_	_","1	I	_	PRON	PRP	_	2	nsubj	_	_
2	have	_	VERB	VBP	_	0	root	_	_
3	to	_	PART	TO	_	4	mark	_	_
4	go	_	VERB	VB	_	2	xcomp	_	_
5	poop	_	NOUN	NN	_	4	obj	_	_
6	.	_	PUNCT	.	_	2	punct	_	_",
and then I have to go poop .,"1	and	_	_	_	_	4	cc	_	_
2	then	_	_	_	_	4	advmod	_	_
3	I	_	_	_	_	4	nsubj	_	_
4	have	_	_	_	_	0	root	_	_
5	to	_	_	_	_	6	mark	_	_
6	go	_	_	_	_	4	xcomp	_	_
7	poop	_	_	_	_	6	xcomp	_	_
8	.	_	_	_	_	4	punct	_	_","1	and	_	CCONJ	CC	_	4	cc	_	_
2	then	_	ADV	RB	_	4	advmod	_	_
3	I	_	PRON	PRP	_	4	nsubj	_	_
4	have	_	VERB	VBP	_	0	root	_	_
5	to	_	PART	TO	_	6	mark	_	_
6	go	_	VERB	VB	_	4	xcomp	_	_
7	poop	_	NOUN	NN	_	6	obj	_	_
8	.	_	PUNCT	.	_	4	punct	_	_",
Mommy do you really like those ?,"1	Mommy	_	_	_	_	5	vocative	_	_
2	do	_	_	_	_	5	aux	_	_
3	you	_	_	_	_	5	nsubj	_	_
4	really	_	_	_	_	5	advmod	_	_
5	like	_	_	_	_	0	root	_	_
6	those	_	_	_	_	5	obj	_	_
7	?	_	_	_	_	5	punct	_	_","1	Mommy	_	PROPN	NNP	_	5	obj	_	_
2	do	_	AUX	VBP	_	5	aux	_	_
3	you	_	PRON	PRP	_	5	nsubj	_	_
4	really	_	ADV	RB	_	5	advmod	_	_
5	like	_	VERB	VB	_	0	root	_	_
6	those	_	PRON	DT	_	5	obj	_	_
7	?	_	PUNCT	.	_	5	punct	_	_",
that's Mummy .,"1	that's	_	_	_	_	2	nsubj	_	_
2	Mummy	_	_	_	_	0	root	_	_
3	.	_	_	_	_	2	punct	_	_","1	that	_	PRON	DT	_	3	nsubj	_	_
2	's	_	AUX	VBZ	_	3	cop	_	_
3	Mummy	_	PROPN	NNP	_	0	root	_	_
4	.	_	PUNCT	.	_	3	punct	_	_",
that's Thomas .,"1	that's	_	_	_	_	2	nsubj	_	_
2	Thomas	_	_	_	_	0	root	_	_
3	.	_	_	_	_	2	punct	_	_","1	that	_	PRON	DT	_	3	nsubj	_	_
2	's	_	AUX	VBZ	_	3	cop	_	_
3	Thomas	_	PROPN	NNP	_	0	root	_	_
4	.	_	PUNCT	.	_	3	punct	_	_",
it's Thursday now .,"1	it's	_	_	_	_	2	cop	_	_
2	Thursday	_	_	_	_	0	root	_	_
3	now	_	_	_	_	2	advmod	_	_
4	.	_	_	_	_	2	punct	_	_","1	it	_	PRON	PRP	_	3	nsubj	_	_
2	's	_	AUX	VBZ	_	3	cop	_	_
3	Thursday	_	PROPN	NNP	_	0	root	_	_
4	now	_	ADV	RB	_	3	advmod	_	_
5	.	_	PUNCT	.	_	3	punct	_	_",
twenty three .,"1	twenty	_	_	_	_	0	root	_	_
2	three	_	_	_	_	1	conj	_	_
3	.	_	_	_	_	1	punct	_	_","1	twenty	_	NUM	CD	_	2	nummod	_	_
2	three	_	NUM	CD	_	0	root	_	_
3	.	_	PUNCT	.	_	2	punct	_	_",
where's my train man ?,"1	where's	_	_	_	_	0	root	_	_
2	my	_	_	_	_	4	nmod:poss	_	_
3	train	_	_	_	_	4	compound	_	_
4	man	_	_	_	_	1	nsubj	_	_
5	?	_	_	_	_	1	punct	_	_","1	where	_	ADV	WRB	_	0	root	_	_
2	's	_	AUX	VBZ	_	1	cop	_	_
3	my	_	PRON	PRP$	_	5	nmod:poss	_	_
4	train	_	NOUN	NN	_	5	compound	_	_
5	man	_	NOUN	NN	_	1	nsubj	_	_
6	?	_	PUNCT	.	_	1	punct	_	_",
it's James .,"1	it's	_	_	_	_	2	nsubj	_	_
2	James	_	_	_	_	0	root	_	_
3	.	_	_	_	_	2	punct	_	_","1	it	_	PRON	PRP	_	3	nsubj	_	_
2	's	_	AUX	VBZ	_	3	cop	_	_
3	James	_	PROPN	NNP	_	0	root	_	_
4	.	_	PUNCT	.	_	3	punct	_	_",
that's my dinner chair .,"1	that's	_	_	_	_	4	cop	_	_
2	my	_	_	_	_	4	nmod:poss	_	_
3	dinner	_	_	_	_	4	compound	_	_
4	chair	_	_	_	_	0	root	_	_
5	.	_	_	_	_	4	punct	_	_","1	that	_	PRON	DT	_	5	nsubj	_	_
2	's	_	AUX	VBZ	_	5	cop	_	_
3	my	_	PRON	PRP$	_	5	nmod:poss	_	_
4	dinner	_	NOUN	NN	_	5	compound	_	_
5	chair	_	NOUN	NN	_	0	root	_	_
6	.	_	PUNCT	.	_	5	punct	_	_",
James's driver .,"1	James's	_	_	_	_	2	nmod:poss	_	_
2	driver	_	_	_	_	0	root	_	_
3	.	_	_	_	_	2	punct	_	_","1	James	_	PROPN	NNP	_	3	nmod:poss	_	_
2	's	_	PART	POS	_	1	case	_	_
3	driver	_	NOUN	NN	_	0	root	_	_
4	.	_	PUNCT	.	_	3	punct	_	_",
that's James .,"1	that's	_	_	_	_	2	nsubj	_	_
2	James	_	_	_	_	0	root	_	_
3	.	_	_	_	_	2	punct	_	_","1	that	_	PRON	DT	_	3	nsubj	_	_
2	's	_	AUX	VBZ	_	3	cop	_	_
3	James	_	PROPN	NNP	_	0	root	_	_
4	.	_	PUNCT	.	_	3	punct	_	_",
my train man's all strapped up in his train .,"1	my	_	_	_	_	3	nmod:poss	_	_
2	train	_	_	_	_	3	compound	_	_
3	man's	_	_	_	_	5	nsubj:pass	_	_
4	all	_	_	_	_	5	advmod	_	_
5	strapped	_	_	_	_	0	root	_	_
6	up	_	_	_	_	5	compound:prt	_	_
7	in	_	_	_	_	9	case	_	_
8	his	_	_	_	_	9	nmod:poss	_	_
9	train	_	_	_	_	5	obl	_	_
10	.	_	_	_	_	5	punct	_	_","1	my	_	PRON	PRP$	_	3	nmod:poss	_	_
2	train	_	NOUN	NN	_	3	compound	_	_
3	man	_	NOUN	NN	_	6	nsubj:pass	_	_
4	's	_	AUX	VBZ	_	6	aux:pass	_	_
5	all	_	DET	DT	_	6	advmod	_	_
6	strapped	_	VERB	VBN	_	0	root	_	_
7	up	_	ADP	RP	_	6	compound:prt	_	_
8	in	_	ADP	IN	_	10	case	_	_
9	his	_	PRON	PRP$	_	10	nmod:poss	_	_
10	train	_	NOUN	NN	_	6	obl	_	_
11	.	_	PUNCT	.	_	6	punct	_	_",
bye bye !,"1	bye	_	_	_	_	0	root	_	_
2	bye	_	_	_	_	1	compound	_	_
3	!	_	_	_	_	1	punct	_	_","1	bye	_	INTJ	UH	_	2	discourse	_	_
2	bye	_	INTJ	UH	_	0	root	_	_
3	!	_	PUNCT	.	_	2	punct	_	_","1-3	Bye-bye	_	_	_	_	_	_	_	SpaceAfter=No
1	Bye	bye	NOUN	NN	_	0	root	0:root	_
2	-	-	PUNCT	HYPH	_	1	punct	1:punct	_
3	bye	bye	NOUN	NN	_	1	compound	1:compound	_
4	.	.	PUNCT	.	_	1	punct	1:punct	_
"
bye bye .,"1	bye	_	_	_	_	0	root	_	_
2	bye	_	_	_	_	1	conj	_	_
3	.	_	_	_	_	1	punct	_	_","1	bye	_	INTJ	UH	_	2	discourse	_	_
2	bye	_	NOUN	NN	_	0	root	_	_
3	.	_	PUNCT	.	_	2	punct	_	_","1-3	Bye-bye	_	_	_	_	_	_	_	SpaceAfter=No
1	Bye	bye	NOUN	NN	_	0	root	0:root	_
2	-	-	PUNCT	HYPH	_	1	punct	1:punct	_
3	bye	bye	NOUN	NN	_	1	compound	1:compound	_
4	.	.	PUNCT	.	_	1	punct	1:punct	_
"
that's my my train driver dinner .,"1	that's	_	_	_	_	6	cop	_	_
2	my	_	_	_	_	3	reparandum	_	_
3	my	_	_	_	_	5	nmod:poss	_	_
4	train	_	_	_	_	5	compound	_	_
5	driver	_	_	_	_	6	nmod:poss	_	_
6	dinner	_	_	_	_	0	root	_	_
7	.	_	_	_	_	6	punct	_	_","1	that	_	PRON	DT	_	7	nsubj	_	_
2	's	_	AUX	VBZ	_	7	cop	_	_
3	my	_	PRON	PRP$	_	7	nmod:poss	_	_
4	my	_	PRON	PRP$	_	7	nmod:poss	_	_
5	train	_	NOUN	NN	_	6	compound	_	_
6	driver	_	NOUN	NN	_	7	compound	_	_
7	dinner	_	NOUN	NN	_	0	root	_	_
8	.	_	PUNCT	.	_	7	punct	_	_",
um no .,"1	um	_	_	_	_	0	root	_	_
2	no	_	_	_	_	1	discourse	_	_
3	.	_	_	_	_	1	punct	_	_","1	um	_	INTJ	UH	_	2	discourse	_	_
2	no	_	INTJ	UH	_	0	root	_	_
3	.	_	PUNCT	.	_	2	punct	_	_","1	Um	um	INTJ	UH	_	0	root	0:root	_
2	no	no	INTJ	UH	_	1	discourse	1:discourse	SpaceAfter=No
3	!	!	PUNCT	!	_	1	punct	1:punct	_
"
"look , Mummy .","1	look	_	_	_	_	0	root	_	_
2	,	_	_	_	_	1	vocative	_	_
3	Mummy	_	_	_	_	1	vocative	_	_
4	.	_	_	_	_	1	punct	_	_","1	look	_	VERB	VB	_	0	root	_	_
2	,	_	PUNCT	,	_	3	punct	_	_
3	Mummy	_	PROPN	NNP	_	1	vocative	_	_
4	.	_	PUNCT	.	_	1	punct	_	_","1	Look	look	VERB	VB	_	0	root	0:root	_
2	Mummy	Mummy	PROPN	NNP	_	1	vocative	1:vocative	SpaceAfter=No
3	.	.	PUNCT	.	_	1	punct	1:punct	_
"
the cupboard's going away this night .,"1	the	_	_	_	_	2	det	_	_
2	cupboard's	_	_	_	_	3	nsubj	_	_
3	going	_	_	_	_	0	root	_	_
4	away	_	_	_	_	3	advmod	_	_
5	this	_	_	_	_	6	det	_	_
6	night	_	_	_	_	3	obl:unmarked	_	_
7	.	_	_	_	_	3	punct	_	_","1	the	_	DET	DT	_	2	det	_	_
2	cupboard	_	NOUN	NN	_	4	nsubj	_	_
3	's	_	AUX	VBZ	_	4	aux	_	_
4	going	_	VERB	VBG	_	0	root	_	_
5	away	_	ADV	RB	_	4	advmod	_	_
6	this	_	DET	DT	_	7	det	_	_
7	night	_	NOUN	NN	_	4	obl:unmarked	_	_
8	.	_	PUNCT	.	_	4	punct	_	_",
it's Friday .,"1	it's	_	_	_	_	2	cop	_	_
2	Friday	_	_	_	_	0	root	_	_
3	.	_	_	_	_	2	punct	_	_","1	it	_	PRON	PRP	_	3	nsubj	_	_
2	's	_	AUX	VBZ	_	3	cop	_	_
3	Friday	_	PROPN	NNP	_	0	root	_	_
4	.	_	PUNCT	.	_	3	punct	_	_",
something else .,"1	something	_	_	_	_	0	root	_	_
2	else	_	_	_	_	1	amod	_	_
3	.	_	_	_	_	1	punct	_	_","1	something	_	PRON	NN	_	0	root	_	_
2	else	_	ADJ	JJ	_	1	advmod	_	_
3	.	_	PUNCT	.	_	1	punct	_	_",
something else .,"1	something	_	_	_	_	0	root	_	_
2	else	_	_	_	_	1	amod	_	_
3	.	_	_	_	_	1	punct	_	_","1	something	_	PRON	NN	_	0	root	_	_
2	else	_	ADJ	JJ	_	1	advmod	_	_
3	.	_	PUNCT	.	_	1	punct	_	_",
what's this ?,"1	what's	_	_	_	_	0	root	_	_
2	this	_	_	_	_	1	nsubj	_	_
3	?	_	_	_	_	1	punct	_	_","1	what	_	PRON	WP	_	3	nsubj	_	_
2	's	_	AUX	VBZ	_	3	cop	_	_
3	this	_	PRON	DT	_	0	root	_	_
4	?	_	PUNCT	.	_	3	punct	_	_",
I don't know .,"1	I	_	_	_	_	3	nsubj	_	_
2	don't	_	_	_	_	3	aux	_	_
3	know	_	_	_	_	0	root	_	_
4	.	_	_	_	_	3	punct	_	_","1	I	_	PRON	PRP	_	4	nsubj	_	_
2	do	_	AUX	VBP	_	4	aux	_	_
3	n't	_	PART	RB	_	4	advmod	_	_
4	know	_	VERB	VB	_	0	root	_	_
5	.	_	PUNCT	.	_	4	punct	_	_",
it's water .,"1	it's	_	_	_	_	2	cop	_	_
2	water	_	_	_	_	0	root	_	_
3	.	_	_	_	_	2	punct	_	_","1	it	_	PRON	PRP	_	3	nsubj	_	_
2	's	_	AUX	VBZ	_	3	cop	_	_
3	water	_	NOUN	NN	_	0	root	_	_
4	.	_	PUNCT	.	_	3	punct	_	_",
I'm Fireman Sam Thomas .,"1	I'm	_	_	_	_	2	nsubj	_	_
2	Fireman	_	_	_	_	0	root	_	_
3	Sam	_	_	_	_	2	flat	_	_
4	Thomas	_	_	_	_	3	flat	_	_
5	.	_	_	_	_	2	punct	_	_","1	I	_	PRON	PRP	_	3	nsubj	_	_
2	'm	_	AUX	VBP	_	3	cop	_	_
3	Fireman	_	PROPN	NNP	_	0	root	_	_
4	Sam	_	PROPN	NNP	_	3	flat	_	_
5	Thomas	_	PROPN	NNP	_	4	flat	_	_
6	.	_	PUNCT	.	_	3	punct	_	_",
Fireman Sam's laughing .,"1	Fireman	_	_	_	_	3	nsubj	_	_
2	Sam's	_	_	_	_	3	aux	_	_
3	laughing	_	_	_	_	0	root	_	_
4	.	_	_	_	_	3	punct	_	_","1	Fireman	_	PROPN	NNP	_	4	nsubj	_	_
2	Sam	_	PROPN	NNP	_	1	flat	_	_
3	's	_	AUX	VBZ	_	4	aux	_	_
4	laughing	_	VERB	VBG	_	0	root	_	_
5	.	_	PUNCT	.	_	4	punct	_	_",
up here .,"1	up	_	_	_	_	2	advmod	_	_
2	here	_	_	_	_	0	root	_	_
3	.	_	_	_	_	2	punct	_	_","1	up	_	ADV	RB	_	0	root	_	_
2	here	_	ADV	RB	_	1	advmod	_	_
3	.	_	PUNCT	.	_	2	punct	_	_","1	Up	up	ADV	RB	_	2	advmod	2:advmod	_
2	here	here	ADV	RB	_	0	root	0:root	SpaceAfter=No
3	.	.	PUNCT	.	_	2	punct	2:punct	_
"
look look .,"1	look	_	_	_	_	0	root	_	_
2	look	_	_	_	_	1	conj	_	_
3	.	_	_	_	_	1	punct	_	_","1	look	_	VERB	VB	_	0	root	_	_
2	look	_	NOUN	NN	_	1	obj	_	_
3	.	_	PUNCT	.	_	1	punct	_	_","1	Look	look	VERB	VB	_	0	root	0:root	_
2	look	look	NOUN	NN	_	1	conj	1:conj	SpaceAfter=No
3	.	.	PUNCT	.	_	1	punct	1:punct	_
"
like a sausage roll thing .,"1	like	_	_	_	_	5	case	_	_
2	a	_	_	_	_	5	det	_	_
3	sausage	_	_	_	_	4	compound	_	_
4	roll	_	_	_	_	5	compound	_	_
5	thing	_	_	_	_	0	root	_	_
6	.	_	_	_	_	5	punct	_	_","1	like	_	ADP	IN	_	5	discourse	_	_
2	a	_	DET	DT	_	5	det	_	_
3	sausage	_	NOUN	NN	_	4	compound	_	_
4	roll	_	NOUN	NN	_	5	compound	_	_
5	thing	_	NOUN	NN	_	0	root	_	_
6	.	_	PUNCT	.	_	5	punct	_	_",
it's a firework .,"1	it's	_	_	_	_	3	cop	_	_
2	a	_	_	_	_	3	det	_	_
3	firework	_	_	_	_	0	root	_	_
4	.	_	_	_	_	3	punct	_	_","1	it	_	PRON	PRP	_	4	nsubj	_	_
2	's	_	AUX	VBZ	_	4	cop	_	_
3	a	_	DET	DT	_	4	det	_	_
4	firework	_	NOUN	NN	_	0	root	_	_
5	.	_	PUNCT	.	_	4	punct	_	_",
that's a firework .,"1	that's	_	_	_	_	3	cop	_	_
2	a	_	_	_	_	3	det	_	_
3	firework	_	_	_	_	0	root	_	_
4	.	_	_	_	_	3	punct	_	_","1	that	_	PRON	DT	_	4	nsubj	_	_
2	's	_	AUX	VBZ	_	4	cop	_	_
3	a	_	DET	DT	_	4	det	_	_
4	firework	_	NOUN	NN	_	0	root	_	_
5	.	_	PUNCT	.	_	4	punct	_	_",
I don't know .,"1	I	_	_	_	_	3	nsubj	_	_
2	don't	_	_	_	_	3	aux	_	_
3	know	_	_	_	_	0	root	_	_
4	.	_	_	_	_	3	punct	_	_","1	I	_	PRON	PRP	_	4	nsubj	_	_
2	do	_	AUX	VBP	_	4	aux	_	_
3	n't	_	PART	RB	_	4	advmod	_	_
4	know	_	VERB	VB	_	0	root	_	_
5	.	_	PUNCT	.	_	4	punct	_	_",
Noo Noo .,"1	Noo	_	_	_	_	0	root	_	_
2	Noo	_	_	_	_	1	conj	_	_
3	.	_	_	_	_	1	punct	_	_","1	Noo	_	INTJ	UH	_	2	discourse	_	_
2	Noo	_	INTJ	UH	_	0	root	_	_
3	.	_	PUNCT	.	_	1	punct	_	_",
Grandad's pal .,"1	Grandad's	_	_	_	_	2	nmod:poss	_	_
2	pal	_	_	_	_	0	root	_	_
3	.	_	_	_	_	2	punct	_	_","1	Grandad	_	PROPN	NNP	_	3	nmod:poss	_	_
2	's	_	PART	POS	_	1	case	_	_
3	pal	_	NOUN	NN	_	0	root	_	_
4	.	_	PUNCT	.	_	3	punct	_	_",
you'll cry .,"1	you'll	_	_	_	_	2	nsubj	_	_
2	cry	_	_	_	_	0	root	_	_
3	.	_	_	_	_	2	punct	_	_","1	you	_	PRON	PRP	_	3	nsubj	_	_
2	'll	_	AUX	MD	_	3	aux	_	_
3	cry	_	VERB	VB	_	0	root	_	_
4	.	_	PUNCT	.	_	3	punct	_	_",
you're dog poo .,"1	you're	_	_	_	_	3	nsubj	_	_
2	dog	_	_	_	_	3	compound	_	_
3	poo	_	_	_	_	0	root	_	_
4	.	_	_	_	_	3	punct	_	_","1	you	_	PRON	PRP	_	4	nsubj	_	_
2	're	_	AUX	VBP	_	4	cop	_	_
3	dog	_	NOUN	NN	_	4	compound	_	_
4	poo	_	NOUN	NN	_	0	root	_	_
5	.	_	PUNCT	.	_	4	punct	_	_",
Daddy's blue .,"1	Daddy's	_	_	_	_	2	nsubj	_	_
2	blue	_	_	_	_	0	root	_	_
3	.	_	_	_	_	2	punct	_	_","1	Daddy	_	PROPN	NNP	_	3	nmod:poss	_	_
2	's	_	PART	POS	_	1	case	_	_
3	blue	_	NOUN	NN	_	0	root	_	_
4	.	_	PUNCT	.	_	3	punct	_	_",
Dad Dad !,"1	Dad	_	_	_	_	0	root	_	_
2	Dad	_	_	_	_	1	conj	_	_
3	!	_	_	_	_	1	punct	_	_","1	Dad	_	NOUN	NN	_	0	root	_	_
2	Dad	_	NOUN	NN	_	1	flat	_	_
3	!	_	PUNCT	.	_	1	punct	_	_",
"wake up , La La !","1	wake	_	_	_	_	0	root	_	_
2	up	_	_	_	_	1	compound:prt	_	_
3	,	_	_	_	_	1	vocative	_	_
4	La	_	_	_	_	1	vocative	_	_
5	La	_	_	_	_	4	flat	_	_
6	!	_	_	_	_	1	punct	_	_","1	wake	_	VERB	VB	_	0	root	_	_
2	up	_	ADP	RP	_	1	compound:prt	_	_
3	,	_	PUNCT	,	_	4	punct	_	_
4	La	_	PROPN	NNP	_	1	vocative	_	_
5	La	_	PROPN	NNP	_	4	flat	_	_
6	!	_	PUNCT	.	_	1	punct	_	_",
Lala's not waking up .,"1	Lala's	_	_	_	_	3	nsubj	_	_
2	not	_	_	_	_	3	advmod	_	_
3	waking	_	_	_	_	0	root	_	_
4	up	_	_	_	_	3	compound:prt	_	_
5	.	_	_	_	_	3	punct	_	_","1	Lala	_	PROPN	NNP	_	4	nsubj	_	_
2	's	_	AUX	VBZ	_	4	aux	_	_
3	not	_	PART	RB	_	4	advmod	_	_
4	waking	_	VERB	VBG	_	0	root	_	_
5	up	_	ADP	RP	_	4	compound:prt	_	_
6	.	_	PUNCT	.	_	4	punct	_	_",
I don't know .,"1	I	_	_	_	_	3	nsubj	_	_
2	don't	_	_	_	_	3	aux	_	_
3	know	_	_	_	_	0	root	_	_
4	.	_	_	_	_	3	punct	_	_","1	I	_	PRON	PRP	_	4	nsubj	_	_
2	do	_	AUX	VBP	_	4	aux	_	_
3	n't	_	PART	RB	_	4	advmod	_	_
4	know	_	VERB	VB	_	0	root	_	_
5	.	_	PUNCT	.	_	4	punct	_	_",
a big bear has eaten Mummy all up .,"1	a	_	_	_	_	3	det	_	_
2	big	_	_	_	_	3	amod	_	_
3	bear	_	_	_	_	5	nsubj	_	_
4	has	_	_	_	_	5	aux	_	_
5	eaten	_	_	_	_	0	root	_	_
6	Mummy	_	_	_	_	5	obj	_	_
7	all	_	_	_	_	8	advmod	_	_
8	up	_	_	_	_	5	advmod	_	_
9	.	_	_	_	_	5	punct	_	_","1	a	_	DET	DT	_	3	det	_	_
2	big	_	ADJ	JJ	_	3	amod	_	_
3	bear	_	NOUN	NN	_	5	nsubj	_	_
4	has	_	AUX	VBZ	_	5	aux	_	_
5	eaten	_	VERB	VBN	_	0	root	_	_
6	Mummy	_	PROPN	NNP	_	5	obj	_	_
7	all	_	DET	DT	_	6	det	_	_
8	up	_	ADP	RP	_	5	compound:prt	_	_
9	.	_	PUNCT	.	_	5	punct	_	_",
Aunty sausage man .,"1	Aunty	_	_	_	_	3	nmod:poss	_	_
2	sausage	_	_	_	_	3	compound	_	_
3	man	_	_	_	_	0	root	_	_
4	.	_	_	_	_	3	punct	_	_","1	Aunty	_	NOUN	NN	_	3	compound	_	_
2	sausage	_	NOUN	NN	_	3	compound	_	_
3	man	_	NOUN	NN	_	0	root	_	_
4	.	_	PUNCT	.	_	3	punct	_	_",
Aunty sausage man .,"1	Aunty	_	_	_	_	3	nmod:poss	_	_
2	sausage	_	_	_	_	3	compound	_	_
3	man	_	_	_	_	0	root	_	_
4	.	_	_	_	_	3	punct	_	_","1	Aunty	_	NOUN	NN	_	3	compound	_	_
2	sausage	_	NOUN	NN	_	3	compound	_	_
3	man	_	NOUN	NN	_	0	root	_	_
4	.	_	PUNCT	.	_	3	punct	_	_",
hello La La.,"1	hello	_	_	_	_	3	root	_	_
2	La	_	_	_	_	0	vocative	_	_
3	La.	_	_	_	_	2	flat	_	_","1	hello	_	INTJ	UH	_	0	root	_	_
2	La	_	PROPN	NNP	_	1	flat	_	_
3	La.	_	PROPN	NNP	_	1	flat	_	_",
that's ready .,"1	that's	_	_	_	_	2	nsubj	_	_
2	ready	_	_	_	_	0	root	_	_
3	.	_	_	_	_	2	punct	_	_","1	that	_	PRON	DT	_	3	nsubj	_	_
2	's	_	AUX	VBZ	_	3	cop	_	_
3	ready	_	ADJ	JJ	_	0	root	_	_
4	.	_	PUNCT	.	_	3	punct	_	_",
bye bye La La.,"1	bye	_	_	_	_	0	discourse	_	_
2	bye	_	_	_	_	3	conj	_	_
3	La	_	_	_	_	1	vocative	_	_
4	La.	_	_	_	_	3	flat	_	_","1	bye	_	INTJ	UH	_	3	discourse	_	_
2	bye	_	INTJ	UH	_	3	discourse	_	_
3	La	_	PROPN	NNP	_	0	root	_	_
4	La.	_	PROPN	NNP	_	3	flat	_	_",
hello Tinky Winky .,"1	hello	_	_	_	_	0	root	_	_
2	Tinky	_	_	_	_	1	vocative	_	_
3	Winky	_	_	_	_	2	flat	_	_
4	.	_	_	_	_	1	punct	_	_","1	hello	_	INTJ	UH	_	0	root	_	_
2	Tinky	_	PROPN	NNP	_	1	flat	_	_
3	Winky	_	PROPN	NNP	_	1	flat	_	_
4	.	_	PUNCT	.	_	1	punct	_	_",
hello Po .,"1	hello	_	_	_	_	0	root	_	_
2	Po	_	_	_	_	1	vocative	_	_
3	.	_	_	_	_	1	punct	_	_","1	hello	_	INTJ	UH	_	0	root	_	_
2	Po	_	INTJ	UH	_	1	flat	_	_
3	.	_	PUNCT	.	_	1	punct	_	_","1	Hello	hello	INTJ	UH	_	0	root	0:root	_
2	Po	Po	PROPN	NNP	_	1	vocative	1:vocative	SpaceAfter=No
3	.	.	PUNCT	.	_	1	punct	1:punct	_
"
don't you make the dog fall down .,"1	don't	_	_	_	_	3	aux	_	_
2	you	_	_	_	_	3	nsubj	_	_
3	make	_	_	_	_	0	root	_	_
4	the	_	_	_	_	5	det	_	_
5	dog	_	_	_	_	3	obj	_	_
6	fall	_	_	_	_	3	xcomp	_	_
7	down	_	_	_	_	6	advmod	_	_
8	.	_	_	_	_	3	punct	_	_","1	do	_	AUX	VBP	_	4	aux	_	_
2	n't	_	PART	RB	_	4	advmod	_	_
3	you	_	PRON	PRP	_	4	nsubj	_	_
4	make	_	VERB	VB	_	0	root	_	_
5	the	_	DET	DT	_	6	det	_	_
6	dog	_	NOUN	NN	_	4	obj	_	_
7	fall	_	VERB	VB	_	4	xcomp	_	_
8	down	_	ADP	RP	_	7	compound:prt	_	_
9	.	_	PUNCT	.	_	4	punct	_	_",
and that hurts him so you hurt him too .,"1	and	_	_	_	_	3	cc	_	_
2	that	_	_	_	_	3	nsubj	_	_
3	hurts	_	_	_	_	0	root	_	_
4	him	_	_	_	_	3	obj	_	_
5	so	_	_	_	_	7	advmod	_	_
6	you	_	_	_	_	7	nsubj	_	_
7	hurt	_	_	_	_	3	parataxis	_	_
8	him	_	_	_	_	7	obj	_	_
9	too	_	_	_	_	7	advmod	_	_
10	.	_	_	_	_	3	punct	_	_","1	and	_	CCONJ	CC	_	3	cc	_	_
2	that	_	PRON	DT	_	3	nsubj	_	_
3	hurts	_	VERB	VBZ	_	0	root	_	_
4	him	_	PRON	PRP	_	3	obj	_	_
5	so	_	SCONJ	IN	_	7	mark	_	_
6	you	_	PRON	PRP	_	7	nsubj	_	_
7	hurt	_	VERB	VBD	_	3	advcl	_	_
8	him	_	PRON	PRP	_	7	obj	_	_
9	too	_	ADV	RB	_	7	advmod	_	_
10	.	_	PUNCT	.	_	3	punct	_	_",
and dog doesn't like that .,"1	and	_	_	_	_	4	cc	_	_
2	dog	_	_	_	_	4	nsubj	_	_
3	doesn't	_	_	_	_	4	advmod	_	_
4	like	_	_	_	_	0	root	_	_
5	that	_	_	_	_	4	obj	_	_
6	.	_	_	_	_	4	punct	_	_","1	and	_	CCONJ	CC	_	5	cc	_	_
2	dog	_	NOUN	NN	_	5	nsubj	_	_
3	does	_	AUX	VBZ	_	5	aux	_	_
4	n't	_	PART	RB	_	5	advmod	_	_
5	like	_	VERB	VB	_	0	root	_	_
6	that	_	PRON	DT	_	5	obj	_	_
7	.	_	PUNCT	.	_	5	punct	_	_",
cause he cries every day when you push him down .,"1	cause	_	_	_	_	3	mark	_	_
2	he	_	_	_	_	3	nsubj	_	_
3	cries	_	_	_	_	0	root	_	_
4	every	_	_	_	_	5	det	_	_
5	day	_	_	_	_	3	obl:unmarked	_	_
6	when	_	_	_	_	8	mark	_	_
7	you	_	_	_	_	8	nsubj	_	_
8	push	_	_	_	_	3	advcl	_	_
9	him	_	_	_	_	8	obj	_	_
10	down	_	_	_	_	8	compound:prt	_	_
11	.	_	_	_	_	3	punct	_	_","1	cause	_	SCONJ	IN	_	3	mark	_	_
2	he	_	PRON	PRP	_	3	nsubj	_	_
3	cries	_	VERB	VBZ	_	0	root	_	_
4	every	_	DET	DT	_	5	det	_	_
5	day	_	NOUN	NN	_	3	obl:unmarked	_	_
6	when	_	ADV	WRB	_	8	advmod	_	_
7	you	_	PRON	PRP	_	8	nsubj	_	_
8	push	_	VERB	VBP	_	3	advcl	_	_
9	him	_	PRON	PRP	_	8	obj	_	_
10	down	_	ADP	RP	_	8	compound:prt	_	_
11	.	_	PUNCT	.	_	3	punct	_	_",
that's a daddy and that's a doggy and that's a mother and that's a little girl .,"1	that's	_	_	_	_	3	cop	_	_
2	a	_	_	_	_	3	det	_	_
3	daddy	_	_	_	_	0	root	_	_
4	and	_	_	_	_	7	cc	_	_
5	that's	_	_	_	_	7	cop	_	_
6	a	_	_	_	_	7	det	_	_
7	doggy	_	_	_	_	3	conj	_	_
8	and	_	_	_	_	11	cc	_	_
9	that's	_	_	_	_	11	cop	_	_
10	a	_	_	_	_	11	det	_	_
11	mother	_	_	_	_	3	conj	_	_
12	and	_	_	_	_	16	cc	_	_
13	that's	_	_	_	_	16	cop	_	_
14	a	_	_	_	_	16	det	_	_
15	little	_	_	_	_	16	amod	_	_
16	girl	_	_	_	_	3	conj	_	_
17	.	_	_	_	_	3	punct	_	_","1	that	_	PRON	DT	_	4	nsubj	_	_
2	's	_	AUX	VBZ	_	4	cop	_	_
3	a	_	DET	DT	_	4	det	_	_
4	daddy	_	NOUN	NN	_	0	root	_	_
5	and	_	CCONJ	CC	_	9	cc	_	_
6	that	_	PRON	DT	_	9	nsubj	_	_
7	's	_	AUX	VBZ	_	9	cop	_	_
8	a	_	DET	DT	_	9	det	_	_
9	doggy	_	ADJ	JJ	_	4	conj	_	_
10	and	_	CCONJ	CC	_	14	cc	_	_
11	that	_	PRON	DT	_	14	nsubj	_	_
12	's	_	AUX	VBZ	_	14	cop	_	_
13	a	_	DET	DT	_	14	det	_	_
14	mother	_	NOUN	NN	_	4	conj	_	_
15	and	_	CCONJ	CC	_	20	cc	_	_
16	that	_	PRON	DT	_	20	nsubj	_	_
17	's	_	AUX	VBZ	_	20	cop	_	_
18	a	_	DET	DT	_	20	det	_	_
19	little	_	ADJ	JJ	_	20	amod	_	_
20	girl	_	NOUN	NN	_	14	conj	_	_
21	.	_	PUNCT	.	_	4	punct	_	_",
yup they're all together .,"1	yup	_	_	_	_	4	discourse	_	_
2	they're	_	_	_	_	4	cop	_	_
3	all	_	_	_	_	4	advmod	_	_
4	together	_	_	_	_	0	root	_	_
5	.	_	_	_	_	4	punct	_	_","1	yup	_	INTJ	UH	_	5	discourse	_	_
2	they	_	PRON	PRP	_	5	nsubj	_	_
3	're	_	AUX	VBP	_	5	cop	_	_
4	all	_	ADV	RB	_	5	advmod	_	_
5	together	_	ADV	RB	_	0	root	_	_
6	.	_	PUNCT	.	_	5	punct	_	_",
and he's walking .,"1	and	_	_	_	_	3	cc	_	_
2	he's	_	_	_	_	3	nsubj	_	_
3	walking	_	_	_	_	0	root	_	_
4	.	_	_	_	_	3	punct	_	_","1	and	_	CCONJ	CC	_	4	cc	_	_
2	he	_	PRON	PRP	_	4	nsubj	_	_
3	's	_	AUX	VBZ	_	4	aux	_	_
4	walking	_	VERB	VBG	_	0	root	_	_
5	.	_	PUNCT	.	_	4	punct	_	_",
now that's for me .,"1	now	_	_	_	_	4	advmod	_	_
2	that's	_	_	_	_	4	nsubj	_	_
3	for	_	_	_	_	4	case	_	_
4	me	_	_	_	_	0	root	_	_
5	.	_	_	_	_	4	punct	_	_","1	now	_	ADV	RB	_	5	advmod	_	_
2	that	_	PRON	DT	_	5	nsubj	_	_
3	's	_	AUX	VBZ	_	5	cop	_	_
4	for	_	ADP	IN	_	5	case	_	_
5	me	_	PRON	PRP	_	0	root	_	_
6	.	_	PUNCT	.	_	5	punct	_	_",
here's going to be the candle .,"1	here's	_	_	_	_	2	nsubj	_	_
2	going	_	_	_	_	0	root	_	_
3	to	_	_	_	_	6	mark	_	_
4	be	_	_	_	_	6	cop	_	_
5	the	_	_	_	_	6	det	_	_
6	candle	_	_	_	_	2	xcomp	_	_
7	.	_	_	_	_	2	punct	_	_","1	here	_	ADV	RB	_	3	nsubj	_	_
2	's	_	AUX	VBZ	_	3	aux	_	_
3	going	_	VERB	VBG	_	0	root	_	_
4	to	_	PART	TO	_	7	mark	_	_
5	be	_	AUX	VB	_	7	cop	_	_
6	the	_	DET	DT	_	7	det	_	_
7	candle	_	NOUN	NN	_	3	xcomp	_	_
8	.	_	PUNCT	.	_	3	punct	_	_",
oh no .,"1	oh	_	_	_	_	0	root	_	_
2	no	_	_	_	_	1	discourse	_	_
3	.	_	_	_	_	1	punct	_	_","1	oh	_	INTJ	UH	_	2	discourse	_	_
2	no	_	INTJ	UH	_	0	root	_	_
3	.	_	PUNCT	.	_	2	punct	_	_","1	Oh	oh	INTJ	UH	_	0	root	0:root	_
2	no	no	INTJ	UH	_	1	discourse	1:discourse	SpaceAfter=No
3	.	.	PUNCT	.	_	1	punct	1:punct	_
"
I made a cake at at school .,"1	I	_	_	_	_	2	nsubj	_	_
2	made	_	_	_	_	0	root	_	_
3	a	_	_	_	_	4	det	_	_
4	cake	_	_	_	_	2	obj	_	_
5	at	_	_	_	_	6	reparandum	_	_
6	at	_	_	_	_	7	case	_	_
7	school	_	_	_	_	2	obl	_	_
8	.	_	_	_	_	2	punct	_	_","1	I	_	PRON	PRP	_	2	nsubj	_	_
2	made	_	VERB	VBD	_	0	root	_	_
3	a	_	DET	DT	_	4	det	_	_
4	cake	_	NOUN	NN	_	2	obj	_	_
5	at	_	ADP	IN	_	2	obl	_	_
6	at	_	ADP	IN	_	7	case	_	_
7	school	_	NOUN	NN	_	2	obl	_	_
8	.	_	PUNCT	.	_	2	punct	_	_",
happy birthday dear Gary .,"1	happy	_	_	_	_	2	amod	_	_
2	birthday	_	_	_	_	0	root	_	_
3	dear	_	_	_	_	2	amod	_	_
4	Gary	_	_	_	_	2	vocative	_	_
5	.	_	_	_	_	2	punct	_	_","1	happy	_	ADJ	JJ	_	2	amod	_	_
2	birthday	_	NOUN	NN	_	0	root	_	_
3	dear	_	ADJ	JJ	_	4	amod	_	_
4	Gary	_	PROPN	NNP	_	2	vocative	_	_
5	.	_	PUNCT	.	_	2	punct	_	_",
I didn't have cup cakes at school .,"1	I	_	_	_	_	3	nsubj	_	_
2	didn't	_	_	_	_	3	aux	_	_
3	have	_	_	_	_	0	root	_	_
4	cup	_	_	_	_	5	compound	_	_
5	cakes	_	_	_	_	3	obj	_	_
6	at	_	_	_	_	7	case	_	_
7	school	_	_	_	_	3	obl	_	_
8	.	_	_	_	_	3	punct	_	_","1	I	_	PRON	PRP	_	4	nsubj	_	_
2	did	_	AUX	VBD	_	4	aux	_	_
3	n't	_	PART	RB	_	4	advmod	_	_
4	have	_	VERB	VB	_	0	root	_	_
5	cup	_	NOUN	NN	_	6	compound	_	_
6	cakes	_	NOUN	NNS	_	4	obj	_	_
7	at	_	ADP	IN	_	8	case	_	_
8	school	_	NOUN	NN	_	4	obl	_	_
9	.	_	PUNCT	.	_	4	punct	_	_",
let's put the big candles on the cake .,"1	let's	_	_	_	_	0	root	_	_
2	put	_	_	_	_	1	xcomp	_	_
3	the	_	_	_	_	5	det	_	_
4	big	_	_	_	_	5	amod	_	_
5	candles	_	_	_	_	2	obj	_	_
6	on	_	_	_	_	8	case	_	_
7	the	_	_	_	_	8	det	_	_
8	cake	_	_	_	_	2	obl	_	_
9	.	_	_	_	_	1	punct	_	_","1	let	_	VERB	VB	_	0	root	_	_
2	's	_	PRON	PRP	_	1	obj	_	_
3	put	_	VERB	VB	_	1	xcomp	_	_
4	the	_	DET	DT	_	6	det	_	_
5	big	_	ADJ	JJ	_	6	amod	_	_
6	candles	_	NOUN	NNS	_	3	obj	_	_
7	on	_	ADP	IN	_	9	case	_	_
8	the	_	DET	DT	_	9	det	_	_
9	cake	_	NOUN	NN	_	3	obl	_	_
10	.	_	PUNCT	.	_	1	punct	_	_",
happy birthday dear Nina .,"1	happy	_	_	_	_	2	amod	_	_
2	birthday	_	_	_	_	0	root	_	_
3	dear	_	_	_	_	2	amod	_	_
4	Nina	_	_	_	_	2	vocative	_	_
5	.	_	_	_	_	2	punct	_	_","1	happy	_	ADJ	JJ	_	2	amod	_	_
2	birthday	_	NOUN	NN	_	0	root	_	_
3	dear	_	ADJ	JJ	_	4	amod	_	_
4	Nina	_	PROPN	NNP	_	2	vocative	_	_
5	.	_	PUNCT	.	_	2	punct	_	_",
we had a cake all by ourself .,"1	we	_	_	_	_	2	nsubj	_	_
2	had	_	_	_	_	0	root	_	_
3	a	_	_	_	_	4	det	_	_
4	cake	_	_	_	_	2	obj	_	_
5	all	_	_	_	_	7	advmod	_	_
6	by	_	_	_	_	7	case	_	_
7	ourself	_	_	_	_	2	obl	_	_
8	.	_	_	_	_	2	punct	_	_","1	we	_	PRON	PRP	_	2	nsubj	_	_
2	had	_	VERB	VBD	_	0	root	_	_
3	a	_	DET	DT	_	4	det	_	_
4	cake	_	NOUN	NN	_	2	obj	_	_
5	all	_	DET	DT	_	4	det	_	_
6	by	_	ADP	IN	_	7	case	_	_
7	ourself	_	PRON	PRP	_	2	obl	_	_
8	.	_	PUNCT	.	_	2	punct	_	_",
I'm putting matches on the cake .,"1	I'm	_	_	_	_	2	nsubj	_	_
2	putting	_	_	_	_	0	root	_	_
3	matches	_	_	_	_	2	obj	_	_
4	on	_	_	_	_	6	case	_	_
5	the	_	_	_	_	6	det	_	_
6	cake	_	_	_	_	2	obl	_	_
7	.	_	_	_	_	2	punct	_	_","1	I	_	PRON	PRP	_	3	nsubj	_	_
2	'm	_	AUX	VBP	_	3	aux	_	_
3	putting	_	VERB	VBG	_	0	root	_	_
4	matches	_	NOUN	NNS	_	3	obj	_	_
5	on	_	ADP	IN	_	7	case	_	_
6	the	_	DET	DT	_	7	det	_	_
7	cake	_	NOUN	NN	_	3	obl	_	_
8	.	_	PUNCT	.	_	3	punct	_	_",
oh that's your birthday .,"1	oh	_	_	_	_	4	discourse	_	_
2	that's	_	_	_	_	4	cop	_	_
3	your	_	_	_	_	4	nmod:poss	_	_
4	birthday	_	_	_	_	0	root	_	_
5	.	_	_	_	_	4	punct	_	_","1	oh	_	INTJ	UH	_	5	discourse	_	_
2	that	_	PRON	DT	_	5	nsubj	_	_
3	's	_	AUX	VBZ	_	5	cop	_	_
4	your	_	PRON	PRP$	_	5	nmod:poss	_	_
5	birthday	_	NOUN	NN	_	0	root	_	_
6	.	_	PUNCT	.	_	5	punct	_	_",
I'm going to sing .,"1	I'm	_	_	_	_	2	nsubj	_	_
2	going	_	_	_	_	0	root	_	_
3	to	_	_	_	_	4	mark	_	_
4	sing	_	_	_	_	2	xcomp	_	_
5	.	_	_	_	_	2	punct	_	_","1	I	_	PRON	PRP	_	3	nsubj	_	_
2	'm	_	AUX	VBP	_	3	aux	_	_
3	going	_	VERB	VBG	_	0	root	_	_
4	to	_	PART	TO	_	5	mark	_	_
5	sing	_	VERB	VB	_	3	xcomp	_	_
6	.	_	PUNCT	.	_	3	punct	_	_",
happy birthday dear Florence .,"1	happy	_	_	_	_	2	amod	_	_
2	birthday	_	_	_	_	0	root	_	_
3	dear	_	_	_	_	2	amod	_	_
4	Florence	_	_	_	_	2	vocative	_	_
5	.	_	_	_	_	2	punct	_	_","1	happy	_	ADJ	JJ	_	2	amod	_	_
2	birthday	_	NOUN	NN	_	0	root	_	_
3	dear	_	ADJ	JJ	_	4	amod	_	_
4	Florence	_	PROPN	NNP	_	2	vocative	_	_
5	.	_	PUNCT	.	_	2	punct	_	_",
this is your cake with a candle on .,"1	this	_	_	_	_	4	nsubj	_	_
2	is	_	_	_	_	4	cop	_	_
3	your	_	_	_	_	4	nmod:poss	_	_
4	cake	_	_	_	_	0	root	_	_
5	with	_	_	_	_	7	case	_	_
6	a	_	_	_	_	7	det	_	_
7	candle	_	_	_	_	4	nmod	_	_
8	on	_	_	_	_	7	advmod	_	_
9	.	_	_	_	_	4	punct	_	_","1	this	_	PRON	DT	_	4	nsubj	_	_
2	is	_	AUX	VBZ	_	4	cop	_	_
3	your	_	PRON	PRP$	_	4	nmod:poss	_	_
4	cake	_	NOUN	NN	_	0	root	_	_
5	with	_	ADP	IN	_	7	case	_	_
6	a	_	DET	DT	_	7	det	_	_
7	candle	_	NOUN	NN	_	4	nmod	_	_
8	on	_	ADP	IN	_	4	nmod	_	_
9	.	_	PUNCT	.	_	4	punct	_	_",
happy birthday dear Florence .,"1	happy	_	_	_	_	2	amod	_	_
2	birthday	_	_	_	_	0	root	_	_
3	dear	_	_	_	_	2	amod	_	_
4	Florence	_	_	_	_	2	vocative	_	_
5	.	_	_	_	_	2	punct	_	_","1	happy	_	ADJ	JJ	_	2	amod	_	_
2	birthday	_	NOUN	NN	_	0	root	_	_
3	dear	_	ADJ	JJ	_	4	amod	_	_
4	Florence	_	PROPN	NNP	_	2	vocative	_	_
5	.	_	PUNCT	.	_	2	punct	_	_",
you you blow it out now .,"1	you	_	_	_	_	2	reparandum	_	_
2	you	_	_	_	_	3	nsubj	_	_
3	blow	_	_	_	_	0	root	_	_
4	it	_	_	_	_	3	obj	_	_
5	out	_	_	_	_	3	compound:prt	_	_
6	now	_	_	_	_	3	advmod	_	_
7	.	_	_	_	_	3	punct	_	_","1	you	_	PRON	PRP	_	3	nsubj	_	_
2	you	_	PRON	PRP	_	3	nsubj	_	_
3	blow	_	VERB	VBP	_	0	root	_	_
4	it	_	PRON	PRP	_	3	obj	_	_
5	out	_	ADP	RP	_	3	compound:prt	_	_
6	now	_	ADV	RB	_	3	advmod	_	_
7	.	_	PUNCT	.	_	3	punct	_	_",
yup because it's a match .,"1	yup	_	_	_	_	5	discourse	_	_
2	because	_	_	_	_	5	mark	_	_
3	it's	_	_	_	_	5	cop	_	_
4	a	_	_	_	_	5	det	_	_
5	match	_	_	_	_	0	root	_	_
6	.	_	_	_	_	5	punct	_	_","1	yup	_	INTJ	UH	_	6	discourse	_	_
2	because	_	SCONJ	IN	_	6	mark	_	_
3	it	_	PRON	PRP	_	6	nsubj	_	_
4	's	_	AUX	VBZ	_	6	cop	_	_
5	a	_	DET	DT	_	6	det	_	_
6	match	_	NOUN	NN	_	0	root	_	_
7	.	_	PUNCT	.	_	6	punct	_	_",
Nicole is going to bring you a present Mommy .,"1	Nicole	_	_	_	_	3	nsubj	_	_
2	is	_	_	_	_	3	aux	_	_
3	going	_	_	_	_	0	root	_	_
4	to	_	_	_	_	5	mark	_	_
5	bring	_	_	_	_	3	xcomp	_	_
6	you	_	_	_	_	5	iobj	_	_
7	a	_	_	_	_	8	det	_	_
8	present	_	_	_	_	5	obj	_	_
9	Mommy	_	_	_	_	3	vocative	_	_
10	.	_	_	_	_	3	punct	_	_","1	Nicole	_	PROPN	NNP	_	3	nsubj	_	_
2	is	_	AUX	VBZ	_	3	aux	_	_
3	going	_	VERB	VBG	_	0	root	_	_
4	to	_	PART	TO	_	5	mark	_	_
5	bring	_	VERB	VB	_	3	xcomp	_	_
6	you	_	PRON	PRP	_	5	iobj	_	_
7	a	_	DET	DT	_	9	det	_	_
8	present	_	ADJ	JJ	_	9	amod	_	_
9	Mommy	_	PROPN	NNP	_	5	obj	_	_
10	.	_	PUNCT	.	_	3	punct	_	_",
that's the doggy's cake .,"1	that's	_	_	_	_	4	cop	_	_
2	the	_	_	_	_	3	det	_	_
3	doggy's	_	_	_	_	4	nmod:poss	_	_
4	cake	_	_	_	_	0	root	_	_
5	.	_	_	_	_	4	punct	_	_","1	that	_	PRON	DT	_	6	nsubj	_	_
2	's	_	AUX	VBZ	_	6	cop	_	_
3	the	_	DET	DT	_	4	det	_	_
4	doggy	_	NOUN	NN	_	6	nmod:poss	_	_
5	's	_	PART	POS	_	4	case	_	_
6	cake	_	NOUN	NN	_	0	root	_	_
7	.	_	PUNCT	.	_	6	punct	_	_",
no that's where this cake goes .,"1	no	_	_	_	_	3	discourse	_	_
2	that's	_	_	_	_	3	nsubj	_	_
3	where	_	_	_	_	0	root	_	_
4	this	_	_	_	_	5	det	_	_
5	cake	_	_	_	_	6	nsubj	_	_
6	goes	_	_	_	_	3	acl:relcl	_	_
7	.	_	_	_	_	3	punct	_	_","1	no	_	INTJ	UH	_	4	discourse	_	_
2	that	_	PRON	DT	_	4	nsubj	_	_
3	's	_	AUX	VBZ	_	4	cop	_	_
4	where	_	ADV	WRB	_	0	root	_	_
5	this	_	DET	DT	_	6	det	_	_
6	cake	_	NOUN	NN	_	7	nsubj	_	_
7	goes	_	VERB	VBZ	_	4	advcl:relcl	_	_
8	.	_	PUNCT	.	_	4	punct	_	_",
I'll share them .,"1	I'll	_	_	_	_	2	nsubj	_	_
2	share	_	_	_	_	0	root	_	_
3	them	_	_	_	_	2	obj	_	_
4	.	_	_	_	_	2	punct	_	_","1	I	_	PRON	PRP	_	3	nsubj	_	_
2	'll	_	AUX	MD	_	3	aux	_	_
3	share	_	VERB	VB	_	0	root	_	_
4	them	_	PRON	PRP	_	3	obj	_	_
5	.	_	PUNCT	.	_	3	punct	_	_",
this that this doggy .,"1	this	_	_	_	_	3	reparandum	_	_
2	that	_	_	_	_	1	conj	_	_
3	this	_	_	_	_	4	det	_	_
4	doggy	_	_	_	_	0	root	_	_
5	.	_	_	_	_	4	punct	_	_","1	this	_	PRON	DT	_	4	nsubj	_	_
2	that	_	SCONJ	IN	_	4	mark	_	_
3	this	_	DET	DT	_	4	det	_	_
4	doggy	_	ADJ	JJ	_	0	root	_	_
5	.	_	PUNCT	.	_	4	punct	_	_",
oh that's funny .,"1	oh	_	_	_	_	3	discourse	_	_
2	that's	_	_	_	_	3	nsubj	_	_
3	funny	_	_	_	_	0	root	_	_
4	.	_	_	_	_	3	punct	_	_","1	oh	_	INTJ	UH	_	4	discourse	_	_
2	that	_	PRON	DT	_	4	nsubj	_	_
3	's	_	AUX	VBZ	_	4	cop	_	_
4	funny	_	ADJ	JJ	_	0	root	_	_
5	.	_	PUNCT	.	_	4	punct	_	_",
he doesn't know how to sit down .,"1	he	_	_	_	_	3	nsubj	_	_
2	doesn't	_	_	_	_	3	aux	_	_
3	know	_	_	_	_	0	root	_	_
4	how	_	_	_	_	6	mark	_	_
5	to	_	_	_	_	6	mark	_	_
6	sit	_	_	_	_	3	ccomp	_	_
7	down	_	_	_	_	6	compound:prt	_	_
8	.	_	_	_	_	3	punct	_	_","1	he	_	PRON	PRP	_	4	nsubj	_	_
2	does	_	AUX	VBZ	_	4	aux	_	_
3	n't	_	PART	RB	_	4	advmod	_	_
4	know	_	VERB	VB	_	0	root	_	_
5	how	_	ADV	WRB	_	4	obj	_	_
6	to	_	PART	TO	_	7	mark	_	_
7	sit	_	VERB	VB	_	5	acl	_	_
8	down	_	ADP	RP	_	7	compound:prt	_	_
9	.	_	PUNCT	.	_	4	punct	_	_",
the doggy doesn't .,"1	the	_	_	_	_	2	det	_	_
2	doggy	_	_	_	_	3	nsubj	_	_
3	doesn't	_	_	_	_	0	root	_	_
4	.	_	_	_	_	3	punct	_	_","1	the	_	DET	DT	_	2	det	_	_
2	doggy	_	NOUN	NN	_	3	nsubj	_	_
3	does	_	AUX	VBZ	_	0	root	_	_
4	n't	_	PART	RB	_	3	advmod	_	_
5	.	_	PUNCT	.	_	3	punct	_	_",
the doggy's sharing it .,"1	the	_	_	_	_	2	det	_	_
2	doggy's	_	_	_	_	3	nsubj	_	_
3	sharing	_	_	_	_	0	root	_	_
4	it	_	_	_	_	3	obj	_	_
5	.	_	_	_	_	3	punct	_	_","1	the	_	DET	DT	_	2	det	_	_
2	doggy	_	NOUN	NN	_	4	nsubj	_	_
3	's	_	AUX	VBZ	_	4	aux	_	_
4	sharing	_	VERB	VBG	_	0	root	_	_
5	it	_	PRON	PRP	_	4	obj	_	_
6	.	_	PUNCT	.	_	4	punct	_	_",
and so he's going to have a little rest with his blanket on .,"1	and	_	_	_	_	4	cc	_	_
2	so	_	_	_	_	4	advmod	_	_
3	he's	_	_	_	_	4	nsubj	_	_
4	going	_	_	_	_	0	root	_	_
5	to	_	_	_	_	6	mark	_	_
6	have	_	_	_	_	4	xcomp	_	_
7	a	_	_	_	_	9	det	_	_
8	little	_	_	_	_	9	amod	_	_
9	rest	_	_	_	_	6	obj	_	_
10	with	_	_	_	_	12	case	_	_
11	his	_	_	_	_	12	nmod:poss	_	_
12	blanket	_	_	_	_	6	obl	_	_
13	on	_	_	_	_	12	advmod	_	_
14	.	_	_	_	_	4	punct	_	_","1	and	_	CCONJ	CC	_	5	cc	_	_
2	so	_	ADV	RB	_	5	advmod	_	_
3	he	_	PRON	PRP	_	5	nsubj	_	_
4	's	_	AUX	VBZ	_	5	aux	_	_
5	going	_	VERB	VBG	_	0	root	_	_
6	to	_	PART	TO	_	7	mark	_	_
7	have	_	VERB	VB	_	5	xcomp	_	_
8	a	_	DET	DT	_	10	det	_	_
9	little	_	ADJ	JJ	_	10	amod	_	_
10	rest	_	NOUN	NN	_	7	obj	_	_
11	with	_	ADP	IN	_	13	case	_	_
12	his	_	PRON	PRP$	_	13	nmod:poss	_	_
13	blanket	_	NOUN	NN	_	7	obl	_	_
14	on	_	ADP	IN	_	7	obl	_	_
15	.	_	PUNCT	.	_	5	punct	_	_",
that's not his blanket .,"1	that's	_	_	_	_	4	cop	_	_
2	not	_	_	_	_	4	advmod	_	_
3	his	_	_	_	_	4	nmod:poss	_	_
4	blanket	_	_	_	_	0	root	_	_
5	.	_	_	_	_	4	punct	_	_","1	that	_	PRON	DT	_	5	nsubj	_	_
2	's	_	AUX	VBZ	_	5	cop	_	_
3	not	_	PART	RB	_	5	advmod	_	_
4	his	_	PRON	PRP$	_	5	nmod:poss	_	_
5	blanket	_	NOUN	NN	_	0	root	_	_
6	.	_	PUNCT	.	_	5	punct	_	_",
oh that's his blanket .,"1	oh	_	_	_	_	4	discourse	_	_
2	that's	_	_	_	_	4	cop	_	_
3	his	_	_	_	_	4	nmod:poss	_	_
4	blanket	_	_	_	_	0	root	_	_
5	.	_	_	_	_	4	punct	_	_","1	oh	_	INTJ	UH	_	5	discourse	_	_
2	that	_	PRON	DT	_	5	nsubj	_	_
3	's	_	AUX	VBZ	_	5	cop	_	_
4	his	_	PRON	PRP$	_	5	nmod:poss	_	_
5	blanket	_	NOUN	NN	_	0	root	_	_
6	.	_	PUNCT	.	_	5	punct	_	_",
there's your blanket .,"1	there's	_	_	_	_	0	root	_	_
2	your	_	_	_	_	3	nmod:poss	_	_
3	blanket	_	_	_	_	1	nsubj	_	_
4	.	_	_	_	_	1	punct	_	_","1	there	_	PRON	EX	_	2	expl	_	_
2	's	_	VERB	VBZ	_	0	root	_	_
3	your	_	PRON	PRP$	_	4	nmod:poss	_	_
4	blanket	_	NOUN	NN	_	2	nsubj	_	_
5	.	_	PUNCT	.	_	2	punct	_	_",
that's his piece of cereal .,"1	that's	_	_	_	_	3	cop	_	_
2	his	_	_	_	_	3	nmod:poss	_	_
3	piece	_	_	_	_	0	root	_	_
4	of	_	_	_	_	5	case	_	_
5	cereal	_	_	_	_	3	nmod	_	_
6	.	_	_	_	_	3	punct	_	_","1	that	_	PRON	DT	_	4	nsubj	_	_
2	's	_	AUX	VBZ	_	4	cop	_	_
3	his	_	PRON	PRP$	_	4	nmod:poss	_	_
4	piece	_	NOUN	NN	_	0	root	_	_
5	of	_	ADP	IN	_	6	case	_	_
6	cereal	_	NOUN	NN	_	4	nmod	_	_
7	.	_	PUNCT	.	_	4	punct	_	_",
at Viki's house .,"1	at	_	_	_	_	3	case	_	_
2	Viki's	_	_	_	_	3	nmod:poss	_	_
3	house	_	_	_	_	0	root	_	_
4	.	_	_	_	_	3	punct	_	_","1	at	_	ADP	IN	_	4	case	_	_
2	Viki	_	PROPN	NNP	_	4	nmod:poss	_	_
3	's	_	PART	POS	_	2	case	_	_
4	house	_	NOUN	NN	_	0	root	_	_
5	.	_	PUNCT	.	_	4	punct	_	_",
it's a vacuum cleaner already see ?,"1	it's	_	_	_	_	4	nsubj	_	_
2	a	_	_	_	_	4	det	_	_
3	vacuum	_	_	_	_	4	compound	_	_
4	cleaner	_	_	_	_	0	root	_	_
5	already	_	_	_	_	4	advmod	_	_
6	see	_	_	_	_	4	parataxis	_	_
7	?	_	_	_	_	4	punct	_	_","1	it	_	PRON	PRP	_	5	nsubj	_	_
2	's	_	AUX	VBZ	_	5	cop	_	_
3	a	_	DET	DT	_	5	det	_	_
4	vacuum	_	NOUN	NN	_	5	compound	_	_
5	cleaner	_	NOUN	NN	_	0	root	_	_
6	already	_	ADV	RB	_	7	advmod	_	_
7	see	_	VERB	VB	_	5	parataxis	_	_
8	?	_	PUNCT	.	_	5	punct	_	_",
a blowing thing .,"1	a	_	_	_	_	3	det	_	_
2	blowing	_	_	_	_	3	compound	_	_
3	thing	_	_	_	_	0	root	_	_
4	.	_	_	_	_	3	punct	_	_","1	a	_	DET	DT	_	3	det	_	_
2	blowing	_	VERB	VBG	_	3	amod	_	_
3	thing	_	NOUN	NN	_	0	root	_	_
4	.	_	PUNCT	.	_	3	punct	_	_",
here here's some here .,"1	here	_	_	_	_	2	reparandum	_	_
2	here's	_	_	_	_	0	root	_	_
3	some	_	_	_	_	2	nsubj	_	_
4	here	_	_	_	_	2	advmod	_	_
5	.	_	_	_	_	2	punct	_	_","1	here	_	ADV	RB	_	0	root	_	_
2	here	_	ADV	RB	_	1	cop	_	_
3	's	_	AUX	VBZ	_	1	cop	_	_
4	some	_	DET	DT	_	1	nsubj	_	_
5	here	_	ADV	RB	_	1	advmod	_	_
6	.	_	PUNCT	.	_	1	punct	_	_",
this one's going to go in there .,"1	this	_	_	_	_	2	det	_	_
2	one's	_	_	_	_	3	nsubj	_	_
3	going	_	_	_	_	0	root	_	_
4	to	_	_	_	_	5	mark	_	_
5	go	_	_	_	_	3	xcomp	_	_
6	in	_	_	_	_	7	advmod	_	_
7	there	_	_	_	_	5	advmod	_	_
8	.	_	_	_	_	3	punct	_	_","1	this	_	DET	DT	_	2	det	_	_
2	one	_	NOUN	NN	_	4	nsubj	_	_
3	's	_	AUX	VBZ	_	4	aux	_	_
4	going	_	VERB	VBG	_	0	root	_	_
5	to	_	PART	TO	_	6	mark	_	_
6	go	_	VERB	VB	_	4	xcomp	_	_
7	in	_	ADP	IN	_	6	advmod	_	_
8	there	_	ADV	RB	_	6	obl	_	_
9	.	_	PUNCT	.	_	4	punct	_	_",
cause it's broken .,"1	cause	_	_	_	_	3	mark	_	_
2	it's	_	_	_	_	3	nsubj	_	_
3	broken	_	_	_	_	0	root	_	_
4	.	_	_	_	_	3	punct	_	_","1	cause	_	SCONJ	IN	_	4	mark	_	_
2	it	_	PRON	PRP	_	4	nsubj:pass	_	_
3	's	_	AUX	VBZ	_	4	aux:pass	_	_
4	broken	_	VERB	VBN	_	0	root	_	_
5	.	_	PUNCT	.	_	4	punct	_	_",
and this lamb doesn't stand up very well .,"1	and	_	_	_	_	5	cc	_	_
2	this	_	_	_	_	3	det	_	_
3	lamb	_	_	_	_	5	nsubj	_	_
4	doesn't	_	_	_	_	5	aux	_	_
5	stand	_	_	_	_	0	root	_	_
6	up	_	_	_	_	5	compound:prt	_	_
7	very	_	_	_	_	8	advmod	_	_
8	well	_	_	_	_	5	advmod	_	_
9	.	_	_	_	_	5	punct	_	_","1	and	_	CCONJ	CC	_	6	cc	_	_
2	this	_	DET	DT	_	3	det	_	_
3	lamb	_	NOUN	NN	_	6	nsubj	_	_
4	does	_	AUX	VBZ	_	6	aux	_	_
5	n't	_	PART	RB	_	6	advmod	_	_
6	stand	_	VERB	VB	_	0	root	_	_
7	up	_	ADP	RP	_	6	compound:prt	_	_
8	very	_	ADV	RB	_	9	advmod	_	_
9	well	_	ADV	RB	_	6	advmod	_	_
10	.	_	PUNCT	.	_	6	punct	_	_",
no it's a cradle .,"1	no	_	_	_	_	4	discourse	_	_
2	it's	_	_	_	_	4	cop	_	_
3	a	_	_	_	_	4	det	_	_
4	cradle	_	_	_	_	0	root	_	_
5	.	_	_	_	_	4	punct	_	_","1	no	_	INTJ	UH	_	5	discourse	_	_
2	it	_	PRON	PRP	_	5	nsubj	_	_
3	's	_	AUX	VBZ	_	5	cop	_	_
4	a	_	DET	DT	_	5	det	_	_
5	cradle	_	NOUN	NN	_	0	root	_	_
6	.	_	PUNCT	.	_	5	punct	_	_",
he's crying .,"1	he's	_	_	_	_	2	nsubj	_	_
2	crying	_	_	_	_	0	root	_	_
3	.	_	_	_	_	2	punct	_	_","1	he	_	PRON	PRP	_	3	nsubj	_	_
2	's	_	AUX	VBZ	_	3	aux	_	_
3	crying	_	VERB	VBG	_	0	root	_	_
4	.	_	PUNCT	.	_	3	punct	_	_",
his doggy and his mother and the father and the girl are going to stay with that baby Mommy .,"1	his	_	_	_	_	2	nmod:poss	_	_
2	doggy	_	_	_	_	13	nsubj	_	_
3	and	_	_	_	_	5	cc	_	_
4	his	_	_	_	_	5	nmod:poss	_	_
5	mother	_	_	_	_	2	conj	_	_
6	and	_	_	_	_	8	cc	_	_
7	the	_	_	_	_	8	det	_	_
8	father	_	_	_	_	2	conj	_	_
9	and	_	_	_	_	11	cc	_	_
10	the	_	_	_	_	11	det	_	_
11	girl	_	_	_	_	5	conj	_	_
12	are	_	_	_	_	13	aux	_	_
13	going	_	_	_	_	0	root	_	_
14	to	_	_	_	_	15	mark	_	_
15	stay	_	_	_	_	13	xcomp	_	_
16	with	_	_	_	_	18	case	_	_
17	that	_	_	_	_	19	det	_	_
18	baby	_	_	_	_	19	compound	_	_
19	Mommy	_	_	_	_	15	obl	_	_
20	.	_	_	_	_	13	punct	_	_","1	his	_	PRON	PRP$	_	2	nmod:poss	_	_
2	doggy	_	NOUN	NN	_	13	nsubj	_	_
3	and	_	CCONJ	CC	_	5	cc	_	_
4	his	_	PRON	PRP$	_	5	nmod:poss	_	_
5	mother	_	NOUN	NN	_	2	conj	_	_
6	and	_	CCONJ	CC	_	8	cc	_	_
7	the	_	DET	DT	_	8	det	_	_
8	father	_	NOUN	NN	_	2	conj	_	_
9	and	_	CCONJ	CC	_	11	cc	_	_
10	the	_	DET	DT	_	11	det	_	_
11	girl	_	NOUN	NN	_	8	conj	_	_
12	are	_	AUX	VBP	_	13	aux	_	_
13	going	_	VERB	VBG	_	0	root	_	_
14	to	_	PART	TO	_	15	mark	_	_
15	stay	_	VERB	VB	_	13	xcomp	_	_
16	with	_	ADP	IN	_	18	case	_	_
17	that	_	DET	DT	_	18	det	_	_
18	baby	_	NOUN	NN	_	15	obl	_	_
19	Mommy	_	PROPN	NNP	_	18	appos	_	_
20	.	_	PUNCT	.	_	13	punct	_	_",
oh he doesn't stand up very well this lamb .,"1	oh	_	_	_	_	4	discourse	_	_
2	he	_	_	_	_	4	nsubj	_	_
3	doesn't	_	_	_	_	4	aux	_	_
4	stand	_	_	_	_	0	root	_	_
5	up	_	_	_	_	4	compound:prt	_	_
6	very	_	_	_	_	7	advmod	_	_
7	well	_	_	_	_	4	advmod	_	_
8	this	_	_	_	_	9	det	_	_
9	lamb	_	_	_	_	4	parataxis	_	_
10	.	_	_	_	_	4	punct	_	_","1	oh	_	INTJ	UH	_	5	discourse	_	_
2	he	_	PRON	PRP	_	5	nsubj	_	_
3	does	_	AUX	VBZ	_	5	aux	_	_
4	n't	_	PART	RB	_	5	advmod	_	_
5	stand	_	VERB	VB	_	0	root	_	_
6	up	_	ADP	RP	_	5	compound:prt	_	_
7	very	_	ADV	RB	_	8	advmod	_	_
8	well	_	ADV	RB	_	5	advmod	_	_
9	this	_	DET	DT	_	10	det	_	_
10	lamb	_	NOUN	NN	_	5	obl:unmarked	_	_
11	.	_	PUNCT	.	_	5	punct	_	_",
Mommy this lamb doesn't stand up very well .,"1	Mommy	_	_	_	_	5	vocative	_	_
2	this	_	_	_	_	3	det	_	_
3	lamb	_	_	_	_	5	nsubj	_	_
4	doesn't	_	_	_	_	5	aux	_	_
5	stand	_	_	_	_	0	root	_	_
6	up	_	_	_	_	5	compound:prt	_	_
7	very	_	_	_	_	8	advmod	_	_
8	well	_	_	_	_	5	advmod	_	_
9	.	_	_	_	_	5	punct	_	_","1	Mommy	_	PROPN	NNP	_	6	vocative	_	_
2	this	_	DET	DT	_	3	det	_	_
3	lamb	_	NOUN	NN	_	6	nsubj	_	_
4	does	_	AUX	VBZ	_	6	aux	_	_
5	n't	_	PART	RB	_	6	advmod	_	_
6	stand	_	VERB	VB	_	0	root	_	_
7	up	_	ADP	RP	_	6	compound:prt	_	_
8	very	_	ADV	RB	_	9	advmod	_	_
9	well	_	ADV	RB	_	6	advmod	_	_
10	.	_	PUNCT	.	_	6	punct	_	_",
we will put him right next to the cradle .,"1	we	_	_	_	_	3	nsubj	_	_
2	will	_	_	_	_	3	aux	_	_
3	put	_	_	_	_	0	root	_	_
4	him	_	_	_	_	3	obj	_	_
5	right	_	_	_	_	6	advmod	_	_
6	next	_	_	_	_	9	case	_	_
7	to	_	_	_	_	9	case	_	_
8	the	_	_	_	_	9	det	_	_
9	cradle	_	_	_	_	3	obl	_	_
10	.	_	_	_	_	3	punct	_	_","1	we	_	PRON	PRP	_	3	nsubj	_	_
2	will	_	AUX	MD	_	3	aux	_	_
3	put	_	VERB	VB	_	0	root	_	_
4	him	_	PRON	PRP	_	3	obj	_	_
5	right	_	ADV	RB	_	6	advmod	_	_
6	next	_	ADV	RB	_	3	advmod	_	_
7	to	_	ADP	IN	_	9	case	_	_
8	the	_	DET	DT	_	9	det	_	_
9	cradle	_	NOUN	NN	_	3	obl	_	_
10	.	_	PUNCT	.	_	3	punct	_	_",
see he's standing up next to the cradle .,"1	see	_	_	_	_	0	root	_	_
2	he's	_	_	_	_	3	nsubj	_	_
3	standing	_	_	_	_	1	parataxis	_	_
4	up	_	_	_	_	3	advmod	_	_
5	next	_	_	_	_	8	case	_	_
6	to	_	_	_	_	8	case	_	_
7	the	_	_	_	_	8	det	_	_
8	cradle	_	_	_	_	3	obl	_	_
9	.	_	_	_	_	1	punct	_	_","1	see	_	VERB	VB	_	0	root	_	_
2	he	_	PRON	PRP	_	4	nsubj	_	_
3	's	_	AUX	VBZ	_	4	aux	_	_
4	standing	_	VERB	VBG	_	1	ccomp	_	_
5	up	_	ADP	RP	_	4	compound:prt	_	_
6	next	_	ADV	RB	_	4	advmod	_	_
7	to	_	ADP	IN	_	9	case	_	_
8	the	_	DET	DT	_	9	det	_	_
9	cradle	_	NOUN	NN	_	4	obl	_	_
10	.	_	PUNCT	.	_	1	punct	_	_",
cause he's a picture .,"1	cause	_	_	_	_	4	mark	_	_
2	he's	_	_	_	_	4	cop	_	_
3	a	_	_	_	_	4	det	_	_
4	picture	_	_	_	_	0	root	_	_
5	.	_	_	_	_	4	punct	_	_","1	cause	_	SCONJ	IN	_	5	mark	_	_
2	he	_	PRON	PRP	_	5	nsubj	_	_
3	's	_	AUX	VBZ	_	5	cop	_	_
4	a	_	DET	DT	_	5	det	_	_
5	picture	_	NOUN	NN	_	0	root	_	_
6	.	_	PUNCT	.	_	5	punct	_	_",
this was next to that one .,"1	this	_	_	_	_	6	nsubj	_	_
2	was	_	_	_	_	6	cop	_	_
3	next	_	_	_	_	6	case	_	_
4	to	_	_	_	_	6	case	_	_
5	that	_	_	_	_	6	det	_	_
6	one	_	_	_	_	0	root	_	_
7	.	_	_	_	_	6	punct	_	_","1	this	_	PRON	DT	_	3	nsubj	_	_
2	was	_	AUX	VBD	_	3	cop	_	_
3	next	_	ADJ	JJ	_	0	root	_	_
4	to	_	ADP	IN	_	6	case	_	_
5	that	_	DET	DT	_	6	det	_	_
6	one	_	NOUN	NN	_	3	obl	_	_
7	.	_	PUNCT	.	_	3	punct	_	_",
he's under the shell .,"1	he's	_	_	_	_	4	nsubj	_	_
2	under	_	_	_	_	4	case	_	_
3	the	_	_	_	_	4	det	_	_
4	shell	_	_	_	_	0	root	_	_
5	.	_	_	_	_	4	punct	_	_","1	he	_	PRON	PRP	_	5	nsubj	_	_
2	's	_	AUX	VBZ	_	5	cop	_	_
3	under	_	ADP	IN	_	5	case	_	_
4	the	_	DET	DT	_	5	det	_	_
5	shell	_	NOUN	NN	_	0	root	_	_
6	.	_	PUNCT	.	_	5	punct	_	_",
he's going to the floor .,"1	he's	_	_	_	_	2	nsubj	_	_
2	going	_	_	_	_	0	root	_	_
3	to	_	_	_	_	5	case	_	_
4	the	_	_	_	_	5	det	_	_
5	floor	_	_	_	_	2	obl	_	_
6	.	_	_	_	_	2	punct	_	_","1	he	_	PRON	PRP	_	3	nsubj	_	_
2	's	_	AUX	VBZ	_	3	aux	_	_
3	going	_	VERB	VBG	_	0	root	_	_
4	to	_	ADP	IN	_	6	case	_	_
5	the	_	DET	DT	_	6	det	_	_
6	floor	_	NOUN	NN	_	3	obl	_	_
7	.	_	PUNCT	.	_	3	punct	_	_",
what's this ?,"1	what's	_	_	_	_	0	root	_	_
2	this	_	_	_	_	1	nsubj	_	_
3	?	_	_	_	_	1	punct	_	_","1	what	_	PRON	WP	_	3	nsubj	_	_
2	's	_	AUX	VBZ	_	3	cop	_	_
3	this	_	PRON	DT	_	0	root	_	_
4	?	_	PUNCT	.	_	3	punct	_	_",
then where's Snoopy's nose ?,"1	then	_	_	_	_	2	advmod	_	_
2	where's	_	_	_	_	0	root	_	_
3	Snoopy's	_	_	_	_	4	nmod:poss	_	_
4	nose	_	_	_	_	2	nsubj	_	_
5	?	_	_	_	_	2	punct	_	_","1	then	_	ADV	RB	_	2	advmod	_	_
2	where	_	ADV	WRB	_	0	root	_	_
3	's	_	AUX	VBZ	_	2	cop	_	_
4	Snoopy	_	PROPN	NNP	_	6	nmod:poss	_	_
5	's	_	PART	POS	_	4	case	_	_
6	nose	_	NOUN	NN	_	2	nsubj	_	_
7	?	_	PUNCT	.	_	2	punct	_	_",
where's his other nose ?,"1	where's	_	_	_	_	0	root	_	_
2	his	_	_	_	_	4	nmod:poss	_	_
3	other	_	_	_	_	4	amod	_	_
4	nose	_	_	_	_	1	nsubj	_	_
5	?	_	_	_	_	1	punct	_	_","1	where	_	ADV	WRB	_	0	root	_	_
2	's	_	AUX	VBZ	_	1	cop	_	_
3	his	_	PRON	PRP$	_	5	nmod:poss	_	_
4	other	_	ADJ	JJ	_	5	amod	_	_
5	nose	_	NOUN	NN	_	1	nsubj	_	_
6	?	_	PUNCT	.	_	1	punct	_	_",
where's his other nose ?,"1	where's	_	_	_	_	0	root	_	_
2	his	_	_	_	_	4	nmod:poss	_	_
3	other	_	_	_	_	4	amod	_	_
4	nose	_	_	_	_	1	nsubj	_	_
5	?	_	_	_	_	1	punct	_	_","1	where	_	ADV	WRB	_	0	root	_	_
2	's	_	AUX	VBZ	_	1	cop	_	_
3	his	_	PRON	PRP$	_	5	nmod:poss	_	_
4	other	_	ADJ	JJ	_	5	amod	_	_
5	nose	_	NOUN	NN	_	1	nsubj	_	_
6	?	_	PUNCT	.	_	1	punct	_	_",
I'm putting the tape on my hurt .,"1	I'm	_	_	_	_	2	nsubj	_	_
2	putting	_	_	_	_	0	root	_	_
3	the	_	_	_	_	4	det	_	_
4	tape	_	_	_	_	2	obj	_	_
5	on	_	_	_	_	7	case	_	_
6	my	_	_	_	_	7	nmod:poss	_	_
7	hurt	_	_	_	_	2	obl	_	_
8	.	_	_	_	_	2	punct	_	_","1	I	_	PRON	PRP	_	3	nsubj	_	_
2	'm	_	AUX	VBP	_	3	aux	_	_
3	putting	_	VERB	VBG	_	0	root	_	_
4	the	_	DET	DT	_	5	det	_	_
5	tape	_	NOUN	NN	_	3	obj	_	_
6	on	_	ADP	IN	_	8	case	_	_
7	my	_	PRON	PRP$	_	8	nmod:poss	_	_
8	hurt	_	NOUN	NN	_	3	obl	_	_
9	.	_	PUNCT	.	_	3	punct	_	_",
this is like a band - aid .,"1	this	_	_	_	_	7	nsubj	_	_
2	is	_	_	_	_	7	cop	_	_
3	like	_	_	_	_	7	case	_	_
4	a	_	_	_	_	7	det	_	_
5	band	_	_	_	_	7	compound	_	_
6	-	_	_	_	_	5	compound	_	_
7	aid	_	_	_	_	0	root	_	_
8	.	_	_	_	_	7	punct	_	_","1	this	_	PRON	DT	_	7	nsubj	_	_
2	is	_	AUX	VBZ	_	7	cop	_	_
3	like	_	ADP	IN	_	7	case	_	_
4	a	_	DET	DT	_	7	det	_	_
5	band	_	NOUN	NN	_	7	compound	_	_
6	-	_	PUNCT	HYPH	_	5	punct	_	_
7	aid	_	NOUN	NN	_	0	root	_	_
8	.	_	PUNCT	.	_	7	punct	_	_",
no I wanna put it on you .,"1	no	_	_	_	_	3	discourse	_	_
2	I	_	_	_	_	3	nsubj	_	_
3	wanna	_	_	_	_	0	root	_	_
4	put	_	_	_	_	3	xcomp	_	_
5	it	_	_	_	_	4	obj	_	_
6	on	_	_	_	_	7	case	_	_
7	you	_	_	_	_	4	obl	_	_
8	.	_	_	_	_	3	punct	_	_","1	no	_	INTJ	UH	_	3	discourse	_	_
2	I	_	PRON	PRP	_	3	nsubj	_	_
3	wan	_	VERB	VBP	_	0	root	_	_
4	na	_	PART	TO	_	5	mark	_	_
5	put	_	VERB	VB	_	3	xcomp	_	_
6	it	_	PRON	PRP	_	5	obj	_	_
7	on	_	ADP	IN	_	8	case	_	_
8	you	_	PRON	PRP	_	5	obl	_	_
9	.	_	PUNCT	.	_	3	punct	_	_",
I have to go poop .,"1	I	_	_	_	_	2	nsubj	_	_
2	have	_	_	_	_	0	root	_	_
3	to	_	_	_	_	4	mark	_	_
4	go	_	_	_	_	2	xcomp	_	_
5	poop	_	_	_	_	4	xcomp	_	_
6	.	_	_	_	_	2	punct	_	_","1	I	_	PRON	PRP	_	2	nsubj	_	_
2	have	_	VERB	VBP	_	0	root	_	_
3	to	_	PART	TO	_	4	mark	_	_
4	go	_	VERB	VB	_	2	xcomp	_	_
5	poop	_	NOUN	NN	_	4	obj	_	_
6	.	_	PUNCT	.	_	2	punct	_	_",
you can't go down there unless you get your bluejeans on .,"1	you	_	_	_	_	3	nsubj	_	_
2	can't	_	_	_	_	3	aux	_	_
3	go	_	_	_	_	0	root	_	_
4	down	_	_	_	_	5	advmod	_	_
5	there	_	_	_	_	3	advmod	_	_
6	unless	_	_	_	_	8	mark	_	_
7	you	_	_	_	_	8	nsubj	_	_
8	get	_	_	_	_	3	advcl	_	_
9	your	_	_	_	_	10	nmod:poss	_	_
10	bluejeans	_	_	_	_	8	obj	_	_
11	on	_	_	_	_	8	compound:prt	_	_
12	.	_	_	_	_	3	punct	_	_","1	you	_	PRON	PRP	_	4	nsubj	_	_
2	ca	_	AUX	MD	_	4	aux	_	_
3	n't	_	PART	RB	_	4	advmod	_	_
4	go	_	VERB	VB	_	0	root	_	_
5	down	_	ADV	RB	_	4	advmod	_	_
6	there	_	ADV	RB	_	4	advmod	_	_
7	unless	_	SCONJ	IN	_	9	mark	_	_
8	you	_	PRON	PRP	_	9	nsubj	_	_
9	get	_	VERB	VBP	_	4	advcl	_	_
10	your	_	PRON	PRP$	_	11	nmod:poss	_	_
11	bluejeans	_	NOUN	NNS	_	9	obj	_	_
12	on	_	ADP	IN	_	9	compound:prt	_	_
13	.	_	PUNCT	.	_	4	punct	_	_",
January is when the baby's getting born .,"1	January	_	_	_	_	3	nsubj	_	_
2	is	_	_	_	_	3	cop	_	_
3	when	_	_	_	_	0	root	_	_
4	the	_	_	_	_	5	det	_	_
5	baby's	_	_	_	_	7	nsubj:pass	_	_
6	getting	_	_	_	_	7	aux:pass	_	_
7	born	_	_	_	_	3	acl	_	_
8	.	_	_	_	_	3	punct	_	_","1	January	_	PROPN	NNP	_	3	nsubj	_	_
2	is	_	AUX	VBZ	_	8	cop	_	_
3	when	_	ADV	WRB	_	8	advmod	_	_
4	the	_	DET	DT	_	5	det	_	_
5	baby	_	NOUN	NN	_	8	nsubj:pass	_	_
6	's	_	AUX	VBZ	_	8	aux	_	_
7	getting	_	AUX	VBG	_	8	aux:pass	_	_
8	born	_	VERB	VBN	_	0	root	_	_
9	.	_	PUNCT	.	_	3	punct	_	_",
oh yeah Mom I didn't know farmers would let robins sit in barns .,"1	oh	_	_	_	_	6	discourse	_	_
2	yeah	_	_	_	_	6	discourse	_	_
3	Mom	_	_	_	_	6	vocative	_	_
4	I	_	_	_	_	6	nsubj	_	_
5	didn't	_	_	_	_	6	aux	_	_
6	know	_	_	_	_	0	root	_	_
7	farmers	_	_	_	_	9	nsubj	_	_
8	would	_	_	_	_	9	aux	_	_
9	let	_	_	_	_	6	ccomp	_	_
10	robins	_	_	_	_	9	obj	_	_
11	sit	_	_	_	_	9	xcomp	_	_
12	in	_	_	_	_	13	case	_	_
13	barns	_	_	_	_	11	obl	_	_
14	.	_	_	_	_	6	punct	_	_","1	oh	_	INTJ	UH	_	7	discourse	_	_
2	yeah	_	INTJ	UH	_	7	discourse	_	_
3	Mom	_	NOUN	NN	_	7	vocative	_	_
4	I	_	PRON	PRP	_	7	nsubj	_	_
5	did	_	AUX	VBD	_	7	aux	_	_
6	n't	_	PART	RB	_	7	advmod	_	_
7	know	_	VERB	VB	_	0	root	_	_
8	farmers	_	NOUN	NNS	_	10	nsubj	_	_
9	would	_	AUX	MD	_	10	aux	_	_
10	let	_	VERB	VB	_	7	ccomp	_	_
11	robins	_	NOUN	NNS	_	10	obj	_	_
12	sit	_	VERB	VB	_	10	xcomp	_	_
13	in	_	ADP	IN	_	14	case	_	_
14	barns	_	NOUN	NNS	_	12	obl	_	_
15	.	_	PUNCT	.	_	7	punct	_	_",
"of course like Joe he useta run a farm , a neat farm too .","1	of	_	_	_	_	4	advmod	_	_
2	course	_	_	_	_	1	fixed	_	_
3	like	_	_	_	_	4	case	_	_
4	Joe	_	_	_	_	7	obl	_	_
5	he	_	_	_	_	6	nsubj	_	_
6	useta	_	_	_	_	0	root	_	_
7	run	_	_	_	_	6	xcomp	_	_
8	a	_	_	_	_	9	det	_	_
9	farm	_	_	_	_	7	obj	_	_
10	,	_	_	_	_	13	case	_	_
11	a	_	_	_	_	13	det	_	_
12	neat	_	_	_	_	13	amod	_	_
13	farm	_	_	_	_	7	parataxis	_	_
14	too	_	_	_	_	13	advmod	_	_
15	.	_	_	_	_	6	punct	_	_","1	of	_	ADP	IN	_	7	advmod	_	_
2	course	_	NOUN	NN	_	1	fixed	_	_
3	like	_	ADP	IN	_	4	case	_	_
4	Joe	_	PROPN	NNP	_	7	obl	_	_
5	he	_	PRON	PRP	_	6	dep	_	_
6	useta	_	NOUN	NN	_	7	nsubj	_	_
7	run	_	VERB	VB	_	0	root	_	_
8	a	_	DET	DT	_	9	det	_	_
9	farm	_	NOUN	NN	_	7	obj	_	_
10	,	_	PUNCT	,	_	13	punct	_	_
11	a	_	DET	DT	_	13	det	_	_
12	neat	_	ADJ	JJ	_	13	amod	_	_
13	farm	_	NOUN	NN	_	9	appos	_	_
14	too	_	ADV	RB	_	7	advmod	_	_
15	.	_	PUNCT	.	_	7	punct	_	_",
I wanna see .,"1	I	_	_	_	_	2	nsubj	_	_
2	wanna	_	_	_	_	0	root	_	_
3	see	_	_	_	_	2	xcomp	_	_
4	.	_	_	_	_	2	punct	_	_","1	I	_	PRON	PRP	_	2	nsubj	_	_
2	wan	_	VERB	VBP	_	0	root	_	_
3	na	_	PART	TO	_	4	mark	_	_
4	see	_	VERB	VB	_	2	xcomp	_	_
5	.	_	PUNCT	.	_	2	punct	_	_",
I can't see a yellow circle .,"1	I	_	_	_	_	3	nsubj	_	_
2	can't	_	_	_	_	3	aux	_	_
3	see	_	_	_	_	0	root	_	_
4	a	_	_	_	_	6	det	_	_
5	yellow	_	_	_	_	6	amod	_	_
6	circle	_	_	_	_	3	obj	_	_
7	.	_	_	_	_	3	punct	_	_","1	I	_	PRON	PRP	_	4	nsubj	_	_
2	ca	_	AUX	MD	_	4	aux	_	_
3	n't	_	PART	RB	_	4	advmod	_	_
4	see	_	VERB	VB	_	0	root	_	_
5	a	_	DET	DT	_	7	det	_	_
6	yellow	_	ADJ	JJ	_	7	amod	_	_
7	circle	_	NOUN	NN	_	4	obj	_	_
8	.	_	PUNCT	.	_	4	punct	_	_",
I'd punch you .,"1	I'd	_	_	_	_	2	nsubj	_	_
2	punch	_	_	_	_	0	root	_	_
3	you	_	_	_	_	2	obj	_	_
4	.	_	_	_	_	2	punct	_	_","1	I	_	PRON	PRP	_	3	nsubj	_	_
2	'd	_	AUX	MD	_	3	aux	_	_
3	punch	_	VERB	VB	_	0	root	_	_
4	you	_	PRON	PRP	_	3	obj	_	_
5	.	_	PUNCT	.	_	3	punct	_	_",
hey Mommy hey Daddy what did they say about Karen ?,"1	hey	_	_	_	_	8	discourse	_	_
2	Mommy	_	_	_	_	8	vocative	_	_
3	hey	_	_	_	_	1	conj	_	_
4	Daddy	_	_	_	_	1	vocative	_	_
5	what	_	_	_	_	8	obj	_	_
6	did	_	_	_	_	8	aux	_	_
7	they	_	_	_	_	8	nsubj	_	_
8	say	_	_	_	_	0	root	_	_
9	about	_	_	_	_	10	case	_	_
10	Karen	_	_	_	_	8	obl	_	_
11	?	_	_	_	_	8	punct	_	_","1	hey	_	INTJ	UH	_	8	discourse	_	_
2	Mommy	_	PROPN	NNP	_	8	vocative	_	_
3	hey	_	INTJ	UH	_	8	discourse	_	_
4	Daddy	_	PROPN	NNP	_	2	flat	_	_
5	what	_	PRON	WP	_	8	obj	_	_
6	did	_	AUX	VBD	_	8	aux	_	_
7	they	_	PRON	PRP	_	8	nsubj	_	_
8	say	_	VERB	VB	_	0	root	_	_
9	about	_	ADP	IN	_	10	case	_	_
10	Karen	_	PROPN	NNP	_	8	obl	_	_
11	?	_	PUNCT	.	_	8	punct	_	_",
there's thread in my cereal .,"1	there's	_	_	_	_	0	root	_	_
2	thread	_	_	_	_	1	nsubj	_	_
3	in	_	_	_	_	5	case	_	_
4	my	_	_	_	_	5	nmod:poss	_	_
5	cereal	_	_	_	_	2	nmod	_	_
6	.	_	_	_	_	1	punct	_	_","1	there	_	PRON	EX	_	2	expl	_	_
2	's	_	VERB	VBZ	_	0	root	_	_
3	thread	_	NOUN	NN	_	2	nsubj	_	_
4	in	_	ADP	IN	_	6	case	_	_
5	my	_	PRON	PRP$	_	6	nmod:poss	_	_
6	cereal	_	NOUN	NN	_	2	obl	_	_
7	.	_	PUNCT	.	_	2	punct	_	_",
I'll show you a piece of thread .,"1	I'll	_	_	_	_	2	nsubj	_	_
2	show	_	_	_	_	0	root	_	_
3	you	_	_	_	_	2	iobj	_	_
4	a	_	_	_	_	5	det	_	_
5	piece	_	_	_	_	2	obj	_	_
6	of	_	_	_	_	7	case	_	_
7	thread	_	_	_	_	5	nmod	_	_
8	.	_	_	_	_	2	punct	_	_","1	I	_	PRON	PRP	_	3	nsubj	_	_
2	'll	_	AUX	MD	_	3	aux	_	_
3	show	_	VERB	VB	_	0	root	_	_
4	you	_	PRON	PRP	_	3	iobj	_	_
5	a	_	DET	DT	_	6	det	_	_
6	piece	_	NOUN	NN	_	3	obj	_	_
7	of	_	ADP	IN	_	8	case	_	_
8	thread	_	NOUN	NN	_	6	nmod	_	_
9	.	_	PUNCT	.	_	3	punct	_	_",
hey Mommy .,"1	hey	_	_	_	_	0	root	_	_
2	Mommy	_	_	_	_	1	vocative	_	_
3	.	_	_	_	_	1	punct	_	_","1	hey	_	INTJ	UH	_	2	discourse	_	_
2	Mommy	_	PROPN	NNP	_	0	root	_	_
3	.	_	PUNCT	.	_	2	punct	_	_","1	Hey	hey	INTJ	UH	_	0	root	0:root	_
2	Mommy	Mommy	PROPN	NNP	_	1	vocative	1:vocative	SpaceAfter=No
3	.	.	PUNCT	.	_	1	punct	1:punct	_
"
we can put this up after we're done eating .,"1	we	_	_	_	_	3	nsubj	_	_
2	can	_	_	_	_	3	aux	_	_
3	put	_	_	_	_	0	root	_	_
4	this	_	_	_	_	3	obj	_	_
5	up	_	_	_	_	3	compound:prt	_	_
6	after	_	_	_	_	8	mark	_	_
7	we're	_	_	_	_	8	nsubj	_	_
8	done	_	_	_	_	3	advcl	_	_
9	eating	_	_	_	_	8	advcl	_	_
10	.	_	_	_	_	3	punct	_	_","1	we	_	PRON	PRP	_	3	nsubj	_	_
2	can	_	AUX	MD	_	3	aux	_	_
3	put	_	VERB	VB	_	0	root	_	_
4	this	_	PRON	DT	_	3	obj	_	_
5	up	_	ADP	RP	_	3	compound:prt	_	_
6	after	_	SCONJ	IN	_	9	mark	_	_
7	we	_	PRON	PRP	_	9	nsubj:pass	_	_
8	're	_	AUX	VBP	_	9	aux:pass	_	_
9	done	_	VERB	VBN	_	3	advcl	_	_
10	eating	_	VERB	VBG	_	9	xcomp	_	_
11	.	_	PUNCT	.	_	3	punct	_	_",
probably one of those zebra robes and a cowboy jacket .,"1	probably	_	_	_	_	2	advmod	_	_
2	one	_	_	_	_	0	root	_	_
3	of	_	_	_	_	6	case	_	_
4	those	_	_	_	_	6	det	_	_
5	zebra	_	_	_	_	6	compound	_	_
6	robes	_	_	_	_	2	nmod	_	_
7	and	_	_	_	_	10	cc	_	_
8	a	_	_	_	_	10	det	_	_
9	cowboy	_	_	_	_	10	compound	_	_
10	jacket	_	_	_	_	2	conj	_	_
11	.	_	_	_	_	2	punct	_	_","1	probably	_	ADV	RB	_	2	advmod	_	_
2	one	_	NUM	CD	_	0	root	_	_
3	of	_	ADP	IN	_	6	case	_	_
4	those	_	DET	DT	_	6	det	_	_
5	zebra	_	NOUN	NN	_	6	compound	_	_
6	robes	_	NOUN	NNS	_	2	nmod	_	_
7	and	_	CCONJ	CC	_	10	cc	_	_
8	a	_	DET	DT	_	10	det	_	_
9	cowboy	_	NOUN	NN	_	10	compound	_	_
10	jacket	_	NOUN	NN	_	6	conj	_	_
11	.	_	PUNCT	.	_	2	punct	_	_",
except with a different kind of material .,"1	except	_	_	_	_	5	mark	_	_
2	with	_	_	_	_	5	case	_	_
3	a	_	_	_	_	5	det	_	_
4	different	_	_	_	_	5	amod	_	_
5	kind	_	_	_	_	0	root	_	_
6	of	_	_	_	_	7	case	_	_
7	material	_	_	_	_	5	nmod	_	_
8	.	_	_	_	_	5	punct	_	_","1	except	_	ADP	IN	_	5	case	_	_
2	with	_	ADP	IN	_	5	case	_	_
3	a	_	DET	DT	_	5	det	_	_
4	different	_	ADJ	JJ	_	5	amod	_	_
5	kind	_	NOUN	NN	_	0	root	_	_
6	of	_	ADP	IN	_	7	case	_	_
7	material	_	NOUN	NN	_	5	nmod	_	_
8	.	_	PUNCT	.	_	5	punct	_	_",
I can't talk with my mouth full .,"1	I	_	_	_	_	3	nsubj	_	_
2	can't	_	_	_	_	3	aux	_	_
3	talk	_	_	_	_	0	root	_	_
4	with	_	_	_	_	6	case	_	_
5	my	_	_	_	_	6	nmod:poss	_	_
6	mouth	_	_	_	_	3	obl	_	_
7	full	_	_	_	_	6	acl	_	_
8	.	_	_	_	_	3	punct	_	_","1	I	_	PRON	PRP	_	4	nsubj	_	_
2	ca	_	AUX	MD	_	4	aux	_	_
3	n't	_	PART	RB	_	4	advmod	_	_
4	talk	_	VERB	VB	_	0	root	_	_
5	with	_	ADP	IN	_	7	case	_	_
6	my	_	PRON	PRP$	_	7	nmod:poss	_	_
7	mouth	_	NOUN	NN	_	4	obl	_	_
8	full	_	ADJ	JJ	_	4	xcomp	_	_
9	.	_	PUNCT	.	_	4	punct	_	_",
I can't talk now .,"1	I	_	_	_	_	3	nsubj	_	_
2	can't	_	_	_	_	3	aux	_	_
3	talk	_	_	_	_	0	root	_	_
4	now	_	_	_	_	3	advmod	_	_
5	.	_	_	_	_	3	punct	_	_","1	I	_	PRON	PRP	_	4	nsubj	_	_
2	ca	_	AUX	MD	_	4	aux	_	_
3	n't	_	PART	RB	_	4	advmod	_	_
4	talk	_	VERB	VB	_	0	root	_	_
5	now	_	ADV	RB	_	4	advmod	_	_
6	.	_	PUNCT	.	_	4	punct	_	_",
I can't laugh with my mouth full .,"1	I	_	_	_	_	3	nsubj	_	_
2	can't	_	_	_	_	3	aux	_	_
3	laugh	_	_	_	_	0	root	_	_
4	with	_	_	_	_	6	case	_	_
5	my	_	_	_	_	6	nmod:poss	_	_
6	mouth	_	_	_	_	3	obl	_	_
7	full	_	_	_	_	6	acl	_	_
8	.	_	_	_	_	3	punct	_	_","1	I	_	PRON	PRP	_	4	nsubj	_	_
2	ca	_	AUX	MD	_	4	aux	_	_
3	n't	_	PART	RB	_	4	advmod	_	_
4	laugh	_	VERB	VB	_	0	root	_	_
5	with	_	ADP	IN	_	7	case	_	_
6	my	_	PRON	PRP$	_	7	nmod:poss	_	_
7	mouth	_	NOUN	NN	_	4	obl	_	_
8	full	_	ADJ	JJ	_	4	xcomp	_	_
9	.	_	PUNCT	.	_	4	punct	_	_",
I can't drink with my mouth full .,"1	I	_	_	_	_	3	nsubj	_	_
2	can't	_	_	_	_	3	aux	_	_
3	drink	_	_	_	_	0	root	_	_
4	with	_	_	_	_	6	case	_	_
5	my	_	_	_	_	6	nmod:poss	_	_
6	mouth	_	_	_	_	3	obl	_	_
7	full	_	_	_	_	6	acl	_	_
8	.	_	_	_	_	3	punct	_	_","1	I	_	PRON	PRP	_	4	nsubj	_	_
2	ca	_	AUX	MD	_	4	aux	_	_
3	n't	_	PART	RB	_	4	advmod	_	_
4	drink	_	VERB	VB	_	0	root	_	_
5	with	_	ADP	IN	_	7	case	_	_
6	my	_	PRON	PRP$	_	7	nmod:poss	_	_
7	mouth	_	NOUN	NN	_	4	obl	_	_
8	full	_	ADJ	JJ	_	4	xcomp	_	_
9	.	_	PUNCT	.	_	4	punct	_	_",
and I can't eat with my mouth full .,"1	and	_	_	_	_	4	cc	_	_
2	I	_	_	_	_	4	nsubj	_	_
3	can't	_	_	_	_	4	aux	_	_
4	eat	_	_	_	_	0	root	_	_
5	with	_	_	_	_	7	case	_	_
6	my	_	_	_	_	7	nmod:poss	_	_
7	mouth	_	_	_	_	4	obl	_	_
8	full	_	_	_	_	7	acl	_	_
9	.	_	_	_	_	4	punct	_	_","1	and	_	CCONJ	CC	_	5	cc	_	_
2	I	_	PRON	PRP	_	5	nsubj	_	_
3	ca	_	AUX	MD	_	5	aux	_	_
4	n't	_	PART	RB	_	5	advmod	_	_
5	eat	_	VERB	VB	_	0	root	_	_
6	with	_	ADP	IN	_	8	case	_	_
7	my	_	PRON	PRP$	_	8	nmod:poss	_	_
8	mouth	_	NOUN	NN	_	5	obl	_	_
9	full	_	ADJ	JJ	_	5	xcomp	_	_
10	.	_	PUNCT	.	_	5	punct	_	_",
no he doesn't .,"1	no	_	_	_	_	3	discourse	_	_
2	he	_	_	_	_	3	nsubj	_	_
3	doesn't	_	_	_	_	0	root	_	_
4	.	_	_	_	_	3	punct	_	_","1	no	_	INTJ	UH	_	3	discourse	_	_
2	he	_	PRON	PRP	_	3	nsubj	_	_
3	does	_	AUX	VBZ	_	0	root	_	_
4	n't	_	PART	RB	_	3	advmod	_	_
5	.	_	PUNCT	.	_	3	punct	_	_",
real quiet shoes .,"1	real	_	_	_	_	3	advmod	_	_
2	quiet	_	_	_	_	3	amod	_	_
3	shoes	_	_	_	_	0	root	_	_
4	.	_	_	_	_	3	punct	_	_","1	real	_	ADJ	JJ	_	3	amod	_	_
2	quiet	_	ADJ	JJ	_	3	amod	_	_
3	shoes	_	NOUN	NNS	_	0	root	_	_
4	.	_	PUNCT	.	_	3	punct	_	_",
if you look down he'll be up .,"1	if	_	_	_	_	3	mark	_	_
2	you	_	_	_	_	3	nsubj	_	_
3	look	_	_	_	_	7	advcl	_	_
4	down	_	_	_	_	3	advmod	_	_
5	he'll	_	_	_	_	7	aux	_	_
6	be	_	_	_	_	7	cop	_	_
7	up	_	_	_	_	0	root	_	_
8	.	_	_	_	_	7	punct	_	_","1	if	_	SCONJ	IN	_	3	mark	_	_
2	you	_	PRON	PRP	_	3	nsubj	_	_
3	look	_	VERB	VBP	_	8	advcl	_	_
4	down	_	ADP	RP	_	3	compound:prt	_	_
5	he	_	PRON	PRP	_	8	nsubj	_	_
6	'll	_	AUX	MD	_	8	aux	_	_
7	be	_	AUX	VB	_	8	cop	_	_
8	up	_	ADP	RP	_	0	root	_	_
9	.	_	PUNCT	.	_	8	punct	_	_",
so you better not stay up .,"1	so	_	_	_	_	5	advmod	_	_
2	you	_	_	_	_	5	nsubj	_	_
3	better	_	_	_	_	5	advmod	_	_
4	not	_	_	_	_	5	advmod	_	_
5	stay	_	_	_	_	0	root	_	_
6	up	_	_	_	_	5	advmod	_	_
7	.	_	_	_	_	5	punct	_	_","1	so	_	ADV	RB	_	5	advmod	_	_
2	you	_	PRON	PRP	_	5	nsubj	_	_
3	better	_	ADV	RBR	_	5	advmod	_	_
4	not	_	PART	RB	_	5	advmod	_	_
5	stay	_	VERB	VB	_	0	root	_	_
6	up	_	ADP	RP	_	5	compound:prt	_	_
7	.	_	PUNCT	.	_	5	punct	_	_",
because if he sees you he'll give you a spanking .,"1	because	_	_	_	_	7	mark	_	_
2	if	_	_	_	_	4	mark	_	_
3	he	_	_	_	_	4	nsubj	_	_
4	sees	_	_	_	_	7	advcl	_	_
5	you	_	_	_	_	4	obj	_	_
6	he'll	_	_	_	_	7	nsubj	_	_
7	give	_	_	_	_	0	root	_	_
8	you	_	_	_	_	7	iobj	_	_
9	a	_	_	_	_	10	det	_	_
10	spanking	_	_	_	_	7	obj	_	_
11	.	_	_	_	_	7	punct	_	_","1	because	_	SCONJ	IN	_	8	mark	_	_
2	if	_	SCONJ	IN	_	4	mark	_	_
3	he	_	PRON	PRP	_	4	nsubj	_	_
4	sees	_	VERB	VBZ	_	8	advcl	_	_
5	you	_	PRON	PRP	_	4	obj	_	_
6	he	_	PRON	PRP	_	8	nsubj	_	_
7	'll	_	AUX	MD	_	8	aux	_	_
8	give	_	VERB	VB	_	0	root	_	_
9	you	_	PRON	PRP	_	8	iobj	_	_
10	a	_	DET	DT	_	11	det	_	_
11	spanking	_	NOUN	NN	_	8	obj	_	_
12	.	_	PUNCT	.	_	8	punct	_	_",
no he wouldn't .,"1	no	_	_	_	_	3	discourse	_	_
2	he	_	_	_	_	3	nsubj	_	_
3	wouldn't	_	_	_	_	0	root	_	_
4	.	_	_	_	_	3	punct	_	_","1	no	_	INTJ	UH	_	3	discourse	_	_
2	he	_	PRON	PRP	_	3	nsubj	_	_
3	would	_	AUX	MD	_	0	root	_	_
4	n't	_	PART	RB	_	3	advmod	_	_
5	.	_	PUNCT	.	_	3	punct	_	_",
I don't know .,"1	I	_	_	_	_	3	nsubj	_	_
2	don't	_	_	_	_	3	aux	_	_
3	know	_	_	_	_	0	root	_	_
4	.	_	_	_	_	3	punct	_	_","1	I	_	PRON	PRP	_	4	nsubj	_	_
2	do	_	AUX	VBP	_	4	aux	_	_
3	n't	_	PART	RB	_	4	advmod	_	_
4	know	_	VERB	VB	_	0	root	_	_
5	.	_	PUNCT	.	_	4	punct	_	_",
how much do they cost ?,"1	how	_	_	_	_	2	advmod	_	_
2	much	_	_	_	_	5	advmod	_	_
3	do	_	_	_	_	5	aux	_	_
4	they	_	_	_	_	5	nsubj	_	_
5	cost	_	_	_	_	0	root	_	_
6	?	_	_	_	_	5	punct	_	_","1	how	_	ADV	WRB	_	2	advmod	_	_
2	much	_	ADJ	JJ	_	5	obj	_	_
3	do	_	AUX	VBP	_	5	aux	_	_
4	they	_	PRON	PRP	_	5	nsubj	_	_
5	cost	_	VERB	VB	_	0	root	_	_
6	?	_	PUNCT	.	_	5	punct	_	_",
how would how could we make them ?,"1	how	_	_	_	_	2	advmod	_	_
2	would	_	_	_	_	6	reparandum	_	_
3	how	_	_	_	_	6	advmod	_	_
4	could	_	_	_	_	6	aux	_	_
5	we	_	_	_	_	6	nsubj	_	_
6	make	_	_	_	_	0	root	_	_
7	them	_	_	_	_	6	obj	_	_
8	?	_	_	_	_	6	punct	_	_","1	how	_	ADV	WRB	_	6	advmod	_	_
2	would	_	AUX	MD	_	6	aux	_	_
3	how	_	ADV	WRB	_	6	advmod	_	_
4	could	_	AUX	MD	_	6	aux	_	_
5	we	_	PRON	PRP	_	6	nsubj	_	_
6	make	_	VERB	VB	_	0	root	_	_
7	them	_	PRON	PRP	_	6	obj	_	_
8	?	_	PUNCT	.	_	6	punct	_	_",
remember that Christmas wrapper that we useta have or have ?,"1	remember	_	_	_	_	0	root	_	_
2	that	_	_	_	_	4	det	_	_
3	Christmas	_	_	_	_	4	compound	_	_
4	wrapper	_	_	_	_	1	obj	_	_
5	that	_	_	_	_	8	obj	_	_
6	we	_	_	_	_	7	nsubj	_	_
7	useta	_	_	_	_	8	mark	_	_
8	have	_	_	_	_	4	acl	_	_
9	or	_	_	_	_	10	cc	_	_
10	have	_	_	_	_	8	conj	_	_
11	?	_	_	_	_	1	punct	_	_","1	remember	_	VERB	VB	_	0	root	_	_
2	that	_	DET	DT	_	4	det	_	_
3	Christmas	_	PROPN	NNP	_	4	compound	_	_
4	wrapper	_	NOUN	NN	_	1	obj	_	_
5	that	_	PRON	WDT	_	8	obj	_	_
6	we	_	PRON	PRP	_	8	nsubj	_	_
7	useta	_	AUX	VBP	_	8	aux	_	_
8	have	_	VERB	VBP	_	4	acl:relcl	_	_
9	or	_	CCONJ	CC	_	10	cc	_	_
10	have	_	VERB	VBP	_	8	conj	_	_
11	?	_	PUNCT	.	_	1	punct	_	_",
we could use that to wrap our presents .,"1	we	_	_	_	_	3	nsubj	_	_
2	could	_	_	_	_	3	aux	_	_
3	use	_	_	_	_	0	root	_	_
4	that	_	_	_	_	3	obj	_	_
5	to	_	_	_	_	6	mark	_	_
6	wrap	_	_	_	_	3	xcomp	_	_
7	our	_	_	_	_	8	nmod:poss	_	_
8	presents	_	_	_	_	6	obj	_	_
9	.	_	_	_	_	3	punct	_	_","1	we	_	PRON	PRP	_	3	nsubj	_	_
2	could	_	AUX	MD	_	3	aux	_	_
3	use	_	VERB	VB	_	0	root	_	_
4	that	_	PRON	DT	_	3	obj	_	_
5	to	_	PART	TO	_	6	mark	_	_
6	wrap	_	VERB	VB	_	3	advcl	_	_
7	our	_	PRON	PRP$	_	8	nmod:poss	_	_
8	presents	_	NOUN	NNS	_	6	obj	_	_
9	.	_	PUNCT	.	_	3	punct	_	_",
which picture was it going to go under ?,"1	which	_	_	_	_	2	det	_	_
2	picture	_	_	_	_	7	obl	_	_
3	was	_	_	_	_	5	aux	_	_
4	it	_	_	_	_	5	nsubj	_	_
5	going	_	_	_	_	0	root	_	_
6	to	_	_	_	_	7	mark	_	_
7	go	_	_	_	_	5	xcomp	_	_
8	under	_	_	_	_	2	case	_	_
9	?	_	_	_	_	5	punct	_	_","1	which	_	DET	WDT	_	2	det	_	_
2	picture	_	NOUN	NN	_	5	obj	_	_
3	was	_	AUX	VBD	_	5	aux	_	_
4	it	_	PRON	PRP	_	5	nsubj	_	_
5	going	_	VERB	VBG	_	0	root	_	_
6	to	_	PART	TO	_	7	mark	_	_
7	go	_	VERB	VB	_	5	xcomp	_	_
8	under	_	ADV	RB	_	7	advmod	_	_
9	?	_	PUNCT	.	_	5	punct	_	_",
Mommy make some tacos please .,"1	Mommy	_	_	_	_	2	vocative	_	_
2	make	_	_	_	_	0	root	_	_
3	some	_	_	_	_	4	det	_	_
4	tacos	_	_	_	_	2	obj	_	_
5	please	_	_	_	_	2	discourse	_	_
6	.	_	_	_	_	2	punct	_	_","1	Mommy	_	PROPN	NNP	_	2	nsubj	_	_
2	make	_	VERB	VB	_	0	root	_	_
3	some	_	DET	DT	_	4	det	_	_
4	tacos	_	NOUN	NNS	_	2	obj	_	_
5	please	_	INTJ	UH	_	2	discourse	_	_
6	.	_	PUNCT	.	_	2	punct	_	_",
you have bigger shoes also like mine right there .,"1	you	_	_	_	_	2	nsubj	_	_
2	have	_	_	_	_	0	root	_	_
3	bigger	_	_	_	_	4	amod	_	_
4	shoes	_	_	_	_	2	obj	_	_
5	also	_	_	_	_	2	advmod	_	_
6	like	_	_	_	_	7	case	_	_
7	mine	_	_	_	_	2	obl	_	_
8	right	_	_	_	_	9	advmod	_	_
9	there	_	_	_	_	7	advmod	_	_
10	.	_	_	_	_	2	punct	_	_","1	you	_	PRON	PRP	_	2	nsubj	_	_
2	have	_	VERB	VBP	_	0	root	_	_
3	bigger	_	ADJ	JJR	_	4	amod	_	_
4	shoes	_	NOUN	NNS	_	2	obj	_	_
5	also	_	ADV	RB	_	2	advmod	_	_
6	like	_	ADP	IN	_	7	case	_	_
7	mine	_	PRON	PRP	_	2	obl	_	_
8	right	_	ADV	RB	_	9	advmod	_	_
9	there	_	ADV	RB	_	2	advmod	_	_
10	.	_	PUNCT	.	_	2	punct	_	_",
uhhuh Daddy .,"1	uhhuh	_	_	_	_	0	root	_	_
2	Daddy	_	_	_	_	1	vocative	_	_
3	.	_	_	_	_	1	punct	_	_","1	uhhuh	_	INTJ	UH	_	2	discourse	_	_
2	Daddy	_	PROPN	NNP	_	0	root	_	_
3	.	_	PUNCT	.	_	2	punct	_	_",
I said uhhuh .,"1	I	_	_	_	_	2	nsubj	_	_
2	said	_	_	_	_	0	root	_	_
3	uhhuh	_	_	_	_	2	discourse	_	_
4	.	_	_	_	_	2	punct	_	_","1	I	_	PRON	PRP	_	2	nsubj	_	_
2	said	_	VERB	VBD	_	0	root	_	_
3	uhhuh	_	INTJ	UH	_	2	obj	_	_
4	.	_	PUNCT	.	_	2	punct	_	_",
uhhuh that's a right leg .,"1	uhhuh	_	_	_	_	5	discourse	_	_
2	that's	_	_	_	_	5	nsubj	_	_
3	a	_	_	_	_	5	det	_	_
4	right	_	_	_	_	5	amod	_	_
5	leg	_	_	_	_	0	root	_	_
6	.	_	_	_	_	5	punct	_	_","1	uhhuh	_	INTJ	UH	_	6	discourse	_	_
2	that	_	PRON	DT	_	6	nsubj	_	_
3	's	_	AUX	VBZ	_	6	cop	_	_
4	a	_	DET	DT	_	6	det	_	_
5	right	_	ADJ	JJ	_	6	amod	_	_
6	leg	_	NOUN	NN	_	0	root	_	_
7	.	_	PUNCT	.	_	6	punct	_	_",
I'm going to go out there with you .,"1	I'm	_	_	_	_	2	nsubj	_	_
2	going	_	_	_	_	0	root	_	_
3	to	_	_	_	_	4	mark	_	_
4	go	_	_	_	_	2	xcomp	_	_
5	out	_	_	_	_	6	advmod	_	_
6	there	_	_	_	_	4	advmod	_	_
7	with	_	_	_	_	8	case	_	_
8	you	_	_	_	_	4	obl	_	_
9	.	_	_	_	_	2	punct	_	_","1	I	_	PRON	PRP	_	3	nsubj	_	_
2	'm	_	AUX	VBP	_	3	aux	_	_
3	going	_	VERB	VBG	_	0	root	_	_
4	to	_	PART	TO	_	5	mark	_	_
5	go	_	VERB	VB	_	3	xcomp	_	_
6	out	_	ADV	RB	_	7	advmod	_	_
7	there	_	ADV	RB	_	5	advmod	_	_
8	with	_	ADP	IN	_	9	case	_	_
9	you	_	PRON	PRP	_	5	obl	_	_
10	.	_	PUNCT	.	_	3	punct	_	_",
uhhuh I don't wanna stay with you .,"1	uhhuh	_	_	_	_	4	discourse	_	_
2	I	_	_	_	_	4	nsubj	_	_
3	don't	_	_	_	_	4	aux	_	_
4	wanna	_	_	_	_	0	root	_	_
5	stay	_	_	_	_	4	xcomp	_	_
6	with	_	_	_	_	7	case	_	_
7	you	_	_	_	_	5	obl	_	_
8	.	_	_	_	_	4	punct	_	_","1	uhhuh	_	INTJ	UH	_	5	discourse	_	_
2	I	_	PRON	PRP	_	5	nsubj	_	_
3	do	_	AUX	VBP	_	5	aux	_	_
4	n't	_	PART	RB	_	5	advmod	_	_
5	wan	_	VERB	VB	_	0	root	_	_
6	na	_	PART	TO	_	7	mark	_	_
7	stay	_	VERB	VB	_	5	xcomp	_	_
8	with	_	ADP	IN	_	9	case	_	_
9	you	_	PRON	PRP	_	7	obl	_	_
10	.	_	PUNCT	.	_	5	punct	_	_",
uhhuh and that .,"1	uhhuh	_	_	_	_	3	discourse	_	_
2	and	_	_	_	_	3	cc	_	_
3	that	_	_	_	_	0	root	_	_
4	.	_	_	_	_	3	punct	_	_","1	uhhuh	_	INTJ	UH	_	0	root	_	_
2	and	_	CCONJ	CC	_	3	cc	_	_
3	that	_	PRON	DT	_	1	conj	_	_
4	.	_	PUNCT	.	_	1	punct	_	_",
uhhuh I mean those those things .,"1	uhhuh	_	_	_	_	3	discourse	_	_
2	I	_	_	_	_	3	nsubj	_	_
3	mean	_	_	_	_	0	root	_	_
4	those	_	_	_	_	5	reparandum	_	_
5	those	_	_	_	_	6	det	_	_
6	things	_	_	_	_	3	obj	_	_
7	.	_	_	_	_	3	punct	_	_","1	uhhuh	_	INTJ	UH	_	3	discourse	_	_
2	I	_	PRON	PRP	_	3	nsubj	_	_
3	mean	_	VERB	VBP	_	0	root	_	_
4	those	_	DET	DT	_	6	det	_	_
5	those	_	DET	DT	_	6	det	_	_
6	things	_	NOUN	NNS	_	3	obj	_	_
7	.	_	PUNCT	.	_	3	punct	_	_",
uhhuh it's okay with me .,"1	uhhuh	_	_	_	_	3	discourse	_	_
2	it's	_	_	_	_	3	cop	_	_
3	okay	_	_	_	_	0	root	_	_
4	with	_	_	_	_	5	case	_	_
5	me	_	_	_	_	3	obl	_	_
6	.	_	_	_	_	3	punct	_	_","1	uhhuh	_	INTJ	UH	_	4	discourse	_	_
2	it	_	PRON	PRP	_	4	nsubj	_	_
3	's	_	AUX	VBZ	_	4	cop	_	_
4	okay	_	ADJ	JJ	_	0	root	_	_
5	with	_	ADP	IN	_	6	case	_	_
6	me	_	PRON	PRP	_	4	obl	_	_
7	.	_	PUNCT	.	_	4	punct	_	_",
I like tacos tacos tacos tacos !,"1	I	_	_	_	_	2	nsubj	_	_
2	like	_	_	_	_	0	root	_	_
3	tacos	_	_	_	_	2	obj	_	_
4	tacos	_	_	_	_	3	conj	_	_
5	tacos	_	_	_	_	3	conj	_	_
6	tacos	_	_	_	_	3	conj	_	_
7	!	_	_	_	_	2	punct	_	_","1	I	_	PRON	PRP	_	2	nsubj	_	_
2	like	_	VERB	VBP	_	0	root	_	_
3	tacos	_	NOUN	NNS	_	4	compound	_	_
4	tacos	_	NOUN	NNS	_	6	compound	_	_
5	tacos	_	NOUN	NNS	_	6	compound	_	_
6	tacos	_	NOUN	NNS	_	2	obj	_	_
7	!	_	PUNCT	.	_	2	punct	_	_",
you put it all in there ?,"1	you	_	_	_	_	2	nsubj	_	_
2	put	_	_	_	_	0	root	_	_
3	it	_	_	_	_	2	obj	_	_
4	all	_	_	_	_	3	det	_	_
5	in	_	_	_	_	6	case	_	_
6	there	_	_	_	_	2	obl	_	_
7	?	_	_	_	_	2	punct	_	_","1	you	_	PRON	PRP	_	2	nsubj	_	_
2	put	_	VERB	VBP	_	0	root	_	_
3	it	_	PRON	PRP	_	2	obj	_	_
4	all	_	DET	DT	_	2	advmod	_	_
5	in	_	ADP	IN	_	6	case	_	_
6	there	_	ADV	RB	_	2	obl	_	_
7	?	_	PUNCT	.	_	2	punct	_	_",
you put it all in there ?,"1	you	_	_	_	_	2	nsubj	_	_
2	put	_	_	_	_	0	root	_	_
3	it	_	_	_	_	2	obj	_	_
4	all	_	_	_	_	3	det	_	_
5	in	_	_	_	_	6	case	_	_
6	there	_	_	_	_	2	obl	_	_
7	?	_	_	_	_	2	punct	_	_","1	you	_	PRON	PRP	_	2	nsubj	_	_
2	put	_	VERB	VBP	_	0	root	_	_
3	it	_	PRON	PRP	_	2	obj	_	_
4	all	_	DET	DT	_	2	advmod	_	_
5	in	_	ADP	IN	_	6	case	_	_
6	there	_	ADV	RB	_	2	obl	_	_
7	?	_	PUNCT	.	_	2	punct	_	_",
what's that Mommy ?,"1	what's	_	_	_	_	0	root	_	_
2	that	_	_	_	_	1	nsubj	_	_
3	Mommy	_	_	_	_	1	vocative	_	_
4	?	_	_	_	_	1	punct	_	_","1	what	_	PRON	WP	_	4	nsubj	_	_
2	's	_	AUX	VBZ	_	4	cop	_	_
3	that	_	PRON	DT	_	4	nsubj	_	_
4	Mommy	_	PROPN	NNP	_	0	root	_	_
5	?	_	PUNCT	.	_	4	punct	_	_",
what's that Mommy ?,"1	what's	_	_	_	_	0	root	_	_
2	that	_	_	_	_	1	nsubj	_	_
3	Mommy	_	_	_	_	1	vocative	_	_
4	?	_	_	_	_	1	punct	_	_","1	what	_	PRON	WP	_	4	nsubj	_	_
2	's	_	AUX	VBZ	_	4	cop	_	_
3	that	_	PRON	DT	_	4	nsubj	_	_
4	Mommy	_	PROPN	NNP	_	0	root	_	_
5	?	_	PUNCT	.	_	4	punct	_	_",
how'd you put some a lot of money in there Mom ?,"1	how'd	_	_	_	_	3	advmod	_	_
2	you	_	_	_	_	3	nsubj	_	_
3	put	_	_	_	_	0	root	_	_
4	some	_	_	_	_	5	reparandum	_	_
5	a	_	_	_	_	6	det	_	_
6	lot	_	_	_	_	3	obj	_	_
7	of	_	_	_	_	8	case	_	_
8	money	_	_	_	_	6	nmod	_	_
9	in	_	_	_	_	10	case	_	_
10	there	_	_	_	_	3	obl	_	_
11	Mom	_	_	_	_	3	vocative	_	_
12	?	_	_	_	_	3	punct	_	_","1	how	_	ADV	WRB	_	4	advmod	_	_
2	'd	_	AUX	MD	_	4	aux	_	_
3	you	_	PRON	PRP	_	4	nsubj	_	_
4	put	_	VERB	VB	_	0	root	_	_
5	some	_	DET	DT	_	7	det	_	_
6	a	_	DET	DT	_	7	det	_	_
7	lot	_	NOUN	NN	_	4	obj	_	_
8	of	_	ADP	IN	_	9	case	_	_
9	money	_	NOUN	NN	_	7	nmod	_	_
10	in	_	ADP	IN	_	12	case	_	_
11	there	_	PRON	PRP$	_	12	nmod:poss	_	_
12	Mom	_	NOUN	NN	_	4	obl	_	_
13	?	_	PUNCT	.	_	4	punct	_	_",
Mom that's not all .,"1	Mom	_	_	_	_	4	vocative	_	_
2	that's	_	_	_	_	4	cop	_	_
3	not	_	_	_	_	4	advmod	_	_
4	all	_	_	_	_	0	root	_	_
5	.	_	_	_	_	4	punct	_	_","1	Mom	_	NOUN	NN	_	5	vocative	_	_
2	that	_	PRON	DT	_	5	nsubj	_	_
3	's	_	AUX	VBZ	_	5	cop	_	_
4	not	_	PART	RB	_	5	advmod	_	_
5	all	_	DET	DT	_	0	root	_	_
6	.	_	PUNCT	.	_	5	punct	_	_",
Mom that's not all .,"1	Mom	_	_	_	_	4	vocative	_	_
2	that's	_	_	_	_	4	cop	_	_
3	not	_	_	_	_	4	advmod	_	_
4	all	_	_	_	_	0	root	_	_
5	.	_	_	_	_	4	punct	_	_","1	Mom	_	NOUN	NN	_	5	vocative	_	_
2	that	_	PRON	DT	_	5	nsubj	_	_
3	's	_	AUX	VBZ	_	5	cop	_	_
4	not	_	PART	RB	_	5	advmod	_	_
5	all	_	DET	DT	_	0	root	_	_
6	.	_	PUNCT	.	_	5	punct	_	_",
that's not all .,"1	that's	_	_	_	_	3	cop	_	_
2	not	_	_	_	_	3	advmod	_	_
3	all	_	_	_	_	0	root	_	_
4	.	_	_	_	_	3	punct	_	_","1	that	_	PRON	DT	_	4	nsubj	_	_
2	's	_	AUX	VBZ	_	4	cop	_	_
3	not	_	PART	RB	_	4	advmod	_	_
4	all	_	DET	DT	_	0	root	_	_
5	.	_	PUNCT	.	_	4	punct	_	_",
what's that Mom ?,"1	what's	_	_	_	_	0	root	_	_
2	that	_	_	_	_	1	nsubj	_	_
3	Mom	_	_	_	_	1	vocative	_	_
4	?	_	_	_	_	1	punct	_	_","1	what	_	PRON	WP	_	0	root	_	_
2	's	_	AUX	VBZ	_	1	cop	_	_
3	that	_	DET	DT	_	4	det	_	_
4	Mom	_	NOUN	NN	_	1	nsubj	_	_
5	?	_	PUNCT	.	_	1	punct	_	_",
uhhuh Mom I can't believe that .,"1	uhhuh	_	_	_	_	5	discourse	_	_
2	Mom	_	_	_	_	5	vocative	_	_
3	I	_	_	_	_	5	nsubj	_	_
4	can't	_	_	_	_	5	aux	_	_
5	believe	_	_	_	_	0	root	_	_
6	that	_	_	_	_	5	obj	_	_
7	.	_	_	_	_	5	punct	_	_","1	uhhuh	_	INTJ	UH	_	6	discourse	_	_
2	Mom	_	NOUN	NN	_	6	vocative	_	_
3	I	_	PRON	PRP	_	6	nsubj	_	_
4	ca	_	AUX	MD	_	6	aux	_	_
5	n't	_	PART	RB	_	6	advmod	_	_
6	believe	_	VERB	VB	_	0	root	_	_
7	that	_	PRON	DT	_	6	obj	_	_
8	.	_	PUNCT	.	_	6	punct	_	_",
Mom Mom I saw a big big big eagle .,"1	Mom	_	_	_	_	4	vocative	_	_
2	Mom	_	_	_	_	1	conj	_	_
3	I	_	_	_	_	4	nsubj	_	_
4	saw	_	_	_	_	0	root	_	_
5	a	_	_	_	_	9	det	_	_
6	big	_	_	_	_	9	amod	_	_
7	big	_	_	_	_	6	conj	_	_
8	big	_	_	_	_	6	conj	_	_
9	eagle	_	_	_	_	4	obj	_	_
10	.	_	_	_	_	4	punct	_	_","1	Mom	_	NOUN	NN	_	4	vocative	_	_
2	Mom	_	NOUN	NN	_	1	flat	_	_
3	I	_	PRON	PRP	_	4	nsubj	_	_
4	saw	_	VERB	VBD	_	0	root	_	_
5	a	_	DET	DT	_	9	det	_	_
6	big	_	ADJ	JJ	_	9	amod	_	_
7	big	_	ADJ	JJ	_	9	amod	_	_
8	big	_	ADJ	JJ	_	9	amod	_	_
9	eagle	_	NOUN	NN	_	4	obj	_	_
10	.	_	PUNCT	.	_	4	punct	_	_",
uhhuh I still can't believe that .,"1	uhhuh	_	_	_	_	5	discourse	_	_
2	I	_	_	_	_	5	nsubj	_	_
3	still	_	_	_	_	5	advmod	_	_
4	can't	_	_	_	_	5	aux	_	_
5	believe	_	_	_	_	0	root	_	_
6	that	_	_	_	_	5	obj	_	_
7	.	_	_	_	_	5	punct	_	_","1	uhhuh	_	INTJ	UH	_	6	discourse	_	_
2	I	_	PRON	PRP	_	6	nsubj	_	_
3	still	_	ADV	RB	_	6	advmod	_	_
4	ca	_	AUX	MD	_	6	aux	_	_
5	n't	_	PART	RB	_	6	advmod	_	_
6	believe	_	VERB	VB	_	0	root	_	_
7	that	_	PRON	DT	_	6	obj	_	_
8	.	_	PUNCT	.	_	6	punct	_	_",
uhuh I said no !,"1	uhuh	_	_	_	_	3	discourse	_	_
2	I	_	_	_	_	3	nsubj	_	_
3	said	_	_	_	_	0	root	_	_
4	no	_	_	_	_	3	obj	_	_
5	!	_	_	_	_	3	punct	_	_","1	uhuh	_	INTJ	UH	_	3	discourse	_	_
2	I	_	PRON	PRP	_	3	nsubj	_	_
3	said	_	VERB	VBD	_	0	root	_	_
4	no	_	INTJ	UH	_	3	discourse	_	_
5	!	_	PUNCT	.	_	3	punct	_	_",
I just said no !,"1	I	_	_	_	_	3	nsubj	_	_
2	just	_	_	_	_	3	advmod	_	_
3	said	_	_	_	_	0	root	_	_
4	no	_	_	_	_	3	obj	_	_
5	!	_	_	_	_	3	punct	_	_","1	I	_	PRON	PRP	_	3	nsubj	_	_
2	just	_	ADV	RB	_	3	advmod	_	_
3	said	_	VERB	VBD	_	0	root	_	_
4	no	_	INTJ	UH	_	3	discourse	_	_
5	!	_	PUNCT	.	_	3	punct	_	_",
I get a hole in my hole in my mouth and my nose and my eyes and here and here and here and here and here and here and here and here and here and here .,"1	I	_	_	_	_	2	nsubj	_	_
2	get	_	_	_	_	0	root	_	_
3	a	_	_	_	_	4	det	_	_
4	hole	_	_	_	_	2	obj	_	_
5	in	_	_	_	_	7	case	_	_
6	my	_	_	_	_	7	nmod:poss	_	_
7	hole	_	_	_	_	2	obl	_	_
8	in	_	_	_	_	10	case	_	_
9	my	_	_	_	_	10	nmod:poss	_	_
10	mouth	_	_	_	_	2	obl	_	_
11	and	_	_	_	_	13	cc	_	_
12	my	_	_	_	_	13	nmod:poss	_	_
13	nose	_	_	_	_	10	conj	_	_
14	and	_	_	_	_	16	cc	_	_
15	my	_	_	_	_	16	nmod:poss	_	_
16	eyes	_	_	_	_	10	conj	_	_
17	and	_	_	_	_	18	cc	_	_
18	here	_	_	_	_	2	conj	_	_
19	and	_	_	_	_	20	cc	_	_
20	here	_	_	_	_	18	conj	_	_
21	and	_	_	_	_	22	cc	_	_
22	here	_	_	_	_	18	conj	_	_
23	and	_	_	_	_	26	cc	_	_
24	here	_	_	_	_	18	conj	_	_
25	and	_	_	_	_	26	cc	_	_
26	here	_	_	_	_	18	conj	_	_
27	and	_	_	_	_	28	cc	_	_
28	here	_	_	_	_	18	conj	_	_
29	and	_	_	_	_	30	cc	_	_
30	here	_	_	_	_	18	conj	_	_
31	and	_	_	_	_	32	cc	_	_
32	here	_	_	_	_	18	conj	_	_
33	and	_	_	_	_	36	cc	_	_
34	here	_	_	_	_	2	conj	_	_
35	and	_	_	_	_	36	cc	_	_
36	here	_	_	_	_	18	conj	_	_
37	.	_	_	_	_	2	punct	_	_","1	I	_	PRON	PRP	_	2	nsubj	_	_
2	get	_	VERB	VBP	_	0	root	_	_
3	a	_	DET	DT	_	4	det	_	_
4	hole	_	NOUN	NN	_	2	obj	_	_
5	in	_	ADP	IN	_	7	case	_	_
6	my	_	PRON	PRP$	_	7	nmod:poss	_	_
7	hole	_	NOUN	NN	_	2	obl	_	_
8	in	_	ADP	IN	_	10	case	_	_
9	my	_	PRON	PRP$	_	10	nmod:poss	_	_
10	mouth	_	NOUN	NN	_	2	obl	_	_
11	and	_	CCONJ	CC	_	13	cc	_	_
12	my	_	PRON	PRP$	_	13	nmod:poss	_	_
13	nose	_	NOUN	NN	_	4	conj	_	_
14	and	_	CCONJ	CC	_	16	cc	_	_
15	my	_	PRON	PRP$	_	16	nmod:poss	_	_
16	eyes	_	NOUN	NNS	_	13	conj	_	_
17	and	_	CCONJ	CC	_	18	cc	_	_
18	here	_	ADV	RB	_	13	conj	_	_
19	and	_	CCONJ	CC	_	20	cc	_	_
20	here	_	ADV	RB	_	18	conj	_	_
21	and	_	CCONJ	CC	_	22	cc	_	_
22	here	_	ADV	RB	_	18	conj	_	_
23	and	_	CCONJ	CC	_	24	cc	_	_
24	here	_	ADV	RB	_	22	conj	_	_
25	and	_	CCONJ	CC	_	26	cc	_	_
26	here	_	ADV	RB	_	22	conj	_	_
27	and	_	CCONJ	CC	_	28	cc	_	_
28	here	_	ADV	RB	_	26	conj	_	_
29	and	_	CCONJ	CC	_	30	cc	_	_
30	here	_	ADV	RB	_	26	conj	_	_
31	and	_	CCONJ	CC	_	32	cc	_	_
32	here	_	ADV	RB	_	30	conj	_	_
33	and	_	CCONJ	CC	_	34	cc	_	_
34	here	_	ADV	RB	_	32	conj	_	_
35	and	_	CCONJ	CC	_	36	cc	_	_
36	here	_	ADV	RB	_	34	conj	_	_
37	.	_	PUNCT	.	_	2	punct	_	_",
I also like this goes around and makes these things flat .,"1	I	_	_	_	_	3	nsubj	_	_
2	also	_	_	_	_	3	advmod	_	_
3	like	_	_	_	_	0	root	_	_
4	this	_	_	_	_	3	obj	_	_
5	goes	_	_	_	_	3	parataxis	_	_
6	around	_	_	_	_	5	advmod	_	_
7	and	_	_	_	_	8	cc	_	_
8	makes	_	_	_	_	5	conj	_	_
9	these	_	_	_	_	10	det	_	_
10	things	_	_	_	_	8	obj	_	_
11	flat	_	_	_	_	8	xcomp	_	_
12	.	_	_	_	_	3	punct	_	_","1	I	_	PRON	PRP	_	3	nsubj	_	_
2	also	_	ADV	RB	_	3	advmod	_	_
3	like	_	VERB	VBP	_	0	root	_	_
4	this	_	PRON	DT	_	5	nsubj	_	_
5	goes	_	VERB	VBZ	_	3	ccomp	_	_
6	around	_	ADV	RB	_	5	advmod	_	_
7	and	_	CCONJ	CC	_	8	cc	_	_
8	makes	_	VERB	VBZ	_	5	conj	_	_
9	these	_	DET	DT	_	10	det	_	_
10	things	_	NOUN	NNS	_	8	obj	_	_
11	flat	_	ADJ	JJ	_	8	xcomp	_	_
12	.	_	PUNCT	.	_	3	punct	_	_",
Mom what's this letter ?,"1	Mom	_	_	_	_	2	vocative	_	_
2	what's	_	_	_	_	0	root	_	_
3	this	_	_	_	_	4	det	_	_
4	letter	_	_	_	_	2	nsubj	_	_
5	?	_	_	_	_	2	punct	_	_","1	Mom	_	NOUN	NN	_	2	nsubj	_	_
2	what	_	PRON	WP	_	0	root	_	_
3	's	_	AUX	VBZ	_	5	cop	_	_
4	this	_	DET	DT	_	5	det	_	_
5	letter	_	NOUN	NN	_	2	nsubj	_	_
6	?	_	PUNCT	.	_	2	punct	_	_",
what's this ?,"1	what's	_	_	_	_	0	root	_	_
2	this	_	_	_	_	1	nsubj	_	_
3	?	_	_	_	_	1	punct	_	_","1	what	_	PRON	WP	_	3	nsubj	_	_
2	's	_	AUX	VBZ	_	3	cop	_	_
3	this	_	PRON	DT	_	0	root	_	_
4	?	_	PUNCT	.	_	3	punct	_	_",
that's the onion I picked .,"1	that's	_	_	_	_	3	nsubj	_	_
2	the	_	_	_	_	3	det	_	_
3	onion	_	_	_	_	0	root	_	_
4	I	_	_	_	_	5	nsubj	_	_
5	picked	_	_	_	_	3	acl:relcl	_	_
6	.	_	_	_	_	3	punct	_	_","1	that	_	PRON	DT	_	4	nsubj	_	_
2	's	_	AUX	VBZ	_	4	cop	_	_
3	the	_	DET	DT	_	4	det	_	_
4	onion	_	NOUN	NN	_	0	root	_	_
5	I	_	PRON	PRP	_	6	nsubj	_	_
6	picked	_	VERB	VBD	_	4	acl:relcl	_	_
7	.	_	PUNCT	.	_	4	punct	_	_",
uhhuh Mommy Mommy see Mommy see Mommy see .,"1	uhhuh	_	_	_	_	4	discourse	_	_
2	Mommy	_	_	_	_	4	vocative	_	_
3	Mommy	_	_	_	_	4	nsubj	_	_
4	see	_	_	_	_	0	root	_	_
5	Mommy	_	_	_	_	6	nsubj	_	_
6	see	_	_	_	_	4	parataxis	_	_
7	Mommy	_	_	_	_	8	nsubj	_	_
8	see	_	_	_	_	6	parataxis	_	_
9	.	_	_	_	_	4	punct	_	_","1	uhhuh	_	INTJ	UH	_	4	discourse	_	_
2	Mommy	_	PROPN	NNP	_	4	nsubj	_	_
3	Mommy	_	PROPN	NNP	_	2	flat	_	_
4	see	_	VERB	VB	_	0	root	_	_
5	Mommy	_	PROPN	NNP	_	4	obj	_	_
6	see	_	VERB	VB	_	4	xcomp	_	_
7	Mommy	_	PROPN	NNP	_	6	obj	_	_
8	see	_	VERB	VB	_	6	xcomp	_	_
9	.	_	PUNCT	.	_	4	punct	_	_",
Mom Mommy see Mommy see .,"1	Mom	_	_	_	_	3	vocative	_	_
2	Mommy	_	_	_	_	1	conj	_	_
3	see	_	_	_	_	0	root	_	_
4	Mommy	_	_	_	_	5	nsubj	_	_
5	see	_	_	_	_	1	conj	_	_
6	.	_	_	_	_	3	punct	_	_","1	Mom	_	NOUN	NN	_	3	nsubj	_	_
2	Mommy	_	PROPN	NNP	_	1	flat	_	_
3	see	_	VERB	VB	_	0	root	_	_
4	Mommy	_	PROPN	NNP	_	3	obj	_	_
5	see	_	VERB	VB	_	3	xcomp	_	_
6	.	_	PUNCT	.	_	3	punct	_	_",
Mom one big piece .,"1	Mom	_	_	_	_	4	vocative	_	_
2	one	_	_	_	_	4	nummod	_	_
3	big	_	_	_	_	4	amod	_	_
4	piece	_	_	_	_	0	root	_	_
5	.	_	_	_	_	4	punct	_	_","1	Mom	_	NOUN	NN	_	4	nmod:poss	_	_
2	one	_	NUM	CD	_	4	nummod	_	_
3	big	_	ADJ	JJ	_	4	amod	_	_
4	piece	_	NOUN	NN	_	0	root	_	_
5	.	_	PUNCT	.	_	4	punct	_	_",
don't bug me fly .,"1	don't	_	_	_	_	2	aux	_	_
2	bug	_	_	_	_	0	root	_	_
3	me	_	_	_	_	2	obj	_	_
4	fly	_	_	_	_	2	vocative	_	_
5	.	_	_	_	_	2	punct	_	_","1	do	_	AUX	VB	_	3	aux	_	_
2	n't	_	PART	RB	_	3	advmod	_	_
3	bug	_	VERB	VB	_	0	root	_	_
4	me	_	PRON	PRP	_	3	obj	_	_
5	fly	_	VERB	VB	_	3	xcomp	_	_
6	.	_	PUNCT	.	_	3	punct	_	_",
shoo fly don't bother me .,"1	shoo	_	_	_	_	2	compound	_	_
2	fly	_	_	_	_	4	nsubj	_	_
3	don't	_	_	_	_	4	aux	_	_
4	bother	_	_	_	_	0	root	_	_
5	me	_	_	_	_	4	obj	_	_
6	.	_	_	_	_	4	punct	_	_","1	shoo	_	VERB	VB	_	5	csubj	_	_
2	fly	_	NOUN	NN	_	5	nsubj	_	_
3	do	_	AUX	VB	_	5	aux	_	_
4	n't	_	PART	RB	_	5	advmod	_	_
5	bother	_	VERB	VB	_	0	root	_	_
6	me	_	PRON	PRP	_	5	obj	_	_
7	.	_	PUNCT	.	_	1	punct	_	_",
we don't wanna cook some fly .,"1	we	_	_	_	_	3	nsubj	_	_
2	don't	_	_	_	_	3	aux	_	_
3	wanna	_	_	_	_	0	root	_	_
4	cook	_	_	_	_	3	xcomp	_	_
5	some	_	_	_	_	6	det	_	_
6	fly	_	_	_	_	4	obj	_	_
7	.	_	_	_	_	3	punct	_	_","1	we	_	PRON	PRP	_	4	nsubj	_	_
2	do	_	AUX	VBP	_	4	aux	_	_
3	n't	_	PART	RB	_	4	advmod	_	_
4	wan	_	VERB	VB	_	0	root	_	_
5	na	_	PART	TO	_	6	mark	_	_
6	cook	_	VERB	VB	_	4	xcomp	_	_
7	some	_	DET	DT	_	8	det	_	_
8	fly	_	NOUN	NN	_	6	obj	_	_
9	.	_	PUNCT	.	_	4	punct	_	_",
uhhuh we don't wanna cook some fly .,"1	uhhuh	_	_	_	_	4	discourse	_	_
2	we	_	_	_	_	4	nsubj	_	_
3	don't	_	_	_	_	4	aux	_	_
4	wanna	_	_	_	_	0	root	_	_
5	cook	_	_	_	_	4	xcomp	_	_
6	some	_	_	_	_	7	det	_	_
7	fly	_	_	_	_	5	obj	_	_
8	.	_	_	_	_	4	punct	_	_","1	uhhuh	_	INTJ	UH	_	5	discourse	_	_
2	we	_	PRON	PRP	_	5	nsubj	_	_
3	do	_	AUX	VBP	_	5	aux	_	_
4	n't	_	PART	RB	_	5	advmod	_	_
5	wan	_	VERB	VB	_	0	root	_	_
6	na	_	PART	TO	_	7	mark	_	_
7	cook	_	VERB	VB	_	5	xcomp	_	_
8	some	_	DET	DT	_	9	det	_	_
9	fly	_	NOUN	NN	_	7	obj	_	_
10	.	_	PUNCT	.	_	5	punct	_	_",
I will not fit in the pan Mom .,"1	I	_	_	_	_	4	nsubj	_	_
2	will	_	_	_	_	4	aux	_	_
3	not	_	_	_	_	4	advmod	_	_
4	fit	_	_	_	_	0	root	_	_
5	in	_	_	_	_	7	case	_	_
6	the	_	_	_	_	7	det	_	_
7	pan	_	_	_	_	4	obl	_	_
8	Mom	_	_	_	_	4	vocative	_	_
9	.	_	_	_	_	4	punct	_	_","1	I	_	PRON	PRP	_	4	nsubj	_	_
2	will	_	AUX	MD	_	4	aux	_	_
3	not	_	PART	RB	_	4	advmod	_	_
4	fit	_	VERB	VB	_	0	root	_	_
5	in	_	ADP	IN	_	8	case	_	_
6	the	_	DET	DT	_	8	det	_	_
7	pan	_	NOUN	NN	_	8	compound	_	_
8	Mom	_	NOUN	NN	_	4	obl	_	_
9	.	_	PUNCT	.	_	4	punct	_	_",
I'm cutting this Mom .,"1	I'm	_	_	_	_	2	nsubj	_	_
2	cutting	_	_	_	_	0	root	_	_
3	this	_	_	_	_	2	obj	_	_
4	Mom	_	_	_	_	2	vocative	_	_
5	.	_	_	_	_	2	punct	_	_","1	I	_	PRON	PRP	_	3	nsubj	_	_
2	'm	_	AUX	VBP	_	3	aux	_	_
3	cutting	_	VERB	VBG	_	0	root	_	_
4	this	_	DET	DT	_	5	det	_	_
5	Mom	_	NOUN	NN	_	3	obj	_	_
6	.	_	PUNCT	.	_	3	punct	_	_",
then we don't wanna break it .,"1	then	_	_	_	_	4	advmod	_	_
2	we	_	_	_	_	4	nsubj	_	_
3	don't	_	_	_	_	4	aux	_	_
4	wanna	_	_	_	_	0	root	_	_
5	break	_	_	_	_	4	xcomp	_	_
6	it	_	_	_	_	5	obj	_	_
7	.	_	_	_	_	4	punct	_	_","1	then	_	ADV	RB	_	5	advmod	_	_
2	we	_	PRON	PRP	_	5	nsubj	_	_
3	do	_	AUX	VBP	_	5	aux	_	_
4	n't	_	PART	RB	_	5	advmod	_	_
5	wan	_	VERB	VB	_	0	root	_	_
6	na	_	PART	TO	_	7	mark	_	_
7	break	_	VERB	VB	_	5	xcomp	_	_
8	it	_	PRON	PRP	_	7	obj	_	_
9	.	_	PUNCT	.	_	5	punct	_	_",
I don't wanna cook a fly Mom .,"1	I	_	_	_	_	3	nsubj	_	_
2	don't	_	_	_	_	3	aux	_	_
3	wanna	_	_	_	_	0	root	_	_
4	cook	_	_	_	_	3	xcomp	_	_
5	a	_	_	_	_	6	det	_	_
6	fly	_	_	_	_	4	obj	_	_
7	Mom	_	_	_	_	3	vocative	_	_
8	.	_	_	_	_	3	punct	_	_","1	I	_	PRON	PRP	_	4	nsubj	_	_
2	do	_	AUX	VBP	_	4	aux	_	_
3	n't	_	PART	RB	_	4	advmod	_	_
4	wan	_	VERB	VB	_	0	root	_	_
5	na	_	PART	TO	_	6	mark	_	_
6	cook	_	VERB	VB	_	4	xcomp	_	_
7	a	_	DET	DT	_	9	det	_	_
8	fly	_	NOUN	NN	_	9	compound	_	_
9	Mom	_	NOUN	NN	_	6	obj	_	_
10	.	_	PUNCT	.	_	4	punct	_	_",
I don't wanna have tacos .,"1	I	_	_	_	_	3	nsubj	_	_
2	don't	_	_	_	_	3	aux	_	_
3	wanna	_	_	_	_	0	root	_	_
4	have	_	_	_	_	3	xcomp	_	_
5	tacos	_	_	_	_	4	obj	_	_
6	.	_	_	_	_	3	punct	_	_","1	I	_	PRON	PRP	_	4	nsubj	_	_
2	do	_	AUX	VBP	_	4	aux	_	_
3	n't	_	PART	RB	_	4	advmod	_	_
4	wan	_	VERB	VB	_	0	root	_	_
5	na	_	PART	TO	_	6	mark	_	_
6	have	_	VERB	VB	_	4	xcomp	_	_
7	tacos	_	NOUN	NNS	_	6	obj	_	_
8	.	_	PUNCT	.	_	4	punct	_	_",
oh what's this Mom ?,"1	oh	_	_	_	_	2	discourse	_	_
2	what's	_	_	_	_	0	root	_	_
3	this	_	_	_	_	2	nsubj	_	_
4	Mom	_	_	_	_	2	vocative	_	_
5	?	_	_	_	_	2	punct	_	_","1	oh	_	INTJ	UH	_	2	discourse	_	_
2	what	_	PRON	WP	_	0	root	_	_
3	's	_	AUX	VBZ	_	5	cop	_	_
4	this	_	DET	DT	_	5	det	_	_
5	Mom	_	NOUN	NN	_	2	nsubj	_	_
6	?	_	PUNCT	.	_	2	punct	_	_",
what's this Mom ?,"1	what's	_	_	_	_	0	root	_	_
2	this	_	_	_	_	1	nsubj	_	_
3	Mom	_	_	_	_	1	vocative	_	_
4	?	_	_	_	_	1	punct	_	_","1	what	_	PRON	WP	_	0	root	_	_
2	's	_	AUX	VBZ	_	1	cop	_	_
3	this	_	DET	DT	_	4	det	_	_
4	Mom	_	NOUN	NN	_	1	nsubj	_	_
5	?	_	PUNCT	.	_	1	punct	_	_",
I don't know .,"1	I	_	_	_	_	3	nsubj	_	_
2	don't	_	_	_	_	3	aux	_	_
3	know	_	_	_	_	0	root	_	_
4	.	_	_	_	_	3	punct	_	_","1	I	_	PRON	PRP	_	4	nsubj	_	_
2	do	_	AUX	VBP	_	4	aux	_	_
3	n't	_	PART	RB	_	4	advmod	_	_
4	know	_	VERB	VB	_	0	root	_	_
5	.	_	PUNCT	.	_	4	punct	_	_",
I'm bigger .,"1	I'm	_	_	_	_	2	nsubj	_	_
2	bigger	_	_	_	_	0	root	_	_
3	.	_	_	_	_	2	punct	_	_","1	I	_	PRON	PRP	_	3	nsubj	_	_
2	'm	_	AUX	VBP	_	3	cop	_	_
3	bigger	_	ADJ	JJR	_	0	root	_	_
4	.	_	PUNCT	.	_	3	punct	_	_",
I'm going to grow big and big and touch the wall .,"1	I'm	_	_	_	_	2	nsubj	_	_
2	going	_	_	_	_	0	root	_	_
3	to	_	_	_	_	4	mark	_	_
4	grow	_	_	_	_	2	xcomp	_	_
5	big	_	_	_	_	4	xcomp	_	_
6	and	_	_	_	_	7	cc	_	_
7	big	_	_	_	_	5	conj	_	_
8	and	_	_	_	_	9	cc	_	_
9	touch	_	_	_	_	4	conj	_	_
10	the	_	_	_	_	11	det	_	_
11	wall	_	_	_	_	9	obj	_	_
12	.	_	_	_	_	2	punct	_	_","1	I	_	PRON	PRP	_	3	nsubj	_	_
2	'm	_	AUX	VBP	_	3	aux	_	_
3	going	_	VERB	VBG	_	0	root	_	_
4	to	_	PART	TO	_	5	mark	_	_
5	grow	_	VERB	VB	_	3	xcomp	_	_
6	big	_	ADJ	JJ	_	5	xcomp	_	_
7	and	_	CCONJ	CC	_	8	cc	_	_
8	big	_	ADJ	JJ	_	6	conj	_	_
9	and	_	CCONJ	CC	_	10	cc	_	_
10	touch	_	VERB	VB	_	5	conj	_	_
11	the	_	DET	DT	_	12	det	_	_
12	wall	_	NOUN	NN	_	10	obj	_	_
13	.	_	PUNCT	.	_	3	punct	_	_",
uhhuh put those in Mom .,"1	uhhuh	_	_	_	_	2	discourse	_	_
2	put	_	_	_	_	0	root	_	_
3	those	_	_	_	_	2	obj	_	_
4	in	_	_	_	_	2	compound:prt	_	_
5	Mom	_	_	_	_	2	vocative	_	_
6	.	_	_	_	_	2	punct	_	_","1	uhhuh	_	INTJ	UH	_	2	discourse	_	_
2	put	_	VERB	VB	_	0	root	_	_
3	those	_	PRON	DT	_	2	obj	_	_
4	in	_	ADP	IN	_	5	case	_	_
5	Mom	_	NOUN	NN	_	2	obl	_	_
6	.	_	PUNCT	.	_	2	punct	_	_",
Mom put those in Mom .,"1	Mom	_	_	_	_	2	vocative	_	_
2	put	_	_	_	_	0	root	_	_
3	those	_	_	_	_	2	obj	_	_
4	in	_	_	_	_	2	compound:prt	_	_
5	Mom	_	_	_	_	2	vocative	_	_
6	.	_	_	_	_	2	punct	_	_","1	Mom	_	NOUN	NN	_	2	nsubj	_	_
2	put	_	VERB	VBD	_	0	root	_	_
3	those	_	PRON	DT	_	2	obj	_	_
4	in	_	ADP	IN	_	5	case	_	_
5	Mom	_	NOUN	NN	_	2	obl	_	_
6	.	_	PUNCT	.	_	2	punct	_	_",
I'll eat it all Mommy .,"1	I'll	_	_	_	_	2	nsubj	_	_
2	eat	_	_	_	_	0	root	_	_
3	it	_	_	_	_	2	obj	_	_
4	all	_	_	_	_	3	det	_	_
5	Mommy	_	_	_	_	2	vocative	_	_
6	.	_	_	_	_	2	punct	_	_","1	I	_	PRON	PRP	_	3	nsubj	_	_
2	'll	_	AUX	MD	_	3	aux	_	_
3	eat	_	VERB	VB	_	0	root	_	_
4	it	_	PRON	PRP	_	3	obj	_	_
5	all	_	DET	DT	_	6	det	_	_
6	Mommy	_	PROPN	NNP	_	3	vocative	_	_
7	.	_	PUNCT	.	_	3	punct	_	_",
I tried to eat it all .,"1	I	_	_	_	_	2	nsubj	_	_
2	tried	_	_	_	_	0	root	_	_
3	to	_	_	_	_	4	mark	_	_
4	eat	_	_	_	_	2	xcomp	_	_
5	it	_	_	_	_	4	obj	_	_
6	all	_	_	_	_	5	det	_	_
7	.	_	_	_	_	2	punct	_	_","1	I	_	PRON	PRP	_	2	nsubj	_	_
2	tried	_	VERB	VBD	_	0	root	_	_
3	to	_	PART	TO	_	4	mark	_	_
4	eat	_	VERB	VB	_	2	xcomp	_	_
5	it	_	PRON	PRP	_	4	obj	_	_
6	all	_	DET	DT	_	4	advmod	_	_
7	.	_	PUNCT	.	_	2	punct	_	_",
there's no more !,"1	there's	_	_	_	_	3	expl	_	_
2	no	_	_	_	_	3	det	_	_
3	more	_	_	_	_	0	root	_	_
4	!	_	_	_	_	3	punct	_	_","1	there	_	PRON	EX	_	2	expl	_	_
2	's	_	VERB	VBZ	_	0	root	_	_
3	no	_	ADV	RB	_	4	advmod	_	_
4	more	_	ADJ	JJR	_	2	nsubj	_	_
5	!	_	PUNCT	.	_	2	punct	_	_",
also I just love cheese Mom .,"1	also	_	_	_	_	4	advmod	_	_
2	I	_	_	_	_	4	nsubj	_	_
3	just	_	_	_	_	4	advmod	_	_
4	love	_	_	_	_	0	root	_	_
5	cheese	_	_	_	_	4	obj	_	_
6	Mom	_	_	_	_	4	vocative	_	_
7	.	_	_	_	_	4	punct	_	_","1	also	_	ADV	RB	_	4	advmod	_	_
2	I	_	PRON	PRP	_	4	nsubj	_	_
3	just	_	ADV	RB	_	4	advmod	_	_
4	love	_	VERB	VBP	_	0	root	_	_
5	cheese	_	NOUN	NN	_	4	obj	_	_
6	Mom	_	NOUN	NN	_	4	obj	_	_
7	.	_	PUNCT	.	_	4	punct	_	_",
Mommy Mommy it's broken .,"1	Mommy	_	_	_	_	4	vocative	_	_
2	Mommy	_	_	_	_	1	conj	_	_
3	it's	_	_	_	_	4	nsubj	_	_
4	broken	_	_	_	_	0	root	_	_
5	.	_	_	_	_	4	punct	_	_","1	Mommy	_	PROPN	NNP	_	5	vocative	_	_
2	Mommy	_	PROPN	NNP	_	1	flat	_	_
3	it	_	PRON	PRP	_	5	nsubj:pass	_	_
4	's	_	AUX	VBZ	_	5	aux:pass	_	_
5	broken	_	VERB	VBN	_	0	root	_	_
6	.	_	PUNCT	.	_	5	punct	_	_",
Mommy I can't see it .,"1	Mommy	_	_	_	_	4	vocative	_	_
2	I	_	_	_	_	4	nsubj	_	_
3	can't	_	_	_	_	4	aux	_	_
4	see	_	_	_	_	0	root	_	_
5	it	_	_	_	_	4	obj	_	_
6	.	_	_	_	_	4	punct	_	_","1	Mommy	_	PROPN	NNP	_	5	vocative	_	_
2	I	_	PRON	PRP	_	5	nsubj	_	_
3	ca	_	AUX	MD	_	5	aux	_	_
4	n't	_	PART	RB	_	5	advmod	_	_
5	see	_	VERB	VB	_	0	root	_	_
6	it	_	PRON	PRP	_	5	obj	_	_
7	.	_	PUNCT	.	_	5	punct	_	_",
uhhuh it's gone now Mom .,"1	uhhuh	_	_	_	_	3	discourse	_	_
2	it's	_	_	_	_	3	nsubj	_	_
3	gone	_	_	_	_	0	root	_	_
4	now	_	_	_	_	3	advmod	_	_
5	Mom	_	_	_	_	3	vocative	_	_
6	.	_	_	_	_	3	punct	_	_","1	uhhuh	_	INTJ	UH	_	4	discourse	_	_
2	it	_	PRON	PRP	_	4	nsubj	_	_
3	's	_	AUX	VBZ	_	4	cop	_	_
4	gone	_	ADJ	JJ	_	0	root	_	_
5	now	_	ADV	RB	_	4	advmod	_	_
6	Mom	_	NOUN	NN	_	4	vocative	_	_
7	.	_	PUNCT	.	_	4	punct	_	_",
Mommy I need some another one Mom .,"1	Mommy	_	_	_	_	3	vocative	_	_
2	I	_	_	_	_	3	nsubj	_	_
3	need	_	_	_	_	0	root	_	_
4	some	_	_	_	_	3	obj	_	_
5	another	_	_	_	_	6	det	_	_
6	one	_	_	_	_	3	parataxis	_	_
7	Mom	_	_	_	_	6	vocative	_	_
8	.	_	_	_	_	3	punct	_	_","1	Mommy	_	INTJ	UH	_	3	discourse	_	_
2	I	_	PRON	PRP	_	3	nsubj	_	_
3	need	_	VERB	VBP	_	0	root	_	_
4	some	_	DET	DT	_	6	det	_	_
5	another	_	DET	DT	_	6	det	_	_
6	one	_	NOUN	NN	_	3	obj	_	_
7	Mom	_	NOUN	NN	_	3	obj	_	_
8	.	_	PUNCT	.	_	3	punct	_	_",
uh no .,"1	uh	_	_	_	_	0	root	_	_
2	no	_	_	_	_	1	discourse	_	_
3	.	_	_	_	_	1	punct	_	_","1	uh	_	INTJ	UH	_	2	discourse	_	_
2	no	_	INTJ	UH	_	0	root	_	_
3	.	_	PUNCT	.	_	2	punct	_	_","1	Uh	uh	INTJ	UH	_	0	root	0:root	_
2	no	no	INTJ	UH	_	1	discourse	1:discourse	SpaceAfter=No
3	.	.	PUNCT	.	_	1	punct	1:punct	_
"
water mom where's the water ?,"1	water	_	_	_	_	0	root	_	_
2	mom	_	_	_	_	1	vocative	_	_
3	where's	_	_	_	_	1	parataxis	_	_
4	the	_	_	_	_	5	det	_	_
5	water	_	_	_	_	3	nsubj	_	_
6	?	_	_	_	_	1	punct	_	_","1	water	_	NOUN	NN	_	2	compound	_	_
2	mom	_	NOUN	NN	_	0	root	_	_
3	where	_	ADV	WRB	_	2	advmod	_	_
4	's	_	AUX	VBZ	_	6	cop	_	_
5	the	_	DET	DT	_	6	det	_	_
6	water	_	NOUN	NN	_	3	nsubj	_	_
7	?	_	PUNCT	.	_	2	punct	_	_",
there's water .,"1	there's	_	_	_	_	0	root	_	_
2	water	_	_	_	_	1	nsubj	_	_
3	.	_	_	_	_	1	punct	_	_","1	there	_	PRON	EX	_	2	expl	_	_
2	's	_	VERB	VBZ	_	0	root	_	_
3	water	_	NOUN	NN	_	2	nsubj	_	_
4	.	_	PUNCT	.	_	2	punct	_	_",
and sometimes we don't .,"1	and	_	_	_	_	4	cc	_	_
2	sometimes	_	_	_	_	4	advmod	_	_
3	we	_	_	_	_	4	nsubj	_	_
4	don't	_	_	_	_	0	root	_	_
5	.	_	_	_	_	4	punct	_	_","1	and	_	CCONJ	CC	_	4	cc	_	_
2	sometimes	_	ADV	RB	_	4	advmod	_	_
3	we	_	PRON	PRP	_	4	nsubj	_	_
4	do	_	AUX	VBP	_	0	root	_	_
5	n't	_	PART	RB	_	4	advmod	_	_
6	.	_	PUNCT	.	_	4	punct	_	_",
you can't see me Dad .,"1	you	_	_	_	_	3	nsubj	_	_
2	can't	_	_	_	_	3	aux	_	_
3	see	_	_	_	_	0	root	_	_
4	me	_	_	_	_	3	obj	_	_
5	Dad	_	_	_	_	3	vocative	_	_
6	.	_	_	_	_	3	punct	_	_","1	you	_	PRON	PRP	_	4	nsubj	_	_
2	ca	_	AUX	MD	_	4	aux	_	_
3	n't	_	PART	RB	_	4	advmod	_	_
4	see	_	VERB	VB	_	0	root	_	_
5	me	_	PRON	PRP	_	4	obj	_	_
6	Dad	_	NOUN	NN	_	4	obj	_	_
7	.	_	PUNCT	.	_	4	punct	_	_",
you can't see me Dad .,"1	you	_	_	_	_	3	nsubj	_	_
2	can't	_	_	_	_	3	aux	_	_
3	see	_	_	_	_	0	root	_	_
4	me	_	_	_	_	3	obj	_	_
5	Dad	_	_	_	_	3	vocative	_	_
6	.	_	_	_	_	3	punct	_	_","1	you	_	PRON	PRP	_	4	nsubj	_	_
2	ca	_	AUX	MD	_	4	aux	_	_
3	n't	_	PART	RB	_	4	advmod	_	_
4	see	_	VERB	VB	_	0	root	_	_
5	me	_	PRON	PRP	_	4	obj	_	_
6	Dad	_	NOUN	NN	_	4	obj	_	_
7	.	_	PUNCT	.	_	4	punct	_	_",
I'm not going to tell you .,"1	I'm	_	_	_	_	3	nsubj	_	_
2	not	_	_	_	_	3	advmod	_	_
3	going	_	_	_	_	0	root	_	_
4	to	_	_	_	_	5	mark	_	_
5	tell	_	_	_	_	3	xcomp	_	_
6	you	_	_	_	_	5	iobj	_	_
7	.	_	_	_	_	3	punct	_	_","1	I	_	PRON	PRP	_	4	nsubj	_	_
2	'm	_	AUX	VBP	_	4	aux	_	_
3	not	_	PART	RB	_	4	advmod	_	_
4	going	_	VERB	VBG	_	0	root	_	_
5	to	_	PART	TO	_	6	mark	_	_
6	tell	_	VERB	VB	_	4	xcomp	_	_
7	you	_	PRON	PRP	_	6	iobj	_	_
8	.	_	PUNCT	.	_	4	punct	_	_",
now you can't see me .,"1	now	_	_	_	_	4	advmod	_	_
2	you	_	_	_	_	4	nsubj	_	_
3	can't	_	_	_	_	4	aux	_	_
4	see	_	_	_	_	0	root	_	_
5	me	_	_	_	_	4	obj	_	_
6	.	_	_	_	_	4	punct	_	_","1	now	_	ADV	RB	_	5	advmod	_	_
2	you	_	PRON	PRP	_	5	nsubj	_	_
3	ca	_	AUX	MD	_	5	aux	_	_
4	n't	_	PART	RB	_	5	advmod	_	_
5	see	_	VERB	VB	_	0	root	_	_
6	me	_	PRON	PRP	_	5	obj	_	_
7	.	_	PUNCT	.	_	5	punct	_	_",
don't find me okay ?,"1	don't	_	_	_	_	2	aux	_	_
2	find	_	_	_	_	0	root	_	_
3	me	_	_	_	_	2	obj	_	_
4	okay	_	_	_	_	2	discourse	_	_
5	?	_	_	_	_	2	punct	_	_","1	do	_	AUX	VB	_	3	aux	_	_
2	n't	_	PART	RB	_	3	advmod	_	_
3	find	_	VERB	VB	_	0	root	_	_
4	me	_	PRON	PRP	_	3	obj	_	_
5	okay	_	ADJ	JJ	_	3	xcomp	_	_
6	?	_	PUNCT	.	_	3	punct	_	_",
yeah until it's nighttime .,"1	yeah	_	_	_	_	4	discourse	_	_
2	until	_	_	_	_	4	mark	_	_
3	it's	_	_	_	_	4	cop	_	_
4	nighttime	_	_	_	_	0	root	_	_
5	.	_	_	_	_	4	punct	_	_","1	yeah	_	INTJ	UH	_	5	discourse	_	_
2	until	_	SCONJ	IN	_	5	mark	_	_
3	it	_	PRON	PRP	_	5	nsubj	_	_
4	's	_	AUX	VBZ	_	5	cop	_	_
5	nighttime	_	NOUN	NN	_	0	root	_	_
6	.	_	PUNCT	.	_	5	punct	_	_",
because I don't want anybody to see me .,"1	because	_	_	_	_	4	mark	_	_
2	I	_	_	_	_	4	nsubj	_	_
3	don't	_	_	_	_	4	aux	_	_
4	want	_	_	_	_	0	root	_	_
5	anybody	_	_	_	_	4	obj	_	_
6	to	_	_	_	_	7	mark	_	_
7	see	_	_	_	_	4	xcomp	_	_
8	me	_	_	_	_	7	obj	_	_
9	.	_	_	_	_	4	punct	_	_","1	because	_	SCONJ	IN	_	5	mark	_	_
2	I	_	PRON	PRP	_	5	nsubj	_	_
3	do	_	AUX	VBP	_	5	aux	_	_
4	n't	_	PART	RB	_	5	advmod	_	_
5	want	_	VERB	VB	_	0	root	_	_
6	anybody	_	PRON	NN	_	5	obj	_	_
7	to	_	PART	TO	_	8	mark	_	_
8	see	_	VERB	VB	_	6	acl	_	_
9	me	_	PRON	PRP	_	8	obj	_	_
10	.	_	PUNCT	.	_	5	punct	_	_",
because I'm afraid .,"1	because	_	_	_	_	3	mark	_	_
2	I'm	_	_	_	_	3	cop	_	_
3	afraid	_	_	_	_	0	root	_	_
4	.	_	_	_	_	3	punct	_	_","1	because	_	SCONJ	IN	_	4	mark	_	_
2	I	_	PRON	PRP	_	4	nsubj	_	_
3	'm	_	AUX	VBP	_	4	cop	_	_
4	afraid	_	ADJ	JJ	_	0	root	_	_
5	.	_	PUNCT	.	_	4	punct	_	_",
I'm afraid of you .,"1	I'm	_	_	_	_	2	cop	_	_
2	afraid	_	_	_	_	0	root	_	_
3	of	_	_	_	_	4	case	_	_
4	you	_	_	_	_	2	obl	_	_
5	.	_	_	_	_	2	punct	_	_","1	I	_	PRON	PRP	_	3	nsubj	_	_
2	'm	_	AUX	VBP	_	3	cop	_	_
3	afraid	_	ADJ	JJ	_	0	root	_	_
4	of	_	ADP	IN	_	5	case	_	_
5	you	_	PRON	PRP	_	3	obl	_	_
6	.	_	PUNCT	.	_	3	punct	_	_",
I'm afraid of the sleeping bag .,"1	I'm	_	_	_	_	2	nsubj	_	_
2	afraid	_	_	_	_	0	root	_	_
3	of	_	_	_	_	6	case	_	_
4	the	_	_	_	_	6	det	_	_
5	sleeping	_	_	_	_	6	compound	_	_
6	bag	_	_	_	_	2	obl	_	_
7	.	_	_	_	_	2	punct	_	_","1	I	_	PRON	PRP	_	3	nsubj	_	_
2	'm	_	AUX	VBP	_	3	cop	_	_
3	afraid	_	ADJ	JJ	_	0	root	_	_
4	of	_	ADP	IN	_	7	case	_	_
5	the	_	DET	DT	_	7	det	_	_
6	sleeping	_	NOUN	NN	_	7	compound	_	_
7	bag	_	NOUN	NN	_	3	obl	_	_
8	.	_	PUNCT	.	_	3	punct	_	_",
no I'm mad at the sleeping bag .,"1	no	_	_	_	_	3	discourse	_	_
2	I'm	_	_	_	_	3	nsubj	_	_
3	mad	_	_	_	_	0	root	_	_
4	at	_	_	_	_	7	case	_	_
5	the	_	_	_	_	7	det	_	_
6	sleeping	_	_	_	_	7	compound	_	_
7	bag	_	_	_	_	3	obl	_	_
8	.	_	_	_	_	3	punct	_	_","1	no	_	INTJ	UH	_	4	discourse	_	_
2	I	_	PRON	PRP	_	4	nsubj	_	_
3	'm	_	AUX	VBP	_	4	cop	_	_
4	mad	_	ADJ	JJ	_	0	root	_	_
5	at	_	ADP	IN	_	8	case	_	_
6	the	_	DET	DT	_	8	det	_	_
7	sleeping	_	NOUN	NN	_	8	compound	_	_
8	bag	_	NOUN	NN	_	4	obl	_	_
9	.	_	PUNCT	.	_	4	punct	_	_",
I'm mad at the sleeping bag .,"1	I'm	_	_	_	_	2	nsubj	_	_
2	mad	_	_	_	_	0	root	_	_
3	at	_	_	_	_	6	case	_	_
4	the	_	_	_	_	6	det	_	_
5	sleeping	_	_	_	_	6	compound	_	_
6	bag	_	_	_	_	2	obl	_	_
7	.	_	_	_	_	2	punct	_	_","1	I	_	PRON	PRP	_	3	nsubj	_	_
2	'm	_	AUX	VBP	_	3	cop	_	_
3	mad	_	ADJ	JJ	_	0	root	_	_
4	at	_	ADP	IN	_	7	case	_	_
5	the	_	DET	DT	_	7	det	_	_
6	sleeping	_	NOUN	NN	_	7	compound	_	_
7	bag	_	NOUN	NN	_	3	obl	_	_
8	.	_	PUNCT	.	_	3	punct	_	_",
because I'm mad at myself .,"1	because	_	_	_	_	3	mark	_	_
2	I'm	_	_	_	_	3	nsubj	_	_
3	mad	_	_	_	_	0	root	_	_
4	at	_	_	_	_	5	case	_	_
5	myself	_	_	_	_	3	obl	_	_
6	.	_	_	_	_	3	punct	_	_","1	because	_	SCONJ	IN	_	4	mark	_	_
2	I	_	PRON	PRP	_	4	nsubj	_	_
3	'm	_	AUX	VBP	_	4	cop	_	_
4	mad	_	ADJ	JJ	_	0	root	_	_
5	at	_	ADP	IN	_	6	case	_	_
6	myself	_	PRON	PRP	_	4	obl	_	_
7	.	_	PUNCT	.	_	4	punct	_	_",
I'm coming out .,"1	I'm	_	_	_	_	2	nsubj	_	_
2	coming	_	_	_	_	0	root	_	_
3	out	_	_	_	_	2	advmod	_	_
4	.	_	_	_	_	2	punct	_	_","1	I	_	PRON	PRP	_	3	nsubj	_	_
2	'm	_	AUX	VBP	_	3	aux	_	_
3	coming	_	VERB	VBG	_	0	root	_	_
4	out	_	ADP	RP	_	3	compound:prt	_	_
5	.	_	PUNCT	.	_	3	punct	_	_",
I'm going back in .,"1	I'm	_	_	_	_	2	nsubj	_	_
2	going	_	_	_	_	0	root	_	_
3	back	_	_	_	_	4	advmod	_	_
4	in	_	_	_	_	2	advmod	_	_
5	.	_	_	_	_	2	punct	_	_","1	I	_	PRON	PRP	_	3	nsubj	_	_
2	'm	_	AUX	VBP	_	3	aux	_	_
3	going	_	VERB	VBG	_	0	root	_	_
4	back	_	ADV	RB	_	3	advmod	_	_
5	in	_	ADV	RB	_	3	advmod	_	_
6	.	_	PUNCT	.	_	3	punct	_	_",
back in the sleeping bag .,"1	back	_	_	_	_	0	root	_	_
2	in	_	_	_	_	5	case	_	_
3	the	_	_	_	_	5	det	_	_
4	sleeping	_	_	_	_	5	compound	_	_
5	bag	_	_	_	_	1	obl	_	_
6	.	_	_	_	_	5	punct	_	_","1	back	_	ADV	RB	_	0	root	_	_
2	in	_	ADP	IN	_	5	case	_	_
3	the	_	DET	DT	_	5	det	_	_
4	sleeping	_	NOUN	NN	_	5	compound	_	_
5	bag	_	NOUN	NN	_	1	obl	_	_
6	.	_	PUNCT	.	_	1	punct	_	_",
Momma doesn't know where the saw is .,"1	Momma	_	_	_	_	3	nsubj	_	_
2	doesn't	_	_	_	_	3	aux	_	_
3	know	_	_	_	_	0	root	_	_
4	where	_	_	_	_	3	ccomp	_	_
5	the	_	_	_	_	6	det	_	_
6	saw	_	_	_	_	4	nsubj	_	_
7	is	_	_	_	_	4	cop	_	_
8	.	_	_	_	_	3	punct	_	_","1	Momma	_	PROPN	NNP	_	4	nsubj	_	_
2	does	_	AUX	VBZ	_	4	aux	_	_
3	n't	_	PART	RB	_	4	advmod	_	_
4	know	_	VERB	VB	_	0	root	_	_
5	where	_	ADV	WRB	_	4	ccomp	_	_
6	the	_	DET	DT	_	7	det	_	_
7	saw	_	NOUN	NN	_	5	nsubj	_	_
8	is	_	AUX	VBZ	_	5	cop	_	_
9	.	_	PUNCT	.	_	4	punct	_	_",
and you don't know where my saw is .,"1	and	_	_	_	_	4	cc	_	_
2	you	_	_	_	_	4	nsubj	_	_
3	don't	_	_	_	_	4	aux	_	_
4	know	_	_	_	_	0	root	_	_
5	where	_	_	_	_	4	ccomp	_	_
6	my	_	_	_	_	7	nmod:poss	_	_
7	saw	_	_	_	_	5	nsubj	_	_
8	is	_	_	_	_	5	cop	_	_
9	.	_	_	_	_	4	punct	_	_","1	and	_	CCONJ	CC	_	5	cc	_	_
2	you	_	PRON	PRP	_	5	nsubj	_	_
3	do	_	AUX	VBP	_	5	aux	_	_
4	n't	_	PART	RB	_	5	advmod	_	_
5	know	_	VERB	VB	_	0	root	_	_
6	where	_	ADV	WRB	_	5	ccomp	_	_
7	my	_	PRON	PRP$	_	8	nmod:poss	_	_
8	saw	_	NOUN	NN	_	6	nsubj	_	_
9	is	_	AUX	VBZ	_	6	cop	_	_
10	.	_	PUNCT	.	_	5	punct	_	_",
and I don't know where my saw is .,"1	and	_	_	_	_	4	cc	_	_
2	I	_	_	_	_	4	nsubj	_	_
3	don't	_	_	_	_	4	aux	_	_
4	know	_	_	_	_	0	root	_	_
5	where	_	_	_	_	4	ccomp	_	_
6	my	_	_	_	_	7	nmod:poss	_	_
7	saw	_	_	_	_	5	nsubj	_	_
8	is	_	_	_	_	5	cop	_	_
9	.	_	_	_	_	4	punct	_	_","1	and	_	CCONJ	CC	_	5	cc	_	_
2	I	_	PRON	PRP	_	5	nsubj	_	_
3	do	_	AUX	VBP	_	5	aux	_	_
4	n't	_	PART	RB	_	5	advmod	_	_
5	know	_	VERB	VB	_	0	root	_	_
6	where	_	ADV	WRB	_	5	ccomp	_	_
7	my	_	PRON	PRP$	_	8	nmod:poss	_	_
8	saw	_	NOUN	NN	_	6	nsubj	_	_
9	is	_	AUX	VBZ	_	6	cop	_	_
10	.	_	PUNCT	.	_	5	punct	_	_",
yeah I fell down .,"1	yeah	_	_	_	_	3	discourse	_	_
2	I	_	_	_	_	3	nsubj	_	_
3	fell	_	_	_	_	0	root	_	_
4	down	_	_	_	_	3	advmod	_	_
5	.	_	_	_	_	3	punct	_	_","1	yeah	_	INTJ	UH	_	3	discourse	_	_
2	I	_	PRON	PRP	_	3	nsubj	_	_
3	fell	_	VERB	VBD	_	0	root	_	_
4	down	_	ADP	RP	_	3	compound:prt	_	_
5	.	_	PUNCT	.	_	3	punct	_	_",
I fell down .,"1	I	_	_	_	_	2	nsubj	_	_
2	fell	_	_	_	_	0	root	_	_
3	down	_	_	_	_	2	advmod	_	_
4	.	_	_	_	_	2	punct	_	_","1	I	_	PRON	PRP	_	2	nsubj	_	_
2	fell	_	VERB	VBD	_	0	root	_	_
3	down	_	ADP	RP	_	2	compound:prt	_	_
4	.	_	PUNCT	.	_	2	punct	_	_",
I fell down .,"1	I	_	_	_	_	2	nsubj	_	_
2	fell	_	_	_	_	0	root	_	_
3	down	_	_	_	_	2	advmod	_	_
4	.	_	_	_	_	2	punct	_	_","1	I	_	PRON	PRP	_	2	nsubj	_	_
2	fell	_	VERB	VBD	_	0	root	_	_
3	down	_	ADP	RP	_	2	compound:prt	_	_
4	.	_	PUNCT	.	_	2	punct	_	_",
I wasn't very careful .,"1	I	_	_	_	_	4	nsubj	_	_
2	wasn't	_	_	_	_	4	advmod	_	_
3	very	_	_	_	_	4	advmod	_	_
4	careful	_	_	_	_	0	root	_	_
5	.	_	_	_	_	4	punct	_	_","1	I	_	PRON	PRP	_	5	nsubj	_	_
2	was	_	AUX	VBD	_	5	cop	_	_
3	n't	_	PART	RB	_	5	advmod	_	_
4	very	_	ADV	RB	_	5	advmod	_	_
5	careful	_	ADJ	JJ	_	0	root	_	_
6	.	_	PUNCT	.	_	5	punct	_	_",
I'm not doing anything see ?,"1	I'm	_	_	_	_	3	nsubj	_	_
2	not	_	_	_	_	3	advmod	_	_
3	doing	_	_	_	_	0	root	_	_
4	anything	_	_	_	_	3	obj	_	_
5	see	_	_	_	_	3	parataxis	_	_
6	?	_	_	_	_	3	punct	_	_","1	I	_	PRON	PRP	_	4	nsubj	_	_
2	'm	_	AUX	VBP	_	4	aux	_	_
3	not	_	PART	RB	_	4	advmod	_	_
4	doing	_	VERB	VBG	_	0	root	_	_
5	anything	_	PRON	NN	_	4	obj	_	_
6	see	_	VERB	VB	_	4	xcomp	_	_
7	?	_	PUNCT	.	_	4	punct	_	_",
I keep falling down .,"1	I	_	_	_	_	2	nsubj	_	_
2	keep	_	_	_	_	0	root	_	_
3	falling	_	_	_	_	2	xcomp	_	_
4	down	_	_	_	_	3	advmod	_	_
5	.	_	_	_	_	2	punct	_	_","1	I	_	PRON	PRP	_	2	nsubj	_	_
2	keep	_	VERB	VBP	_	0	root	_	_
3	falling	_	VERB	VBG	_	2	xcomp	_	_
4	down	_	ADP	RP	_	3	compound:prt	_	_
5	.	_	PUNCT	.	_	2	punct	_	_","1	I	I	PRON	PRP	_	2	nsubj	2:nsubj|3:nsubj:xsubj	_
2	keep	keep	VERB	VBP	_	0	root	0:root	_
3	falling	fall	VERB	VBG	_	2	xcomp	2:xcomp	_
4	down	down	ADV	RP	_	3	advmod	3:advmod	SpaceAfter=No
5	.	.	PUNCT	.	_	2	punct	2:punct	_
"
hey I can't get in this sleeping bag you help me okay ?,"1	hey	_	_	_	_	4	discourse	_	_
2	I	_	_	_	_	4	nsubj	_	_
3	can't	_	_	_	_	4	aux	_	_
4	get	_	_	_	_	0	root	_	_
5	in	_	_	_	_	8	case	_	_
6	this	_	_	_	_	8	det	_	_
7	sleeping	_	_	_	_	8	compound	_	_
8	bag	_	_	_	_	4	obl	_	_
9	you	_	_	_	_	10	nsubj	_	_
10	help	_	_	_	_	4	parataxis	_	_
11	me	_	_	_	_	10	obj	_	_
12	okay	_	_	_	_	10	discourse	_	_
13	?	_	_	_	_	4	punct	_	_","1	hey	_	INTJ	UH	_	5	discourse	_	_
2	I	_	PRON	PRP	_	5	nsubj	_	_
3	ca	_	AUX	MD	_	5	aux	_	_
4	n't	_	PART	RB	_	5	advmod	_	_
5	get	_	VERB	VB	_	0	root	_	_
6	in	_	ADP	IN	_	9	case	_	_
7	this	_	DET	DT	_	9	det	_	_
8	sleeping	_	NOUN	NN	_	9	compound	_	_
9	bag	_	NOUN	NN	_	5	obl	_	_
10	you	_	PRON	PRP	_	11	nsubj	_	_
11	help	_	VERB	VBP	_	5	parataxis	_	_
12	me	_	PRON	PRP	_	11	obj	_	_
13	okay	_	ADJ	JJ	_	11	xcomp	_	_
14	?	_	PUNCT	.	_	5	punct	_	_",
the Hulk's not for Halloween .,"1	the	_	_	_	_	2	det	_	_
2	Hulk's	_	_	_	_	5	cop	_	_
3	not	_	_	_	_	5	advmod	_	_
4	for	_	_	_	_	5	case	_	_
5	Halloween	_	_	_	_	0	root	_	_
6	.	_	_	_	_	5	punct	_	_","1	the	_	DET	DT	_	2	det	_	_
2	Hulk	_	PROPN	NNP	_	6	nsubj	_	_
3	's	_	AUX	VBZ	_	6	cop	_	_
4	not	_	PART	RB	_	6	advmod	_	_
5	for	_	ADP	IN	_	6	case	_	_
6	Halloween	_	PROPN	NNP	_	0	root	_	_
7	.	_	PUNCT	.	_	6	punct	_	_",
go whoooo .,"1	go	_	_	_	_	0	root	_	_
2	whoooo	_	_	_	_	1	discourse	_	_
3	.	_	_	_	_	1	punct	_	_","1	go	_	VERB	VB	_	0	root	_	_
2	whoooo	_	NOUN	NN	_	1	obj	_	_
3	.	_	PUNCT	.	_	1	punct	_	_",
and don't forget Marky's coat .,"1	and	_	_	_	_	3	cc	_	_
2	don't	_	_	_	_	3	aux	_	_
3	forget	_	_	_	_	0	root	_	_
4	Marky's	_	_	_	_	5	nmod:poss	_	_
5	coat	_	_	_	_	3	obj	_	_
6	.	_	_	_	_	3	punct	_	_","1	and	_	CCONJ	CC	_	4	cc	_	_
2	do	_	AUX	VB	_	4	aux	_	_
3	n't	_	PART	RB	_	4	advmod	_	_
4	forget	_	VERB	VB	_	0	root	_	_
5	Marky	_	PROPN	NNP	_	7	nmod:poss	_	_
6	's	_	PART	POS	_	5	case	_	_
7	coat	_	NOUN	NN	_	4	obj	_	_
8	.	_	PUNCT	.	_	4	punct	_	_",
don't carry Marky because Marky might get snow on Marky's socks .,"1	don't	_	_	_	_	2	aux	_	_
2	carry	_	_	_	_	0	root	_	_
3	Marky	_	_	_	_	2	obj	_	_
4	because	_	_	_	_	7	mark	_	_
5	Marky	_	_	_	_	7	nsubj	_	_
6	might	_	_	_	_	7	aux	_	_
7	get	_	_	_	_	2	advcl	_	_
8	snow	_	_	_	_	7	obj	_	_
9	on	_	_	_	_	11	case	_	_
10	Marky's	_	_	_	_	11	nmod:poss	_	_
11	socks	_	_	_	_	7	obl	_	_
12	.	_	_	_	_	2	punct	_	_","1	do	_	AUX	VB	_	3	aux	_	_
2	n't	_	PART	RB	_	3	advmod	_	_
3	carry	_	VERB	VB	_	0	root	_	_
4	Marky	_	PROPN	NNP	_	3	obj	_	_
5	because	_	SCONJ	IN	_	8	mark	_	_
6	Marky	_	PROPN	NNP	_	8	nsubj	_	_
7	might	_	AUX	MD	_	8	aux	_	_
8	get	_	VERB	VB	_	3	advcl	_	_
9	snow	_	NOUN	NN	_	8	obj	_	_
10	on	_	ADP	IN	_	13	case	_	_
11	Marky	_	PROPN	NNP	_	13	nmod:poss	_	_
12	's	_	PART	POS	_	11	case	_	_
13	socks	_	NOUN	NNS	_	8	obl	_	_
14	.	_	PUNCT	.	_	3	punct	_	_",
I want my um I want my I don't know how to say it um I want my thing .,"1	I	_	_	_	_	2	nsubj	_	_
2	want	_	_	_	_	0	root	_	_
3	my	_	_	_	_	2	obj	_	_
4	um	_	_	_	_	2	discourse	_	_
5	I	_	_	_	_	6	nsubj	_	_
6	want	_	_	_	_	2	parataxis	_	_
7	my	_	_	_	_	6	obj	_	_
8	I	_	_	_	_	10	nsubj	_	_
9	don't	_	_	_	_	10	aux	_	_
10	know	_	_	_	_	6	parataxis	_	_
11	how	_	_	_	_	13	mark	_	_
12	to	_	_	_	_	13	mark	_	_
13	say	_	_	_	_	10	xcomp	_	_
14	it	_	_	_	_	13	obj	_	_
15	um	_	_	_	_	17	discourse	_	_
16	I	_	_	_	_	17	nsubj	_	_
17	want	_	_	_	_	2	parataxis	_	_
18	my	_	_	_	_	19	nmod:poss	_	_
19	thing	_	_	_	_	17	obj	_	_
20	.	_	_	_	_	2	punct	_	_","1	I	_	PRON	PRP	_	2	nsubj	_	_
2	want	_	VERB	VBP	_	0	root	_	_
3	my	_	PRON	PRP$	_	6	reparandum	_	_
4	um	_	INTJ	UH	_	6	discourse	_	_
5	I	_	PRON	PRP	_	6	nsubj	_	_
6	want	_	VERB	VBP	_	2	ccomp	_	_
7	my	_	PRON	PRP$	_	8	nmod:poss	_	_
8	I	_	PRON	PRP	_	11	nsubj	_	_
9	do	_	AUX	VBP	_	11	aux	_	_
10	n't	_	PART	RB	_	11	advmod	_	_
11	know	_	VERB	VB	_	6	ccomp	_	_
12	how	_	ADV	WRB	_	11	obj	_	_
13	to	_	PART	TO	_	14	mark	_	_
14	say	_	VERB	VB	_	12	acl	_	_
15	it	_	PRON	PRP	_	14	obj	_	_
16	um	_	INTJ	UH	_	18	discourse	_	_
17	I	_	PRON	PRP	_	18	nsubj	_	_
18	want	_	VERB	VBP	_	11	parataxis	_	_
19	my	_	PRON	PRP$	_	20	nmod:poss	_	_
20	thing	_	NOUN	NN	_	18	obj	_	_
21	.	_	PUNCT	.	_	2	punct	_	_",
I don't want a passport .,"1	I	_	_	_	_	3	nsubj	_	_
2	don't	_	_	_	_	3	aux	_	_
3	want	_	_	_	_	0	root	_	_
4	a	_	_	_	_	5	det	_	_
5	passport	_	_	_	_	3	obj	_	_
6	.	_	_	_	_	3	punct	_	_","1	I	_	PRON	PRP	_	4	nsubj	_	_
2	do	_	AUX	VBP	_	4	aux	_	_
3	n't	_	PART	RB	_	4	advmod	_	_
4	want	_	VERB	VB	_	0	root	_	_
5	a	_	DET	DT	_	6	det	_	_
6	passport	_	NOUN	NN	_	4	obj	_	_
7	.	_	PUNCT	.	_	4	punct	_	_",
I don't want a passport .,"1	I	_	_	_	_	3	nsubj	_	_
2	don't	_	_	_	_	3	aux	_	_
3	want	_	_	_	_	0	root	_	_
4	a	_	_	_	_	5	det	_	_
5	passport	_	_	_	_	3	obj	_	_
6	.	_	_	_	_	3	punct	_	_","1	I	_	PRON	PRP	_	4	nsubj	_	_
2	do	_	AUX	VBP	_	4	aux	_	_
3	n't	_	PART	RB	_	4	advmod	_	_
4	want	_	VERB	VB	_	0	root	_	_
5	a	_	DET	DT	_	6	det	_	_
6	passport	_	NOUN	NN	_	4	obj	_	_
7	.	_	PUNCT	.	_	4	punct	_	_",
I wanna put my little girl here my little girl not my bigger girl .,"1	I	_	_	_	_	2	nsubj	_	_
2	wanna	_	_	_	_	0	root	_	_
3	put	_	_	_	_	2	xcomp	_	_
4	my	_	_	_	_	6	nmod:poss	_	_
5	little	_	_	_	_	6	amod	_	_
6	girl	_	_	_	_	3	obj	_	_
7	here	_	_	_	_	3	advmod	_	_
8	my	_	_	_	_	10	nmod:poss	_	_
9	little	_	_	_	_	10	amod	_	_
10	girl	_	_	_	_	2	parataxis	_	_
11	not	_	_	_	_	14	advmod	_	_
12	my	_	_	_	_	14	nmod:poss	_	_
13	bigger	_	_	_	_	14	amod	_	_
14	girl	_	_	_	_	10	conj	_	_
15	.	_	_	_	_	2	punct	_	_","1	I	_	PRON	PRP	_	2	nsubj	_	_
2	wan	_	VERB	VBP	_	0	root	_	_
3	na	_	PART	TO	_	4	mark	_	_
4	put	_	VERB	VB	_	2	xcomp	_	_
5	my	_	PRON	PRP$	_	7	nmod:poss	_	_
6	little	_	ADJ	JJ	_	7	amod	_	_
7	girl	_	NOUN	NN	_	4	obj	_	_
8	here	_	ADV	RB	_	4	advmod	_	_
9	my	_	PRON	PRP$	_	11	nmod:poss	_	_
10	little	_	ADJ	JJ	_	11	amod	_	_
11	girl	_	NOUN	NN	_	4	obj	_	_
12	not	_	PART	RB	_	15	advmod	_	_
13	my	_	PRON	PRP$	_	15	nmod:poss	_	_
14	bigger	_	ADJ	JJR	_	15	amod	_	_
15	girl	_	NOUN	NN	_	11	appos	_	_
16	.	_	PUNCT	.	_	2	punct	_	_",
she's at work .,"1	she's	_	_	_	_	3	nsubj	_	_
2	at	_	_	_	_	3	case	_	_
3	work	_	_	_	_	0	root	_	_
4	.	_	_	_	_	3	punct	_	_","1	she	_	PRON	PRP	_	4	nsubj	_	_
2	's	_	AUX	VBZ	_	4	cop	_	_
3	at	_	ADP	IN	_	4	case	_	_
4	work	_	NOUN	NN	_	0	root	_	_
5	.	_	PUNCT	.	_	4	punct	_	_",
okay okay okay .,"1	okay	_	_	_	_	0	root	_	_
2	okay	_	_	_	_	1	conj	_	_
3	okay	_	_	_	_	1	conj	_	_
4	.	_	_	_	_	1	punct	_	_","1	okay	_	INTJ	UH	_	3	discourse	_	_
2	okay	_	INTJ	UH	_	3	discourse	_	_
3	okay	_	INTJ	UH	_	0	root	_	_
4	.	_	PUNCT	.	_	1	punct	_	_","1	Okay	okay	INTJ	UH	_	0	root	0:root	_
2	okay	okay	INTJ	UH	_	1	conj	1:conj	_
3	okay	okay	INTJ	UH	_	1	conj	1:conj	SpaceAfter=No
4	.	.	PUNCT	.	_	1	punct	1:punct	_
"
I want something for dinner .,"1	I	_	_	_	_	2	nsubj	_	_
2	want	_	_	_	_	0	root	_	_
3	something	_	_	_	_	2	obj	_	_
4	for	_	_	_	_	5	case	_	_
5	dinner	_	_	_	_	2	obl	_	_
6	.	_	_	_	_	2	punct	_	_","1	I	_	PRON	PRP	_	2	nsubj	_	_
2	want	_	VERB	VBP	_	0	root	_	_
3	something	_	PRON	NN	_	2	obj	_	_
4	for	_	ADP	IN	_	5	case	_	_
5	dinner	_	NOUN	NN	_	3	nmod	_	_
6	.	_	PUNCT	.	_	2	punct	_	_",
don't put my pill on my Cherioos .,"1	don't	_	_	_	_	2	aux	_	_
2	put	_	_	_	_	0	root	_	_
3	my	_	_	_	_	4	nmod:poss	_	_
4	pill	_	_	_	_	2	obj	_	_
5	on	_	_	_	_	7	case	_	_
6	my	_	_	_	_	7	nmod:poss	_	_
7	Cherioos	_	_	_	_	2	obl	_	_
8	.	_	_	_	_	2	punct	_	_","1	do	_	AUX	VB	_	3	aux	_	_
2	n't	_	PART	RB	_	3	advmod	_	_
3	put	_	VERB	VB	_	0	root	_	_
4	my	_	PRON	PRP$	_	5	nmod:poss	_	_
5	pill	_	NOUN	NN	_	3	obj	_	_
6	on	_	ADP	IN	_	8	case	_	_
7	my	_	PRON	PRP$	_	8	nmod:poss	_	_
8	Cherioos	_	PROPN	NNP	_	3	obl	_	_
9	.	_	PUNCT	.	_	3	punct	_	_",
get out of here you stupid bagel .,"1	get	_	_	_	_	0	root	_	_
2	out	_	_	_	_	4	case	_	_
3	of	_	_	_	_	4	case	_	_
4	here	_	_	_	_	1	obl	_	_
5	you	_	_	_	_	1	vocative	_	_
6	stupid	_	_	_	_	7	amod	_	_
7	bagel	_	_	_	_	1	parataxis	_	_
8	.	_	_	_	_	1	punct	_	_","1	get	_	VERB	VB	_	0	root	_	_
2	out	_	ADP	IN	_	4	case	_	_
3	of	_	ADP	IN	_	2	fixed	_	_
4	here	_	ADV	RB	_	1	obl	_	_
5	you	_	PRON	PRP	_	7	nsubj	_	_
6	stupid	_	ADJ	JJ	_	7	amod	_	_
7	bagel	_	NOUN	NN	_	1	obj	_	_
8	.	_	PUNCT	.	_	1	punct	_	_",
I wanna listen to Charlie Brown .,"1	I	_	_	_	_	2	nsubj	_	_
2	wanna	_	_	_	_	0	root	_	_
3	listen	_	_	_	_	2	xcomp	_	_
4	to	_	_	_	_	5	case	_	_
5	Charlie	_	_	_	_	3	obl	_	_
6	Brown	_	_	_	_	5	flat	_	_
7	.	_	_	_	_	2	punct	_	_","1	I	_	PRON	PRP	_	2	nsubj	_	_
2	wan	_	VERB	VBP	_	0	root	_	_
3	na	_	PART	TO	_	4	mark	_	_
4	listen	_	VERB	VB	_	2	xcomp	_	_
5	to	_	ADP	IN	_	6	case	_	_
6	Charlie	_	PROPN	NNP	_	4	obl	_	_
7	Brown	_	PROPN	NNP	_	6	flat	_	_
8	.	_	PUNCT	.	_	2	punct	_	_",
mm hm .,"1	mm	_	_	_	_	0	root	_	_
2	hm	_	_	_	_	1	flat	_	_
3	.	_	_	_	_	1	punct	_	_","1	mm	_	INTJ	UH	_	2	discourse	_	_
2	hm	_	INTJ	UH	_	0	root	_	_
3	.	_	PUNCT	.	_	1	punct	_	_","1	Mm	mm	INTJ	UH	_	0	root	0:root	_
2	hm	hm	INTJ	UH	_	1	flat	1:flat	SpaceAfter=No
3	.	.	PUNCT	.	_	1	punct	1:punct	_
"
he's trying to growl .,"1	he's	_	_	_	_	2	nsubj	_	_
2	trying	_	_	_	_	0	root	_	_
3	to	_	_	_	_	4	mark	_	_
4	growl	_	_	_	_	2	xcomp	_	_
5	.	_	_	_	_	2	punct	_	_","1	he	_	PRON	PRP	_	3	nsubj	_	_
2	's	_	AUX	VBZ	_	3	aux	_	_
3	trying	_	VERB	VBG	_	0	root	_	_
4	to	_	PART	TO	_	5	mark	_	_
5	growl	_	VERB	VB	_	3	xcomp	_	_
6	.	_	PUNCT	.	_	3	punct	_	_",
he's trying to growl .,"1	he's	_	_	_	_	2	nsubj	_	_
2	trying	_	_	_	_	0	root	_	_
3	to	_	_	_	_	4	mark	_	_
4	growl	_	_	_	_	2	xcomp	_	_
5	.	_	_	_	_	2	punct	_	_","1	he	_	PRON	PRP	_	3	nsubj	_	_
2	's	_	AUX	VBZ	_	3	aux	_	_
3	trying	_	VERB	VBG	_	0	root	_	_
4	to	_	PART	TO	_	5	mark	_	_
5	growl	_	VERB	VB	_	3	xcomp	_	_
6	.	_	PUNCT	.	_	3	punct	_	_",
I don't wanna fight .,"1	I	_	_	_	_	3	nsubj	_	_
2	don't	_	_	_	_	3	aux	_	_
3	wanna	_	_	_	_	0	root	_	_
4	fight	_	_	_	_	3	xcomp	_	_
5	.	_	_	_	_	3	punct	_	_","1	I	_	PRON	PRP	_	4	nsubj	_	_
2	do	_	AUX	VBP	_	4	aux	_	_
3	n't	_	PART	RB	_	4	advmod	_	_
4	wan	_	VERB	VB	_	0	root	_	_
5	na	_	PART	TO	_	6	mark	_	_
6	fight	_	VERB	VB	_	4	xcomp	_	_
7	.	_	PUNCT	.	_	4	punct	_	_",
I have to go pee pee and don't eat my grapes .,"1	I	_	_	_	_	2	nsubj	_	_
2	have	_	_	_	_	0	root	_	_
3	to	_	_	_	_	4	mark	_	_
4	go	_	_	_	_	2	xcomp	_	_
5	pee	_	_	_	_	4	compound	_	_
6	pee	_	_	_	_	5	compound	_	_
7	and	_	_	_	_	9	cc	_	_
8	don't	_	_	_	_	9	advmod	_	_
9	eat	_	_	_	_	4	conj	_	_
10	my	_	_	_	_	11	nmod:poss	_	_
11	grapes	_	_	_	_	9	obj	_	_
12	.	_	_	_	_	2	punct	_	_","1	I	_	PRON	PRP	_	2	nsubj	_	_
2	have	_	VERB	VBP	_	0	root	_	_
3	to	_	PART	TO	_	4	mark	_	_
4	go	_	VERB	VB	_	2	xcomp	_	_
5	pee	_	NOUN	NN	_	6	compound	_	_
6	pee	_	NOUN	NN	_	4	obj	_	_
7	and	_	CCONJ	CC	_	10	cc	_	_
8	do	_	AUX	VB	_	10	aux	_	_
9	n't	_	PART	RB	_	10	advmod	_	_
10	eat	_	VERB	VB	_	2	conj	_	_
11	my	_	PRON	PRP$	_	12	nmod:poss	_	_
12	grapes	_	NOUN	NNS	_	10	obj	_	_
13	.	_	PUNCT	.	_	2	punct	_	_",
daddy you're a mean friend .,"1	daddy	_	_	_	_	5	vocative	_	_
2	you're	_	_	_	_	5	nsubj	_	_
3	a	_	_	_	_	5	det	_	_
4	mean	_	_	_	_	5	amod	_	_
5	friend	_	_	_	_	0	root	_	_
6	.	_	_	_	_	5	punct	_	_","1	daddy	_	NOUN	NN	_	6	discourse	_	_
2	you	_	PRON	PRP	_	6	nsubj	_	_
3	're	_	AUX	VBP	_	6	cop	_	_
4	a	_	DET	DT	_	6	det	_	_
5	mean	_	ADJ	JJ	_	6	amod	_	_
6	friend	_	NOUN	NN	_	0	root	_	_
7	.	_	PUNCT	.	_	6	punct	_	_",
me and Ross are monster friends .,"1	me	_	_	_	_	6	nsubj	_	_
2	and	_	_	_	_	3	cc	_	_
3	Ross	_	_	_	_	1	conj	_	_
4	are	_	_	_	_	6	cop	_	_
5	monster	_	_	_	_	6	compound	_	_
6	friends	_	_	_	_	0	root	_	_
7	.	_	_	_	_	6	punct	_	_","1	me	_	PRON	PRP	_	6	nsubj	_	_
2	and	_	CCONJ	CC	_	3	cc	_	_
3	Ross	_	PROPN	NNP	_	1	conj	_	_
4	are	_	AUX	VBP	_	6	cop	_	_
5	monster	_	ADJ	JJ	_	6	amod	_	_
6	friends	_	NOUN	NNS	_	0	root	_	_
7	.	_	PUNCT	.	_	6	punct	_	_",
who's the monster friend Ross ?,"1	who's	_	_	_	_	4	cop	_	_
2	the	_	_	_	_	4	det	_	_
3	monster	_	_	_	_	4	compound	_	_
4	friend	_	_	_	_	0	root	_	_
5	Ross	_	_	_	_	4	vocative	_	_
6	?	_	_	_	_	4	punct	_	_","1	who	_	PRON	WP	_	5	nsubj	_	_
2	's	_	AUX	VBZ	_	5	cop	_	_
3	the	_	DET	DT	_	5	det	_	_
4	monster	_	NOUN	NN	_	5	compound	_	_
5	friend	_	NOUN	NN	_	0	root	_	_
6	Ross	_	PROPN	NNP	_	5	vocative	_	_
7	?	_	PUNCT	.	_	5	punct	_	_",
we're monster friends ?,"1	we're	_	_	_	_	3	nsubj	_	_
2	monster	_	_	_	_	3	compound	_	_
3	friends	_	_	_	_	0	root	_	_
4	?	_	_	_	_	3	punct	_	_","1	we	_	PRON	PRP	_	4	nsubj	_	_
2	're	_	AUX	VBP	_	4	cop	_	_
3	monster	_	ADJ	JJ	_	4	amod	_	_
4	friends	_	NOUN	NNS	_	0	root	_	_
5	?	_	PUNCT	.	_	4	punct	_	_",
yeah but Marky's messing up my train .,"1	yeah	_	_	_	_	4	discourse	_	_
2	but	_	_	_	_	4	cc	_	_
3	Marky's	_	_	_	_	4	nsubj	_	_
4	messing	_	_	_	_	0	root	_	_
5	up	_	_	_	_	4	compound:prt	_	_
6	my	_	_	_	_	7	nmod:poss	_	_
7	train	_	_	_	_	4	obj	_	_
8	.	_	_	_	_	4	punct	_	_","1	yeah	_	INTJ	UH	_	5	discourse	_	_
2	but	_	CCONJ	CC	_	5	cc	_	_
3	Marky	_	PROPN	NNP	_	5	nsubj	_	_
4	's	_	AUX	VBZ	_	5	aux	_	_
5	messing	_	VERB	VBG	_	0	root	_	_
6	up	_	ADP	RP	_	5	compound:prt	_	_
7	my	_	PRON	PRP$	_	8	nmod:poss	_	_
8	train	_	NOUN	NN	_	5	obj	_	_
9	.	_	PUNCT	.	_	5	punct	_	_",
right right through here .,"1	right	_	_	_	_	2	reparandum	_	_
2	right	_	_	_	_	4	advmod	_	_
3	through	_	_	_	_	4	case	_	_
4	here	_	_	_	_	0	root	_	_
5	.	_	_	_	_	4	punct	_	_","1	right	_	ADV	RB	_	4	advmod	_	_
2	right	_	ADV	RB	_	4	advmod	_	_
3	through	_	ADP	IN	_	4	case	_	_
4	here	_	ADV	RB	_	0	root	_	_
5	.	_	PUNCT	.	_	4	punct	_	_",
a little doggy .,"1	a	_	_	_	_	3	det	_	_
2	little	_	_	_	_	3	amod	_	_
3	doggy	_	_	_	_	0	root	_	_
4	.	_	_	_	_	3	punct	_	_","1	a	_	DET	DT	_	2	det	_	_
2	little	_	ADJ	JJ	_	3	obl:unmarked	_	_
3	doggy	_	ADJ	JJ	_	0	root	_	_
4	.	_	PUNCT	.	_	3	punct	_	_",
you put it in the wash all by yourself .,"1	you	_	_	_	_	2	nsubj	_	_
2	put	_	_	_	_	0	root	_	_
3	it	_	_	_	_	2	obj	_	_
4	in	_	_	_	_	6	case	_	_
5	the	_	_	_	_	6	det	_	_
6	wash	_	_	_	_	2	obl	_	_
7	all	_	_	_	_	9	advmod	_	_
8	by	_	_	_	_	9	case	_	_
9	yourself	_	_	_	_	2	obl	_	_
10	.	_	_	_	_	2	punct	_	_","1	you	_	PRON	PRP	_	2	nsubj	_	_
2	put	_	VERB	VBP	_	0	root	_	_
3	it	_	PRON	PRP	_	2	obj	_	_
4	in	_	ADP	IN	_	6	case	_	_
5	the	_	DET	DT	_	6	det	_	_
6	wash	_	NOUN	NN	_	2	obl	_	_
7	all	_	DET	DT	_	6	advmod	_	_
8	by	_	ADP	IN	_	9	case	_	_
9	yourself	_	PRON	PRP	_	2	obl	_	_
10	.	_	PUNCT	.	_	2	punct	_	_",
go get the one that's on your bed .,"1	go	_	_	_	_	0	root	_	_
2	get	_	_	_	_	1	compound	_	_
3	the	_	_	_	_	4	det	_	_
4	one	_	_	_	_	2	obj	_	_
5	that's	_	_	_	_	8	cop	_	_
6	on	_	_	_	_	8	case	_	_
7	your	_	_	_	_	8	nmod:poss	_	_
8	bed	_	_	_	_	4	acl:relcl	_	_
9	.	_	_	_	_	1	punct	_	_","1	go	_	VERB	VB	_	0	root	_	_
2	get	_	VERB	VB	_	1	xcomp	_	_
3	the	_	DET	DT	_	4	det	_	_
4	one	_	NOUN	NN	_	2	obj	_	_
5	that	_	PRON	WDT	_	9	nsubj	_	_
6	's	_	AUX	VBZ	_	9	cop	_	_
7	on	_	ADP	IN	_	9	case	_	_
8	your	_	PRON	PRP$	_	9	nmod:poss	_	_
9	bed	_	NOUN	NN	_	4	acl:relcl	_	_
10	.	_	PUNCT	.	_	1	punct	_	_",
don't make my pumpkin into a pumpkin pie .,"1	don't	_	_	_	_	2	aux	_	_
2	make	_	_	_	_	0	root	_	_
3	my	_	_	_	_	4	nmod:poss	_	_
4	pumpkin	_	_	_	_	2	obj	_	_
5	into	_	_	_	_	8	case	_	_
6	a	_	_	_	_	8	det	_	_
7	pumpkin	_	_	_	_	8	compound	_	_
8	pie	_	_	_	_	2	obl	_	_
9	.	_	_	_	_	2	punct	_	_","1	do	_	AUX	VB	_	3	aux	_	_
2	n't	_	PART	RB	_	3	advmod	_	_
3	make	_	VERB	VB	_	0	root	_	_
4	my	_	PRON	PRP$	_	5	nmod:poss	_	_
5	pumpkin	_	NOUN	NN	_	3	obj	_	_
6	into	_	ADP	IN	_	9	case	_	_
7	a	_	DET	DT	_	9	det	_	_
8	pumpkin	_	NOUN	NN	_	9	compound	_	_
9	pie	_	NOUN	NN	_	3	obl	_	_
10	.	_	PUNCT	.	_	3	punct	_	_",
because it'll be dark .,"1	because	_	_	_	_	4	mark	_	_
2	it'll	_	_	_	_	4	aux	_	_
3	be	_	_	_	_	4	cop	_	_
4	dark	_	_	_	_	0	root	_	_
5	.	_	_	_	_	4	punct	_	_","1	because	_	SCONJ	IN	_	5	mark	_	_
2	it	_	PRON	PRP	_	5	nsubj	_	_
3	'll	_	AUX	MD	_	5	aux	_	_
4	be	_	AUX	VB	_	5	cop	_	_
5	dark	_	ADJ	JJ	_	0	root	_	_
6	.	_	PUNCT	.	_	5	punct	_	_",
I want it to be a jack o lantern .,"1	I	_	_	_	_	2	nsubj	_	_
2	want	_	_	_	_	0	root	_	_
3	it	_	_	_	_	2	obj	_	_
4	to	_	_	_	_	7	mark	_	_
5	be	_	_	_	_	7	cop	_	_
6	a	_	_	_	_	7	det	_	_
7	jack	_	_	_	_	2	xcomp	_	_
8	o	_	_	_	_	9	case	_	_
9	lantern	_	_	_	_	7	nmod	_	_
10	.	_	_	_	_	2	punct	_	_","1	I	_	PRON	PRP	_	2	nsubj	_	_
2	want	_	VERB	VBP	_	0	root	_	_
3	it	_	PRON	PRP	_	2	obj	_	_
4	to	_	PART	TO	_	9	mark	_	_
5	be	_	AUX	VB	_	9	cop	_	_
6	a	_	DET	DT	_	9	det	_	_
7	jack	_	NOUN	NN	_	9	compound	_	_
8	o	_	NOUN	NN	_	9	compound	_	_
9	lantern	_	NOUN	NN	_	2	xcomp	_	_
10	.	_	PUNCT	.	_	2	punct	_	_",
I don't know .,"1	I	_	_	_	_	3	nsubj	_	_
2	don't	_	_	_	_	3	aux	_	_
3	know	_	_	_	_	0	root	_	_
4	.	_	_	_	_	3	punct	_	_","1	I	_	PRON	PRP	_	4	nsubj	_	_
2	do	_	AUX	VBP	_	4	aux	_	_
3	n't	_	PART	RB	_	4	advmod	_	_
4	know	_	VERB	VB	_	0	root	_	_
5	.	_	PUNCT	.	_	4	punct	_	_",
I don't know .,"1	I	_	_	_	_	3	nsubj	_	_
2	don't	_	_	_	_	3	aux	_	_
3	know	_	_	_	_	0	root	_	_
4	.	_	_	_	_	3	punct	_	_","1	I	_	PRON	PRP	_	4	nsubj	_	_
2	do	_	AUX	VBP	_	4	aux	_	_
3	n't	_	PART	RB	_	4	advmod	_	_
4	know	_	VERB	VB	_	0	root	_	_
5	.	_	PUNCT	.	_	4	punct	_	_",
I don't know .,"1	I	_	_	_	_	3	nsubj	_	_
2	don't	_	_	_	_	3	aux	_	_
3	know	_	_	_	_	0	root	_	_
4	.	_	_	_	_	3	punct	_	_","1	I	_	PRON	PRP	_	4	nsubj	_	_
2	do	_	AUX	VBP	_	4	aux	_	_
3	n't	_	PART	RB	_	4	advmod	_	_
4	know	_	VERB	VB	_	0	root	_	_
5	.	_	PUNCT	.	_	4	punct	_	_",
where has Thomas's chin gone ?,"1	where	_	_	_	_	5	advmod	_	_
2	has	_	_	_	_	5	aux	_	_
3	Thomas's	_	_	_	_	4	nmod:poss	_	_
4	chin	_	_	_	_	5	nsubj	_	_
5	gone	_	_	_	_	0	root	_	_
6	?	_	_	_	_	5	punct	_	_","1	where	_	ADV	WRB	_	6	advmod	_	_
2	has	_	AUX	VBZ	_	6	aux	_	_
3	Thomas	_	PROPN	NNP	_	5	nmod:poss	_	_
4	's	_	PART	POS	_	3	case	_	_
5	chin	_	NOUN	NN	_	6	nsubj	_	_
6	gone	_	VERB	VBN	_	0	root	_	_
7	?	_	PUNCT	.	_	6	punct	_	_",
Purdie on Purdie's foot Purdie's tripped on you .,"1	Purdie	_	_	_	_	0	root	_	_
2	on	_	_	_	_	4	case	_	_
3	Purdie's	_	_	_	_	4	nmod:poss	_	_
4	foot	_	_	_	_	1	nmod	_	_
5	Purdie's	_	_	_	_	6	nsubj	_	_
6	tripped	_	_	_	_	1	parataxis	_	_
7	on	_	_	_	_	8	case	_	_
8	you	_	_	_	_	6	obl	_	_
9	.	_	_	_	_	1	punct	_	_","1	Purdie	_	PROPN	NNP	_	8	nsubj	_	_
2	on	_	ADP	IN	_	5	case	_	_
3	Purdie	_	PROPN	NNP	_	5	nmod:poss	_	_
4	's	_	PART	POS	_	3	case	_	_
5	foot	_	NOUN	NN	_	1	nmod	_	_
6	Purdie	_	PROPN	NNP	_	5	flat	_	_
7	's	_	PART	POS	_	3	case	_	_
8	tripped	_	VERB	VBD	_	0	root	_	_
9	on	_	ADP	IN	_	10	case	_	_
10	you	_	PRON	PRP	_	8	obl	_	_
11	.	_	PUNCT	.	_	8	punct	_	_",
look Purdie's on the wall .,"1	look	_	_	_	_	0	root	_	_
2	Purdie's	_	_	_	_	5	nsubj	_	_
3	on	_	_	_	_	5	case	_	_
4	the	_	_	_	_	5	det	_	_
5	wall	_	_	_	_	1	parataxis	_	_
6	.	_	_	_	_	1	punct	_	_","1	look	_	VERB	VB	_	0	root	_	_
2	Purdie	_	PROPN	NNP	_	1	obj	_	_
3	's	_	PART	POS	_	2	case	_	_
4	on	_	ADP	IN	_	6	case	_	_
5	the	_	DET	DT	_	6	det	_	_
6	wall	_	NOUN	NN	_	1	obl	_	_
7	.	_	PUNCT	.	_	1	punct	_	_",
your hair's like a sausage .,"1	your	_	_	_	_	2	nmod:poss	_	_
2	hair's	_	_	_	_	5	nsubj	_	_
3	like	_	_	_	_	5	case	_	_
4	a	_	_	_	_	5	det	_	_
5	sausage	_	_	_	_	0	root	_	_
6	.	_	_	_	_	5	punct	_	_","1	your	_	PRON	PRP$	_	2	nmod:poss	_	_
2	hair	_	NOUN	NN	_	6	nsubj	_	_
3	's	_	AUX	VBZ	_	6	cop	_	_
4	like	_	ADP	IN	_	6	case	_	_
5	a	_	DET	DT	_	6	det	_	_
6	sausage	_	NOUN	NN	_	0	root	_	_
7	.	_	PUNCT	.	_	6	punct	_	_",
"you're like a sausage , Purdie .","1	you're	_	_	_	_	4	nsubj	_	_
2	like	_	_	_	_	4	case	_	_
3	a	_	_	_	_	4	det	_	_
4	sausage	_	_	_	_	0	root	_	_
5	,	_	_	_	_	4	discourse	_	_
6	Purdie	_	_	_	_	4	vocative	_	_
7	.	_	_	_	_	4	punct	_	_","1	you	_	PRON	PRP	_	5	nsubj	_	_
2	're	_	AUX	VBP	_	5	cop	_	_
3	like	_	ADP	IN	_	5	case	_	_
4	a	_	DET	DT	_	5	det	_	_
5	sausage	_	NOUN	NN	_	0	root	_	_
6	,	_	PUNCT	,	_	7	punct	_	_
7	Purdie	_	PROPN	NNP	_	5	vocative	_	_
8	.	_	PUNCT	.	_	5	punct	_	_",
I wanna be a queen .,"1	I	_	_	_	_	2	nsubj	_	_
2	wanna	_	_	_	_	0	root	_	_
3	be	_	_	_	_	5	cop	_	_
4	a	_	_	_	_	5	det	_	_
5	queen	_	_	_	_	2	xcomp	_	_
6	.	_	_	_	_	2	punct	_	_","1	I	_	PRON	PRP	_	2	nsubj	_	_
2	wan	_	VERB	VBP	_	0	root	_	_
3	na	_	PART	TO	_	6	mark	_	_
4	be	_	AUX	VB	_	6	cop	_	_
5	a	_	DET	DT	_	6	det	_	_
6	queen	_	NOUN	NN	_	2	xcomp	_	_
7	.	_	PUNCT	.	_	2	punct	_	_",
I'm Bella .,"1	I'm	_	_	_	_	2	cop	_	_
2	Bella	_	_	_	_	0	root	_	_
3	.	_	_	_	_	2	punct	_	_","1	I	_	PRON	PRP	_	3	nsubj	_	_
2	'm	_	AUX	VBP	_	3	cop	_	_
3	Bella	_	PROPN	NNP	_	0	root	_	_
4	.	_	PUNCT	.	_	3	punct	_	_",
"that's Aunty Ginger's , Purdie .","1	that's	_	_	_	_	2	nsubj	_	_
2	Aunty	_	_	_	_	0	root	_	_
3	Ginger's	_	_	_	_	2	flat	_	_
4	,	_	_	_	_	2	punct	_	_
5	Purdie	_	_	_	_	2	vocative	_	_
6	.	_	_	_	_	2	punct	_	_","1	that	_	PRON	DT	_	3	nsubj	_	_
2	's	_	AUX	VBZ	_	3	cop	_	_
3	Aunty	_	PROPN	NNP	_	0	root	_	_
4	Ginger	_	PROPN	NNP	_	3	flat	_	_
5	's	_	PART	POS	_	3	case	_	_
6	,	_	PUNCT	,	_	7	punct	_	_
7	Purdie	_	PROPN	NNP	_	3	appos	_	_
8	.	_	PUNCT	.	_	3	punct	_	_",
yours is there .,"1	yours	_	_	_	_	2	nsubj	_	_
2	is	_	_	_	_	0	root	_	_
3	there	_	_	_	_	2	advmod	_	_
4	.	_	_	_	_	2	punct	_	_","1	yours	_	PRON	PRP	_	3	nsubj	_	_
2	is	_	AUX	VBZ	_	3	cop	_	_
3	there	_	ADV	RB	_	0	root	_	_
4	.	_	PUNCT	.	_	3	punct	_	_",
your your milk's there .,"1	your	_	_	_	_	2	reparandum	_	_
2	your	_	_	_	_	3	nmod:poss	_	_
3	milk's	_	_	_	_	4	nsubj	_	_
4	there	_	_	_	_	0	root	_	_
5	.	_	_	_	_	4	punct	_	_","1	your	_	PRON	PRP$	_	3	nmod:poss	_	_
2	your	_	PRON	PRP$	_	3	nmod:poss	_	_
3	milk	_	NOUN	NN	_	5	nsubj	_	_
4	's	_	AUX	VBZ	_	5	cop	_	_
5	there	_	ADV	RB	_	0	root	_	_
6	.	_	PUNCT	.	_	5	punct	_	_",
that's Aunty Ginger's .,"1	that's	_	_	_	_	2	nsubj	_	_
2	Aunty	_	_	_	_	0	root	_	_
3	Ginger's	_	_	_	_	2	flat	_	_
4	.	_	_	_	_	2	punct	_	_","1	that	_	PRON	DT	_	3	nsubj	_	_
2	's	_	AUX	VBZ	_	3	cop	_	_
3	Aunty	_	PROPN	NNP	_	0	root	_	_
4	Ginger	_	PROPN	NNP	_	3	flat	_	_
5	's	_	PART	POS	_	3	case	_	_
6	.	_	PUNCT	.	_	3	punct	_	_",
I'm Bella .,"1	I'm	_	_	_	_	2	cop	_	_
2	Bella	_	_	_	_	0	root	_	_
3	.	_	_	_	_	2	punct	_	_","1	I	_	PRON	PRP	_	3	nsubj	_	_
2	'm	_	AUX	VBP	_	3	cop	_	_
3	Bella	_	PROPN	NNP	_	0	root	_	_
4	.	_	PUNCT	.	_	3	punct	_	_",
you're Milo .,"1	you're	_	_	_	_	2	nsubj	_	_
2	Milo	_	_	_	_	0	root	_	_
3	.	_	_	_	_	2	punct	_	_","1	you	_	PRON	PRP	_	3	nsubj	_	_
2	're	_	AUX	VBP	_	3	cop	_	_
3	Milo	_	PROPN	NNP	_	0	root	_	_
4	.	_	PUNCT	.	_	3	punct	_	_",
Daddy Daddy's Milo .,"1	Daddy	_	_	_	_	2	reparandum	_	_
2	Daddy's	_	_	_	_	3	nmod:poss	_	_
3	Milo	_	_	_	_	0	root	_	_
4	.	_	_	_	_	3	punct	_	_","1	Daddy	_	PROPN	NNP	_	4	nmod:poss	_	_
2	Daddy	_	PROPN	NNP	_	1	flat	_	_
3	's	_	PART	POS	_	1	case	_	_
4	Milo	_	PROPN	NNP	_	0	root	_	_
5	.	_	PUNCT	.	_	4	punct	_	_",
you're Milo .,"1	you're	_	_	_	_	2	nsubj	_	_
2	Milo	_	_	_	_	0	root	_	_
3	.	_	_	_	_	2	punct	_	_","1	you	_	PRON	PRP	_	3	nsubj	_	_
2	're	_	AUX	VBP	_	3	cop	_	_
3	Milo	_	PROPN	NNP	_	0	root	_	_
4	.	_	PUNCT	.	_	3	punct	_	_",
Daddy's Jake .,"1	Daddy's	_	_	_	_	2	nsubj	_	_
2	Jake	_	_	_	_	0	root	_	_
3	.	_	_	_	_	2	punct	_	_","1	Daddy	_	PROPN	NNP	_	3	nmod:poss	_	_
2	's	_	PART	POS	_	1	case	_	_
3	Jake	_	PROPN	NNP	_	0	root	_	_
4	.	_	PUNCT	.	_	3	punct	_	_",
I don't know .,"1	I	_	_	_	_	3	nsubj	_	_
2	don't	_	_	_	_	3	aux	_	_
3	know	_	_	_	_	0	root	_	_
4	.	_	_	_	_	3	punct	_	_","1	I	_	PRON	PRP	_	4	nsubj	_	_
2	do	_	AUX	VBP	_	4	aux	_	_
3	n't	_	PART	RB	_	4	advmod	_	_
4	know	_	VERB	VB	_	0	root	_	_
5	.	_	PUNCT	.	_	4	punct	_	_",
I don't know .,"1	I	_	_	_	_	3	nsubj	_	_
2	don't	_	_	_	_	3	aux	_	_
3	know	_	_	_	_	0	root	_	_
4	.	_	_	_	_	3	punct	_	_","1	I	_	PRON	PRP	_	4	nsubj	_	_
2	do	_	AUX	VBP	_	4	aux	_	_
3	n't	_	PART	RB	_	4	advmod	_	_
4	know	_	VERB	VB	_	0	root	_	_
5	.	_	PUNCT	.	_	4	punct	_	_",
it's a surprise .,"1	it's	_	_	_	_	3	cop	_	_
2	a	_	_	_	_	3	det	_	_
3	surprise	_	_	_	_	0	root	_	_
4	.	_	_	_	_	3	punct	_	_","1	it	_	PRON	PRP	_	4	nsubj	_	_
2	's	_	AUX	VBZ	_	4	cop	_	_
3	a	_	DET	DT	_	4	det	_	_
4	surprise	_	NOUN	NN	_	0	root	_	_
5	.	_	PUNCT	.	_	4	punct	_	_",
what's this ?,"1	what's	_	_	_	_	0	root	_	_
2	this	_	_	_	_	1	nsubj	_	_
3	?	_	_	_	_	1	punct	_	_","1	what	_	PRON	WP	_	3	nsubj	_	_
2	's	_	AUX	VBZ	_	3	cop	_	_
3	this	_	PRON	DT	_	0	root	_	_
4	?	_	PUNCT	.	_	3	punct	_	_",
it's a card .,"1	it's	_	_	_	_	3	cop	_	_
2	a	_	_	_	_	3	det	_	_
3	card	_	_	_	_	0	root	_	_
4	.	_	_	_	_	3	punct	_	_","1	it	_	PRON	PRP	_	4	nsubj	_	_
2	's	_	AUX	VBZ	_	4	cop	_	_
3	a	_	DET	DT	_	4	det	_	_
4	card	_	NOUN	NN	_	0	root	_	_
5	.	_	PUNCT	.	_	4	punct	_	_",
it's very hot .,"1	it's	_	_	_	_	3	nsubj	_	_
2	very	_	_	_	_	3	advmod	_	_
3	hot	_	_	_	_	0	root	_	_
4	.	_	_	_	_	3	punct	_	_","1	it	_	PRON	PRP	_	4	nsubj	_	_
2	's	_	AUX	VBZ	_	4	cop	_	_
3	very	_	ADV	RB	_	4	advmod	_	_
4	hot	_	ADJ	JJ	_	0	root	_	_
5	.	_	PUNCT	.	_	4	punct	_	_",
come this way .,"1	come	_	_	_	_	0	root	_	_
2	this	_	_	_	_	3	det	_	_
3	way	_	_	_	_	1	obl:npmod	_	_
4	.	_	_	_	_	1	punct	_	_","1	come	_	VERB	VB	_	0	root	_	_
2	this	_	DET	DT	_	3	det	_	_
3	way	_	NOUN	NN	_	1	obl:unmarked	_	_
4	.	_	PUNCT	.	_	1	punct	_	_",
hm hm .,"1	hm	_	_	_	_	0	root	_	_
2	hm	_	_	_	_	1	flat	_	_
3	.	_	_	_	_	1	punct	_	_","1	hm	_	INTJ	UH	_	2	discourse	_	_
2	hm	_	INTJ	UH	_	0	root	_	_
3	.	_	PUNCT	.	_	1	punct	_	_","1	Hm	hm	INTJ	UH	_	0	root	0:root	_
2	hm	hm	INTJ	UH	_	1	flat	1:flat	SpaceAfter=No
3	.	.	PUNCT	.	_	1	punct	1:punct	_
"
"um watch out , Fireman Sam .","1	um	_	_	_	_	2	discourse	_	_
2	watch	_	_	_	_	0	root	_	_
3	out	_	_	_	_	2	compound:prt	_	_
4	,	_	_	_	_	2	punct	_	_
5	Fireman	_	_	_	_	2	vocative	_	_
6	Sam	_	_	_	_	5	flat	_	_
7	.	_	_	_	_	2	punct	_	_","1	um	_	INTJ	UH	_	2	discourse	_	_
2	watch	_	VERB	VB	_	0	root	_	_
3	out	_	ADP	RP	_	2	compound:prt	_	_
4	,	_	PUNCT	,	_	5	punct	_	_
5	Fireman	_	PROPN	NNP	_	2	vocative	_	_
6	Sam	_	PROPN	NNP	_	5	flat	_	_
7	.	_	PUNCT	.	_	2	punct	_	_",
my grandma and grandpa's .,"1	my	_	_	_	_	2	nmod:poss	_	_
2	grandma	_	_	_	_	0	root	_	_
3	and	_	_	_	_	4	cc	_	_
4	grandpa's	_	_	_	_	2	conj	_	_
5	.	_	_	_	_	2	punct	_	_","1	my	_	PRON	PRP$	_	2	nmod:poss	_	_
2	grandma	_	NOUN	NN	_	0	root	_	_
3	and	_	CCONJ	CC	_	4	cc	_	_
4	grandpa	_	NOUN	NN	_	2	conj	_	_
5	's	_	PART	POS	_	4	case	_	_
6	.	_	PUNCT	.	_	2	punct	_	_",
the chicken is not going in there .,"1	the	_	_	_	_	2	det	_	_
2	chicken	_	_	_	_	5	nsubj	_	_
3	is	_	_	_	_	5	aux	_	_
4	not	_	_	_	_	5	advmod	_	_
5	going	_	_	_	_	0	root	_	_
6	in	_	_	_	_	7	advmod	_	_
7	there	_	_	_	_	5	advmod	_	_
8	.	_	_	_	_	5	punct	_	_","1	the	_	DET	DT	_	2	det	_	_
2	chicken	_	NOUN	NN	_	5	nsubj	_	_
3	is	_	AUX	VBZ	_	5	aux	_	_
4	not	_	PART	RB	_	5	advmod	_	_
5	going	_	VERB	VBG	_	0	root	_	_
6	in	_	ADP	IN	_	7	case	_	_
7	there	_	ADV	RB	_	5	obl	_	_
8	.	_	PUNCT	.	_	5	punct	_	_",
oh and these these wanna go in there .,"1	oh	_	_	_	_	5	discourse	_	_
2	and	_	_	_	_	5	cc	_	_
3	these	_	_	_	_	4	reparandum	_	_
4	these	_	_	_	_	5	nsubj	_	_
5	wanna	_	_	_	_	0	root	_	_
6	go	_	_	_	_	5	xcomp	_	_
7	in	_	_	_	_	8	case	_	_
8	there	_	_	_	_	6	obl	_	_
9	.	_	_	_	_	5	punct	_	_","1	oh	_	INTJ	UH	_	5	discourse	_	_
2	and	_	CCONJ	CC	_	5	cc	_	_
3	these	_	DET	DT	_	4	det	_	_
4	these	_	PRON	DT	_	5	nsubj	_	_
5	wan	_	VERB	VBP	_	0	root	_	_
6	na	_	PART	TO	_	7	mark	_	_
7	go	_	VERB	VB	_	5	xcomp	_	_
8	in	_	ADP	IN	_	9	case	_	_
9	there	_	ADV	RB	_	7	obl	_	_
10	.	_	PUNCT	.	_	5	punct	_	_",
that one goes in here with the girl .,"1	that	_	_	_	_	2	det	_	_
2	one	_	_	_	_	3	nsubj	_	_
3	goes	_	_	_	_	0	root	_	_
4	in	_	_	_	_	5	case	_	_
5	here	_	_	_	_	3	obl	_	_
6	with	_	_	_	_	8	case	_	_
7	the	_	_	_	_	8	det	_	_
8	girl	_	_	_	_	3	obl	_	_
9	.	_	_	_	_	3	punct	_	_","1	that	_	SCONJ	IN	_	3	mark	_	_
2	one	_	PRON	PRP	_	3	nsubj	_	_
3	goes	_	VERB	VBZ	_	0	root	_	_
4	in	_	ADP	IN	_	3	advmod	_	_
5	here	_	ADV	RB	_	3	obl	_	_
6	with	_	ADP	IN	_	8	case	_	_
7	the	_	DET	DT	_	8	det	_	_
8	girl	_	NOUN	NN	_	3	obl	_	_
9	.	_	PUNCT	.	_	3	punct	_	_",
those sheep don't want to stand up .,"1	those	_	_	_	_	2	det	_	_
2	sheep	_	_	_	_	4	nsubj	_	_
3	don't	_	_	_	_	4	aux	_	_
4	want	_	_	_	_	0	root	_	_
5	to	_	_	_	_	6	mark	_	_
6	stand	_	_	_	_	4	xcomp	_	_
7	up	_	_	_	_	6	compound:prt	_	_
8	.	_	_	_	_	4	punct	_	_","1	those	_	DET	DT	_	2	det	_	_
2	sheep	_	NOUN	NNS	_	5	nsubj	_	_
3	do	_	AUX	VBP	_	5	aux	_	_
4	n't	_	PART	RB	_	5	advmod	_	_
5	want	_	VERB	VB	_	0	root	_	_
6	to	_	PART	TO	_	7	mark	_	_
7	stand	_	VERB	VB	_	5	xcomp	_	_
8	up	_	ADP	RP	_	7	compound:prt	_	_
9	.	_	PUNCT	.	_	5	punct	_	_",
it's for this thing .,"1	it's	_	_	_	_	4	nsubj	_	_
2	for	_	_	_	_	4	case	_	_
3	this	_	_	_	_	4	det	_	_
4	thing	_	_	_	_	0	root	_	_
5	.	_	_	_	_	4	punct	_	_","1	it	_	PRON	PRP	_	5	nsubj	_	_
2	's	_	AUX	VBZ	_	5	cop	_	_
3	for	_	ADP	IN	_	5	case	_	_
4	this	_	DET	DT	_	5	det	_	_
5	thing	_	NOUN	NN	_	0	root	_	_
6	.	_	PUNCT	.	_	5	punct	_	_",
oh no .,"1	oh	_	_	_	_	0	root	_	_
2	no	_	_	_	_	1	discourse	_	_
3	.	_	_	_	_	1	punct	_	_","1	oh	_	INTJ	UH	_	2	discourse	_	_
2	no	_	INTJ	UH	_	0	root	_	_
3	.	_	PUNCT	.	_	2	punct	_	_","1	Oh	oh	INTJ	UH	_	0	root	0:root	_
2	no	no	INTJ	UH	_	1	discourse	1:discourse	SpaceAfter=No
3	.	.	PUNCT	.	_	1	punct	1:punct	_
"
can you put it in there ?,"1	can	_	_	_	_	3	aux	_	_
2	you	_	_	_	_	3	nsubj	_	_
3	put	_	_	_	_	0	root	_	_
4	it	_	_	_	_	3	obj	_	_
5	in	_	_	_	_	6	case	_	_
6	there	_	_	_	_	3	advmod	_	_
7	?	_	_	_	_	3	punct	_	_","1	can	_	AUX	MD	_	3	aux	_	_
2	you	_	PRON	PRP	_	3	nsubj	_	_
3	put	_	VERB	VB	_	0	root	_	_
4	it	_	PRON	PRP	_	3	obj	_	_
5	in	_	ADP	IN	_	6	case	_	_
6	there	_	ADV	RB	_	3	obl	_	_
7	?	_	PUNCT	.	_	3	punct	_	_",
these black sheep go in there .,"1	these	_	_	_	_	3	det	_	_
2	black	_	_	_	_	3	amod	_	_
3	sheep	_	_	_	_	4	nsubj	_	_
4	go	_	_	_	_	0	root	_	_
5	in	_	_	_	_	6	case	_	_
6	there	_	_	_	_	4	obl	_	_
7	.	_	_	_	_	4	punct	_	_","1	these	_	DET	DT	_	3	det	_	_
2	black	_	ADJ	JJ	_	3	amod	_	_
3	sheep	_	NOUN	NNS	_	4	nsubj	_	_
4	go	_	VERB	VBP	_	0	root	_	_
5	in	_	ADP	IN	_	4	case	_	_
6	there	_	ADV	RB	_	4	obl	_	_
7	.	_	PUNCT	.	_	4	punct	_	_",
I think these go way up here .,"1	I	_	_	_	_	2	nsubj	_	_
2	think	_	_	_	_	0	root	_	_
3	these	_	_	_	_	4	nsubj	_	_
4	go	_	_	_	_	2	ccomp	_	_
5	way	_	_	_	_	7	advmod	_	_
6	up	_	_	_	_	7	advmod	_	_
7	here	_	_	_	_	4	advmod	_	_
8	.	_	_	_	_	2	punct	_	_","1	I	_	PRON	PRP	_	2	nsubj	_	_
2	think	_	VERB	VBP	_	0	root	_	_
3	these	_	PRON	DT	_	4	nsubj	_	_
4	go	_	VERB	VBP	_	2	ccomp	_	_
5	way	_	ADV	RB	_	4	advmod	_	_
6	up	_	ADP	RP	_	4	compound:prt	_	_
7	here	_	ADV	RB	_	4	advmod	_	_
8	.	_	PUNCT	.	_	2	punct	_	_",
oh thanks .,"1	oh	_	_	_	_	0	root	_	_
2	thanks	_	_	_	_	1	discourse	_	_
3	.	_	_	_	_	1	punct	_	_","1	oh	_	INTJ	UH	_	2	discourse	_	_
2	thanks	_	NOUN	NN	_	0	root	_	_
3	.	_	PUNCT	.	_	2	punct	_	_","1	Oh	oh	INTJ	UH	_	0	root	0:root	_
2	thanks	thanks	NOUN	NN	_	1	discourse	1:discourse	SpaceAfter=No
3	.	.	PUNCT	.	_	1	punct	1:punct	_
"
yeah sure .,"1	yeah	_	_	_	_	0	root	_	_
2	sure	_	_	_	_	1	discourse	_	_
3	.	_	_	_	_	2	punct	_	_","1	yeah	_	INTJ	UH	_	2	discourse	_	_
2	sure	_	ADJ	JJ	_	0	root	_	_
3	.	_	PUNCT	.	_	2	punct	_	_",
who is who is his mom ?,"1	who	_	_	_	_	3	reparandum	_	_
2	is	_	_	_	_	3	reparandum	_	_
3	who	_	_	_	_	0	root	_	_
4	is	_	_	_	_	3	cop	_	_
5	his	_	_	_	_	6	nmod:poss	_	_
6	mom	_	_	_	_	3	nsubj	_	_
7	?	_	_	_	_	3	punct	_	_","1	who	_	PRON	WP	_	3	nsubj	_	_
2	is	_	AUX	VBZ	_	3	cop	_	_
3	who	_	PRON	WP	_	0	root	_	_
4	is	_	AUX	VBZ	_	6	cop	_	_
5	his	_	PRON	PRP$	_	6	nmod:poss	_	_
6	mom	_	NOUN	NN	_	3	nsubj	_	_
7	?	_	PUNCT	.	_	3	punct	_	_",
the sheep wants to go out .,"1	the	_	_	_	_	2	det	_	_
2	sheep	_	_	_	_	3	nsubj	_	_
3	wants	_	_	_	_	0	root	_	_
4	to	_	_	_	_	5	mark	_	_
5	go	_	_	_	_	3	xcomp	_	_
6	out	_	_	_	_	5	advmod	_	_
7	.	_	_	_	_	3	punct	_	_","1	the	_	DET	DT	_	2	det	_	_
2	sheep	_	NOUN	NN	_	3	nsubj	_	_
3	wants	_	VERB	VBZ	_	0	root	_	_
4	to	_	PART	TO	_	5	mark	_	_
5	go	_	VERB	VB	_	3	xcomp	_	_
6	out	_	ADP	RP	_	5	compound:prt	_	_
7	.	_	PUNCT	.	_	3	punct	_	_",
the they all want to go out .,"1	the	_	_	_	_	2	reparandum	_	_
2	they	_	_	_	_	4	nsubj	_	_
3	all	_	_	_	_	2	det	_	_
4	want	_	_	_	_	0	root	_	_
5	to	_	_	_	_	6	mark	_	_
6	go	_	_	_	_	4	xcomp	_	_
7	out	_	_	_	_	6	advmod	_	_
8	.	_	_	_	_	4	punct	_	_","1	the	_	DET	DT	_	2	det	_	_
2	they	_	PRON	PRP	_	4	nsubj	_	_
3	all	_	DET	DT	_	2	det	_	_
4	want	_	VERB	VBP	_	0	root	_	_
5	to	_	PART	TO	_	6	mark	_	_
6	go	_	VERB	VB	_	4	xcomp	_	_
7	out	_	ADP	RP	_	6	compound:prt	_	_
8	.	_	PUNCT	.	_	4	punct	_	_",
then we'll see the pumpkins .,"1	then	_	_	_	_	3	advmod	_	_
2	we'll	_	_	_	_	3	nsubj	_	_
3	see	_	_	_	_	0	root	_	_
4	the	_	_	_	_	5	det	_	_
5	pumpkins	_	_	_	_	3	obj	_	_
6	.	_	_	_	_	3	punct	_	_","1	then	_	ADV	RB	_	4	advmod	_	_
2	we	_	PRON	PRP	_	4	nsubj	_	_
3	'll	_	AUX	MD	_	4	aux	_	_
4	see	_	VERB	VB	_	0	root	_	_
5	the	_	DET	DT	_	6	det	_	_
6	pumpkins	_	NOUN	NNS	_	4	obj	_	_
7	.	_	PUNCT	.	_	4	punct	_	_",
oh the pumpkin won't stand up .,"1	oh	_	_	_	_	5	discourse	_	_
2	the	_	_	_	_	3	det	_	_
3	pumpkin	_	_	_	_	5	nsubj	_	_
4	won't	_	_	_	_	5	aux	_	_
5	stand	_	_	_	_	0	root	_	_
6	up	_	_	_	_	5	compound:prt	_	_
7	.	_	_	_	_	5	punct	_	_","1	oh	_	INTJ	UH	_	6	discourse	_	_
2	the	_	DET	DT	_	3	det	_	_
3	pumpkin	_	NOUN	NN	_	6	nsubj	_	_
4	wo	_	AUX	MD	_	6	aux	_	_
5	n't	_	PART	RB	_	6	advmod	_	_
6	stand	_	VERB	VB	_	0	root	_	_
7	up	_	ADP	RP	_	6	compound:prt	_	_
8	.	_	PUNCT	.	_	6	punct	_	_",
we don't want it going that way .,"1	we	_	_	_	_	3	nsubj	_	_
2	don't	_	_	_	_	3	aux	_	_
3	want	_	_	_	_	0	root	_	_
4	it	_	_	_	_	3	obj	_	_
5	going	_	_	_	_	3	xcomp	_	_
6	that	_	_	_	_	7	det	_	_
7	way	_	_	_	_	5	obl:npmod	_	_
8	.	_	_	_	_	3	punct	_	_","1	we	_	PRON	PRP	_	4	nsubj	_	_
2	do	_	AUX	VBP	_	4	aux	_	_
3	n't	_	PART	RB	_	4	advmod	_	_
4	want	_	VERB	VB	_	0	root	_	_
5	it	_	PRON	PRP	_	4	obj	_	_
6	going	_	VERB	VBG	_	4	xcomp	_	_
7	that	_	DET	DT	_	8	det	_	_
8	way	_	NOUN	NN	_	6	obl:unmarked	_	_
9	.	_	PUNCT	.	_	4	punct	_	_",
I knocked him ov I knocked him out .,"1	I	_	_	_	_	2	nsubj	_	_
2	knocked	_	_	_	_	0	root	_	_
3	him	_	_	_	_	2	obj	_	_
4	ov	_	_	_	_	2	compound:prt	_	_
5	I	_	_	_	_	6	nsubj	_	_
6	knocked	_	_	_	_	2	parataxis	_	_
7	him	_	_	_	_	6	obj	_	_
8	out	_	_	_	_	6	compound:prt	_	_
9	.	_	_	_	_	2	punct	_	_","1	I	_	PRON	PRP	_	2	nsubj	_	_
2	knocked	_	VERB	VBD	_	0	root	_	_
3	him	_	PRON	PRP	_	2	obj	_	_
4	ov	_	ADP	IN	_	6	mark	_	_
5	I	_	PRON	PRP	_	6	nsubj	_	_
6	knocked	_	VERB	VBD	_	2	advcl	_	_
7	him	_	PRON	PRP	_	6	obj	_	_
8	out	_	ADP	RP	_	6	compound:prt	_	_
9	.	_	PUNCT	.	_	2	punct	_	_",
no I don't .,"1	no	_	_	_	_	3	discourse	_	_
2	I	_	_	_	_	3	nsubj	_	_
3	don't	_	_	_	_	0	root	_	_
4	.	_	_	_	_	3	punct	_	_","1	no	_	INTJ	UH	_	3	discourse	_	_
2	I	_	PRON	PRP	_	3	nsubj	_	_
3	do	_	AUX	VBP	_	0	root	_	_
4	n't	_	PART	RB	_	3	advmod	_	_
5	.	_	PUNCT	.	_	3	punct	_	_",
yeah sure .,"1	yeah	_	_	_	_	0	root	_	_
2	sure	_	_	_	_	1	discourse	_	_
3	.	_	_	_	_	2	punct	_	_","1	yeah	_	INTJ	UH	_	2	discourse	_	_
2	sure	_	ADJ	JJ	_	0	root	_	_
3	.	_	PUNCT	.	_	2	punct	_	_",
what is what is in here ?,"1	what	_	_	_	_	6	reparandum	_	_
2	is	_	_	_	_	1	cop	_	_
3	what	_	_	_	_	6	nsubj	_	_
4	is	_	_	_	_	6	cop	_	_
5	in	_	_	_	_	6	case	_	_
6	here	_	_	_	_	0	root	_	_
7	?	_	_	_	_	6	punct	_	_","1	what	_	PRON	WP	_	0	root	_	_
2	is	_	AUX	VBZ	_	1	cop	_	_
3	what	_	PRON	WP	_	1	nsubj	_	_
4	is	_	AUX	VBZ	_	6	cop	_	_
5	in	_	ADP	IN	_	6	case	_	_
6	here	_	ADV	RB	_	1	obl	_	_
7	?	_	PUNCT	.	_	1	punct	_	_",
oh yeah .,"1	oh	_	_	_	_	0	root	_	_
2	yeah	_	_	_	_	1	discourse	_	_
3	.	_	_	_	_	1	punct	_	_","1	oh	_	INTJ	UH	_	2	discourse	_	_
2	yeah	_	INTJ	UH	_	0	root	_	_
3	.	_	PUNCT	.	_	1	punct	_	_","1	Oh	oh	INTJ	UH	_	0	root	0:root	_
2	yeah	yeah	INTJ	UH	_	1	discourse	1:discourse	SpaceAfter=No
3	?	?	PUNCT	?	_	1	punct	1:punct	_
"
I'll put the purse on .,"1	I'll	_	_	_	_	2	nsubj	_	_
2	put	_	_	_	_	0	root	_	_
3	the	_	_	_	_	4	det	_	_
4	purse	_	_	_	_	2	obj	_	_
5	on	_	_	_	_	2	compound:prt	_	_
6	.	_	_	_	_	2	punct	_	_","1	I	_	PRON	PRP	_	3	nsubj	_	_
2	'll	_	AUX	MD	_	3	aux	_	_
3	put	_	VERB	VB	_	0	root	_	_
4	the	_	DET	DT	_	5	det	_	_
5	purse	_	NOUN	NN	_	3	obj	_	_
6	on	_	ADP	IN	_	3	compound:prt	_	_
7	.	_	PUNCT	.	_	3	punct	_	_",
now let's put the glasses on .,"1	now	_	_	_	_	2	advmod	_	_
2	let's	_	_	_	_	0	root	_	_
3	put	_	_	_	_	2	xcomp	_	_
4	the	_	_	_	_	5	det	_	_
5	glasses	_	_	_	_	3	obj	_	_
6	on	_	_	_	_	3	compound:prt	_	_
7	.	_	_	_	_	2	punct	_	_","1	now	_	ADV	RB	_	2	advmod	_	_
2	let	_	VERB	VB	_	0	root	_	_
3	's	_	PRON	PRP	_	2	obj	_	_
4	put	_	VERB	VB	_	2	xcomp	_	_
5	the	_	DET	DT	_	6	det	_	_
6	glasses	_	NOUN	NNS	_	4	obj	_	_
7	on	_	ADP	RP	_	4	compound:prt	_	_
8	.	_	PUNCT	.	_	2	punct	_	_",
when she comes in ?,"1	when	_	_	_	_	3	mark	_	_
2	she	_	_	_	_	3	nsubj	_	_
3	comes	_	_	_	_	0	root	_	_
4	in	_	_	_	_	3	advmod	_	_
5	?	_	_	_	_	3	punct	_	_","1	when	_	ADV	WRB	_	3	advmod	_	_
2	she	_	PRON	PRP	_	3	nsubj	_	_
3	comes	_	VERB	VBZ	_	0	root	_	_
4	in	_	ADP	RP	_	3	compound:prt	_	_
5	?	_	PUNCT	.	_	3	punct	_	_",
it can open wide when she's when she's coming .,"1	it	_	_	_	_	3	nsubj	_	_
2	can	_	_	_	_	3	aux	_	_
3	open	_	_	_	_	0	root	_	_
4	wide	_	_	_	_	3	advmod	_	_
5	when	_	_	_	_	6	mark	_	_
6	she's	_	_	_	_	9	reparandum	_	_
7	when	_	_	_	_	9	mark	_	_
8	she's	_	_	_	_	9	nsubj	_	_
9	coming	_	_	_	_	3	advcl	_	_
10	.	_	_	_	_	3	punct	_	_","1	it	_	PRON	PRP	_	3	nsubj	_	_
2	can	_	AUX	MD	_	3	aux	_	_
3	open	_	VERB	VB	_	0	root	_	_
4	wide	_	ADJ	JJ	_	3	xcomp	_	_
5	when	_	ADV	WRB	_	11	advmod	_	_
6	she	_	PRON	PRP	_	7	nsubj	_	_
7	's	_	AUX	VBZ	_	11	cop	_	_
8	when	_	ADV	WRB	_	11	advmod	_	_
9	she	_	PRON	PRP	_	11	nsubj	_	_
10	's	_	AUX	VBZ	_	11	aux	_	_
11	coming	_	VERB	VBG	_	3	advcl	_	_
12	.	_	PUNCT	.	_	3	punct	_	_",
can you open them up when she gets in ?,"1	can	_	_	_	_	3	aux	_	_
2	you	_	_	_	_	3	nsubj	_	_
3	open	_	_	_	_	0	root	_	_
4	them	_	_	_	_	3	obj	_	_
5	up	_	_	_	_	3	compound:prt	_	_
6	when	_	_	_	_	8	mark	_	_
7	she	_	_	_	_	8	nsubj	_	_
8	gets	_	_	_	_	3	advcl	_	_
9	in	_	_	_	_	8	advmod	_	_
10	?	_	_	_	_	3	punct	_	_","1	can	_	AUX	MD	_	3	aux	_	_
2	you	_	PRON	PRP	_	3	nsubj	_	_
3	open	_	VERB	VB	_	0	root	_	_
4	them	_	PRON	PRP	_	3	obj	_	_
5	up	_	ADP	RP	_	3	compound:prt	_	_
6	when	_	ADV	WRB	_	8	advmod	_	_
7	she	_	PRON	PRP	_	8	nsubj	_	_
8	gets	_	VERB	VBZ	_	3	advcl	_	_
9	in	_	ADP	RP	_	8	compound:prt	_	_
10	?	_	PUNCT	.	_	3	punct	_	_",
I said I'm going to open them up when she gets in .,"1	I	_	_	_	_	2	nsubj	_	_
2	said	_	_	_	_	0	root	_	_
3	I'm	_	_	_	_	4	nsubj	_	_
4	going	_	_	_	_	2	ccomp	_	_
5	to	_	_	_	_	6	mark	_	_
6	open	_	_	_	_	4	xcomp	_	_
7	them	_	_	_	_	6	obj	_	_
8	up	_	_	_	_	6	compound:prt	_	_
9	when	_	_	_	_	11	mark	_	_
10	she	_	_	_	_	11	nsubj	_	_
11	gets	_	_	_	_	4	advcl	_	_
12	in	_	_	_	_	11	advmod	_	_
13	.	_	_	_	_	2	punct	_	_","1	I	_	PRON	PRP	_	2	nsubj	_	_
2	said	_	VERB	VBD	_	0	root	_	_
3	I	_	PRON	PRP	_	5	nsubj	_	_
4	'm	_	AUX	VBP	_	5	aux	_	_
5	going	_	VERB	VBG	_	2	ccomp	_	_
6	to	_	PART	TO	_	7	mark	_	_
7	open	_	VERB	VB	_	5	xcomp	_	_
8	them	_	PRON	PRP	_	7	obj	_	_
9	up	_	ADP	RP	_	7	compound:prt	_	_
10	when	_	ADV	WRB	_	12	advmod	_	_
11	she	_	PRON	PRP	_	12	nsubj	_	_
12	gets	_	VERB	VBZ	_	7	advcl	_	_
13	in	_	ADV	RB	_	12	advmod	_	_
14	.	_	PUNCT	.	_	2	punct	_	_",
he's he's going to go in there .,"1	he's	_	_	_	_	3	reparandum	_	_
2	he's	_	_	_	_	3	nsubj	_	_
3	going	_	_	_	_	0	root	_	_
4	to	_	_	_	_	5	mark	_	_
5	go	_	_	_	_	3	xcomp	_	_
6	in	_	_	_	_	7	case	_	_
7	there	_	_	_	_	5	obl	_	_
8	.	_	_	_	_	3	punct	_	_","1	he	_	PRON	PRP	_	5	nsubj:outer	_	_
2	's	_	AUX	VBZ	_	5	reparandum	_	_
3	he	_	PRON	PRP	_	5	nsubj	_	_
4	's	_	AUX	VBZ	_	5	aux	_	_
5	going	_	VERB	VBG	_	0	root	_	_
6	to	_	PART	TO	_	7	mark	_	_
7	go	_	VERB	VB	_	5	xcomp	_	_
8	in	_	ADP	IN	_	9	case	_	_
9	there	_	ADV	RB	_	7	obl	_	_
10	.	_	PUNCT	.	_	5	punct	_	_",
she's in there .,"1	she's	_	_	_	_	3	nsubj	_	_
2	in	_	_	_	_	3	case	_	_
3	there	_	_	_	_	0	root	_	_
4	.	_	_	_	_	3	punct	_	_","1	she	_	PRON	PRP	_	4	nsubj	_	_
2	's	_	AUX	VBZ	_	4	cop	_	_
3	in	_	ADP	IN	_	4	case	_	_
4	there	_	ADV	RB	_	0	root	_	_
5	.	_	PUNCT	.	_	4	punct	_	_",
oh she's in the barn .,"1	oh	_	_	_	_	5	discourse	_	_
2	she's	_	_	_	_	5	nsubj	_	_
3	in	_	_	_	_	5	case	_	_
4	the	_	_	_	_	5	det	_	_
5	barn	_	_	_	_	0	root	_	_
6	.	_	_	_	_	5	punct	_	_","1	oh	_	INTJ	UH	_	6	discourse	_	_
2	she	_	PRON	PRP	_	6	nsubj	_	_
3	's	_	AUX	VBZ	_	6	cop	_	_
4	in	_	ADP	IN	_	6	case	_	_
5	the	_	DET	DT	_	6	det	_	_
6	barn	_	NOUN	NN	_	0	root	_	_
7	.	_	PUNCT	.	_	6	punct	_	_",
oh I wanna shake the bag .,"1	oh	_	_	_	_	3	discourse	_	_
2	I	_	_	_	_	3	nsubj	_	_
3	wanna	_	_	_	_	0	root	_	_
4	shake	_	_	_	_	3	xcomp	_	_
5	the	_	_	_	_	6	det	_	_
6	bag	_	_	_	_	4	obj	_	_
7	.	_	_	_	_	3	punct	_	_","1	oh	_	INTJ	UH	_	3	discourse	_	_
2	I	_	PRON	PRP	_	3	nsubj	_	_
3	wan	_	VERB	VBP	_	0	root	_	_
4	na	_	PART	TO	_	5	mark	_	_
5	shake	_	VERB	VB	_	3	xcomp	_	_
6	the	_	DET	DT	_	7	det	_	_
7	bag	_	NOUN	NN	_	5	obj	_	_
8	.	_	PUNCT	.	_	3	punct	_	_",
I wanna shake them in the bag .,"1	I	_	_	_	_	2	nsubj	_	_
2	wanna	_	_	_	_	0	root	_	_
3	shake	_	_	_	_	2	xcomp	_	_
4	them	_	_	_	_	3	obj	_	_
5	in	_	_	_	_	7	case	_	_
6	the	_	_	_	_	7	det	_	_
7	bag	_	_	_	_	3	obl	_	_
8	.	_	_	_	_	2	punct	_	_","1	I	_	PRON	PRP	_	2	nsubj	_	_
2	wan	_	VERB	VBP	_	0	root	_	_
3	na	_	PART	TO	_	4	mark	_	_
4	shake	_	VERB	VB	_	2	xcomp	_	_
5	them	_	PRON	PRP	_	4	obj	_	_
6	in	_	ADP	IN	_	8	case	_	_
7	the	_	DET	DT	_	8	det	_	_
8	bag	_	NOUN	NN	_	4	obl	_	_
9	.	_	PUNCT	.	_	2	punct	_	_",
uh I wanna put them in the bag and shake them .,"1	uh	_	_	_	_	3	discourse	_	_
2	I	_	_	_	_	3	nsubj	_	_
3	wanna	_	_	_	_	0	root	_	_
4	put	_	_	_	_	3	xcomp	_	_
5	them	_	_	_	_	4	obj	_	_
6	in	_	_	_	_	8	case	_	_
7	the	_	_	_	_	8	det	_	_
8	bag	_	_	_	_	4	obl	_	_
9	and	_	_	_	_	10	cc	_	_
10	shake	_	_	_	_	4	conj	_	_
11	them	_	_	_	_	10	obj	_	_
12	.	_	_	_	_	3	punct	_	_","1	uh	_	INTJ	UH	_	3	discourse	_	_
2	I	_	PRON	PRP	_	3	nsubj	_	_
3	wan	_	VERB	VBP	_	0	root	_	_
4	na	_	PART	TO	_	5	mark	_	_
5	put	_	VERB	VB	_	3	xcomp	_	_
6	them	_	PRON	PRP	_	5	obj	_	_
7	in	_	ADP	IN	_	9	case	_	_
8	the	_	DET	DT	_	9	det	_	_
9	bag	_	NOUN	NN	_	5	obl	_	_
10	and	_	CCONJ	CC	_	11	cc	_	_
11	shake	_	VERB	VB	_	5	conj	_	_
12	them	_	PRON	PRP	_	11	obj	_	_
13	.	_	PUNCT	.	_	3	punct	_	_",
in just a minute okay ?,"1	in	_	_	_	_	4	case	_	_
2	just	_	_	_	_	4	advmod	_	_
3	a	_	_	_	_	4	det	_	_
4	minute	_	_	_	_	0	root	_	_
5	okay	_	_	_	_	4	discourse	_	_
6	?	_	_	_	_	4	punct	_	_","1	in	_	ADP	IN	_	5	case	_	_
2	just	_	ADV	RB	_	4	advmod	_	_
3	a	_	DET	DT	_	4	det	_	_
4	minute	_	NOUN	NN	_	5	obl:unmarked	_	_
5	okay	_	ADJ	JJ	_	0	root	_	_
6	?	_	PUNCT	.	_	5	punct	_	_",
I'm going to dump them all out .,"1	I'm	_	_	_	_	2	nsubj	_	_
2	going	_	_	_	_	0	root	_	_
3	to	_	_	_	_	4	mark	_	_
4	dump	_	_	_	_	2	xcomp	_	_
5	them	_	_	_	_	4	obj	_	_
6	all	_	_	_	_	5	det	_	_
7	out	_	_	_	_	4	compound:prt	_	_
8	.	_	_	_	_	2	punct	_	_","1	I	_	PRON	PRP	_	3	nsubj	_	_
2	'm	_	AUX	VBP	_	3	aux	_	_
3	going	_	VERB	VBG	_	0	root	_	_
4	to	_	PART	TO	_	5	mark	_	_
5	dump	_	VERB	VB	_	3	xcomp	_	_
6	them	_	PRON	PRP	_	5	obj	_	_
7	all	_	DET	DT	_	8	det	_	_
8	out	_	ADP	RP	_	5	compound:prt	_	_
9	.	_	PUNCT	.	_	3	punct	_	_",
I'm going to save these for my other birthday .,"1	I'm	_	_	_	_	2	nsubj	_	_
2	going	_	_	_	_	0	root	_	_
3	to	_	_	_	_	4	mark	_	_
4	save	_	_	_	_	2	xcomp	_	_
5	these	_	_	_	_	4	obj	_	_
6	for	_	_	_	_	9	case	_	_
7	my	_	_	_	_	9	nmod:poss	_	_
8	other	_	_	_	_	9	amod	_	_
9	birthday	_	_	_	_	4	obl	_	_
10	.	_	_	_	_	2	punct	_	_","1	I	_	PRON	PRP	_	3	nsubj	_	_
2	'm	_	AUX	VBP	_	3	aux	_	_
3	going	_	VERB	VBG	_	0	root	_	_
4	to	_	PART	TO	_	5	mark	_	_
5	save	_	VERB	VB	_	3	xcomp	_	_
6	these	_	PRON	DT	_	5	obj	_	_
7	for	_	ADP	IN	_	10	case	_	_
8	my	_	PRON	PRP$	_	10	nmod:poss	_	_
9	other	_	ADJ	JJ	_	10	amod	_	_
10	birthday	_	NOUN	NN	_	5	obl	_	_
11	.	_	PUNCT	.	_	3	punct	_	_",
am I going to have am I going to have some more birthdays ?,"1	am	_	_	_	_	3	aux	_	_
2	I	_	_	_	_	3	nsubj	_	_
3	going	_	_	_	_	8	reparandum	_	_
4	to	_	_	_	_	5	mark	_	_
5	have	_	_	_	_	8	reparandum	_	_
6	am	_	_	_	_	8	aux	_	_
7	I	_	_	_	_	8	nsubj	_	_
8	going	_	_	_	_	0	root	_	_
9	to	_	_	_	_	10	mark	_	_
10	have	_	_	_	_	8	xcomp	_	_
11	some	_	_	_	_	13	det	_	_
12	more	_	_	_	_	13	amod	_	_
13	birthdays	_	_	_	_	10	obj	_	_
14	?	_	_	_	_	8	punct	_	_","1	am	_	AUX	VBP	_	3	aux	_	_
2	I	_	PRON	PRP	_	3	nsubj	_	_
3	going	_	VERB	VBG	_	0	root	_	_
4	to	_	PART	TO	_	5	mark	_	_
5	have	_	VERB	VB	_	3	xcomp	_	_
6	am	_	AUX	VBP	_	8	aux	_	_
7	I	_	PRON	PRP	_	8	nsubj	_	_
8	going	_	VERB	VBG	_	3	ccomp	_	_
9	to	_	PART	TO	_	10	mark	_	_
10	have	_	VERB	VB	_	8	xcomp	_	_
11	some	_	DET	DT	_	13	det	_	_
12	more	_	ADJ	JJR	_	13	amod	_	_
13	birthdays	_	NOUN	NNS	_	10	obj	_	_
14	?	_	PUNCT	.	_	3	punct	_	_",
he can't stand right here .,"1	he	_	_	_	_	3	nsubj	_	_
2	can't	_	_	_	_	3	aux	_	_
3	stand	_	_	_	_	0	root	_	_
4	right	_	_	_	_	5	advmod	_	_
5	here	_	_	_	_	3	advmod	_	_
6	.	_	_	_	_	3	punct	_	_","1	he	_	PRON	PRP	_	4	nsubj	_	_
2	ca	_	AUX	MD	_	4	aux	_	_
3	n't	_	PART	RB	_	4	advmod	_	_
4	stand	_	VERB	VB	_	0	root	_	_
5	right	_	ADV	RB	_	6	advmod	_	_
6	here	_	ADV	RB	_	4	advmod	_	_
7	.	_	PUNCT	.	_	4	punct	_	_",
he's going to sit on the shelf .,"1	he's	_	_	_	_	2	nsubj	_	_
2	going	_	_	_	_	0	root	_	_
3	to	_	_	_	_	4	mark	_	_
4	sit	_	_	_	_	2	xcomp	_	_
5	on	_	_	_	_	7	case	_	_
6	the	_	_	_	_	7	det	_	_
7	shelf	_	_	_	_	4	obl	_	_
8	.	_	_	_	_	2	punct	_	_","1	he	_	PRON	PRP	_	3	nsubj	_	_
2	's	_	AUX	VBZ	_	3	aux	_	_
3	going	_	VERB	VBG	_	0	root	_	_
4	to	_	PART	TO	_	5	mark	_	_
5	sit	_	VERB	VB	_	3	xcomp	_	_
6	on	_	ADP	IN	_	8	case	_	_
7	the	_	DET	DT	_	8	det	_	_
8	shelf	_	NOUN	NN	_	5	obl	_	_
9	.	_	PUNCT	.	_	3	punct	_	_",
look at the doggy standing on the shelf .,"1	look	_	_	_	_	0	root	_	_
2	at	_	_	_	_	4	case	_	_
3	the	_	_	_	_	4	det	_	_
4	doggy	_	_	_	_	1	obl	_	_
5	standing	_	_	_	_	4	acl	_	_
6	on	_	_	_	_	8	case	_	_
7	the	_	_	_	_	8	det	_	_
8	shelf	_	_	_	_	5	obl	_	_
9	.	_	_	_	_	1	punct	_	_","1	look	_	VERB	VB	_	0	root	_	_
2	at	_	ADP	IN	_	5	case	_	_
3	the	_	DET	DT	_	5	det	_	_
4	doggy	_	ADJ	JJ	_	5	amod	_	_
5	standing	_	NOUN	NN	_	1	obl	_	_
6	on	_	ADP	IN	_	8	case	_	_
7	the	_	DET	DT	_	8	det	_	_
8	shelf	_	NOUN	NN	_	5	nmod	_	_
9	.	_	PUNCT	.	_	1	punct	_	_",
no let him stand this way .,"1	no	_	_	_	_	2	discourse	_	_
2	let	_	_	_	_	0	root	_	_
3	him	_	_	_	_	2	obj	_	_
4	stand	_	_	_	_	2	xcomp	_	_
5	this	_	_	_	_	6	det	_	_
6	way	_	_	_	_	4	obl:npmod	_	_
7	.	_	_	_	_	2	punct	_	_","1	no	_	INTJ	UH	_	2	discourse	_	_
2	let	_	VERB	VB	_	0	root	_	_
3	him	_	PRON	PRP	_	2	obj	_	_
4	stand	_	VERB	VB	_	2	xcomp	_	_
5	this	_	DET	DT	_	6	det	_	_
6	way	_	NOUN	NN	_	4	obl:unmarked	_	_
7	.	_	PUNCT	.	_	2	punct	_	_",
cause he likes it that way Mommy .,"1	cause	_	_	_	_	3	mark	_	_
2	he	_	_	_	_	3	nsubj	_	_
3	likes	_	_	_	_	0	root	_	_
4	it	_	_	_	_	3	obj	_	_
5	that	_	_	_	_	6	det	_	_
6	way	_	_	_	_	3	obl:npmod	_	_
7	Mommy	_	_	_	_	3	vocative	_	_
8	.	_	_	_	_	3	punct	_	_","1	cause	_	SCONJ	IN	_	3	mark	_	_
2	he	_	PRON	PRP	_	3	nsubj	_	_
3	likes	_	VERB	VBZ	_	0	root	_	_
4	it	_	PRON	PRP	_	3	obj	_	_
5	that	_	DET	DT	_	6	det	_	_
6	way	_	NOUN	NN	_	3	obl:unmarked	_	_
7	Mommy	_	PROPN	NNP	_	6	vocative	_	_
8	.	_	PUNCT	.	_	3	punct	_	_",
and she's the mother .,"1	and	_	_	_	_	4	cc	_	_
2	she's	_	_	_	_	4	cop	_	_
3	the	_	_	_	_	4	det	_	_
4	mother	_	_	_	_	0	root	_	_
5	.	_	_	_	_	4	punct	_	_","1	and	_	CCONJ	CC	_	5	cc	_	_
2	she	_	PRON	PRP	_	5	nsubj	_	_
3	's	_	AUX	VBZ	_	5	cop	_	_
4	the	_	DET	DT	_	5	det	_	_
5	mother	_	NOUN	NN	_	0	root	_	_
6	.	_	PUNCT	.	_	5	punct	_	_",
let's make the people stand up okay ?,"1	let's	_	_	_	_	0	root	_	_
2	make	_	_	_	_	1	xcomp	_	_
3	the	_	_	_	_	4	det	_	_
4	people	_	_	_	_	2	obj	_	_
5	stand	_	_	_	_	2	xcomp	_	_
6	up	_	_	_	_	5	compound:prt	_	_
7	okay	_	_	_	_	2	discourse	_	_
8	?	_	_	_	_	1	punct	_	_","1	let	_	VERB	VB	_	0	root	_	_
2	's	_	PRON	PRP	_	1	obj	_	_
3	make	_	VERB	VB	_	1	xcomp	_	_
4	the	_	DET	DT	_	5	det	_	_
5	people	_	NOUN	NNS	_	3	obj	_	_
6	stand	_	VERB	VB	_	3	xcomp	_	_
7	up	_	ADP	RP	_	6	compound:prt	_	_
8	okay	_	ADJ	JJ	_	6	xcomp	_	_
9	?	_	PUNCT	.	_	1	punct	_	_",
let's make the little doggy stand up and the mother stand up .,"1	let's	_	_	_	_	0	root	_	_
2	make	_	_	_	_	1	xcomp	_	_
3	the	_	_	_	_	5	det	_	_
4	little	_	_	_	_	5	amod	_	_
5	doggy	_	_	_	_	2	obj	_	_
6	stand	_	_	_	_	2	xcomp	_	_
7	up	_	_	_	_	6	compound:prt	_	_
8	and	_	_	_	_	11	cc	_	_
9	the	_	_	_	_	10	det	_	_
10	mother	_	_	_	_	11	nsubj	_	_
11	stand	_	_	_	_	2	conj	_	_
12	up	_	_	_	_	11	compound:prt	_	_
13	.	_	_	_	_	1	punct	_	_","1	let	_	VERB	VB	_	0	root	_	_
2	's	_	PRON	PRP	_	1	obj	_	_
3	make	_	VERB	VB	_	1	xcomp	_	_
4	the	_	DET	DT	_	6	det	_	_
5	little	_	ADJ	JJ	_	6	amod	_	_
6	doggy	_	NOUN	NN	_	3	obj	_	_
7	stand	_	VERB	VB	_	3	xcomp	_	_
8	up	_	ADP	RP	_	7	compound:prt	_	_
9	and	_	CCONJ	CC	_	12	cc	_	_
10	the	_	DET	DT	_	11	det	_	_
11	mother	_	NOUN	NN	_	12	nsubj	_	_
12	stand	_	VERB	VB	_	1	conj	_	_
13	up	_	ADP	RP	_	12	compound:prt	_	_
14	.	_	PUNCT	.	_	1	punct	_	_",
oh baby you're so cute .,"1	oh	_	_	_	_	5	discourse	_	_
2	baby	_	_	_	_	5	vocative	_	_
3	you're	_	_	_	_	5	nsubj	_	_
4	so	_	_	_	_	5	advmod	_	_
5	cute	_	_	_	_	0	root	_	_
6	.	_	_	_	_	5	punct	_	_","1	oh	_	INTJ	UH	_	6	discourse	_	_
2	baby	_	NOUN	NN	_	6	discourse	_	_
3	you	_	PRON	PRP	_	6	nsubj	_	_
4	're	_	AUX	VBP	_	6	cop	_	_
5	so	_	ADV	RB	_	6	advmod	_	_
6	cute	_	ADJ	JJ	_	0	root	_	_
7	.	_	PUNCT	.	_	6	punct	_	_",
that's a daddy .,"1	that's	_	_	_	_	3	nsubj	_	_
2	a	_	_	_	_	3	det	_	_
3	daddy	_	_	_	_	0	root	_	_
4	.	_	_	_	_	3	punct	_	_","1	that	_	PRON	DT	_	4	nsubj	_	_
2	's	_	AUX	VBZ	_	4	cop	_	_
3	a	_	DET	DT	_	4	det	_	_
4	daddy	_	NOUN	NN	_	0	root	_	_
5	.	_	PUNCT	.	_	4	punct	_	_",
and you said you'd like to taste one didn't you ?,"1	and	_	_	_	_	3	cc	_	_
2	you	_	_	_	_	3	nsubj	_	_
3	said	_	_	_	_	0	root	_	_
4	you'd	_	_	_	_	5	nsubj	_	_
5	like	_	_	_	_	3	ccomp	_	_
6	to	_	_	_	_	7	mark	_	_
7	taste	_	_	_	_	5	xcomp	_	_
8	one	_	_	_	_	7	obj	_	_
9	didn't	_	_	_	_	3	parataxis	_	_
10	you	_	_	_	_	9	nsubj	_	_
11	?	_	_	_	_	3	punct	_	_","1	and	_	CCONJ	CC	_	3	cc	_	_
2	you	_	PRON	PRP	_	3	nsubj	_	_
3	said	_	VERB	VBD	_	0	root	_	_
4	you	_	PRON	PRP	_	6	nsubj	_	_
5	'd	_	AUX	MD	_	6	aux	_	_
6	like	_	VERB	VB	_	3	ccomp	_	_
7	to	_	PART	TO	_	8	mark	_	_
8	taste	_	VERB	VB	_	6	xcomp	_	_
9	one	_	NUM	CD	_	8	obj	_	_
10	did	_	AUX	VBD	_	8	ccomp	_	_
11	n't	_	PART	RB	_	10	advmod	_	_
12	you	_	PRON	PRP	_	10	nsubj	_	_
13	?	_	PUNCT	.	_	3	punct	_	_",
oh wow .,"1	oh	_	_	_	_	0	root	_	_
2	wow	_	_	_	_	1	discourse	_	_
3	.	_	_	_	_	1	punct	_	_","1	oh	_	INTJ	UH	_	2	discourse	_	_
2	wow	_	INTJ	UH	_	0	root	_	_
3	.	_	PUNCT	.	_	2	punct	_	_","1	Oh	oh	INTJ	UH	_	0	root	0:root	_
2	wow	wow	INTJ	UH	_	1	discourse	1:discourse	SpaceAfter=No
3	!	!	PUNCT	!	_	1	punct	1:punct	_
"
"thank you , driver .","1	thank	_	_	_	_	0	root	_	_
2	you	_	_	_	_	1	obj	_	_
3	,	_	_	_	_	1	punct	_	_
4	driver	_	_	_	_	1	vocative	_	_
5	.	_	_	_	_	1	punct	_	_","1	thank	_	VERB	VBP	_	0	root	_	_
2	you	_	PRON	PRP	_	1	obj	_	_
3	,	_	PUNCT	,	_	4	punct	_	_
4	driver	_	NOUN	NN	_	1	vocative	_	_
5	.	_	PUNCT	.	_	1	punct	_	_","1	Thank	thank	VERB	VBP	_	0	root	0:root	_
2	you	you	PRON	PRP	_	1	obj	1:obj	_
3	driver	driver	NOUN	NN	_	1	vocative	1:vocative	SpaceAfter=No
4	.	.	PUNCT	.	_	1	punct	1:punct	_
"
oh dear .,"1	oh	_	_	_	_	0	root	_	_
2	dear	_	_	_	_	1	vocative	_	_
3	.	_	_	_	_	1	punct	_	_","1	oh	_	INTJ	UH	_	2	discourse	_	_
2	dear	_	ADJ	JJ	_	0	root	_	_
3	.	_	PUNCT	.	_	2	punct	_	_","1	Oh	oh	INTJ	UH	_	0	root	0:root	_
2	dear	dear	ADJ	JJ	_	1	vocative	1:vocative	SpaceAfter=No
3	.	.	PUNCT	.	_	1	punct	1:punct	_
"
oh dear .,"1	oh	_	_	_	_	0	root	_	_
2	dear	_	_	_	_	1	vocative	_	_
3	.	_	_	_	_	1	punct	_	_","1	oh	_	INTJ	UH	_	2	discourse	_	_
2	dear	_	ADJ	JJ	_	0	root	_	_
3	.	_	PUNCT	.	_	2	punct	_	_","1	Oh	oh	INTJ	UH	_	0	root	0:root	_
2	dear	dear	ADJ	JJ	_	1	vocative	1:vocative	SpaceAfter=No
3	.	.	PUNCT	.	_	1	punct	1:punct	_
"
"thanks , driver .","1	thanks	_	_	_	_	0	root	_	_
2	,	_	_	_	_	1	punct	_	_
3	driver	_	_	_	_	1	vocative	_	_
4	.	_	_	_	_	1	punct	_	_","1	thanks	_	NOUN	NN	_	0	root	_	_
2	,	_	PUNCT	,	_	3	punct	_	_
3	driver	_	NOUN	NN	_	1	vocative	_	_
4	.	_	PUNCT	.	_	1	punct	_	_",
does he wanna use the brush ?,"1	does	_	_	_	_	3	aux	_	_
2	he	_	_	_	_	3	nsubj	_	_
3	wanna	_	_	_	_	0	root	_	_
4	use	_	_	_	_	3	xcomp	_	_
5	the	_	_	_	_	6	det	_	_
6	brush	_	_	_	_	4	obj	_	_
7	?	_	_	_	_	3	punct	_	_","1	does	_	AUX	VBZ	_	3	aux	_	_
2	he	_	PRON	PRP	_	3	nsubj	_	_
3	wan	_	VERB	VB	_	0	root	_	_
4	na	_	PART	TO	_	5	mark	_	_
5	use	_	VERB	VB	_	3	xcomp	_	_
6	the	_	DET	DT	_	7	det	_	_
7	brush	_	NOUN	NN	_	5	obj	_	_
8	?	_	PUNCT	.	_	3	punct	_	_",
"here you are , driver .","1	here	_	_	_	_	0	root	_	_
2	you	_	_	_	_	1	nsubj	_	_
3	are	_	_	_	_	1	cop	_	_
4	,	_	_	_	_	1	punct	_	_
5	driver	_	_	_	_	1	vocative	_	_
6	.	_	_	_	_	1	punct	_	_","1	here	_	ADV	RB	_	0	root	_	_
2	you	_	PRON	PRP	_	5	nsubj	_	_
3	are	_	AUX	VBP	_	5	cop	_	_
4	,	_	PUNCT	,	_	3	punct	_	_
5	driver	_	NOUN	NN	_	1	nsubj	_	_
6	.	_	PUNCT	.	_	1	punct	_	_",
"here you are , driver .","1	here	_	_	_	_	0	root	_	_
2	you	_	_	_	_	1	nsubj	_	_
3	are	_	_	_	_	1	cop	_	_
4	,	_	_	_	_	1	punct	_	_
5	driver	_	_	_	_	1	vocative	_	_
6	.	_	_	_	_	1	punct	_	_","1	here	_	ADV	RB	_	0	root	_	_
2	you	_	PRON	PRP	_	5	nsubj	_	_
3	are	_	AUX	VBP	_	5	cop	_	_
4	,	_	PUNCT	,	_	3	punct	_	_
5	driver	_	NOUN	NN	_	1	nsubj	_	_
6	.	_	PUNCT	.	_	1	punct	_	_",
no no .,"1	no	_	_	_	_	0	root	_	_
2	no	_	_	_	_	1	conj	_	_
3	.	_	_	_	_	1	punct	_	_","1	no	_	INTJ	UH	_	0	root	_	_
2	no	_	INTJ	UH	_	1	discourse	_	_
3	.	_	PUNCT	.	_	1	punct	_	_","1	No	no	INTJ	UH	_	0	root	0:root	_
2	no	no	INTJ	UH	_	1	conj	1:conj	SpaceAfter=No
3	!	!	PUNCT	!	_	1	punct	1:punct	_
"
and then we'll find .,"1	and	_	_	_	_	4	cc	_	_
2	then	_	_	_	_	4	advmod	_	_
3	we'll	_	_	_	_	4	nsubj	_	_
4	find	_	_	_	_	0	root	_	_
5	.	_	_	_	_	4	punct	_	_","1	and	_	CCONJ	CC	_	5	cc	_	_
2	then	_	ADV	RB	_	5	advmod	_	_
3	we	_	PRON	PRP	_	5	nsubj	_	_
4	'll	_	AUX	MD	_	5	aux	_	_
5	find	_	VERB	VB	_	0	root	_	_
6	.	_	PUNCT	.	_	5	punct	_	_",
what's this ?,"1	what's	_	_	_	_	0	root	_	_
2	this	_	_	_	_	1	nsubj	_	_
3	?	_	_	_	_	1	punct	_	_","1	what	_	PRON	WP	_	3	nsubj	_	_
2	's	_	AUX	VBZ	_	3	cop	_	_
3	this	_	PRON	DT	_	0	root	_	_
4	?	_	PUNCT	.	_	3	punct	_	_",
it's easy now .,"1	it's	_	_	_	_	2	cop	_	_
2	easy	_	_	_	_	0	root	_	_
3	now	_	_	_	_	2	advmod	_	_
4	.	_	_	_	_	2	punct	_	_","1	it	_	PRON	PRP	_	3	nsubj	_	_
2	's	_	AUX	VBZ	_	3	cop	_	_
3	easy	_	ADJ	JJ	_	0	root	_	_
4	now	_	ADV	RB	_	3	advmod	_	_
5	.	_	PUNCT	.	_	3	punct	_	_",
it's easy now .,"1	it's	_	_	_	_	2	cop	_	_
2	easy	_	_	_	_	0	root	_	_
3	now	_	_	_	_	2	advmod	_	_
4	.	_	_	_	_	2	punct	_	_","1	it	_	PRON	PRP	_	3	nsubj	_	_
2	's	_	AUX	VBZ	_	3	cop	_	_
3	easy	_	ADJ	JJ	_	0	root	_	_
4	now	_	ADV	RB	_	3	advmod	_	_
5	.	_	PUNCT	.	_	3	punct	_	_",
it's a new one .,"1	it's	_	_	_	_	4	nsubj	_	_
2	a	_	_	_	_	4	det	_	_
3	new	_	_	_	_	4	amod	_	_
4	one	_	_	_	_	0	root	_	_
5	.	_	_	_	_	4	punct	_	_","1	it	_	PRON	PRP	_	5	nsubj	_	_
2	's	_	AUX	VBZ	_	5	cop	_	_
3	a	_	DET	DT	_	5	det	_	_
4	new	_	ADJ	JJ	_	5	amod	_	_
5	one	_	NOUN	NN	_	0	root	_	_
6	.	_	PUNCT	.	_	5	punct	_	_",
it's a lobster .,"1	it's	_	_	_	_	3	cop	_	_
2	a	_	_	_	_	3	det	_	_
3	lobster	_	_	_	_	0	root	_	_
4	.	_	_	_	_	3	punct	_	_","1	it	_	PRON	PRP	_	4	nsubj	_	_
2	's	_	AUX	VBZ	_	4	cop	_	_
3	a	_	DET	DT	_	4	det	_	_
4	lobster	_	NOUN	NN	_	0	root	_	_
5	.	_	PUNCT	.	_	4	punct	_	_",
that's yummy .,"1	that's	_	_	_	_	2	nsubj	_	_
2	yummy	_	_	_	_	0	root	_	_
3	.	_	_	_	_	2	punct	_	_","1	that	_	PRON	DT	_	3	nsubj	_	_
2	's	_	AUX	VBZ	_	3	cop	_	_
3	yummy	_	ADJ	JJ	_	0	root	_	_
4	.	_	PUNCT	.	_	3	punct	_	_",
because it's small .,"1	because	_	_	_	_	3	mark	_	_
2	it's	_	_	_	_	3	nsubj	_	_
3	small	_	_	_	_	0	root	_	_
4	.	_	_	_	_	3	punct	_	_","1	because	_	SCONJ	IN	_	4	mark	_	_
2	it	_	PRON	PRP	_	4	nsubj	_	_
3	's	_	AUX	VBZ	_	4	cop	_	_
4	small	_	ADJ	JJ	_	0	root	_	_
5	.	_	PUNCT	.	_	4	punct	_	_",
what's a colt ?,"1	what's	_	_	_	_	0	root	_	_
2	a	_	_	_	_	3	det	_	_
3	colt	_	_	_	_	1	nsubj	_	_
4	?	_	_	_	_	1	punct	_	_","1	what	_	PRON	WP	_	0	root	_	_
2	's	_	AUX	VBZ	_	4	cop	_	_
3	a	_	DET	DT	_	4	det	_	_
4	colt	_	NOUN	NN	_	1	nsubj	_	_
5	?	_	PUNCT	.	_	1	punct	_	_",
I don't know .,"1	I	_	_	_	_	3	nsubj	_	_
2	don't	_	_	_	_	3	aux	_	_
3	know	_	_	_	_	0	root	_	_
4	.	_	_	_	_	3	punct	_	_","1	I	_	PRON	PRP	_	4	nsubj	_	_
2	do	_	AUX	VBP	_	4	aux	_	_
3	n't	_	PART	RB	_	4	advmod	_	_
4	know	_	VERB	VB	_	0	root	_	_
5	.	_	PUNCT	.	_	4	punct	_	_",
and it's healthy .,"1	and	_	_	_	_	3	cc	_	_
2	it's	_	_	_	_	3	cop	_	_
3	healthy	_	_	_	_	0	root	_	_
4	.	_	_	_	_	3	punct	_	_","1	and	_	CCONJ	CC	_	4	cc	_	_
2	it	_	PRON	PRP	_	4	nsubj	_	_
3	's	_	AUX	VBZ	_	4	cop	_	_
4	healthy	_	ADJ	JJ	_	0	root	_	_
5	.	_	PUNCT	.	_	4	punct	_	_",
when it's when a movie's starting .,"1	when	_	_	_	_	2	mark	_	_
2	it's	_	_	_	_	6	reparandum	_	_
3	when	_	_	_	_	6	mark	_	_
4	a	_	_	_	_	5	det	_	_
5	movie's	_	_	_	_	6	nsubj	_	_
6	starting	_	_	_	_	0	root	_	_
7	.	_	_	_	_	6	punct	_	_","1	when	_	ADV	WRB	_	8	advmod	_	_
2	it	_	PRON	PRP	_	4	nsubj	_	_
3	's	_	AUX	VBZ	_	8	cop	_	_
4	when	_	ADV	WRB	_	0	root	_	_
5	a	_	DET	DT	_	6	det	_	_
6	movie	_	NOUN	NN	_	8	nsubj	_	_
7	's	_	AUX	VBZ	_	8	aux	_	_
8	starting	_	VERB	VBG	_	4	advcl:relcl	_	_
9	.	_	PUNCT	.	_	4	punct	_	_",
I don't know .,"1	I	_	_	_	_	3	nsubj	_	_
2	don't	_	_	_	_	3	aux	_	_
3	know	_	_	_	_	0	root	_	_
4	.	_	_	_	_	3	punct	_	_","1	I	_	PRON	PRP	_	4	nsubj	_	_
2	do	_	AUX	VBP	_	4	aux	_	_
3	n't	_	PART	RB	_	4	advmod	_	_
4	know	_	VERB	VB	_	0	root	_	_
5	.	_	PUNCT	.	_	4	punct	_	_",
I don't know .,"1	I	_	_	_	_	3	nsubj	_	_
2	don't	_	_	_	_	3	aux	_	_
3	know	_	_	_	_	0	root	_	_
4	.	_	_	_	_	3	punct	_	_","1	I	_	PRON	PRP	_	4	nsubj	_	_
2	do	_	AUX	VBP	_	4	aux	_	_
3	n't	_	PART	RB	_	4	advmod	_	_
4	know	_	VERB	VB	_	0	root	_	_
5	.	_	PUNCT	.	_	4	punct	_	_",
no mm - mm .,"1	no	_	_	_	_	0	root	_	_
2	mm	_	_	_	_	1	discourse	_	_
3	-	_	_	_	_	2	flat	_	_
4	mm	_	_	_	_	2	flat	_	_
5	.	_	_	_	_	1	punct	_	_","1	no	_	DET	DT	_	4	det	_	_
2	mm	_	INTJ	UH	_	4	discourse	_	_
3	-	_	PUNCT	HYPH	_	2	punct	_	_
4	mm	_	INTJ	UH	_	0	root	_	_
5	.	_	PUNCT	.	_	4	punct	_	_",
I don't know .,"1	I	_	_	_	_	3	nsubj	_	_
2	don't	_	_	_	_	3	aux	_	_
3	know	_	_	_	_	0	root	_	_
4	.	_	_	_	_	3	punct	_	_","1	I	_	PRON	PRP	_	4	nsubj	_	_
2	do	_	AUX	VBP	_	4	aux	_	_
3	n't	_	PART	RB	_	4	advmod	_	_
4	know	_	VERB	VB	_	0	root	_	_
5	.	_	PUNCT	.	_	4	punct	_	_",
I don't know .,"1	I	_	_	_	_	3	nsubj	_	_
2	don't	_	_	_	_	3	aux	_	_
3	know	_	_	_	_	0	root	_	_
4	.	_	_	_	_	3	punct	_	_","1	I	_	PRON	PRP	_	4	nsubj	_	_
2	do	_	AUX	VBP	_	4	aux	_	_
3	n't	_	PART	RB	_	4	advmod	_	_
4	know	_	VERB	VB	_	0	root	_	_
5	.	_	PUNCT	.	_	4	punct	_	_",
I don't know .,"1	I	_	_	_	_	3	nsubj	_	_
2	don't	_	_	_	_	3	aux	_	_
3	know	_	_	_	_	0	root	_	_
4	.	_	_	_	_	3	punct	_	_","1	I	_	PRON	PRP	_	4	nsubj	_	_
2	do	_	AUX	VBP	_	4	aux	_	_
3	n't	_	PART	RB	_	4	advmod	_	_
4	know	_	VERB	VB	_	0	root	_	_
5	.	_	PUNCT	.	_	4	punct	_	_",
what are what are alligators ?,"1	what	_	_	_	_	2	nsubj	_	_
2	are	_	_	_	_	3	reparandum	_	_
3	what	_	_	_	_	0	root	_	_
4	are	_	_	_	_	3	cop	_	_
5	alligators	_	_	_	_	3	nsubj	_	_
6	?	_	_	_	_	3	punct	_	_","1	what	_	PRON	WP	_	0	root	_	_
2	are	_	AUX	VBP	_	1	cop	_	_
3	what	_	PRON	WP	_	1	nsubj	_	_
4	are	_	AUX	VBP	_	3	cop	_	_
5	alligators	_	NOUN	NNS	_	3	nsubj	_	_
6	?	_	PUNCT	.	_	1	punct	_	_",
I don't remember .,"1	I	_	_	_	_	3	nsubj	_	_
2	don't	_	_	_	_	3	aux	_	_
3	remember	_	_	_	_	0	root	_	_
4	.	_	_	_	_	3	punct	_	_","1	I	_	PRON	PRP	_	4	nsubj	_	_
2	do	_	AUX	VBP	_	4	aux	_	_
3	n't	_	PART	RB	_	4	advmod	_	_
4	remember	_	VERB	VB	_	0	root	_	_
5	.	_	PUNCT	.	_	4	punct	_	_",
well well where were we ?,"1	well	_	_	_	_	3	discourse	_	_
2	well	_	_	_	_	1	conj	_	_
3	where	_	_	_	_	0	root	_	_
4	were	_	_	_	_	3	cop	_	_
5	we	_	_	_	_	3	nsubj	_	_
6	?	_	_	_	_	3	punct	_	_","1	well	_	INTJ	UH	_	3	discourse	_	_
2	well	_	INTJ	UH	_	3	discourse	_	_
3	where	_	ADV	WRB	_	0	root	_	_
4	were	_	AUX	VBD	_	3	cop	_	_
5	we	_	PRON	PRP	_	4	nsubj	_	_
6	?	_	PUNCT	.	_	3	punct	_	_",
I don't know .,"1	I	_	_	_	_	3	nsubj	_	_
2	don't	_	_	_	_	3	aux	_	_
3	know	_	_	_	_	0	root	_	_
4	.	_	_	_	_	3	punct	_	_","1	I	_	PRON	PRP	_	4	nsubj	_	_
2	do	_	AUX	VBP	_	4	aux	_	_
3	n't	_	PART	RB	_	4	advmod	_	_
4	know	_	VERB	VB	_	0	root	_	_
5	.	_	PUNCT	.	_	4	punct	_	_",
because he's making a funny face .,"1	because	_	_	_	_	3	mark	_	_
2	he's	_	_	_	_	3	nsubj	_	_
3	making	_	_	_	_	0	root	_	_
4	a	_	_	_	_	6	det	_	_
5	funny	_	_	_	_	6	amod	_	_
6	face	_	_	_	_	3	obj	_	_
7	.	_	_	_	_	3	punct	_	_","1	because	_	SCONJ	IN	_	4	mark	_	_
2	he	_	PRON	PRP	_	4	nsubj	_	_
3	's	_	AUX	VBZ	_	4	aux	_	_
4	making	_	VERB	VBG	_	0	root	_	_
5	a	_	DET	DT	_	7	det	_	_
6	funny	_	ADJ	JJ	_	7	amod	_	_
7	face	_	NOUN	NN	_	4	obj	_	_
8	.	_	PUNCT	.	_	4	punct	_	_",
"because he's making a , a funny face .","1	because	_	_	_	_	3	mark	_	_
2	he's	_	_	_	_	3	nsubj	_	_
3	making	_	_	_	_	0	root	_	_
4	a	_	_	_	_	6	reparandum	_	_
5	,	_	_	_	_	6	reparandum	_	_
6	a	_	_	_	_	8	det	_	_
7	funny	_	_	_	_	8	amod	_	_
8	face	_	_	_	_	3	obj	_	_
9	.	_	_	_	_	3	punct	_	_","1	because	_	SCONJ	IN	_	4	mark	_	_
2	he	_	PRON	PRP	_	4	nsubj	_	_
3	's	_	AUX	VBZ	_	4	aux	_	_
4	making	_	VERB	VBG	_	0	root	_	_
5	a	_	DET	DT	_	9	det	_	_
6	,	_	PUNCT	,	_	5	punct	_	_
7	a	_	DET	DT	_	9	det	_	_
8	funny	_	ADJ	JJ	_	9	amod	_	_
9	face	_	NOUN	NN	_	4	obj	_	_
10	.	_	PUNCT	.	_	4	punct	_	_",
"because it has a skirt and a shirt and , pink shoes .","1	because	_	_	_	_	3	mark	_	_
2	it	_	_	_	_	3	nsubj	_	_
3	has	_	_	_	_	0	root	_	_
4	a	_	_	_	_	5	det	_	_
5	skirt	_	_	_	_	3	obj	_	_
6	and	_	_	_	_	8	cc	_	_
7	a	_	_	_	_	8	det	_	_
8	shirt	_	_	_	_	5	conj	_	_
9	and	_	_	_	_	12	cc	_	_
10	,	_	_	_	_	12	advmod	_	_
11	pink	_	_	_	_	12	amod	_	_
12	shoes	_	_	_	_	5	conj	_	_
13	.	_	_	_	_	3	punct	_	_","1	because	_	SCONJ	IN	_	3	mark	_	_
2	it	_	PRON	PRP	_	3	nsubj	_	_
3	has	_	VERB	VBZ	_	0	root	_	_
4	a	_	DET	DT	_	5	det	_	_
5	skirt	_	NOUN	NN	_	3	obj	_	_
6	and	_	CCONJ	CC	_	8	cc	_	_
7	a	_	DET	DT	_	8	det	_	_
8	shirt	_	NOUN	NN	_	5	conj	_	_
9	and	_	CCONJ	CC	_	12	cc	_	_
10	,	_	PUNCT	,	_	9	punct	_	_
11	pink	_	ADJ	JJ	_	12	amod	_	_
12	shoes	_	NOUN	NNS	_	5	conj	_	_
13	.	_	PUNCT	.	_	3	punct	_	_",
I don't know .,"1	I	_	_	_	_	3	nsubj	_	_
2	don't	_	_	_	_	3	aux	_	_
3	know	_	_	_	_	0	root	_	_
4	.	_	_	_	_	3	punct	_	_","1	I	_	PRON	PRP	_	4	nsubj	_	_
2	do	_	AUX	VBP	_	4	aux	_	_
3	n't	_	PART	RB	_	4	advmod	_	_
4	know	_	VERB	VB	_	0	root	_	_
5	.	_	PUNCT	.	_	4	punct	_	_",
"because it's , pretend .","1	because	_	_	_	_	4	mark	_	_
2	it's	_	_	_	_	4	nsubj	_	_
3	,	_	_	_	_	4	discourse	_	_
4	pretend	_	_	_	_	0	root	_	_
5	.	_	_	_	_	4	punct	_	_","1	because	_	SCONJ	IN	_	5	mark	_	_
2	it	_	PRON	PRP	_	3	nsubj	_	_
3	's	_	AUX	VBZ	_	5	cop	_	_
4	,	_	PUNCT	,	_	3	punct	_	_
5	pretend	_	VERB	VB	_	0	root	_	_
6	.	_	PUNCT	.	_	5	punct	_	_",
"mm , the square cake .","1	mm	_	_	_	_	5	discourse	_	_
2	,	_	_	_	_	5	case	_	_
3	the	_	_	_	_	5	det	_	_
4	square	_	_	_	_	5	amod	_	_
5	cake	_	_	_	_	0	root	_	_
6	.	_	_	_	_	5	punct	_	_","1	mm	_	INTJ	UH	_	5	discourse	_	_
2	,	_	PUNCT	,	_	1	punct	_	_
3	the	_	DET	DT	_	5	det	_	_
4	square	_	ADJ	JJ	_	5	amod	_	_
5	cake	_	NOUN	NN	_	0	root	_	_
6	.	_	PUNCT	.	_	5	punct	_	_",
it's healthy .,"1	it's	_	_	_	_	2	nsubj	_	_
2	healthy	_	_	_	_	0	root	_	_
3	.	_	_	_	_	2	punct	_	_","1	it	_	PRON	PRP	_	3	nsubj	_	_
2	's	_	AUX	VBZ	_	3	cop	_	_
3	healthy	_	ADJ	JJ	_	0	root	_	_
4	.	_	PUNCT	.	_	3	punct	_	_",
I don't know .,"1	I	_	_	_	_	3	nsubj	_	_
2	don't	_	_	_	_	3	aux	_	_
3	know	_	_	_	_	0	root	_	_
4	.	_	_	_	_	3	punct	_	_","1	I	_	PRON	PRP	_	4	nsubj	_	_
2	do	_	AUX	VBP	_	4	aux	_	_
3	n't	_	PART	RB	_	4	advmod	_	_
4	know	_	VERB	VB	_	0	root	_	_
5	.	_	PUNCT	.	_	4	punct	_	_",
"mama sometimes I like , oranges on birthday cake .","1	mama	_	_	_	_	4	vocative	_	_
2	sometimes	_	_	_	_	4	advmod	_	_
3	I	_	_	_	_	4	nsubj	_	_
4	like	_	_	_	_	0	root	_	_
5	,	_	_	_	_	6	case	_	_
6	oranges	_	_	_	_	4	obj	_	_
7	on	_	_	_	_	9	case	_	_
8	birthday	_	_	_	_	9	compound	_	_
9	cake	_	_	_	_	6	nmod	_	_
10	.	_	_	_	_	4	punct	_	_","1	mama	_	NOUN	NN	_	4	vocative	_	_
2	sometimes	_	ADV	RB	_	4	advmod	_	_
3	I	_	PRON	PRP	_	4	nsubj	_	_
4	like	_	VERB	VBP	_	0	root	_	_
5	,	_	PUNCT	,	_	6	punct	_	_
6	oranges	_	NOUN	NNS	_	4	obj	_	_
7	on	_	ADP	IN	_	9	case	_	_
8	birthday	_	NOUN	NN	_	9	compound	_	_
9	cake	_	NOUN	NN	_	6	nmod	_	_
10	.	_	PUNCT	.	_	4	punct	_	_",
because it's yucky skin .,"1	because	_	_	_	_	4	mark	_	_
2	it's	_	_	_	_	4	cop	_	_
3	yucky	_	_	_	_	4	amod	_	_
4	skin	_	_	_	_	0	root	_	_
5	.	_	_	_	_	4	punct	_	_","1	because	_	SCONJ	IN	_	5	mark	_	_
2	it	_	PRON	PRP	_	5	nsubj	_	_
3	's	_	AUX	VBZ	_	5	cop	_	_
4	yucky	_	ADJ	JJ	_	5	amod	_	_
5	skin	_	NOUN	NN	_	0	root	_	_
6	.	_	PUNCT	.	_	5	punct	_	_",
I don't know .,"1	I	_	_	_	_	3	nsubj	_	_
2	don't	_	_	_	_	3	aux	_	_
3	know	_	_	_	_	0	root	_	_
4	.	_	_	_	_	3	punct	_	_","1	I	_	PRON	PRP	_	4	nsubj	_	_
2	do	_	AUX	VBP	_	4	aux	_	_
3	n't	_	PART	RB	_	4	advmod	_	_
4	know	_	VERB	VB	_	0	root	_	_
5	.	_	PUNCT	.	_	4	punct	_	_",
I don't know .,"1	I	_	_	_	_	3	nsubj	_	_
2	don't	_	_	_	_	3	aux	_	_
3	know	_	_	_	_	0	root	_	_
4	.	_	_	_	_	3	punct	_	_","1	I	_	PRON	PRP	_	4	nsubj	_	_
2	do	_	AUX	VBP	_	4	aux	_	_
3	n't	_	PART	RB	_	4	advmod	_	_
4	know	_	VERB	VB	_	0	root	_	_
5	.	_	PUNCT	.	_	4	punct	_	_",
is today Monday ?,"1	is	_	_	_	_	3	cop	_	_
2	today	_	_	_	_	3	nsubj	_	_
3	Monday	_	_	_	_	0	root	_	_
4	?	_	_	_	_	3	punct	_	_","1	is	_	AUX	VBZ	_	3	cop	_	_
2	today	_	NOUN	NN	_	3	compound	_	_
3	Monday	_	PROPN	NNP	_	0	root	_	_
4	?	_	PUNCT	.	_	3	punct	_	_",
because he's flying in the plane .,"1	because	_	_	_	_	3	mark	_	_
2	he's	_	_	_	_	3	nsubj	_	_
3	flying	_	_	_	_	0	root	_	_
4	in	_	_	_	_	6	case	_	_
5	the	_	_	_	_	6	det	_	_
6	plane	_	_	_	_	3	obl	_	_
7	.	_	_	_	_	3	punct	_	_","1	because	_	SCONJ	IN	_	4	mark	_	_
2	he	_	PRON	PRP	_	4	nsubj	_	_
3	's	_	AUX	VBZ	_	4	aux	_	_
4	flying	_	VERB	VBG	_	0	root	_	_
5	in	_	ADP	IN	_	7	case	_	_
6	the	_	DET	DT	_	7	det	_	_
7	plane	_	NOUN	NN	_	4	obl	_	_
8	.	_	PUNCT	.	_	4	punct	_	_",
it's just part of it .,"1	it's	_	_	_	_	3	nsubj	_	_
2	just	_	_	_	_	3	advmod	_	_
3	part	_	_	_	_	0	root	_	_
4	of	_	_	_	_	5	case	_	_
5	it	_	_	_	_	3	nmod	_	_
6	.	_	_	_	_	3	punct	_	_","1	it	_	PRON	PRP	_	4	nsubj	_	_
2	's	_	AUX	VBZ	_	4	cop	_	_
3	just	_	ADV	RB	_	4	advmod	_	_
4	part	_	NOUN	NN	_	0	root	_	_
5	of	_	ADP	IN	_	6	case	_	_
6	it	_	PRON	PRP	_	4	nmod	_	_
7	.	_	PUNCT	.	_	4	punct	_	_",
and her - what are those ?,"1	and	_	_	_	_	2	cc	_	_
2	her	_	_	_	_	0	root	_	_
3	-	_	_	_	_	4	mark	_	_
4	what	_	_	_	_	2	parataxis	_	_
5	are	_	_	_	_	4	cop	_	_
6	those	_	_	_	_	4	nsubj	_	_
7	?	_	_	_	_	2	punct	_	_","1	and	_	CCONJ	CC	_	2	cc	_	_
2	her	_	PRON	PRP	_	4	nsubj	_	_
3	-	_	PUNCT	,	_	2	punct	_	_
4	what	_	PRON	WP	_	0	root	_	_
5	are	_	AUX	VBP	_	6	cop	_	_
6	those	_	PRON	DT	_	4	nsubj	_	_
7	?	_	PUNCT	.	_	2	punct	_	_",
frosted Flakes .,"1	frosted	_	_	_	_	2	amod	_	_
2	Flakes	_	_	_	_	0	root	_	_
3	.	_	_	_	_	2	punct	_	_","1	frosted	_	VERB	VBD	_	0	root	_	_
2	Flakes	_	NOUN	NNS	_	1	obj	_	_
3	.	_	PUNCT	.	_	1	punct	_	_",
I don't know .,"1	I	_	_	_	_	3	nsubj	_	_
2	don't	_	_	_	_	3	aux	_	_
3	know	_	_	_	_	0	root	_	_
4	.	_	_	_	_	3	punct	_	_","1	I	_	PRON	PRP	_	4	nsubj	_	_
2	do	_	AUX	VBP	_	4	aux	_	_
3	n't	_	PART	RB	_	4	advmod	_	_
4	know	_	VERB	VB	_	0	root	_	_
5	.	_	PUNCT	.	_	4	punct	_	_",
"because it has , it's walking very slow .","1	because	_	_	_	_	3	mark	_	_
2	it	_	_	_	_	3	nsubj	_	_
3	has	_	_	_	_	0	root	_	_
4	,	_	_	_	_	6	mark	_	_
5	it's	_	_	_	_	6	nsubj	_	_
6	walking	_	_	_	_	3	parataxis	_	_
7	very	_	_	_	_	8	advmod	_	_
8	slow	_	_	_	_	6	advmod	_	_
9	.	_	_	_	_	3	punct	_	_","1	because	_	SCONJ	IN	_	3	mark	_	_
2	it	_	PRON	PRP	_	3	nsubj	_	_
3	has	_	AUX	VBZ	_	7	advcl	_	_
4	,	_	PUNCT	,	_	3	punct	_	_
5	it	_	PRON	PRP	_	7	nsubj	_	_
6	's	_	AUX	VBZ	_	7	aux	_	_
7	walking	_	VERB	VBG	_	0	root	_	_
8	very	_	ADV	RB	_	9	advmod	_	_
9	slow	_	ADJ	JJ	_	7	xcomp	_	_
10	.	_	PUNCT	.	_	7	punct	_	_",
not if I was a penguin .,"1	not	_	_	_	_	6	advmod	_	_
2	if	_	_	_	_	6	mark	_	_
3	I	_	_	_	_	6	nsubj	_	_
4	was	_	_	_	_	6	cop	_	_
5	a	_	_	_	_	6	det	_	_
6	penguin	_	_	_	_	0	root	_	_
7	.	_	_	_	_	1	punct	_	_","1	not	_	PART	RB	_	6	advmod	_	_
2	if	_	SCONJ	IN	_	6	mark	_	_
3	I	_	PRON	PRP	_	6	nsubj	_	_
4	was	_	AUX	VBD	_	6	cop	_	_
5	a	_	DET	DT	_	6	det	_	_
6	penguin	_	NOUN	NN	_	0	root	_	_
7	.	_	PUNCT	.	_	6	punct	_	_",
I don't know .,"1	I	_	_	_	_	3	nsubj	_	_
2	don't	_	_	_	_	3	aux	_	_
3	know	_	_	_	_	0	root	_	_
4	.	_	_	_	_	3	punct	_	_","1	I	_	PRON	PRP	_	4	nsubj	_	_
2	do	_	AUX	VBP	_	4	aux	_	_
3	n't	_	PART	RB	_	4	advmod	_	_
4	know	_	VERB	VB	_	0	root	_	_
5	.	_	PUNCT	.	_	4	punct	_	_",
"and and sea , what are those called again ?","1	and	_	_	_	_	2	reparandum	_	_
2	and	_	_	_	_	3	cc	_	_
3	sea	_	_	_	_	0	root	_	_
4	,	_	_	_	_	8	mark	_	_
5	what	_	_	_	_	8	xcomp	_	_
6	are	_	_	_	_	8	aux:pass	_	_
7	those	_	_	_	_	8	nsubj:pass	_	_
8	called	_	_	_	_	1	parataxis	_	_
9	again	_	_	_	_	8	advmod	_	_
10	?	_	_	_	_	8	punct	_	_","1	and	_	CCONJ	CC	_	3	cc	_	_
2	and	_	CCONJ	CC	_	3	cc	_	_
3	sea	_	NOUN	NN	_	7	vocative	_	_
4	,	_	PUNCT	,	_	3	punct	_	_
5	what	_	PRON	WP	_	8	nsubj:pass	_	_
6	are	_	AUX	VBP	_	7	cop	_	_
7	those	_	PRON	DT	_	0	root	_	_
8	called	_	VERB	VBN	_	7	acl	_	_
9	again	_	ADV	RB	_	8	advmod	_	_
10	?	_	PUNCT	.	_	7	punct	_	_",
"it , looks like a daddy elephant .","1	it	_	_	_	_	3	nsubj	_	_
2	,	_	_	_	_	3	aux	_	_
3	looks	_	_	_	_	0	root	_	_
4	like	_	_	_	_	7	case	_	_
5	a	_	_	_	_	7	det	_	_
6	daddy	_	_	_	_	7	compound	_	_
7	elephant	_	_	_	_	3	obl	_	_
8	.	_	_	_	_	3	punct	_	_","1	it	_	PRON	PRP	_	3	nsubj	_	_
2	,	_	PUNCT	,	_	1	punct	_	_
3	looks	_	VERB	VBZ	_	0	root	_	_
4	like	_	ADP	IN	_	7	case	_	_
5	a	_	DET	DT	_	7	det	_	_
6	daddy	_	NOUN	NN	_	7	compound	_	_
7	elephant	_	NOUN	NN	_	3	obl	_	_
8	.	_	PUNCT	.	_	3	punct	_	_",
because it's big .,"1	because	_	_	_	_	3	mark	_	_
2	it's	_	_	_	_	3	nsubj	_	_
3	big	_	_	_	_	0	root	_	_
4	.	_	_	_	_	3	punct	_	_","1	because	_	SCONJ	IN	_	4	mark	_	_
2	it	_	PRON	PRP	_	4	nsubj	_	_
3	's	_	AUX	VBZ	_	4	cop	_	_
4	big	_	ADJ	JJ	_	0	root	_	_
5	.	_	PUNCT	.	_	4	punct	_	_",
"because , I just like it .","1	because	_	_	_	_	5	mark	_	_
2	,	_	_	_	_	5	mark	_	_
3	I	_	_	_	_	5	nsubj	_	_
4	just	_	_	_	_	5	advmod	_	_
5	like	_	_	_	_	0	root	_	_
6	it	_	_	_	_	5	obj	_	_
7	.	_	_	_	_	5	punct	_	_","1	because	_	SCONJ	IN	_	5	mark	_	_
2	,	_	PUNCT	,	_	1	punct	_	_
3	I	_	PRON	PRP	_	5	nsubj	_	_
4	just	_	ADV	RB	_	5	advmod	_	_
5	like	_	VERB	VBP	_	0	root	_	_
6	it	_	PRON	PRP	_	5	obj	_	_
7	.	_	PUNCT	.	_	5	punct	_	_",
with the with the corn .,"1	with	_	_	_	_	2	case	_	_
2	the	_	_	_	_	5	reparandum	_	_
3	with	_	_	_	_	5	case	_	_
4	the	_	_	_	_	5	det	_	_
5	corn	_	_	_	_	0	root	_	_
6	.	_	_	_	_	5	punct	_	_","1	with	_	ADP	IN	_	2	case	_	_
2	the	_	DET	DT	_	0	root	_	_
3	with	_	ADP	IN	_	5	case	_	_
4	the	_	DET	DT	_	5	det	_	_
5	corn	_	NOUN	NN	_	2	nmod	_	_
6	.	_	PUNCT	.	_	2	punct	_	_",
then we put water in for for the big duck to swim .,"1	then	_	_	_	_	3	advmod	_	_
2	we	_	_	_	_	3	nsubj	_	_
3	put	_	_	_	_	0	root	_	_
4	water	_	_	_	_	3	obj	_	_
5	in	_	_	_	_	3	advmod	_	_
6	for	_	_	_	_	7	reparandum	_	_
7	for	_	_	_	_	12	mark	_	_
8	the	_	_	_	_	10	det	_	_
9	big	_	_	_	_	10	amod	_	_
10	duck	_	_	_	_	12	nsubj	_	_
11	to	_	_	_	_	12	mark	_	_
12	swim	_	_	_	_	3	advcl	_	_
13	.	_	_	_	_	3	punct	_	_","1	then	_	ADV	RB	_	3	advmod	_	_
2	we	_	PRON	PRP	_	3	nsubj	_	_
3	put	_	VERB	VBD	_	0	root	_	_
4	water	_	NOUN	NN	_	3	obj	_	_
5	in	_	ADP	RP	_	3	compound:prt	_	_
6	for	_	SCONJ	IN	_	12	mark	_	_
7	for	_	SCONJ	IN	_	12	mark	_	_
8	the	_	DET	DT	_	10	det	_	_
9	big	_	ADJ	JJ	_	10	amod	_	_
10	duck	_	NOUN	NN	_	12	nsubj	_	_
11	to	_	PART	TO	_	12	mark	_	_
12	swim	_	VERB	VB	_	3	advcl	_	_
13	.	_	PUNCT	.	_	3	punct	_	_",
wasn't that nice ?,"1	wasn't	_	_	_	_	3	advmod	_	_
2	that	_	_	_	_	3	advmod	_	_
3	nice	_	_	_	_	0	root	_	_
4	?	_	_	_	_	3	punct	_	_","1	was	_	AUX	VBD	_	4	cop	_	_
2	n't	_	PART	RB	_	4	advmod	_	_
3	that	_	PRON	DT	_	4	nsubj	_	_
4	nice	_	ADJ	JJ	_	0	root	_	_
5	?	_	PUNCT	.	_	4	punct	_	_",
