Sentence,Label,Supar_CDS,Stanza_off_the_shelf,Gold_annotation
I think stick on here .,"subject, tense_aspect","1	I	_	_	_	_	2	nsubj	_	_
2	think	_	_	_	_	0	root	_	_
3	stick	_	_	_	_	2	ccomp	_	_
4	on	_	_	_	_	5	case	_	_
5	here	_	_	_	_	3	obl	_	_
6	.	_	_	_	_	2	punct	_	_","1	I	_	PRON	PRP	_	2	nsubj	_	_
2	think	_	VERB	VBP	_	0	root	_	_
3	stick	_	VERB	VB	_	2	xcomp	_	_
4	on	_	ADP	IN	_	3	compound:prt	_	_
5	here	_	ADV	RB	_	3	obl	_	_
6	.	_	PUNCT	.	_	2	punct	_	_",
wanna be Fireman Sam .,subject,"1	wanna	_	_	_	_	0	root	_	_
2	be	_	_	_	_	3	cop	_	_
3	Fireman	_	_	_	_	1	xcomp	_	_
4	Sam	_	_	_	_	3	flat	_	_
5	.	_	_	_	_	1	punct	_	_","1	wan	_	VERB	VBP	_	0	root	_	_
2	na	_	PART	TO	_	5	mark	_	_
3	be	_	AUX	VB	_	5	cop	_	_
4	Fireman	_	PROPN	NNP	_	1	xcomp	_	_
5	Sam	_	PROPN	NNP	_	4	flat	_	_
6	.	_	PUNCT	.	_	1	punct	_	_",
wanna talk now .,subject,"1	wanna	_	_	_	_	0	root	_	_
2	talk	_	_	_	_	1	xcomp	_	_
3	now	_	_	_	_	2	advmod	_	_
4	.	_	_	_	_	1	punct	_	_","1	wan	_	VERB	VBP	_	0	root	_	_
2	na	_	PART	TO	_	3	mark	_	_
3	talk	_	VERB	VB	_	1	xcomp	_	_
4	now	_	ADV	RB	_	3	advmod	_	_
5	.	_	PUNCT	.	_	1	punct	_	_",
"Purdie , that Fireman Sam .",verb,"1	Purdie	_	_	_	_	4	vocative	_	_
2	,	_	_	_	_	4	mark	_	_
3	that	_	_	_	_	4	nsubj	_	_
4	Fireman	_	_	_	_	0	root	_	_
5	Sam	_	_	_	_	4	flat	_	_
6	.	_	_	_	_	4	punct	_	_","1	Purdie	_	PROPN	NNP	_	0	root	_	_
2	,	_	PUNCT	,	_	1	punct	_	_
3	that	_	SCONJ	IN	_	4	det	_	_
4	Fireman	_	PROPN	NNP	_	1	appos	_	_
5	Sam	_	PROPN	NNP	_	4	flat	_	_
6	.	_	PUNCT	.	_	1	punct	_	_",
a ladder climb up .,other,"1	a	_	_	_	_	2	det	_	_
2	ladder	_	_	_	_	3	nsubj	_	_
3	climb	_	_	_	_	0	root	_	_
4	up	_	_	_	_	3	advmod	_	_
5	.	_	_	_	_	3	punct	_	_","1	a	_	DET	DT	_	3	det	_	_
2	ladder	_	NOUN	NN	_	3	compound	_	_
3	climb	_	NOUN	NN	_	0	root	_	_
4	up	_	ADP	RP	_	3	advmod	_	_
5	.	_	PUNCT	.	_	3	punct	_	_",
looking the kitchen for a Wendy's hat .,"subject, present_progressive, preposition, determiner","1	looking	_	_	_	_	0	root	_	_
2	the	_	_	_	_	3	det	_	_
3	kitchen	_	_	_	_	1	obl	_	_
4	for	_	_	_	_	7	case	_	_
5	a	_	_	_	_	7	det	_	_
6	Wendy's	_	_	_	_	7	nmod:poss	_	_
7	hat	_	_	_	_	1	obl	_	_
8	.	_	_	_	_	1	punct	_	_","1	looking	_	VERB	VBG	_	0	root	_	_
2	the	_	DET	DT	_	3	det	_	_
3	kitchen	_	NOUN	NN	_	1	obj	_	_
4	for	_	ADP	IN	_	8	case	_	_
5	a	_	DET	DT	_	6	det	_	_
6	Wendy	_	PROPN	NNP	_	8	nmod:poss	_	_
7	's	_	PART	POS	_	6	case	_	_
8	hat	_	NOUN	NN	_	1	obl	_	_
9	.	_	PUNCT	.	_	1	punct	_	_",
I not called Aunty Mabel .,auxiliary,"1	I	_	_	_	_	3	nsubj:pass	_	_
2	not	_	_	_	_	3	advmod	_	_
3	called	_	_	_	_	0	root	_	_
4	Aunty	_	_	_	_	3	xcomp	_	_
5	Mabel	_	_	_	_	4	flat	_	_
6	.	_	_	_	_	3	punct	_	_","1	I	_	PRON	PRP	_	3	nsubj	_	_
2	not	_	PART	RB	_	3	advmod	_	_
3	called	_	VERB	VBD	_	0	root	_	_
4	Aunty	_	PROPN	NNP	_	3	obj	_	_
5	Mabel	_	PROPN	NNP	_	4	flat	_	_
6	.	_	PUNCT	.	_	3	punct	_	_",
Mummy need a dumper truck and a big digger to the Smarties .,subject,"1	Mummy	_	_	_	_	2	vocative	_	_
2	need	_	_	_	_	0	root	_	_
3	a	_	_	_	_	5	det	_	_
4	dumper	_	_	_	_	5	compound	_	_
5	truck	_	_	_	_	2	obj	_	_
6	and	_	_	_	_	9	cc	_	_
7	a	_	_	_	_	9	det	_	_
8	big	_	_	_	_	9	amod	_	_
9	digger	_	_	_	_	5	conj	_	_
10	to	_	_	_	_	12	case	_	_
11	the	_	_	_	_	12	det	_	_
12	Smarties	_	_	_	_	2	obl	_	_
13	.	_	_	_	_	2	punct	_	_","1	Mummy	_	NOUN	NN	_	2	nsubj	_	_
2	need	_	VERB	VBP	_	0	root	_	_
3	a	_	DET	DT	_	5	det	_	_
4	dumper	_	NOUN	NN	_	5	compound	_	_
5	truck	_	NOUN	NN	_	2	obj	_	_
6	and	_	CCONJ	CC	_	9	cc	_	_
7	a	_	DET	DT	_	9	det	_	_
8	big	_	ADJ	JJ	_	9	amod	_	_
9	digger	_	NOUN	NN	_	5	conj	_	_
10	to	_	ADP	IN	_	12	case	_	_
11	the	_	DET	DT	_	12	det	_	_
12	Smarties	_	PROPN	NNPS	_	9	nmod	_	_
13	.	_	PUNCT	.	_	2	punct	_	_",
what I going do ?,present_progressive,"1	what	_	_	_	_	4	obj	_	_
2	I	_	_	_	_	3	nsubj	_	_
3	going	_	_	_	_	0	root	_	_
4	do	_	_	_	_	3	xcomp	_	_
5	?	_	_	_	_	3	punct	_	_","1	what	_	PRON	WP	_	0	root	_	_
2	I	_	PRON	PRP	_	3	nsubj	_	_
3	going	_	VERB	VBG	_	1	acl:relcl	_	_
4	do	_	VERB	VB	_	3	xcomp	_	_
5	?	_	PUNCT	.	_	4	punct	_	_",
I put the poo and cat poo .,"determiner, other","1	I	_	_	_	_	2	nsubj	_	_
2	put	_	_	_	_	0	root	_	_
3	the	_	_	_	_	4	det	_	_
4	poo	_	_	_	_	2	obj	_	_
5	and	_	_	_	_	7	cc	_	_
6	cat	_	_	_	_	7	compound	_	_
7	poo	_	_	_	_	2	conj	_	_
8	.	_	_	_	_	2	punct	_	_","1	I	_	PRON	PRP	_	2	nsubj	_	_
2	put	_	VERB	VBD	_	0	root	_	_
3	the	_	DET	DT	_	4	det	_	_
4	poo	_	NOUN	NN	_	2	obj	_	_
5	and	_	CCONJ	CC	_	7	cc	_	_
6	cat	_	NOUN	NN	_	7	compound	_	_
7	poo	_	NOUN	NN	_	2	obj	_	_
8	.	_	PUNCT	.	_	2	punct	_	_",
on this this train .,"subject, verb","1	on	_	_	_	_	4	case	_	_
2	this	_	_	_	_	3	reparandum	_	_
3	this	_	_	_	_	4	det	_	_
4	train	_	_	_	_	0	root	_	_
5	.	_	_	_	_	4	punct	_	_","1	on	_	ADP	IN	_	2	case	_	_
2	this	_	PRON	DT	_	0	root	_	_
3	this	_	DET	DT	_	4	det	_	_
4	train	_	NOUN	NN	_	2	nmod:unmarked	_	_
5	.	_	PUNCT	.	_	2	punct	_	_",
"Mummy , need you sit there .","subject, tense_aspect","1	Mummy	_	_	_	_	3	vocative	_	_
2	,	_	_	_	_	3	nsubj	_	_
3	need	_	_	_	_	0	root	_	_
4	you	_	_	_	_	3	obj	_	_
5	sit	_	_	_	_	3	xcomp	_	_
6	there	_	_	_	_	5	advmod	_	_
7	.	_	_	_	_	3	punct	_	_","1	Mummy	_	NOUN	NN	_	3	vocative	_	_
2	,	_	PUNCT	,	_	1	punct	_	_
3	need	_	VERB	VB	_	0	root	_	_
4	you	_	PRON	PRP	_	5	nsubj	_	_
5	sit	_	VERB	VBP	_	3	ccomp	_	_
6	there	_	ADV	RB	_	5	advmod	_	_
7	.	_	PUNCT	.	_	3	punct	_	_",
Mummy need to do it .,sv_agreement,"1	Mummy	_	_	_	_	2	vocative	_	_
2	need	_	_	_	_	0	root	_	_
3	to	_	_	_	_	4	mark	_	_
4	do	_	_	_	_	2	xcomp	_	_
5	it	_	_	_	_	4	obj	_	_
6	.	_	_	_	_	2	punct	_	_","1	Mummy	_	NOUN	NN	_	2	nsubj	_	_
2	need	_	VERB	VBP	_	0	root	_	_
3	to	_	PART	TO	_	4	mark	_	_
4	do	_	VERB	VB	_	2	xcomp	_	_
5	it	_	PRON	PRP	_	4	obj	_	_
6	.	_	PUNCT	.	_	2	punct	_	_",
you're poorly Mummy .,other,"1	you're	_	_	_	_	2	nsubj	_	_
2	poorly	_	_	_	_	0	root	_	_
3	Mummy	_	_	_	_	2	vocative	_	_
4	.	_	_	_	_	2	punct	_	_","1	you	_	PRON	PRP	_	4	nsubj	_	_
2	're	_	AUX	VBP	_	4	cop	_	_
3	poorly	_	ADV	RB	_	4	advmod	_	_
4	Mummy	_	PROPN	NNP	_	0	root	_	_
5	.	_	PUNCT	.	_	4	punct	_	_",
you're poorly .,other,"1	you're	_	_	_	_	2	nsubj	_	_
2	poorly	_	_	_	_	0	root	_	_
3	.	_	_	_	_	2	punct	_	_","1	you	_	PRON	PRP	_	3	nsubj	_	_
2	're	_	AUX	VBP	_	3	cop	_	_
3	poorly	_	ADV	RB	_	0	root	_	_
4	.	_	PUNCT	.	_	3	punct	_	_",
wanna read it .,subject,"1	wanna	_	_	_	_	0	root	_	_
2	read	_	_	_	_	1	xcomp	_	_
3	it	_	_	_	_	2	obj	_	_
4	.	_	_	_	_	1	punct	_	_","1	wan	_	VERB	VBP	_	0	root	_	_
2	na	_	PART	TO	_	3	mark	_	_
3	read	_	VERB	VB	_	1	xcomp	_	_
4	it	_	PRON	PRP	_	3	obj	_	_
5	.	_	PUNCT	.	_	1	punct	_	_",
oops stopped .,subject,"1	oops	_	_	_	_	2	discourse	_	_
2	stopped	_	_	_	_	0	root	_	_
3	.	_	_	_	_	2	punct	_	_","1	oops	_	NOUN	NN	_	2	nsubj	_	_
2	stopped	_	VERB	VBD	_	0	root	_	_
3	.	_	PUNCT	.	_	2	punct	_	_",
because it's police car .,determiner,"1	because	_	_	_	_	4	mark	_	_
2	it's	_	_	_	_	4	cop	_	_
3	police	_	_	_	_	4	compound	_	_
4	car	_	_	_	_	0	root	_	_
5	.	_	_	_	_	4	punct	_	_","1	because	_	SCONJ	IN	_	5	mark	_	_
2	it	_	PRON	PRP	_	5	nsubj	_	_
3	's	_	AUX	VBZ	_	5	cop	_	_
4	police	_	NOUN	NN	_	5	compound	_	_
5	car	_	NOUN	NN	_	0	root	_	_
6	.	_	PUNCT	.	_	5	punct	_	_",
naughty Mummy the policeman say .,"determiner, sv_agreement","1	naughty	_	_	_	_	5	parataxis	_	_
2	Mummy	_	_	_	_	5	vocative	_	_
3	the	_	_	_	_	4	det	_	_
4	policeman	_	_	_	_	5	nsubj	_	_
5	say	_	_	_	_	0	root	_	_
6	.	_	_	_	_	5	punct	_	_","1	naughty	_	ADJ	JJ	_	2	amod	_	_
2	Mummy	_	NOUN	NN	_	5	nsubj	_	_
3	the	_	DET	DT	_	4	det	_	_
4	policeman	_	NOUN	NN	_	5	nsubj	_	_
5	say	_	VERB	VBP	_	0	root	_	_
6	.	_	PUNCT	.	_	5	punct	_	_",
um bashed that tray over there up on your .,"subject, other","1	um	_	_	_	_	2	discourse	_	_
2	bashed	_	_	_	_	0	root	_	_
3	that	_	_	_	_	4	det	_	_
4	tray	_	_	_	_	2	obj	_	_
5	over	_	_	_	_	6	advmod	_	_
6	there	_	_	_	_	2	obl	_	_
7	up	_	_	_	_	9	advmod	_	_
8	on	_	_	_	_	9	case	_	_
9	your	_	_	_	_	2	obl	_	_
10	.	_	_	_	_	2	punct	_	_","1	um	_	INTJ	UH	_	2	discourse	_	_
2	bashed	_	VERB	VBD	_	0	root	_	_
3	that	_	DET	DT	_	4	det	_	_
4	tray	_	NOUN	NN	_	2	obj	_	_
5	over	_	ADP	IN	_	6	case	_	_
6	there	_	ADV	RB	_	2	obl	_	_
7	up	_	ADP	RP	_	2	compound:prt	_	_
8	on	_	ADP	IN	_	9	case	_	_
9	your	_	PRON	PRP$	_	2	obl	_	_
10	.	_	PUNCT	.	_	2	punct	_	_",
and the policeman what's going on .,verb,"1	and	_	_	_	_	3	cc	_	_
2	the	_	_	_	_	3	det	_	_
3	policeman	_	_	_	_	0	root	_	_
4	what's	_	_	_	_	5	aux	_	_
5	going	_	_	_	_	3	parataxis	_	_
6	on	_	_	_	_	5	advmod	_	_
7	.	_	_	_	_	3	punct	_	_","1	and	_	CCONJ	CC	_	3	cc	_	_
2	the	_	DET	DT	_	3	det	_	_
3	policeman	_	NOUN	NN	_	0	root	_	_
4	what	_	PRON	WP	_	6	nsubj	_	_
5	's	_	AUX	VBZ	_	6	aux	_	_
6	going	_	VERB	VBG	_	3	acl:relcl	_	_
7	on	_	ADP	RP	_	6	compound:prt	_	_
8	.	_	PUNCT	.	_	3	punct	_	_",
naughty Mummy policeman said .,determiner,"1	naughty	_	_	_	_	0	root	_	_
2	Mummy	_	_	_	_	4	vocative	_	_
3	policeman	_	_	_	_	4	nsubj	_	_
4	said	_	_	_	_	1	parataxis	_	_
5	.	_	_	_	_	1	punct	_	_","1	naughty	_	ADJ	JJ	_	3	amod	_	_
2	Mummy	_	NOUN	NN	_	3	compound	_	_
3	policeman	_	NOUN	NN	_	4	nsubj	_	_
4	said	_	VERB	VBD	_	0	root	_	_
5	.	_	PUNCT	.	_	4	punct	_	_",
loads of Smarties me .,"verb, preposition","1	loads	_	_	_	_	0	root	_	_
2	of	_	_	_	_	3	case	_	_
3	Smarties	_	_	_	_	1	nmod	_	_
4	me	_	_	_	_	1	parataxis	_	_
5	.	_	_	_	_	1	punct	_	_","1	loads	_	NOUN	NNS	_	0	root	_	_
2	of	_	ADP	IN	_	3	case	_	_
3	Smarties	_	NOUN	NNS	_	1	nmod	_	_
4	me	_	PRON	PRP	_	3	flat	_	_
5	.	_	PUNCT	.	_	1	punct	_	_",
um I not like lit little boy .,"auxiliary, determiner","1	um	_	_	_	_	7	discourse	_	_
2	I	_	_	_	_	7	nsubj	_	_
3	not	_	_	_	_	7	advmod	_	_
4	like	_	_	_	_	7	case	_	_
5	lit	_	_	_	_	7	amod	_	_
6	little	_	_	_	_	7	amod	_	_
7	boy	_	_	_	_	0	root	_	_
8	.	_	_	_	_	7	punct	_	_","1	um	_	INTJ	UH	_	7	discourse	_	_
2	I	_	PRON	PRP	_	7	nsubj	_	_
3	not	_	PART	RB	_	7	advmod	_	_
4	like	_	INTJ	UH	_	7	discourse	_	_
5	lit	_	ADJ	JJ	_	7	amod	_	_
6	little	_	ADJ	JJ	_	7	amod	_	_
7	boy	_	NOUN	NN	_	0	root	_	_
8	.	_	PUNCT	.	_	7	punct	_	_",
crying wanna go down there .,subject,"1	crying	_	_	_	_	0	root	_	_
2	wanna	_	_	_	_	1	parataxis	_	_
3	go	_	_	_	_	2	xcomp	_	_
4	down	_	_	_	_	5	advmod	_	_
5	there	_	_	_	_	3	advmod	_	_
6	.	_	_	_	_	1	punct	_	_","1	crying	_	VERB	VBG	_	2	csubj	_	_
2	wan	_	VERB	VB	_	0	root	_	_
3	na	_	PART	TO	_	4	mark	_	_
4	go	_	VERB	VB	_	2	xcomp	_	_
5	down	_	ADP	RP	_	4	compound:prt	_	_
6	there	_	ADV	RB	_	4	advmod	_	_
7	.	_	PUNCT	.	_	2	punct	_	_",
the another train driver .,determiner,"1	the	_	_	_	_	2	reparandum	_	_
2	another	_	_	_	_	4	det	_	_
3	train	_	_	_	_	4	compound	_	_
4	driver	_	_	_	_	0	root	_	_
5	.	_	_	_	_	4	punct	_	_","1	the	_	DET	DT	_	4	det	_	_
2	another	_	DET	DT	_	4	det	_	_
3	train	_	NOUN	NN	_	4	compound	_	_
4	driver	_	NOUN	NN	_	0	root	_	_
5	.	_	PUNCT	.	_	4	punct	_	_",
it's in playgroup .,determiner,"1	it's	_	_	_	_	3	nsubj	_	_
2	in	_	_	_	_	3	case	_	_
3	playgroup	_	_	_	_	0	root	_	_
4	.	_	_	_	_	3	punct	_	_","1	it	_	PRON	PRP	_	4	nsubj	_	_
2	's	_	AUX	VBZ	_	4	cop	_	_
3	in	_	ADP	IN	_	4	case	_	_
4	playgroup	_	NOUN	NN	_	0	root	_	_
5	.	_	PUNCT	.	_	4	punct	_	_",
driver oh that's mine .,"determiner, other","1	driver	_	_	_	_	0	root	_	_
2	oh	_	_	_	_	4	discourse	_	_
3	that's	_	_	_	_	4	nsubj	_	_
4	mine	_	_	_	_	1	parataxis	_	_
5	.	_	_	_	_	1	punct	_	_","1	driver	_	NOUN	NN	_	5	vocative	_	_
2	oh	_	INTJ	UH	_	5	discourse	_	_
3	that	_	PRON	DT	_	5	nsubj	_	_
4	's	_	AUX	VBZ	_	5	cop	_	_
5	mine	_	PRON	PRP	_	0	root	_	_
6	.	_	PUNCT	.	_	5	punct	_	_",
broken the train driver .,"verb, other","1	broken	_	_	_	_	0	root	_	_
2	the	_	_	_	_	4	det	_	_
3	train	_	_	_	_	4	compound	_	_
4	driver	_	_	_	_	1	parataxis	_	_
5	.	_	_	_	_	1	punct	_	_","1	broken	_	VERB	VBD	_	0	root	_	_
2	the	_	DET	DT	_	4	det	_	_
3	train	_	NOUN	NN	_	4	compound	_	_
4	driver	_	NOUN	NN	_	1	obj	_	_
5	.	_	PUNCT	.	_	1	punct	_	_",
this this the police car nee nah nee nah .,verb,"1	this	_	_	_	_	2	reparandum	_	_
2	this	_	_	_	_	5	nsubj	_	_
3	the	_	_	_	_	5	det	_	_
4	police	_	_	_	_	5	compound	_	_
5	car	_	_	_	_	0	root	_	_
6	nee	_	_	_	_	5	discourse	_	_
7	nah	_	_	_	_	6	conj	_	_
8	nee	_	_	_	_	6	conj	_	_
9	nah	_	_	_	_	6	conj	_	_
10	.	_	_	_	_	5	punct	_	_","1	this	_	PRON	DT	_	5	nsubj	_	_
2	this	_	DET	DT	_	5	det	_	_
3	the	_	DET	DT	_	5	det	_	_
4	police	_	NOUN	NN	_	5	compound	_	_
5	car	_	NOUN	NN	_	0	root	_	_
6	nee	_	INTJ	UH	_	5	reparandum	_	_
7	nah	_	INTJ	UH	_	5	discourse	_	_
8	nee	_	INTJ	UH	_	5	discourse	_	_
9	nah	_	INTJ	UH	_	5	discourse	_	_
10	.	_	PUNCT	.	_	5	punct	_	_",
fire engine coming nee nah .,"determiner, present_progressive","1	fire	_	_	_	_	2	compound	_	_
2	engine	_	_	_	_	3	nsubj	_	_
3	coming	_	_	_	_	0	root	_	_
4	nee	_	_	_	_	3	discourse	_	_
5	nah	_	_	_	_	4	discourse	_	_
6	.	_	_	_	_	3	punct	_	_","1	fire	_	NOUN	NN	_	2	compound	_	_
2	engine	_	NOUN	NN	_	3	nsubj	_	_
3	coming	_	VERB	VBG	_	0	root	_	_
4	nee	_	INTJ	UH	_	3	discourse	_	_
5	nah	_	INTJ	UH	_	3	discourse	_	_
6	.	_	PUNCT	.	_	3	punct	_	_",
"that's very clever you , Mummy .",preposition,"1	that's	_	_	_	_	3	nsubj	_	_
2	very	_	_	_	_	3	advmod	_	_
3	clever	_	_	_	_	0	root	_	_
4	you	_	_	_	_	3	parataxis	_	_
5	,	_	_	_	_	4	punct	_	_
6	Mummy	_	_	_	_	3	vocative	_	_
7	.	_	_	_	_	3	punct	_	_","1	that	_	PRON	DT	_	4	nsubj	_	_
2	's	_	AUX	VBZ	_	4	cop	_	_
3	very	_	ADV	RB	_	4	advmod	_	_
4	clever	_	ADJ	JJ	_	0	root	_	_
5	you	_	PRON	PRP	_	4	vocative	_	_
6	,	_	PUNCT	,	_	7	punct	_	_
7	Mummy	_	PROPN	NNP	_	4	vocative	_	_
8	.	_	PUNCT	.	_	4	punct	_	_",
I driving off .,auxiliary,"1	I	_	_	_	_	2	nsubj	_	_
2	driving	_	_	_	_	0	root	_	_
3	off	_	_	_	_	2	advmod	_	_
4	.	_	_	_	_	2	punct	_	_","1	I	_	PRON	PRP	_	2	nsubj	_	_
2	driving	_	VERB	VBG	_	0	root	_	_
3	off	_	ADP	RP	_	2	compound:prt	_	_
4	.	_	PUNCT	.	_	2	punct	_	_",
that near that flower .,verb,"1	that	_	_	_	_	4	nsubj	_	_
2	near	_	_	_	_	4	case	_	_
3	that	_	_	_	_	4	det	_	_
4	flower	_	_	_	_	0	root	_	_
5	.	_	_	_	_	4	punct	_	_","1	that	_	PRON	DT	_	0	root	_	_
2	near	_	ADP	IN	_	4	case	_	_
3	that	_	DET	DT	_	4	det	_	_
4	flower	_	NOUN	NN	_	1	nmod	_	_
5	.	_	PUNCT	.	_	1	punct	_	_",
I mend I mend your fire .,present_progressive,"1	I	_	_	_	_	2	nsubj	_	_
2	mend	_	_	_	_	4	reparandum	_	_
3	I	_	_	_	_	4	nsubj	_	_
4	mend	_	_	_	_	0	root	_	_
5	your	_	_	_	_	6	nmod:poss	_	_
6	fire	_	_	_	_	4	obj	_	_
7	.	_	_	_	_	4	punct	_	_","1	I	_	PRON	PRP	_	2	nsubj	_	_
2	mend	_	VERB	VBP	_	0	root	_	_
3	I	_	PRON	PRP	_	4	nsubj	_	_
4	mend	_	VERB	VBP	_	2	ccomp	_	_
5	your	_	PRON	PRP$	_	6	nmod:poss	_	_
6	fire	_	NOUN	NN	_	4	obj	_	_
7	.	_	PUNCT	.	_	2	punct	_	_",
you're being naughty a policemen will .,"verb, object","1	you're	_	_	_	_	3	nsubj	_	_
2	being	_	_	_	_	3	cop	_	_
3	naughty	_	_	_	_	0	root	_	_
4	a	_	_	_	_	5	det	_	_
5	policemen	_	_	_	_	6	nsubj	_	_
6	will	_	_	_	_	3	parataxis	_	_
7	.	_	_	_	_	3	punct	_	_","1	you	_	PRON	PRP	_	4	nsubj	_	_
2	're	_	AUX	VBP	_	4	aux	_	_
3	being	_	AUX	VBG	_	4	cop	_	_
4	naughty	_	ADJ	JJ	_	0	root	_	_
5	a	_	DET	DT	_	6	det	_	_
6	policemen	_	NOUN	NNS	_	7	nsubj	_	_
7	will	_	AUX	MD	_	4	ccomp	_	_
8	.	_	PUNCT	.	_	4	punct	_	_",
"you Mummy have another cuddle , Tinky Winky .",other,"1	you	_	_	_	_	3	nsubj	_	_
2	Mummy	_	_	_	_	3	vocative	_	_
3	have	_	_	_	_	0	root	_	_
4	another	_	_	_	_	5	det	_	_
5	cuddle	_	_	_	_	3	obj	_	_
6	,	_	_	_	_	3	discourse	_	_
7	Tinky	_	_	_	_	3	vocative	_	_
8	Winky	_	_	_	_	7	flat	_	_
9	.	_	_	_	_	3	punct	_	_","1	you	_	PRON	PRP	_	2	dep	_	_
2	Mummy	_	NOUN	NN	_	3	nsubj	_	_
3	have	_	VERB	VBP	_	0	root	_	_
4	another	_	DET	DT	_	5	det	_	_
5	cuddle	_	NOUN	NN	_	3	obj	_	_
6	,	_	PUNCT	,	_	7	punct	_	_
7	Tinky	_	PROPN	NNP	_	5	appos	_	_
8	Winky	_	PROPN	NNP	_	7	flat	_	_
9	.	_	PUNCT	.	_	3	punct	_	_",
kiss Dipsy hair .,"subject, tense_aspect","1	kiss	_	_	_	_	0	root	_	_
2	Dipsy	_	_	_	_	3	nmod:poss	_	_
3	hair	_	_	_	_	1	obj	_	_
4	.	_	_	_	_	1	punct	_	_","1	kiss	_	VERB	VB	_	0	root	_	_
2	Dipsy	_	PROPN	NNP	_	3	compound	_	_
3	hair	_	NOUN	NN	_	1	obj	_	_
4	.	_	PUNCT	.	_	1	punct	_	_",
it's nice police car .,determiner,"1	it's	_	_	_	_	4	nsubj	_	_
2	nice	_	_	_	_	4	amod	_	_
3	police	_	_	_	_	4	compound	_	_
4	car	_	_	_	_	0	root	_	_
5	.	_	_	_	_	4	punct	_	_","1	it	_	PRON	PRP	_	5	nsubj	_	_
2	's	_	AUX	VBZ	_	5	cop	_	_
3	nice	_	ADJ	JJ	_	5	amod	_	_
4	police	_	NOUN	NN	_	5	compound	_	_
5	car	_	NOUN	NN	_	0	root	_	_
6	.	_	PUNCT	.	_	5	punct	_	_",
bit orange .,determiner,"1	bit	_	_	_	_	2	obl:npmod	_	_
2	orange	_	_	_	_	0	root	_	_
3	.	_	_	_	_	2	punct	_	_","1	bit	_	NOUN	NN	_	2	obl:unmarked	_	_
2	orange	_	ADJ	JJ	_	0	root	_	_
3	.	_	PUNCT	.	_	2	punct	_	_",
that not flashing .,verb,"1	that	_	_	_	_	3	nsubj	_	_
2	not	_	_	_	_	3	advmod	_	_
3	flashing	_	_	_	_	0	root	_	_
4	.	_	_	_	_	3	punct	_	_","1	that	_	SCONJ	IN	_	3	mark	_	_
2	not	_	PART	RB	_	3	advmod	_	_
3	flashing	_	VERB	VBG	_	0	root	_	_
4	.	_	PUNCT	.	_	3	punct	_	_",
want I want a dig Smarties .,"other, plural","1	want	_	_	_	_	2	reparandum	_	_
2	I	_	_	_	_	3	nsubj	_	_
3	want	_	_	_	_	0	root	_	_
4	a	_	_	_	_	5	det	_	_
5	dig	_	_	_	_	3	obj	_	_
6	Smarties	_	_	_	_	3	vocative	_	_
7	.	_	_	_	_	3	punct	_	_","1	want	_	VERB	VBP	_	0	root	_	_
2	I	_	PRON	PRP	_	3	nsubj	_	_
3	want	_	VERB	VBP	_	1	ccomp	_	_
4	a	_	DET	DT	_	6	det	_	_
5	dig	_	NOUN	NN	_	6	compound	_	_
6	Smarties	_	NOUN	NNS	_	3	obj	_	_
7	.	_	PUNCT	.	_	1	punct	_	_",
wanna to dig snow .,subject,"1	wanna	_	_	_	_	0	root	_	_
2	to	_	_	_	_	3	mark	_	_
3	dig	_	_	_	_	1	xcomp	_	_
4	snow	_	_	_	_	3	obj	_	_
5	.	_	_	_	_	1	punct	_	_","1	wan	_	VERB	VBP	_	0	root	_	_
2	na	_	PART	TO	_	4	mark	_	_
3	to	_	PART	TO	_	4	mark	_	_
4	dig	_	VERB	VB	_	1	xcomp	_	_
5	snow	_	NOUN	NN	_	4	obj	_	_
6	.	_	PUNCT	.	_	1	punct	_	_",
I'd like Smarties dig snow .,tense_aspect,"1	I'd	_	_	_	_	2	nsubj	_	_
2	like	_	_	_	_	0	root	_	_
3	Smarties	_	_	_	_	4	nsubj	_	_
4	dig	_	_	_	_	2	xcomp	_	_
5	snow	_	_	_	_	4	obj	_	_
6	.	_	_	_	_	2	punct	_	_","1	I	_	PRON	PRP	_	3	nsubj	_	_
2	'd	_	AUX	MD	_	3	aux	_	_
3	like	_	VERB	VB	_	0	root	_	_
4	Smarties	_	PROPN	NNPS	_	3	obj	_	_
5	dig	_	VERB	VB	_	3	xcomp	_	_
6	snow	_	NOUN	NN	_	5	obj	_	_
7	.	_	PUNCT	.	_	3	punct	_	_",
a digs more digs Smarties .,other,"1	a	_	_	_	_	2	discourse	_	_
2	digs	_	_	_	_	0	root	_	_
3	more	_	_	_	_	4	amod	_	_
4	digs	_	_	_	_	2	parataxis	_	_
5	Smarties	_	_	_	_	4	vocative	_	_
6	.	_	_	_	_	2	punct	_	_","1	a	_	DET	DT	_	2	nsubj	_	_
2	digs	_	VERB	VBZ	_	0	root	_	_
3	more	_	ADJ	JJR	_	5	amod	_	_
4	digs	_	NOUN	NNS	_	5	compound	_	_
5	Smarties	_	NOUN	NNS	_	2	obj	_	_
6	.	_	PUNCT	.	_	2	punct	_	_",
digger digger going to dig Smarties .,"subject, present_progressive","1	digger	_	_	_	_	3	reparandum	_	_
2	digger	_	_	_	_	1	conj	_	_
3	going	_	_	_	_	0	root	_	_
4	to	_	_	_	_	5	mark	_	_
5	dig	_	_	_	_	3	xcomp	_	_
6	Smarties	_	_	_	_	5	obj	_	_
7	.	_	_	_	_	1	punct	_	_","1	digger	_	NOUN	NN	_	2	compound	_	_
2	digger	_	NOUN	NN	_	3	nsubj	_	_
3	going	_	VERB	VBG	_	0	root	_	_
4	to	_	ADP	IN	_	6	case	_	_
5	dig	_	VERB	VB	_	6	compound	_	_
6	Smarties	_	PROPN	NNPS	_	3	obl	_	_
7	.	_	PUNCT	.	_	3	punct	_	_",
put digger it's in the pot .,subject,"1	put	_	_	_	_	0	root	_	_
2	digger	_	_	_	_	1	obj	_	_
3	it's	_	_	_	_	6	cop	_	_
4	in	_	_	_	_	6	case	_	_
5	the	_	_	_	_	6	det	_	_
6	pot	_	_	_	_	1	parataxis	_	_
7	.	_	_	_	_	1	punct	_	_","1	put	_	VERB	VB	_	0	root	_	_
2	digger	_	NOUN	NN	_	1	obj	_	_
3	it	_	PRON	PRP	_	7	nsubj	_	_
4	's	_	AUX	VBZ	_	7	cop	_	_
5	in	_	ADP	IN	_	7	case	_	_
6	the	_	DET	DT	_	7	det	_	_
7	pot	_	NOUN	NN	_	1	advcl	_	_
8	.	_	PUNCT	.	_	1	punct	_	_",
this can't fit on .,object,"1	this	_	_	_	_	3	nsubj	_	_
2	can't	_	_	_	_	3	aux	_	_
3	fit	_	_	_	_	0	root	_	_
4	on	_	_	_	_	3	advmod	_	_
5	.	_	_	_	_	3	punct	_	_","1	this	_	PRON	DT	_	4	nsubj	_	_
2	ca	_	AUX	MD	_	4	aux	_	_
3	n't	_	PART	RB	_	4	advmod	_	_
4	fit	_	VERB	VB	_	0	root	_	_
5	on	_	ADP	IN	_	4	advmod	_	_
6	.	_	PUNCT	.	_	4	punct	_	_",
this one can't fit on .,object,"1	this	_	_	_	_	2	det	_	_
2	one	_	_	_	_	4	nsubj	_	_
3	can't	_	_	_	_	4	aux	_	_
4	fit	_	_	_	_	0	root	_	_
5	on	_	_	_	_	4	advmod	_	_
6	.	_	_	_	_	4	punct	_	_","1	this	_	DET	DT	_	2	det	_	_
2	one	_	NOUN	NN	_	5	nsubj	_	_
3	ca	_	AUX	MD	_	5	aux	_	_
4	n't	_	PART	RB	_	5	advmod	_	_
5	fit	_	VERB	VB	_	0	root	_	_
6	on	_	ADP	IN	_	5	advmod	_	_
7	.	_	PUNCT	.	_	5	punct	_	_",
boxes can't fit .,determiner,"1	boxes	_	_	_	_	3	nsubj	_	_
2	can't	_	_	_	_	3	advmod	_	_
3	fit	_	_	_	_	0	root	_	_
4	.	_	_	_	_	3	punct	_	_","1	boxes	_	NOUN	NNS	_	4	nsubj	_	_
2	ca	_	AUX	MD	_	4	aux	_	_
3	n't	_	PART	RB	_	4	advmod	_	_
4	fit	_	VERB	VB	_	0	root	_	_
5	.	_	PUNCT	.	_	4	punct	_	_",
boxes can't fit .,determiner,"1	boxes	_	_	_	_	3	nsubj	_	_
2	can't	_	_	_	_	3	advmod	_	_
3	fit	_	_	_	_	0	root	_	_
4	.	_	_	_	_	3	punct	_	_","1	boxes	_	NOUN	NNS	_	4	nsubj	_	_
2	ca	_	AUX	MD	_	4	aux	_	_
3	n't	_	PART	RB	_	4	advmod	_	_
4	fit	_	VERB	VB	_	0	root	_	_
5	.	_	PUNCT	.	_	4	punct	_	_",
it coming out !,verb,"1	it	_	_	_	_	2	nsubj	_	_
2	coming	_	_	_	_	0	root	_	_
3	out	_	_	_	_	2	advmod	_	_
4	!	_	_	_	_	2	punct	_	_","1	it	_	PRON	PRP	_	2	nsubj	_	_
2	coming	_	VERB	VBG	_	0	root	_	_
3	out	_	ADP	RP	_	2	compound:prt	_	_
4	!	_	PUNCT	.	_	2	punct	_	_",
you you sitting on .,"present_progressive, object","1	you	_	_	_	_	2	reparandum	_	_
2	you	_	_	_	_	3	nsubj	_	_
3	sitting	_	_	_	_	0	root	_	_
4	on	_	_	_	_	3	obl	_	_
5	.	_	_	_	_	3	punct	_	_","1	you	_	PRON	PRP	_	3	nsubj	_	_
2	you	_	PRON	PRP	_	3	nsubj	_	_
3	sitting	_	VERB	VBG	_	0	root	_	_
4	on	_	ADP	IN	_	3	obl	_	_
5	.	_	PUNCT	.	_	3	punct	_	_",
a poorly there .,"verb, other","1	a	_	_	_	_	2	discourse	_	_
2	poorly	_	_	_	_	3	advmod	_	_
3	there	_	_	_	_	0	root	_	_
4	.	_	_	_	_	3	punct	_	_","1	a	_	DET	DT	_	3	det	_	_
2	poorly	_	ADV	RB	_	3	advmod	_	_
3	there	_	ADV	RB	_	0	root	_	_
4	.	_	PUNCT	.	_	3	punct	_	_",
don't want kiss it better .,"subject, tense_aspect","1	don't	_	_	_	_	2	aux	_	_
2	want	_	_	_	_	0	root	_	_
3	kiss	_	_	_	_	2	xcomp	_	_
4	it	_	_	_	_	3	obj	_	_
5	better	_	_	_	_	3	advmod	_	_
6	.	_	_	_	_	2	punct	_	_","1	do	_	AUX	VBP	_	3	aux	_	_
2	n't	_	PART	RB	_	3	advmod	_	_
3	want	_	VERB	VB	_	0	root	_	_
4	kiss	_	VERB	VB	_	3	xcomp	_	_
5	it	_	PRON	PRP	_	4	obj	_	_
6	better	_	ADJ	JJR	_	4	xcomp	_	_
7	.	_	PUNCT	.	_	3	punct	_	_",
mummy have another apple ?,sv_agreement,"1	mummy	_	_	_	_	2	vocative	_	_
2	have	_	_	_	_	0	root	_	_
3	another	_	_	_	_	4	det	_	_
4	apple	_	_	_	_	2	obj	_	_
5	?	_	_	_	_	2	punct	_	_","1	mummy	_	NOUN	NN	_	2	nsubj	_	_
2	have	_	VERB	VB	_	0	root	_	_
3	another	_	DET	DT	_	4	det	_	_
4	apple	_	NOUN	NN	_	2	obj	_	_
5	?	_	PUNCT	.	_	2	punct	_	_",
mummy get orange .,"sv_agreement, determiner","1	mummy	_	_	_	_	2	vocative	_	_
2	get	_	_	_	_	0	root	_	_
3	orange	_	_	_	_	2	obj	_	_
4	.	_	_	_	_	2	punct	_	_","1	mummy	_	NOUN	NN	_	2	nsubj	_	_
2	get	_	VERB	VB	_	0	root	_	_
3	orange	_	ADJ	JJ	_	2	xcomp	_	_
4	.	_	PUNCT	.	_	2	punct	_	_",
you go away because Jack want a come .,"sv_agreement, tense_aspect","1	you	_	_	_	_	2	nsubj	_	_
2	go	_	_	_	_	0	root	_	_
3	away	_	_	_	_	2	advmod	_	_
4	because	_	_	_	_	6	mark	_	_
5	Jack	_	_	_	_	6	nsubj	_	_
6	want	_	_	_	_	2	advcl	_	_
7	a	_	_	_	_	8	det	_	_
8	come	_	_	_	_	6	xcomp	_	_
9	.	_	_	_	_	2	punct	_	_","1	you	_	PRON	PRP	_	2	nsubj	_	_
2	go	_	VERB	VBP	_	0	root	_	_
3	away	_	ADV	RB	_	2	advmod	_	_
4	because	_	SCONJ	IN	_	6	mark	_	_
5	Jack	_	PROPN	NNP	_	6	nsubj	_	_
6	want	_	VERB	VBP	_	2	advcl	_	_
7	a	_	DET	DT	_	8	det	_	_
8	come	_	NOUN	NN	_	6	obj	_	_
9	.	_	PUNCT	.	_	2	punct	_	_",
"nothing have to come , Jack .",sv_agreement,"1	nothing	_	_	_	_	2	nsubj	_	_
2	have	_	_	_	_	0	root	_	_
3	to	_	_	_	_	4	mark	_	_
4	come	_	_	_	_	2	xcomp	_	_
5	,	_	_	_	_	2	vocative	_	_
6	Jack	_	_	_	_	2	vocative	_	_
7	.	_	_	_	_	2	punct	_	_","1	nothing	_	PRON	NN	_	2	nsubj	_	_
2	have	_	VERB	VBP	_	0	root	_	_
3	to	_	PART	TO	_	4	mark	_	_
4	come	_	VERB	VB	_	2	xcomp	_	_
5	,	_	PUNCT	,	_	6	punct	_	_
6	Jack	_	PROPN	NNP	_	4	vocative	_	_
7	.	_	PUNCT	.	_	2	punct	_	_",
"I'm sorry I made poo in my pants , I am .",object,"1	I'm	_	_	_	_	2	cop	_	_
2	sorry	_	_	_	_	0	root	_	_
3	I	_	_	_	_	4	nsubj	_	_
4	made	_	_	_	_	2	ccomp	_	_
5	poo	_	_	_	_	4	obj	_	_
6	in	_	_	_	_	8	case	_	_
7	my	_	_	_	_	8	nmod:poss	_	_
8	pants	_	_	_	_	4	obl	_	_
9	,	_	_	_	_	11	mark	_	_
10	I	_	_	_	_	11	nsubj	_	_
11	am	_	_	_	_	2	parataxis	_	_
12	.	_	_	_	_	2	punct	_	_","1	I	_	PRON	PRP	_	3	nsubj	_	_
2	'm	_	AUX	VBP	_	3	cop	_	_
3	sorry	_	ADJ	JJ	_	0	root	_	_
4	I	_	PRON	PRP	_	5	nsubj	_	_
5	made	_	VERB	VBD	_	3	ccomp	_	_
6	poo	_	NOUN	NN	_	5	obj	_	_
7	in	_	ADP	IN	_	9	case	_	_
8	my	_	PRON	PRP$	_	9	nmod:poss	_	_
9	pants	_	NOUN	NNS	_	5	obl	_	_
10	,	_	PUNCT	,	_	12	punct	_	_
11	I	_	PRON	PRP	_	12	nsubj	_	_
12	am	_	AUX	VBP	_	3	parataxis	_	_
13	.	_	PUNCT	.	_	3	punct	_	_",
which house she go to ?,auxiliary,"1	which	_	_	_	_	2	det	_	_
2	house	_	_	_	_	4	obl	_	_
3	she	_	_	_	_	4	nsubj	_	_
4	go	_	_	_	_	0	root	_	_
5	to	_	_	_	_	2	case	_	_
6	?	_	_	_	_	4	punct	_	_","1	which	_	DET	WDT	_	2	det	_	_
2	house	_	NOUN	NN	_	4	obj	_	_
3	she	_	PRON	PRP	_	4	nsubj	_	_
4	go	_	VERB	VB	_	0	root	_	_
5	to	_	ADP	IN	_	4	obl	_	_
6	?	_	PUNCT	.	_	4	punct	_	_",
if I put my finger in your eye then it hurt and you go doctor's .,"tense_aspect, preposition","1	if	_	_	_	_	3	mark	_	_
2	I	_	_	_	_	3	nsubj	_	_
3	put	_	_	_	_	11	advcl	_	_
4	my	_	_	_	_	5	nmod:poss	_	_
5	finger	_	_	_	_	3	obj	_	_
6	in	_	_	_	_	8	case	_	_
7	your	_	_	_	_	8	nmod:poss	_	_
8	eye	_	_	_	_	3	obl	_	_
9	then	_	_	_	_	11	advmod	_	_
10	it	_	_	_	_	11	nsubj	_	_
11	hurt	_	_	_	_	0	root	_	_
12	and	_	_	_	_	14	cc	_	_
13	you	_	_	_	_	14	nsubj	_	_
14	go	_	_	_	_	11	conj	_	_
15	doctor's	_	_	_	_	14	obl	_	_
16	.	_	_	_	_	11	punct	_	_","1	if	_	SCONJ	IN	_	3	mark	_	_
2	I	_	PRON	PRP	_	3	nsubj	_	_
3	put	_	VERB	VBD	_	11	advcl	_	_
4	my	_	PRON	PRP$	_	5	nmod:poss	_	_
5	finger	_	NOUN	NN	_	3	obj	_	_
6	in	_	ADP	IN	_	8	case	_	_
7	your	_	PRON	PRP$	_	8	nmod:poss	_	_
8	eye	_	NOUN	NN	_	3	obl	_	_
9	then	_	ADV	RB	_	11	advmod	_	_
10	it	_	PRON	PRP	_	11	nsubj	_	_
11	hurt	_	VERB	VBD	_	0	root	_	_
12	and	_	CCONJ	CC	_	14	cc	_	_
13	you	_	PRON	PRP	_	14	nsubj	_	_
14	go	_	VERB	VBP	_	11	conj	_	_
15	doctor	_	NOUN	NN	_	14	obj	_	_
16	's	_	PART	POS	_	15	case	_	_
17	.	_	PUNCT	.	_	11	punct	_	_",
there's hat .,determiner,"1	there's	_	_	_	_	0	root	_	_
2	hat	_	_	_	_	1	nsubj	_	_
3	.	_	_	_	_	1	punct	_	_","1	there	_	PRON	EX	_	2	expl	_	_
2	's	_	VERB	VBZ	_	0	root	_	_
3	hat	_	NOUN	NN	_	2	nsubj	_	_
4	.	_	PUNCT	.	_	2	punct	_	_",
oh what's these ?,sv_agreement,"1	oh	_	_	_	_	2	discourse	_	_
2	what's	_	_	_	_	0	root	_	_
3	these	_	_	_	_	2	nsubj	_	_
4	?	_	_	_	_	2	punct	_	_","1	oh	_	INTJ	UH	_	2	discourse	_	_
2	what	_	PRON	WP	_	0	root	_	_
3	's	_	AUX	VBZ	_	4	cop	_	_
4	these	_	PRON	DT	_	2	nsubj	_	_
5	?	_	PUNCT	.	_	2	punct	_	_",
shoe shoe shoe shoe shoe .,determiner,"1	shoe	_	_	_	_	0	root	_	_
2	shoe	_	_	_	_	1	conj	_	_
3	shoe	_	_	_	_	1	conj	_	_
4	shoe	_	_	_	_	1	conj	_	_
5	shoe	_	_	_	_	1	conj	_	_
6	.	_	_	_	_	1	punct	_	_","1	shoe	_	NOUN	NN	_	2	compound	_	_
2	shoe	_	NOUN	NN	_	3	compound	_	_
3	shoe	_	NOUN	NN	_	4	compound	_	_
4	shoe	_	NOUN	NN	_	5	compound	_	_
5	shoe	_	NOUN	NN	_	0	root	_	_
6	.	_	PUNCT	.	_	5	punct	_	_","1	Shoe	shoe	NOUN	NN	_	0	root	0:root	_
2	shoe	shoe	NOUN	NN	_	1	conj	1:conj	_
3	shoe	shoe	NOUN	NN	_	1	conj	1:conj	_
4	shoe	shoe	NOUN	NN	_	1	conj	1:conj	_
5	shoe	shoe	NOUN	NN	_	1	conj	1:conj	SpaceAfter=No
6	.	.	PUNCT	.	_	1	punct	1:punct	_
"
watch strap .,determiner,"1	watch	_	_	_	_	2	compound	_	_
2	strap	_	_	_	_	0	root	_	_
3	.	_	_	_	_	2	punct	_	_","1	watch	_	VERB	VB	_	0	root	_	_
2	strap	_	NOUN	NN	_	1	obj	_	_
3	.	_	PUNCT	.	_	1	punct	_	_","1	Watch	watch	VERB	VB	_	2	compound	2:compound	_
2	strap	strap	NOUN	NN	_	0	root	0:root	SpaceAfter=No
3	.	.	PUNCT	.	_	2	punct	2:punct	_
"
poo nice .,"determiner, verb","1	poo	_	_	_	_	2	nsubj	_	_
2	nice	_	_	_	_	0	root	_	_
3	.	_	_	_	_	2	punct	_	_","1	poo	_	VERB	VB	_	0	root	_	_
2	nice	_	ADJ	JJ	_	1	xcomp	_	_
3	.	_	PUNCT	.	_	1	punct	_	_","1	Poo	poo	NOUN	NN	_	2	nsubj	2:nsubj	_
2	nice	nice	ADJ	JJ	_	0	root	0:root	SpaceAfter=No
3	.	.	PUNCT	.	_	2	punct	2:punct	_
"
poo nice .,"determiner, verb","1	poo	_	_	_	_	2	nsubj	_	_
2	nice	_	_	_	_	0	root	_	_
3	.	_	_	_	_	2	punct	_	_","1	poo	_	VERB	VB	_	0	root	_	_
2	nice	_	ADJ	JJ	_	1	xcomp	_	_
3	.	_	PUNCT	.	_	1	punct	_	_","1	Poo	poo	NOUN	NN	_	2	nsubj	2:nsubj	_
2	nice	nice	ADJ	JJ	_	0	root	0:root	SpaceAfter=No
3	.	.	PUNCT	.	_	2	punct	2:punct	_
"
poo nice .,"determiner, verb","1	poo	_	_	_	_	2	nsubj	_	_
2	nice	_	_	_	_	0	root	_	_
3	.	_	_	_	_	2	punct	_	_","1	poo	_	VERB	VB	_	0	root	_	_
2	nice	_	ADJ	JJ	_	1	xcomp	_	_
3	.	_	PUNCT	.	_	1	punct	_	_","1	Poo	poo	NOUN	NN	_	2	nsubj	2:nsubj	_
2	nice	nice	ADJ	JJ	_	0	root	0:root	SpaceAfter=No
3	.	.	PUNCT	.	_	2	punct	2:punct	_
"
Dadda chair .,possessive,"1	Dadda	_	_	_	_	2	nmod:poss	_	_
2	chair	_	_	_	_	0	root	_	_
3	.	_	_	_	_	2	punct	_	_","1	Dadda	_	PROPN	NNP	_	2	compound	_	_
2	chair	_	NOUN	NN	_	0	root	_	_
3	.	_	PUNCT	.	_	2	punct	_	_","1	Dadda	Dadda	PROPN	NNP	_	2	nmod:poss	2:nmod:poss	_
2	chair	chair	NOUN	NN	_	0	root	0:root	SpaceAfter=No
3	.	.	PUNCT	.	_	2	punct	2:punct	_
"
mess two .,"subject, verb, other","1	mess	_	_	_	_	0	root	_	_
2	two	_	_	_	_	1	nummod	_	_
3	.	_	_	_	_	1	punct	_	_","1	mess	_	VERB	VB	_	0	root	_	_
2	two	_	NUM	CD	_	1	obj	_	_
3	.	_	PUNCT	.	_	1	punct	_	_",
because the dog .,preposition,"1	because	_	_	_	_	3	mark	_	_
2	the	_	_	_	_	3	det	_	_
3	dog	_	_	_	_	0	root	_	_
4	.	_	_	_	_	3	punct	_	_","1	because	_	ADP	IN	_	3	case	_	_
2	the	_	DET	DT	_	3	det	_	_
3	dog	_	NOUN	NN	_	0	root	_	_
4	.	_	PUNCT	.	_	3	punct	_	_",
because the dog .,preposition,"1	because	_	_	_	_	3	mark	_	_
2	the	_	_	_	_	3	det	_	_
3	dog	_	_	_	_	0	root	_	_
4	.	_	_	_	_	3	punct	_	_","1	because	_	ADP	IN	_	3	case	_	_
2	the	_	DET	DT	_	3	det	_	_
3	dog	_	NOUN	NN	_	0	root	_	_
4	.	_	PUNCT	.	_	3	punct	_	_",
what that ?,verb,"1	what	_	_	_	_	0	root	_	_
2	that	_	_	_	_	1	nsubj	_	_
3	?	_	_	_	_	1	punct	_	_","1	what	_	DET	WDT	_	2	det:predet	_	_
2	that	_	PRON	DT	_	0	root	_	_
3	?	_	PUNCT	.	_	2	punct	_	_","1	What	what	DET	WDT	_	0	root	0:root	_
2	that	that	PRON	DT	_	1	nsubj	1:nsubj	SpaceAfter=No
3	?	?	PUNCT	.	_	1	punct	1:punct	_
"
now what we should make ?,auxiliary,"1	now	_	_	_	_	5	advmod	_	_
2	what	_	_	_	_	5	obj	_	_
3	we	_	_	_	_	5	nsubj	_	_
4	should	_	_	_	_	5	aux	_	_
5	make	_	_	_	_	0	root	_	_
6	?	_	_	_	_	5	punct	_	_","1	now	_	ADV	RB	_	2	advmod	_	_
2	what	_	PRON	WP	_	0	root	_	_
3	we	_	PRON	PRP	_	5	nsubj	_	_
4	should	_	AUX	MD	_	5	aux	_	_
5	make	_	VERB	VB	_	2	acl:relcl	_	_
6	?	_	PUNCT	.	_	2	punct	_	_",
now what we should make ?,auxiliary,"1	now	_	_	_	_	5	advmod	_	_
2	what	_	_	_	_	5	obj	_	_
3	we	_	_	_	_	5	nsubj	_	_
4	should	_	_	_	_	5	aux	_	_
5	make	_	_	_	_	0	root	_	_
6	?	_	_	_	_	5	punct	_	_","1	now	_	ADV	RB	_	2	advmod	_	_
2	what	_	PRON	WP	_	0	root	_	_
3	we	_	PRON	PRP	_	5	nsubj	_	_
4	should	_	AUX	MD	_	5	aux	_	_
5	make	_	VERB	VB	_	2	acl:relcl	_	_
6	?	_	PUNCT	.	_	2	punct	_	_",
yup and made play dough .,subject,"1	yup	_	_	_	_	3	discourse	_	_
2	and	_	_	_	_	3	cc	_	_
3	made	_	_	_	_	0	root	_	_
4	play	_	_	_	_	5	compound	_	_
5	dough	_	_	_	_	3	obj	_	_
6	.	_	_	_	_	3	punct	_	_","1	yup	_	INTJ	UH	_	3	discourse	_	_
2	and	_	CCONJ	CC	_	3	cc	_	_
3	made	_	VERB	VBN	_	0	root	_	_
4	play	_	VERB	VB	_	3	xcomp	_	_
5	dough	_	NOUN	NN	_	4	obj	_	_
6	.	_	PUNCT	.	_	3	punct	_	_",
on a on a guitar pluck .,other,"1	on	_	_	_	_	2	case	_	_
2	a	_	_	_	_	3	reparandum	_	_
3	on	_	_	_	_	6	case	_	_
4	a	_	_	_	_	6	det	_	_
5	guitar	_	_	_	_	6	compound	_	_
6	pluck	_	_	_	_	0	root	_	_
7	.	_	_	_	_	6	punct	_	_","1	on	_	ADP	IN	_	6	case	_	_
2	a	_	DET	DT	_	6	det	_	_
3	on	_	ADP	IN	_	6	case	_	_
4	a	_	DET	DT	_	6	det	_	_
5	guitar	_	NOUN	NN	_	6	compound	_	_
6	pluck	_	NOUN	NN	_	0	root	_	_
7	.	_	PUNCT	.	_	6	punct	_	_",
is dog ?,"subject, determiner","1	is	_	_	_	_	0	root	_	_
2	dog	_	_	_	_	1	nsubj	_	_
3	?	_	_	_	_	1	punct	_	_","1	is	_	AUX	VBZ	_	2	cop	_	_
2	dog	_	NOUN	NN	_	0	root	_	_
3	?	_	PUNCT	.	_	2	punct	_	_",
I wanna .,object,"1	I	_	_	_	_	2	nsubj	_	_
2	wanna	_	_	_	_	0	root	_	_
3	.	_	_	_	_	2	punct	_	_","1	I	_	PRON	PRP	_	2	nsubj	_	_
2	wan	_	VERB	VBP	_	0	root	_	_
3	na	_	PART	TO	_	2	xcomp	_	_
4	.	_	PUNCT	.	_	2	punct	_	_",
elephant's eating the peas .,determiner,"1	elephant's	_	_	_	_	2	nsubj	_	_
2	eating	_	_	_	_	0	root	_	_
3	the	_	_	_	_	4	det	_	_
4	peas	_	_	_	_	2	obj	_	_
5	.	_	_	_	_	2	punct	_	_","1	elephant	_	NOUN	NN	_	3	nsubj	_	_
2	's	_	AUX	VBZ	_	3	aux	_	_
3	eating	_	VERB	VBG	_	0	root	_	_
4	the	_	DET	DT	_	5	det	_	_
5	peas	_	NOUN	NNS	_	3	obj	_	_
6	.	_	PUNCT	.	_	3	punct	_	_",
that for peanut for him .,"verb, determiner","1	that	_	_	_	_	3	nsubj	_	_
2	for	_	_	_	_	3	case	_	_
3	peanut	_	_	_	_	0	root	_	_
4	for	_	_	_	_	5	case	_	_
5	him	_	_	_	_	3	nmod	_	_
6	.	_	_	_	_	3	punct	_	_","1	that	_	PRON	DT	_	0	root	_	_
2	for	_	ADP	IN	_	3	case	_	_
3	peanut	_	NOUN	NN	_	1	nmod	_	_
4	for	_	ADP	IN	_	5	case	_	_
5	him	_	PRON	PRP	_	1	nmod	_	_
6	.	_	PUNCT	.	_	1	punct	_	_",
that peanuts .,"verb, plural","1	that	_	_	_	_	2	nsubj	_	_
2	peanuts	_	_	_	_	0	root	_	_
3	.	_	_	_	_	2	punct	_	_","1	that	_	DET	DT	_	2	det	_	_
2	peanuts	_	NOUN	NNS	_	0	root	_	_
3	.	_	PUNCT	.	_	2	punct	_	_",
not play dough .,"subject, verb","1	not	_	_	_	_	3	advmod	_	_
2	play	_	_	_	_	3	compound	_	_
3	dough	_	_	_	_	0	root	_	_
4	.	_	_	_	_	3	punct	_	_","1	not	_	PART	RB	_	2	advmod	_	_
2	play	_	VERB	VB	_	0	root	_	_
3	dough	_	NOUN	NN	_	2	obj	_	_
4	.	_	PUNCT	.	_	2	punct	_	_",
brown they are .,other,"1	brown	_	_	_	_	0	root	_	_
2	they	_	_	_	_	1	nsubj	_	_
3	are	_	_	_	_	1	cop	_	_
4	.	_	_	_	_	1	punct	_	_","1	brown	_	ADJ	JJ	_	0	root	_	_
2	they	_	PRON	PRP	_	3	nsubj	_	_
3	are	_	AUX	VBP	_	1	cop	_	_
4	.	_	PUNCT	.	_	1	punct	_	_",
got lot of play dough Mommy .,"subject, determiner","1	got	_	_	_	_	0	root	_	_
2	lot	_	_	_	_	1	obj	_	_
3	of	_	_	_	_	5	case	_	_
4	play	_	_	_	_	5	compound	_	_
5	dough	_	_	_	_	2	nmod	_	_
6	Mommy	_	_	_	_	1	vocative	_	_
7	.	_	_	_	_	1	punct	_	_","1	got	_	VERB	VBD	_	0	root	_	_
2	lot	_	NOUN	NN	_	1	obj	_	_
3	of	_	ADP	IN	_	5	case	_	_
4	play	_	NOUN	NN	_	5	compound	_	_
5	dough	_	NOUN	NN	_	2	nmod	_	_
6	Mommy	_	PROPN	NNP	_	5	flat	_	_
7	.	_	PUNCT	.	_	1	punct	_	_",
where's my little play dough Mommy ?,other,"1	where's	_	_	_	_	0	root	_	_
2	my	_	_	_	_	5	nmod:poss	_	_
3	little	_	_	_	_	5	amod	_	_
4	play	_	_	_	_	5	compound	_	_
5	dough	_	_	_	_	1	nsubj	_	_
6	Mommy	_	_	_	_	1	vocative	_	_
7	?	_	_	_	_	1	punct	_	_","1	where	_	ADV	WRB	_	0	root	_	_
2	's	_	AUX	VBZ	_	1	cop	_	_
3	my	_	PRON	PRP$	_	6	nmod:poss	_	_
4	little	_	ADJ	JJ	_	6	amod	_	_
5	play	_	NOUN	NN	_	6	compound	_	_
6	dough	_	NOUN	NN	_	1	nsubj	_	_
7	Mommy	_	PROPN	NNP	_	6	vocative	_	_
8	?	_	PUNCT	.	_	1	punct	_	_",
this this a fish on my tummy .,verb,"1	this	_	_	_	_	2	reparandum	_	_
2	this	_	_	_	_	4	nsubj	_	_
3	a	_	_	_	_	4	det	_	_
4	fish	_	_	_	_	0	root	_	_
5	on	_	_	_	_	7	case	_	_
6	my	_	_	_	_	7	nmod:poss	_	_
7	tummy	_	_	_	_	4	nmod	_	_
8	.	_	_	_	_	4	punct	_	_","1	this	_	PRON	DT	_	4	nsubj	_	_
2	this	_	PRON	DT	_	4	nsubj	_	_
3	a	_	DET	DT	_	4	det	_	_
4	fish	_	NOUN	NN	_	0	root	_	_
5	on	_	ADP	IN	_	7	case	_	_
6	my	_	PRON	PRP$	_	7	nmod:poss	_	_
7	tummy	_	NOUN	NN	_	4	nmod	_	_
8	.	_	PUNCT	.	_	4	punct	_	_",
that's to my fingers .,preposition,"1	that's	_	_	_	_	4	nsubj	_	_
2	to	_	_	_	_	4	case	_	_
3	my	_	_	_	_	4	nmod:poss	_	_
4	fingers	_	_	_	_	0	root	_	_
5	.	_	_	_	_	4	punct	_	_","1	that	_	PRON	DT	_	5	nsubj	_	_
2	's	_	AUX	VBZ	_	5	cop	_	_
3	to	_	ADP	IN	_	5	case	_	_
4	my	_	PRON	PRP$	_	5	nmod:poss	_	_
5	fingers	_	NOUN	NNS	_	0	root	_	_
6	.	_	PUNCT	.	_	5	punct	_	_",
oh lookat lookat lookat .,object,"1	oh	_	_	_	_	2	discourse	_	_
2	lookat	_	_	_	_	0	root	_	_
3	lookat	_	_	_	_	2	conj	_	_
4	lookat	_	_	_	_	2	conj	_	_
5	.	_	_	_	_	2	punct	_	_","1	oh	_	INTJ	UH	_	4	discourse	_	_
2	lookat	_	INTJ	UH	_	4	discourse	_	_
3	lookat	_	PROPN	NNP	_	4	compound	_	_
4	lookat	_	NOUN	NN	_	0	root	_	_
5	.	_	PUNCT	.	_	4	punct	_	_",
let's a sandwich .,verb,"1	let's	_	_	_	_	0	root	_	_
2	a	_	_	_	_	3	det	_	_
3	sandwich	_	_	_	_	1	obj	_	_
4	.	_	_	_	_	1	punct	_	_","1	let	_	VERB	VB	_	0	root	_	_
2	's	_	PRON	PRP	_	1	iobj	_	_
3	a	_	DET	DT	_	4	det	_	_
4	sandwich	_	NOUN	NN	_	1	xcomp	_	_
5	.	_	PUNCT	.	_	1	punct	_	_",
eat it all up .,"verb, tense_aspect","1	eat	_	_	_	_	0	root	_	_
2	it	_	_	_	_	1	obj	_	_
3	all	_	_	_	_	4	advmod	_	_
4	up	_	_	_	_	1	compound:prt	_	_
5	.	_	_	_	_	1	punct	_	_","1	eat	_	VERB	VB	_	0	root	_	_
2	it	_	PRON	PRP	_	1	obj	_	_
3	all	_	DET	DT	_	4	det	_	_
4	up	_	ADP	RP	_	1	compound:prt	_	_
5	.	_	PUNCT	.	_	1	punct	_	_","1	Eat	eat	VERB	VB	_	0	root	0:root	_
2	it	it	PRON	PRP	_	1	obj	1:obj	_
3	all	all	ADV	DT	_	4	advmod	4:advmod	_
4	up	up	ADV	RP	_	1	advmod	1:advmod	SpaceAfter=No
5	?	?	PUNCT	.	_	1	punct	1:punct	_
"
is broken .,subject,"1	is	_	_	_	_	2	cop	_	_
2	broken	_	_	_	_	0	root	_	_
3	.	_	_	_	_	2	punct	_	_","1	is	_	AUX	VBZ	_	2	aux:pass	_	_
2	broken	_	VERB	VBN	_	0	root	_	_
3	.	_	PUNCT	.	_	2	punct	_	_",
I'm going to .,verb,"1	I'm	_	_	_	_	2	nsubj	_	_
2	going	_	_	_	_	0	root	_	_
3	to	_	_	_	_	2	xcomp	_	_
4	.	_	_	_	_	2	punct	_	_","1	I	_	PRON	PRP	_	3	nsubj	_	_
2	'm	_	AUX	VBP	_	3	aux	_	_
3	going	_	VERB	VBG	_	0	root	_	_
4	to	_	PART	TO	_	3	xcomp	_	_
5	.	_	PUNCT	.	_	3	punct	_	_",
said yes .,subject,"1	said	_	_	_	_	0	root	_	_
2	yes	_	_	_	_	1	obj	_	_
3	.	_	_	_	_	1	punct	_	_","1	said	_	VERB	VBD	_	0	root	_	_
2	yes	_	INTJ	UH	_	1	discourse	_	_
3	.	_	PUNCT	.	_	1	punct	_	_",
I wanna .,verb,"1	I	_	_	_	_	2	nsubj	_	_
2	wanna	_	_	_	_	0	root	_	_
3	.	_	_	_	_	2	punct	_	_","1	I	_	PRON	PRP	_	2	nsubj	_	_
2	wan	_	VERB	VBP	_	0	root	_	_
3	na	_	PART	TO	_	2	xcomp	_	_
4	.	_	PUNCT	.	_	2	punct	_	_",
and this is a big right here .,object,"1	and	_	_	_	_	5	cc	_	_
2	this	_	_	_	_	5	nsubj	_	_
3	is	_	_	_	_	5	cop	_	_
4	a	_	_	_	_	5	det	_	_
5	big	_	_	_	_	0	root	_	_
6	right	_	_	_	_	7	advmod	_	_
7	here	_	_	_	_	5	advmod	_	_
8	.	_	_	_	_	5	punct	_	_","1	and	_	CCONJ	CC	_	6	cc	_	_
2	this	_	PRON	DT	_	6	nsubj	_	_
3	is	_	AUX	VBZ	_	6	cop	_	_
4	a	_	DET	DT	_	6	det	_	_
5	big	_	ADJ	JJ	_	6	amod	_	_
6	right	_	NOUN	NN	_	0	root	_	_
7	here	_	ADV	RB	_	6	advmod	_	_
8	.	_	PUNCT	.	_	6	punct	_	_",
is a little .,"subject, object","1	is	_	_	_	_	0	root	_	_
2	a	_	_	_	_	3	det	_	_
3	little	_	_	_	_	1	advmod	_	_
4	.	_	_	_	_	1	punct	_	_","1	is	_	AUX	VBZ	_	3	cop	_	_
2	a	_	DET	DT	_	3	det	_	_
3	little	_	ADJ	JJ	_	0	root	_	_
4	.	_	PUNCT	.	_	3	punct	_	_",
tomatoes squash spaghetti for you eat .,preposition,"1	tomatoes	_	_	_	_	0	root	_	_
2	squash	_	_	_	_	1	conj	_	_
3	spaghetti	_	_	_	_	1	conj	_	_
4	for	_	_	_	_	5	case	_	_
5	you	_	_	_	_	6	obl	_	_
6	eat	_	_	_	_	1	parataxis	_	_
7	.	_	_	_	_	1	punct	_	_","1	tomatoes	_	NOUN	NNS	_	2	nsubj	_	_
2	squash	_	VERB	VBP	_	0	root	_	_
3	spaghetti	_	NOUN	NN	_	2	obj	_	_
4	for	_	ADP	IN	_	6	mark	_	_
5	you	_	PRON	PRP	_	6	nsubj	_	_
6	eat	_	VERB	VBP	_	2	advcl	_	_
7	.	_	PUNCT	.	_	2	punct	_	_",
here's coming .,other,"1	here's	_	_	_	_	2	advmod	_	_
2	coming	_	_	_	_	0	root	_	_
3	.	_	_	_	_	2	punct	_	_","1	here	_	ADV	RB	_	0	root	_	_
2	's	_	AUX	VBZ	_	3	aux	_	_
3	coming	_	VERB	VBG	_	1	nsubj	_	_
4	.	_	PUNCT	.	_	1	punct	_	_",
here is coming .,other,"1	here	_	_	_	_	3	advmod	_	_
2	is	_	_	_	_	3	aux	_	_
3	coming	_	_	_	_	0	root	_	_
4	.	_	_	_	_	3	punct	_	_","1	here	_	ADV	RB	_	0	root	_	_
2	is	_	AUX	VBZ	_	3	aux	_	_
3	coming	_	VERB	VBG	_	1	nsubj	_	_
4	.	_	PUNCT	.	_	1	punct	_	_",
where's little plates ?,"determiner, sv_agreement","1	where's	_	_	_	_	0	root	_	_
2	little	_	_	_	_	3	amod	_	_
3	plates	_	_	_	_	1	nsubj	_	_
4	?	_	_	_	_	1	punct	_	_","1	where	_	ADV	WRB	_	0	root	_	_
2	's	_	AUX	VBZ	_	1	cop	_	_
3	little	_	ADJ	JJ	_	4	amod	_	_
4	plates	_	NOUN	NNS	_	1	nsubj	_	_
5	?	_	PUNCT	.	_	1	punct	_	_",
where's these plates ?,sv_agreement,"1	where's	_	_	_	_	0	root	_	_
2	these	_	_	_	_	3	det	_	_
3	plates	_	_	_	_	1	nsubj	_	_
4	?	_	_	_	_	1	punct	_	_","1	where	_	ADV	WRB	_	0	root	_	_
2	's	_	AUX	VBZ	_	1	cop	_	_
3	these	_	DET	DT	_	4	det	_	_
4	plates	_	NOUN	NNS	_	1	nsubj	_	_
5	?	_	PUNCT	.	_	1	punct	_	_",
here his is .,object,"1	here	_	_	_	_	0	root	_	_
2	his	_	_	_	_	1	nsubj	_	_
3	is	_	_	_	_	1	cop	_	_
4	.	_	_	_	_	1	punct	_	_","1	here	_	ADV	RB	_	0	root	_	_
2	his	_	PRON	PRP	_	3	nsubj	_	_
3	is	_	AUX	VBZ	_	1	cop	_	_
4	.	_	PUNCT	.	_	1	punct	_	_",
here tickling .,other,"1	here	_	_	_	_	2	advmod	_	_
2	tickling	_	_	_	_	0	root	_	_
3	.	_	_	_	_	2	punct	_	_","1	here	_	ADV	RB	_	0	root	_	_
2	tickling	_	VERB	VBG	_	1	acl	_	_
3	.	_	PUNCT	.	_	1	punct	_	_",
I want a little pot cook your food .,tense_aspect,"1	I	_	_	_	_	2	nsubj	_	_
2	want	_	_	_	_	0	root	_	_
3	a	_	_	_	_	5	det	_	_
4	little	_	_	_	_	5	amod	_	_
5	pot	_	_	_	_	2	obj	_	_
6	cook	_	_	_	_	2	parataxis	_	_
7	your	_	_	_	_	8	nmod:poss	_	_
8	food	_	_	_	_	6	obj	_	_
9	.	_	_	_	_	2	punct	_	_","1	I	_	PRON	PRP	_	2	nsubj	_	_
2	want	_	VERB	VBP	_	0	root	_	_
3	a	_	DET	DT	_	5	det	_	_
4	little	_	ADJ	JJ	_	5	amod	_	_
5	pot	_	NOUN	NN	_	2	obj	_	_
6	cook	_	VERB	VB	_	2	xcomp	_	_
7	your	_	PRON	PRP$	_	8	nmod:poss	_	_
8	food	_	NOUN	NN	_	6	obj	_	_
9	.	_	PUNCT	.	_	2	punct	_	_",
it's going to go on the oven .,preposition,"1	it's	_	_	_	_	2	nsubj	_	_
2	going	_	_	_	_	0	root	_	_
3	to	_	_	_	_	4	mark	_	_
4	go	_	_	_	_	2	xcomp	_	_
5	on	_	_	_	_	7	case	_	_
6	the	_	_	_	_	7	det	_	_
7	oven	_	_	_	_	4	obl	_	_
8	.	_	_	_	_	2	punct	_	_","1	it	_	PRON	PRP	_	3	nsubj	_	_
2	's	_	AUX	VBZ	_	3	aux	_	_
3	going	_	VERB	VBG	_	0	root	_	_
4	to	_	PART	TO	_	5	mark	_	_
5	go	_	VERB	VB	_	3	xcomp	_	_
6	on	_	ADP	IN	_	8	case	_	_
7	the	_	DET	DT	_	8	det	_	_
8	oven	_	NOUN	NN	_	5	obl	_	_
9	.	_	PUNCT	.	_	3	punct	_	_",
you your hands because you're a baby .,verb,"1	you	_	_	_	_	2	reparandum	_	_
2	your	_	_	_	_	3	nmod:poss	_	_
3	hands	_	_	_	_	0	root	_	_
4	because	_	_	_	_	7	mark	_	_
5	you're	_	_	_	_	7	cop	_	_
6	a	_	_	_	_	7	det	_	_
7	baby	_	_	_	_	3	advcl	_	_
8	.	_	_	_	_	3	punct	_	_","1	you	_	PRON	PRP	_	3	nsubj	_	_
2	your	_	PRON	PRP$	_	3	nmod:poss	_	_
3	hands	_	NOUN	NNS	_	0	root	_	_
4	because	_	SCONJ	IN	_	8	mark	_	_
5	you	_	PRON	PRP	_	8	nsubj	_	_
6	're	_	AUX	VBP	_	8	cop	_	_
7	a	_	DET	DT	_	8	det	_	_
8	baby	_	NOUN	NN	_	3	advcl	_	_
9	.	_	PUNCT	.	_	3	punct	_	_",
let he sit down look at food till it's ready okay ?,"preposition, determiner","1	let	_	_	_	_	0	root	_	_
2	he	_	_	_	_	1	obj	_	_
3	sit	_	_	_	_	1	xcomp	_	_
4	down	_	_	_	_	3	compound:prt	_	_
5	look	_	_	_	_	1	parataxis	_	_
6	at	_	_	_	_	7	case	_	_
7	food	_	_	_	_	5	obl	_	_
8	till	_	_	_	_	10	mark	_	_
9	it's	_	_	_	_	10	nsubj	_	_
10	ready	_	_	_	_	5	advcl	_	_
11	okay	_	_	_	_	1	discourse	_	_
12	?	_	_	_	_	1	punct	_	_","1	let	_	VERB	VB	_	0	root	_	_
2	he	_	PRON	PRP	_	1	obj	_	_
3	sit	_	VERB	VB	_	1	xcomp	_	_
4	down	_	ADP	RP	_	3	compound:prt	_	_
5	look	_	VERB	VB	_	3	xcomp	_	_
6	at	_	ADP	IN	_	7	case	_	_
7	food	_	NOUN	NN	_	5	obl	_	_
8	till	_	SCONJ	IN	_	11	mark	_	_
9	it	_	PRON	PRP	_	11	nsubj	_	_
10	's	_	AUX	VBZ	_	11	cop	_	_
11	ready	_	ADJ	JJ	_	5	advcl	_	_
12	okay	_	ADJ	JJ	_	11	xcomp	_	_
13	?	_	PUNCT	.	_	1	punct	_	_",
let's make a play dough .,determiner,"1	let's	_	_	_	_	0	root	_	_
2	make	_	_	_	_	1	xcomp	_	_
3	a	_	_	_	_	5	det	_	_
4	play	_	_	_	_	5	compound	_	_
5	dough	_	_	_	_	2	obj	_	_
6	.	_	_	_	_	1	punct	_	_","1	let	_	VERB	VB	_	0	root	_	_
2	's	_	PRON	PRP	_	1	obj	_	_
3	make	_	VERB	VB	_	1	xcomp	_	_
4	a	_	DET	DT	_	6	det	_	_
5	play	_	NOUN	NN	_	6	compound	_	_
6	dough	_	NOUN	NN	_	3	obj	_	_
7	.	_	PUNCT	.	_	1	punct	_	_",
oh okay then I could their play dough .,verb,"1	oh	_	_	_	_	5	discourse	_	_
2	okay	_	_	_	_	5	discourse	_	_
3	then	_	_	_	_	5	advmod	_	_
4	I	_	_	_	_	5	nsubj	_	_
5	could	_	_	_	_	0	root	_	_
6	their	_	_	_	_	8	nmod:poss	_	_
7	play	_	_	_	_	8	compound	_	_
8	dough	_	_	_	_	5	obj	_	_
9	.	_	_	_	_	5	punct	_	_","1	oh	_	INTJ	UH	_	7	discourse	_	_
2	okay	_	INTJ	UH	_	7	discourse	_	_
3	then	_	ADV	RB	_	7	advmod	_	_
4	I	_	PRON	PRP	_	7	nsubj	_	_
5	could	_	AUX	MD	_	7	aux	_	_
6	their	_	PRON	PRP$	_	7	nmod:poss	_	_
7	play	_	VERB	VB	_	0	root	_	_
8	dough	_	NOUN	NN	_	7	obj	_	_
9	.	_	PUNCT	.	_	7	punct	_	_",
Gumpy dress .,possessive,"1	Gumpy	_	_	_	_	2	amod	_	_
2	dress	_	_	_	_	0	root	_	_
3	.	_	_	_	_	2	punct	_	_","1	Gumpy	_	PROPN	NNP	_	2	compound	_	_
2	dress	_	NOUN	NN	_	0	root	_	_
3	.	_	PUNCT	.	_	2	punct	_	_",
have to go out out in the living room for a little while .,subject,"1	have	_	_	_	_	0	root	_	_
2	to	_	_	_	_	3	mark	_	_
3	go	_	_	_	_	1	xcomp	_	_
4	out	_	_	_	_	5	reparandum	_	_
5	out	_	_	_	_	3	advmod	_	_
6	in	_	_	_	_	9	case	_	_
7	the	_	_	_	_	9	det	_	_
8	living	_	_	_	_	9	compound	_	_
9	room	_	_	_	_	3	obl	_	_
10	for	_	_	_	_	13	case	_	_
11	a	_	_	_	_	13	det	_	_
12	little	_	_	_	_	13	amod	_	_
13	while	_	_	_	_	3	obl	_	_
14	.	_	_	_	_	1	punct	_	_","1	have	_	VERB	VB	_	0	root	_	_
2	to	_	PART	TO	_	3	mark	_	_
3	go	_	VERB	VB	_	1	xcomp	_	_
4	out	_	ADV	RB	_	3	advmod	_	_
5	out	_	ADV	RB	_	3	advmod	_	_
6	in	_	ADP	IN	_	9	case	_	_
7	the	_	DET	DT	_	9	det	_	_
8	living	_	NOUN	NN	_	9	compound	_	_
9	room	_	NOUN	NN	_	3	obl	_	_
10	for	_	ADP	IN	_	13	case	_	_
11	a	_	DET	DT	_	13	det	_	_
12	little	_	ADJ	JJ	_	13	amod	_	_
13	while	_	NOUN	NN	_	3	obl	_	_
14	.	_	PUNCT	.	_	1	punct	_	_",
I'll put them out fork .,"preposition, determiner","1	I'll	_	_	_	_	2	nsubj	_	_
2	put	_	_	_	_	0	root	_	_
3	them	_	_	_	_	2	obj	_	_
4	out	_	_	_	_	2	compound:prt	_	_
5	fork	_	_	_	_	2	vocative	_	_
6	.	_	_	_	_	2	punct	_	_","1	I	_	PRON	PRP	_	3	nsubj	_	_
2	'll	_	AUX	MD	_	3	aux	_	_
3	put	_	VERB	VB	_	0	root	_	_
4	them	_	PRON	PRP	_	3	obj	_	_
5	out	_	ADP	RP	_	3	compound:prt	_	_
6	fork	_	NOUN	NN	_	3	obl:unmarked	_	_
7	.	_	PUNCT	.	_	3	punct	_	_",
and here's .,subject,"1	and	_	_	_	_	2	cc	_	_
2	here's	_	_	_	_	0	root	_	_
3	.	_	_	_	_	2	punct	_	_","1	and	_	CCONJ	CC	_	2	cc	_	_
2	here	_	ADV	RB	_	0	root	_	_
3	's	_	AUX	VBZ	_	2	cop	_	_
4	.	_	PUNCT	.	_	2	punct	_	_",
and here's my .,subject,"1	and	_	_	_	_	2	cc	_	_
2	here's	_	_	_	_	0	root	_	_
3	my	_	_	_	_	2	nsubj	_	_
4	.	_	_	_	_	2	punct	_	_","1	and	_	CCONJ	CC	_	2	cc	_	_
2	here	_	ADV	RB	_	0	root	_	_
3	's	_	AUX	VBZ	_	2	cop	_	_
4	my	_	PRON	PRP$	_	2	nsubj	_	_
5	.	_	PUNCT	.	_	2	punct	_	_",
and here's .,subject,"1	and	_	_	_	_	2	cc	_	_
2	here's	_	_	_	_	0	root	_	_
3	.	_	_	_	_	2	punct	_	_","1	and	_	CCONJ	CC	_	2	cc	_	_
2	here	_	ADV	RB	_	0	root	_	_
3	's	_	AUX	VBZ	_	2	cop	_	_
4	.	_	PUNCT	.	_	2	punct	_	_",
have to put these things away now .,subject,"1	have	_	_	_	_	0	root	_	_
2	to	_	_	_	_	3	mark	_	_
3	put	_	_	_	_	1	xcomp	_	_
4	these	_	_	_	_	5	det	_	_
5	things	_	_	_	_	3	obj	_	_
6	away	_	_	_	_	3	compound:prt	_	_
7	now	_	_	_	_	3	advmod	_	_
8	.	_	_	_	_	1	punct	_	_","1	have	_	VERB	VB	_	0	root	_	_
2	to	_	PART	TO	_	3	mark	_	_
3	put	_	VERB	VB	_	1	xcomp	_	_
4	these	_	DET	DT	_	5	det	_	_
5	things	_	NOUN	NNS	_	3	obj	_	_
6	away	_	ADV	RB	_	3	advmod	_	_
7	now	_	ADV	RB	_	3	advmod	_	_
8	.	_	PUNCT	.	_	1	punct	_	_",
cause where those these things go .,"subject, verb","1	cause	_	_	_	_	6	mark	_	_
2	where	_	_	_	_	6	advmod	_	_
3	those	_	_	_	_	4	reparandum	_	_
4	these	_	_	_	_	5	det	_	_
5	things	_	_	_	_	6	nsubj	_	_
6	go	_	_	_	_	0	root	_	_
7	.	_	_	_	_	6	punct	_	_","1	cause	_	SCONJ	IN	_	6	mark	_	_
2	where	_	ADV	WRB	_	6	advmod	_	_
3	those	_	DET	DT	_	5	det	_	_
4	these	_	DET	DT	_	5	det	_	_
5	things	_	NOUN	NNS	_	6	nsubj	_	_
6	go	_	VERB	VBP	_	0	root	_	_
7	.	_	PUNCT	.	_	2	punct	_	_",
he wanna eat all the food up .,"sv_agreement, tense_aspect","1	he	_	_	_	_	2	nsubj	_	_
2	wanna	_	_	_	_	0	root	_	_
3	eat	_	_	_	_	2	xcomp	_	_
4	all	_	_	_	_	6	det:predet	_	_
5	the	_	_	_	_	6	det	_	_
6	food	_	_	_	_	3	obj	_	_
7	up	_	_	_	_	3	compound:prt	_	_
8	.	_	_	_	_	2	punct	_	_","1	he	_	PRON	PRP	_	2	nsubj	_	_
2	wan	_	VERB	VBP	_	0	root	_	_
3	na	_	PART	TO	_	4	mark	_	_
4	eat	_	VERB	VB	_	2	xcomp	_	_
5	all	_	DET	PDT	_	7	det:predet	_	_
6	the	_	DET	DT	_	7	det	_	_
7	food	_	NOUN	NN	_	4	obj	_	_
8	up	_	ADP	RP	_	4	compound:prt	_	_
9	.	_	PUNCT	.	_	2	punct	_	_",
in when we were walking .,other,"1	in	_	_	_	_	0	root	_	_
2	when	_	_	_	_	5	mark	_	_
3	we	_	_	_	_	5	nsubj	_	_
4	were	_	_	_	_	5	aux	_	_
5	walking	_	_	_	_	1	advcl	_	_
6	.	_	_	_	_	1	punct	_	_","1	in	_	ADP	IN	_	0	root	_	_
2	when	_	ADV	WRB	_	5	advmod	_	_
3	we	_	PRON	PRP	_	5	nsubj	_	_
4	were	_	AUX	VBD	_	5	aux	_	_
5	walking	_	VERB	VBG	_	1	advcl	_	_
6	.	_	PUNCT	.	_	1	punct	_	_",
no jump rope out here .,"verb, other","1	no	_	_	_	_	3	det	_	_
2	jump	_	_	_	_	3	compound	_	_
3	rope	_	_	_	_	0	root	_	_
4	out	_	_	_	_	5	advmod	_	_
5	here	_	_	_	_	3	advmod	_	_
6	.	_	_	_	_	3	punct	_	_","1	no	_	DET	DT	_	3	det	_	_
2	jump	_	NOUN	NN	_	3	compound	_	_
3	rope	_	NOUN	NN	_	0	root	_	_
4	out	_	ADP	RP	_	3	advmod	_	_
5	here	_	ADV	RB	_	3	advmod	_	_
6	.	_	PUNCT	.	_	3	punct	_	_",
that what the lady said .,verb,"1	that	_	_	_	_	2	nsubj	_	_
2	what	_	_	_	_	0	root	_	_
3	the	_	_	_	_	4	det	_	_
4	lady	_	_	_	_	5	nsubj	_	_
5	said	_	_	_	_	2	acl:relcl	_	_
6	.	_	_	_	_	2	punct	_	_","1	that	_	SCONJ	IN	_	2	mark	_	_
2	what	_	PRON	WP	_	0	root	_	_
3	the	_	DET	DT	_	4	det	_	_
4	lady	_	NOUN	NN	_	5	nsubj	_	_
5	said	_	VERB	VBD	_	2	acl:relcl	_	_
6	.	_	PUNCT	.	_	2	punct	_	_",
Mommy let me have the .,object,"1	Mommy	_	_	_	_	2	vocative	_	_
2	let	_	_	_	_	0	root	_	_
3	me	_	_	_	_	2	obj	_	_
4	have	_	_	_	_	2	xcomp	_	_
5	the	_	_	_	_	4	obj	_	_
6	.	_	_	_	_	2	punct	_	_","1	Mommy	_	INTJ	UH	_	2	discourse	_	_
2	let	_	VERB	VB	_	0	root	_	_
3	me	_	PRON	PRP	_	2	obj	_	_
4	have	_	VERB	VB	_	2	xcomp	_	_
5	the	_	DET	DT	_	4	obj	_	_
6	.	_	PUNCT	.	_	2	punct	_	_",
this uh be a cave for for .,sv_agreement,"1	this	_	_	_	_	5	nsubj	_	_
2	uh	_	_	_	_	5	discourse	_	_
3	be	_	_	_	_	5	cop	_	_
4	a	_	_	_	_	5	det	_	_
5	cave	_	_	_	_	0	root	_	_
6	for	_	_	_	_	7	case	_	_
7	for	_	_	_	_	5	nmod	_	_
8	.	_	_	_	_	5	punct	_	_","1	this	_	PRON	DT	_	5	nsubj	_	_
2	uh	_	INTJ	UH	_	5	discourse	_	_
3	be	_	AUX	VB	_	5	cop	_	_
4	a	_	DET	DT	_	5	det	_	_
5	cave	_	NOUN	NN	_	0	root	_	_
6	for	_	ADP	IN	_	5	nmod	_	_
7	for	_	ADP	IN	_	5	nmod	_	_
8	.	_	PUNCT	.	_	5	punct	_	_",
what you say ?,present_progressive,"1	what	_	_	_	_	3	obj	_	_
2	you	_	_	_	_	3	nsubj	_	_
3	say	_	_	_	_	0	root	_	_
4	?	_	_	_	_	3	punct	_	_","1	what	_	PRON	WP	_	0	root	_	_
2	you	_	PRON	PRP	_	3	nsubj	_	_
3	say	_	VERB	VBP	_	1	acl:relcl	_	_
4	?	_	PUNCT	.	_	1	punct	_	_",
a Thanksgiving one this uh be a cave .,sv_agreement,"1	a	_	_	_	_	3	det	_	_
2	Thanksgiving	_	_	_	_	3	compound	_	_
3	one	_	_	_	_	0	root	_	_
4	this	_	_	_	_	8	nsubj	_	_
5	uh	_	_	_	_	8	discourse	_	_
6	be	_	_	_	_	8	cop	_	_
7	a	_	_	_	_	8	det	_	_
8	cave	_	_	_	_	3	parataxis	_	_
9	.	_	_	_	_	3	punct	_	_","1	a	_	DET	DT	_	3	det	_	_
2	Thanksgiving	_	PROPN	NNP	_	3	compound	_	_
3	one	_	NOUN	NN	_	8	nsubj	_	_
4	this	_	PRON	DT	_	8	nsubj	_	_
5	uh	_	INTJ	UH	_	8	discourse	_	_
6	be	_	AUX	VB	_	8	cop	_	_
7	a	_	DET	DT	_	8	det	_	_
8	cave	_	NOUN	NN	_	0	root	_	_
9	.	_	PUNCT	.	_	8	punct	_	_",
this uh be a Thanksgiving picture you know that .,sv_agreement,"1	this	_	_	_	_	6	nsubj	_	_
2	uh	_	_	_	_	6	discourse	_	_
3	be	_	_	_	_	6	cop	_	_
4	a	_	_	_	_	6	det	_	_
5	Thanksgiving	_	_	_	_	6	compound	_	_
6	picture	_	_	_	_	0	root	_	_
7	you	_	_	_	_	8	nsubj	_	_
8	know	_	_	_	_	6	parataxis	_	_
9	that	_	_	_	_	8	obj	_	_
10	.	_	_	_	_	6	punct	_	_","1	this	_	PRON	DT	_	6	nsubj	_	_
2	uh	_	INTJ	UH	_	6	discourse	_	_
3	be	_	AUX	VB	_	6	cop	_	_
4	a	_	DET	DT	_	6	det	_	_
5	Thanksgiving	_	NOUN	NN	_	6	compound	_	_
6	picture	_	NOUN	NN	_	0	root	_	_
7	you	_	PRON	PRP	_	8	nsubj	_	_
8	know	_	VERB	VBP	_	6	acl:relcl	_	_
9	that	_	PRON	DT	_	8	obj	_	_
10	.	_	PUNCT	.	_	6	punct	_	_",
it's mine favorite .,determiner,"1	it's	_	_	_	_	3	nsubj	_	_
2	mine	_	_	_	_	3	nmod:poss	_	_
3	favorite	_	_	_	_	0	root	_	_
4	.	_	_	_	_	3	punct	_	_","1	it	_	PRON	PRP	_	4	nsubj	_	_
2	's	_	AUX	VBZ	_	4	cop	_	_
3	mine	_	PRON	PRP	_	4	compound	_	_
4	favorite	_	NOUN	NN	_	0	root	_	_
5	.	_	PUNCT	.	_	4	punct	_	_",
I'm trying to paint them off .,preposition,"1	I'm	_	_	_	_	2	nsubj	_	_
2	trying	_	_	_	_	0	root	_	_
3	to	_	_	_	_	4	mark	_	_
4	paint	_	_	_	_	2	xcomp	_	_
5	them	_	_	_	_	4	obj	_	_
6	off	_	_	_	_	4	compound:prt	_	_
7	.	_	_	_	_	2	punct	_	_","1	I	_	PRON	PRP	_	3	nsubj	_	_
2	'm	_	AUX	VBP	_	3	aux	_	_
3	trying	_	VERB	VBG	_	0	root	_	_
4	to	_	PART	TO	_	5	mark	_	_
5	paint	_	VERB	VB	_	3	xcomp	_	_
6	them	_	PRON	PRP	_	5	obj	_	_
7	off	_	ADP	RP	_	5	compound:prt	_	_
8	.	_	PUNCT	.	_	3	punct	_	_",
I'm trying to paint them off .,preposition,"1	I'm	_	_	_	_	2	nsubj	_	_
2	trying	_	_	_	_	0	root	_	_
3	to	_	_	_	_	4	mark	_	_
4	paint	_	_	_	_	2	xcomp	_	_
5	them	_	_	_	_	4	obj	_	_
6	off	_	_	_	_	4	compound:prt	_	_
7	.	_	_	_	_	2	punct	_	_","1	I	_	PRON	PRP	_	3	nsubj	_	_
2	'm	_	AUX	VBP	_	3	aux	_	_
3	trying	_	VERB	VBG	_	0	root	_	_
4	to	_	PART	TO	_	5	mark	_	_
5	paint	_	VERB	VB	_	3	xcomp	_	_
6	them	_	PRON	PRP	_	5	obj	_	_
7	off	_	ADP	RP	_	5	compound:prt	_	_
8	.	_	PUNCT	.	_	3	punct	_	_",
this gotted on my hand .,tense_aspect,"1	this	_	_	_	_	2	nsubj	_	_
2	gotted	_	_	_	_	0	root	_	_
3	on	_	_	_	_	5	case	_	_
4	my	_	_	_	_	5	nmod:poss	_	_
5	hand	_	_	_	_	2	obl	_	_
6	.	_	_	_	_	2	punct	_	_","1	this	_	PRON	DT	_	2	nsubj	_	_
2	gotted	_	VERB	VBD	_	0	root	_	_
3	on	_	ADP	IN	_	2	compound:prt	_	_
4	my	_	PRON	PRP$	_	5	nmod:poss	_	_
5	hand	_	NOUN	NN	_	2	obl	_	_
6	.	_	PUNCT	.	_	2	punct	_	_",
why this stains on my shirt ?,auxiliary,"1	why	_	_	_	_	3	advmod	_	_
2	this	_	_	_	_	3	nsubj	_	_
3	stains	_	_	_	_	0	root	_	_
4	on	_	_	_	_	6	case	_	_
5	my	_	_	_	_	6	nmod:poss	_	_
6	shirt	_	_	_	_	3	obl	_	_
7	?	_	_	_	_	3	punct	_	_","1	why	_	ADV	WRB	_	0	root	_	_
2	this	_	DET	DT	_	3	det	_	_
3	stains	_	NOUN	NNS	_	1	nsubj	_	_
4	on	_	ADP	IN	_	6	case	_	_
5	my	_	PRON	PRP$	_	6	nmod:poss	_	_
6	shirt	_	NOUN	NN	_	1	obl	_	_
7	?	_	PUNCT	.	_	1	punct	_	_",
why you can't fingerpaint with these ?,auxiliary,"1	why	_	_	_	_	4	advmod	_	_
2	you	_	_	_	_	4	nsubj	_	_
3	can't	_	_	_	_	4	aux	_	_
4	fingerpaint	_	_	_	_	0	root	_	_
5	with	_	_	_	_	6	case	_	_
6	these	_	_	_	_	4	obl	_	_
7	?	_	_	_	_	4	punct	_	_","1	why	_	ADV	WRB	_	5	advmod	_	_
2	you	_	PRON	PRP	_	5	nsubj	_	_
3	ca	_	AUX	MD	_	5	aux	_	_
4	n't	_	PART	RB	_	5	advmod	_	_
5	fingerpaint	_	VERB	VB	_	0	root	_	_
6	with	_	ADP	IN	_	7	case	_	_
7	these	_	PRON	DT	_	5	obl	_	_
8	?	_	PUNCT	.	_	5	punct	_	_",
do my hands look like this dirty ?,other,"1	do	_	_	_	_	4	aux	_	_
2	my	_	_	_	_	3	nmod:poss	_	_
3	hands	_	_	_	_	4	nsubj	_	_
4	look	_	_	_	_	0	root	_	_
5	like	_	_	_	_	7	case	_	_
6	this	_	_	_	_	7	det	_	_
7	dirty	_	_	_	_	4	obl	_	_
8	?	_	_	_	_	4	punct	_	_","1	do	_	AUX	VBP	_	4	aux	_	_
2	my	_	PRON	PRP$	_	3	nmod:poss	_	_
3	hands	_	NOUN	NNS	_	4	nsubj	_	_
4	look	_	VERB	VB	_	0	root	_	_
5	like	_	ADP	IN	_	7	case	_	_
6	this	_	PRON	DT	_	4	obl	_	_
7	dirty	_	ADJ	JJ	_	4	xcomp	_	_
8	?	_	PUNCT	.	_	4	punct	_	_",
I'm getting my shirt on .,preposition,"1	I'm	_	_	_	_	2	nsubj	_	_
2	getting	_	_	_	_	0	root	_	_
3	my	_	_	_	_	4	nmod:poss	_	_
4	shirt	_	_	_	_	2	obj	_	_
5	on	_	_	_	_	2	compound:prt	_	_
6	.	_	_	_	_	2	punct	_	_","1	I	_	PRON	PRP	_	3	nsubj	_	_
2	'm	_	AUX	VBP	_	3	aux	_	_
3	getting	_	VERB	VBG	_	0	root	_	_
4	my	_	PRON	PRP$	_	5	nmod:poss	_	_
5	shirt	_	NOUN	NN	_	3	obj	_	_
6	on	_	ADP	IN	_	3	compound:prt	_	_
7	.	_	PUNCT	.	_	3	punct	_	_",
you wear a jacket that don't had a hood on it .,present_progressive,"1	you	_	_	_	_	2	nsubj	_	_
2	wear	_	_	_	_	0	root	_	_
3	a	_	_	_	_	4	det	_	_
4	jacket	_	_	_	_	2	obj	_	_
5	that	_	_	_	_	7	nsubj	_	_
6	don't	_	_	_	_	7	aux	_	_
7	had	_	_	_	_	4	acl:relcl	_	_
8	a	_	_	_	_	9	det	_	_
9	hood	_	_	_	_	7	obj	_	_
10	on	_	_	_	_	11	case	_	_
11	it	_	_	_	_	7	obl	_	_
12	.	_	_	_	_	2	punct	_	_","1	you	_	PRON	PRP	_	2	nsubj	_	_
2	wear	_	VERB	VBP	_	0	root	_	_
3	a	_	DET	DT	_	4	det	_	_
4	jacket	_	NOUN	NN	_	2	obj	_	_
5	that	_	PRON	WDT	_	8	nsubj	_	_
6	do	_	AUX	VBP	_	8	aux	_	_
7	n't	_	PART	RB	_	8	advmod	_	_
8	had	_	VERB	VBN	_	4	acl:relcl	_	_
9	a	_	DET	DT	_	10	det	_	_
10	hood	_	NOUN	NN	_	8	obj	_	_
11	on	_	ADP	IN	_	12	case	_	_
12	it	_	PRON	PRP	_	8	obl	_	_
13	.	_	PUNCT	.	_	2	punct	_	_",
I wanna hang on to you just a second .,preposition,"1	I	_	_	_	_	2	nsubj	_	_
2	wanna	_	_	_	_	0	root	_	_
3	hang	_	_	_	_	2	xcomp	_	_
4	on	_	_	_	_	3	compound:prt	_	_
5	to	_	_	_	_	6	case	_	_
6	you	_	_	_	_	3	obl	_	_
7	just	_	_	_	_	9	advmod	_	_
8	a	_	_	_	_	9	det	_	_
9	second	_	_	_	_	3	obl:unmarked	_	_
10	.	_	_	_	_	2	punct	_	_","1	I	_	PRON	PRP	_	2	nsubj	_	_
2	wan	_	VERB	VBP	_	0	root	_	_
3	na	_	PART	TO	_	4	mark	_	_
4	hang	_	VERB	VB	_	2	xcomp	_	_
5	on	_	ADP	RP	_	4	compound:prt	_	_
6	to	_	ADP	IN	_	7	case	_	_
7	you	_	PRON	PRP	_	4	obl	_	_
8	just	_	ADV	RB	_	10	advmod	_	_
9	a	_	DET	DT	_	10	det	_	_
10	second	_	ADJ	JJ	_	4	obl:unmarked	_	_
11	.	_	PUNCT	.	_	2	punct	_	_",
where's my book I got ?,determiner,"1	where's	_	_	_	_	0	root	_	_
2	my	_	_	_	_	3	nmod:poss	_	_
3	book	_	_	_	_	1	nsubj	_	_
4	I	_	_	_	_	5	nsubj	_	_
5	got	_	_	_	_	1	parataxis	_	_
6	?	_	_	_	_	1	punct	_	_","1	where	_	ADV	WRB	_	0	root	_	_
2	's	_	AUX	VBZ	_	1	cop	_	_
3	my	_	PRON	PRP$	_	4	nmod:poss	_	_
4	book	_	NOUN	NN	_	1	nsubj	_	_
5	I	_	PRON	PRP	_	6	nsubj	_	_
6	got	_	VERB	VBD	_	4	acl:relcl	_	_
7	?	_	PUNCT	.	_	1	punct	_	_",
why you not wearing a hood with jacket ?,auxiliary,"1	why	_	_	_	_	4	advmod	_	_
2	you	_	_	_	_	4	nsubj	_	_
3	not	_	_	_	_	4	advmod	_	_
4	wearing	_	_	_	_	0	root	_	_
5	a	_	_	_	_	6	det	_	_
6	hood	_	_	_	_	4	obj	_	_
7	with	_	_	_	_	8	case	_	_
8	jacket	_	_	_	_	6	nmod	_	_
9	?	_	_	_	_	4	punct	_	_","1	why	_	ADV	WRB	_	4	advmod	_	_
2	you	_	PRON	PRP	_	4	nsubj	_	_
3	not	_	PART	RB	_	4	advmod	_	_
4	wearing	_	VERB	VBG	_	0	root	_	_
5	a	_	DET	DT	_	6	det	_	_
6	hood	_	NOUN	NN	_	4	obj	_	_
7	with	_	ADP	IN	_	8	case	_	_
8	jacket	_	NOUN	NN	_	4	obl	_	_
9	?	_	PUNCT	.	_	4	punct	_	_",
why you not wearing a jacket with a hood on it ?,auxiliary,"1	why	_	_	_	_	4	advmod	_	_
2	you	_	_	_	_	4	nsubj	_	_
3	not	_	_	_	_	4	advmod	_	_
4	wearing	_	_	_	_	0	root	_	_
5	a	_	_	_	_	6	det	_	_
6	jacket	_	_	_	_	4	obj	_	_
7	with	_	_	_	_	9	case	_	_
8	a	_	_	_	_	9	det	_	_
9	hood	_	_	_	_	6	nmod	_	_
10	on	_	_	_	_	11	case	_	_
11	it	_	_	_	_	9	nmod	_	_
12	?	_	_	_	_	4	punct	_	_","1	why	_	ADV	WRB	_	4	advmod	_	_
2	you	_	PRON	PRP	_	4	nsubj	_	_
3	not	_	PART	RB	_	4	advmod	_	_
4	wearing	_	VERB	VBG	_	0	root	_	_
5	a	_	DET	DT	_	6	det	_	_
6	jacket	_	NOUN	NN	_	4	obj	_	_
7	with	_	ADP	IN	_	9	case	_	_
8	a	_	DET	DT	_	9	det	_	_
9	hood	_	NOUN	NN	_	4	obl	_	_
10	on	_	ADP	IN	_	11	case	_	_
11	it	_	PRON	PRP	_	4	obl	_	_
12	?	_	PUNCT	.	_	4	punct	_	_",
you make my clothes bigger when I grow up ?,auxiliary,"1	you	_	_	_	_	2	nsubj	_	_
2	make	_	_	_	_	0	root	_	_
3	my	_	_	_	_	4	nmod:poss	_	_
4	clothes	_	_	_	_	2	obj	_	_
5	bigger	_	_	_	_	2	xcomp	_	_
6	when	_	_	_	_	8	mark	_	_
7	I	_	_	_	_	8	nsubj	_	_
8	grow	_	_	_	_	2	advcl	_	_
9	up	_	_	_	_	8	compound:prt	_	_
10	?	_	_	_	_	2	punct	_	_","1	you	_	PRON	PRP	_	2	nsubj	_	_
2	make	_	VERB	VBP	_	0	root	_	_
3	my	_	PRON	PRP$	_	4	nmod:poss	_	_
4	clothes	_	NOUN	NNS	_	2	obj	_	_
5	bigger	_	ADJ	JJR	_	2	xcomp	_	_
6	when	_	ADV	WRB	_	8	advmod	_	_
7	I	_	PRON	PRP	_	8	nsubj	_	_
8	grow	_	VERB	VBP	_	2	advcl	_	_
9	up	_	ADP	RP	_	8	compound:prt	_	_
10	?	_	PUNCT	.	_	2	punct	_	_",
is Charlie Brown on now when we got home ?,tense_aspect,"1	is	_	_	_	_	4	cop	_	_
2	Charlie	_	_	_	_	4	nsubj	_	_
3	Brown	_	_	_	_	2	flat	_	_
4	on	_	_	_	_	0	root	_	_
5	now	_	_	_	_	4	advmod	_	_
6	when	_	_	_	_	8	mark	_	_
7	we	_	_	_	_	8	nsubj	_	_
8	got	_	_	_	_	4	advcl	_	_
9	home	_	_	_	_	8	advmod	_	_
10	?	_	_	_	_	4	punct	_	_","1	is	_	AUX	VBZ	_	5	cop	_	_
2	Charlie	_	PROPN	NNP	_	4	nsubj	_	_
3	Brown	_	PROPN	NNP	_	2	flat	_	_
4	on	_	ADP	IN	_	0	root	_	_
5	now	_	ADV	RB	_	4	advmod	_	_
6	when	_	ADV	WRB	_	8	advmod	_	_
7	we	_	PRON	PRP	_	8	nsubj	_	_
8	got	_	VERB	VBD	_	5	advcl	_	_
9	home	_	ADV	RB	_	8	advmod	_	_
10	?	_	PUNCT	.	_	4	punct	_	_",
what Greggy did to me ?,auxiliary,"1	what	_	_	_	_	3	obj	_	_
2	Greggy	_	_	_	_	3	nsubj	_	_
3	did	_	_	_	_	0	root	_	_
4	to	_	_	_	_	5	case	_	_
5	me	_	_	_	_	3	obl	_	_
6	?	_	_	_	_	3	punct	_	_","1	what	_	PRON	WP	_	0	root	_	_
2	Greggy	_	PROPN	NNP	_	3	nsubj	_	_
3	did	_	VERB	VBD	_	1	acl:relcl	_	_
4	to	_	ADP	IN	_	5	case	_	_
5	me	_	PRON	PRP	_	3	obl	_	_
6	?	_	PUNCT	.	_	1	punct	_	_",
what kind this is ?,auxiliary,"1	what	_	_	_	_	2	det	_	_
2	kind	_	_	_	_	0	root	_	_
3	this	_	_	_	_	2	nsubj	_	_
4	is	_	_	_	_	2	cop	_	_
5	?	_	_	_	_	2	punct	_	_","1	what	_	DET	WDT	_	2	det	_	_
2	kind	_	NOUN	NN	_	0	root	_	_
3	this	_	PRON	DT	_	4	nsubj	_	_
4	is	_	AUX	VBZ	_	2	acl:relcl	_	_
5	?	_	PUNCT	.	_	2	punct	_	_",
I eat the white part when I'm through eating this .,tense_aspect,"1	I	_	_	_	_	2	nsubj	_	_
2	eat	_	_	_	_	0	root	_	_
3	the	_	_	_	_	5	det	_	_
4	white	_	_	_	_	5	amod	_	_
5	part	_	_	_	_	2	obj	_	_
6	when	_	_	_	_	8	mark	_	_
7	I'm	_	_	_	_	8	nsubj	_	_
8	through	_	_	_	_	2	advcl	_	_
9	eating	_	_	_	_	8	advcl	_	_
10	this	_	_	_	_	9	obj	_	_
11	.	_	_	_	_	2	punct	_	_","1	I	_	PRON	PRP	_	2	nsubj	_	_
2	eat	_	VERB	VBP	_	0	root	_	_
3	the	_	DET	DT	_	5	det	_	_
4	white	_	ADJ	JJ	_	5	amod	_	_
5	part	_	NOUN	NN	_	2	obj	_	_
6	when	_	ADV	WRB	_	10	advmod	_	_
7	I	_	PRON	PRP	_	10	nsubj	_	_
8	'm	_	AUX	VBP	_	10	aux	_	_
9	through	_	SCONJ	IN	_	10	mark	_	_
10	eating	_	VERB	VBG	_	2	advcl	_	_
11	this	_	PRON	DT	_	10	obj	_	_
12	.	_	PUNCT	.	_	2	punct	_	_",
uhhuh why why Charlie Brown come get him ?,auxiliary,"1	uhhuh	_	_	_	_	3	discourse	_	_
2	why	_	_	_	_	3	reparandum	_	_
3	why	_	_	_	_	4	reparandum	_	_
4	Charlie	_	_	_	_	6	nsubj	_	_
5	Brown	_	_	_	_	4	flat	_	_
6	come	_	_	_	_	0	root	_	_
7	get	_	_	_	_	6	compound	_	_
8	him	_	_	_	_	7	obj	_	_
9	?	_	_	_	_	6	punct	_	_","1	uhhuh	_	INTJ	UH	_	6	discourse	_	_
2	why	_	ADV	WRB	_	6	advmod	_	_
3	why	_	ADV	WRB	_	6	advmod	_	_
4	Charlie	_	PROPN	NNP	_	6	nsubj	_	_
5	Brown	_	PROPN	NNP	_	4	flat	_	_
6	come	_	VERB	VB	_	0	root	_	_
7	get	_	VERB	VB	_	6	xcomp	_	_
8	him	_	PRON	PRP	_	7	obj	_	_
9	?	_	PUNCT	.	_	6	punct	_	_",
he didn\'t said .,tense_aspect,"1	he	_	_	_	_	3	nsubj	_	_
2	didn\'t	_	_	_	_	3	advmod	_	_
3	said	_	_	_	_	0	root	_	_
4	.	_	_	_	_	3	punct	_	_","1	he	_	PRON	PRP	_	4	nsubj	_	_
2	did	_	AUX	VBD	_	4	aux	_	_
3	n\'t	_	ADV	RB	_	4	advmod	_	_
4	said	_	VERB	VBD	_	0	root	_	_
5	.	_	PUNCT	.	_	4	punct	_	_",
eat more .,"subject, present_progressive","1	eat	_	_	_	_	0	root	_	_
2	more	_	_	_	_	1	advmod	_	_
3	.	_	_	_	_	1	punct	_	_","1	eat	_	VERB	VB	_	0	root	_	_
2	more	_	ADJ	JJR	_	1	obj	_	_
3	.	_	PUNCT	.	_	1	punct	_	_",
eat more .,"subject, present_progressive","1	eat	_	_	_	_	0	root	_	_
2	more	_	_	_	_	1	advmod	_	_
3	.	_	_	_	_	1	punct	_	_","1	eat	_	VERB	VB	_	0	root	_	_
2	more	_	ADJ	JJR	_	1	obj	_	_
3	.	_	PUNCT	.	_	1	punct	_	_",
fall down .,"subject, tense_aspect","1	fall	_	_	_	_	0	root	_	_
2	down	_	_	_	_	1	advmod	_	_
3	.	_	_	_	_	1	punct	_	_","1	fall	_	VERB	VB	_	0	root	_	_
2	down	_	ADP	RP	_	1	compound:prt	_	_
3	.	_	PUNCT	.	_	1	punct	_	_","1	Fall	fall	VERB	VB	_	0	root	0:root	_
2	down	down	ADP	RP	_	1	compound:prt	1:compound:prt	SpaceAfter=No
3	.	.	PUNCT	.	_	1	punct	1:punct	_
"
fall down .,"subject, tense_aspect","1	fall	_	_	_	_	0	root	_	_
2	down	_	_	_	_	1	advmod	_	_
3	.	_	_	_	_	1	punct	_	_","1	fall	_	VERB	VB	_	0	root	_	_
2	down	_	ADP	RP	_	1	compound:prt	_	_
3	.	_	PUNCT	.	_	1	punct	_	_","1	Fall	fall	VERB	VB	_	0	root	0:root	_
2	down	down	ADP	RP	_	1	compound:prt	1:compound:prt	SpaceAfter=No
3	.	.	PUNCT	.	_	1	punct	1:punct	_
"
fall down okay .,"subject, tense_aspect","1	fall	_	_	_	_	0	root	_	_
2	down	_	_	_	_	1	advmod	_	_
3	okay	_	_	_	_	1	discourse	_	_
4	.	_	_	_	_	1	punct	_	_","1	fall	_	VERB	VB	_	0	root	_	_
2	down	_	ADP	RP	_	1	compound:prt	_	_
3	okay	_	ADJ	JJ	_	1	xcomp	_	_
4	.	_	PUNCT	.	_	1	punct	_	_",
saying upstairs .,"subject, auxiliary","1	saying	_	_	_	_	0	root	_	_
2	upstairs	_	_	_	_	1	obj	_	_
3	.	_	_	_	_	1	punct	_	_","1	saying	_	VERB	VBG	_	0	root	_	_
2	upstairs	_	ADV	RB	_	1	advmod	_	_
3	.	_	PUNCT	.	_	1	punct	_	_",
down stair .,other,"1	down	_	_	_	_	2	advmod	_	_
2	stair	_	_	_	_	0	root	_	_
3	.	_	_	_	_	2	punct	_	_","1	down	_	ADP	IN	_	2	case	_	_
2	stair	_	NOUN	NN	_	0	root	_	_
3	.	_	PUNCT	.	_	2	punct	_	_",
ah boy .,"determiner, verb","1	ah	_	_	_	_	0	root	_	_
2	boy	_	_	_	_	1	vocative	_	_
3	.	_	_	_	_	1	punct	_	_","1	ah	_	INTJ	UH	_	2	discourse	_	_
2	boy	_	INTJ	UH	_	0	root	_	_
3	.	_	PUNCT	.	_	1	punct	_	_",
you're fire there .,"verb, determiner","1	you're	_	_	_	_	2	nsubj	_	_
2	fire	_	_	_	_	0	root	_	_
3	there	_	_	_	_	2	advmod	_	_
4	.	_	_	_	_	2	punct	_	_","1	you	_	PRON	PRP	_	3	nsubj	_	_
2	're	_	AUX	VBP	_	3	cop	_	_
3	fire	_	NOUN	NN	_	0	root	_	_
4	there	_	ADV	RB	_	3	advmod	_	_
5	.	_	PUNCT	.	_	3	punct	_	_",
your fire on there .,verb,"1	your	_	_	_	_	2	nmod:poss	_	_
2	fire	_	_	_	_	0	root	_	_
3	on	_	_	_	_	4	case	_	_
4	there	_	_	_	_	2	advmod	_	_
5	.	_	_	_	_	2	punct	_	_","1	your	_	PRON	PRP$	_	2	nmod:poss	_	_
2	fire	_	NOUN	NN	_	0	root	_	_
3	on	_	ADP	IN	_	4	case	_	_
4	there	_	ADV	RB	_	2	nmod	_	_
5	.	_	PUNCT	.	_	2	punct	_	_",
I've I've got .,object,"1	I've	_	_	_	_	3	reparandum	_	_
2	I've	_	_	_	_	3	nsubj	_	_
3	got	_	_	_	_	0	root	_	_
4	.	_	_	_	_	3	punct	_	_","1	I	_	PRON	PRP	_	5	nsubj	_	_
2	've	_	AUX	VBP	_	5	aux	_	_
3	I	_	PRON	PRP	_	5	nsubj	_	_
4	've	_	AUX	VBP	_	5	aux	_	_
5	got	_	VERB	VBN	_	0	root	_	_
6	.	_	PUNCT	.	_	5	punct	_	_",
I I finished my talking ?,tense_aspect,"1	I	_	_	_	_	2	reparandum	_	_
2	I	_	_	_	_	3	nsubj	_	_
3	finished	_	_	_	_	0	root	_	_
4	my	_	_	_	_	5	nmod:poss	_	_
5	talking	_	_	_	_	3	obj	_	_
6	?	_	_	_	_	3	punct	_	_","1	I	_	PRON	PRP	_	3	nsubj	_	_
2	I	_	PRON	PRP	_	3	nsubj	_	_
3	finished	_	VERB	VBD	_	0	root	_	_
4	my	_	PRON	PRP$	_	5	nmod:poss	_	_
5	talking	_	NOUN	NN	_	3	obj	_	_
6	?	_	PUNCT	.	_	3	punct	_	_",
I going nee nah nee nah .,present_progressive,"1	I	_	_	_	_	2	nsubj	_	_
2	going	_	_	_	_	0	root	_	_
3	nee	_	_	_	_	2	discourse	_	_
4	nah	_	_	_	_	3	conj	_	_
5	nee	_	_	_	_	3	conj	_	_
6	nah	_	_	_	_	3	conj	_	_
7	.	_	_	_	_	2	punct	_	_","1	I	_	PRON	PRP	_	2	nsubj	_	_
2	going	_	VERB	VBG	_	0	root	_	_
3	nee	_	INTJ	UH	_	2	discourse	_	_
4	nah	_	INTJ	UH	_	2	discourse	_	_
5	nee	_	INTJ	UH	_	2	discourse	_	_
6	nah	_	INTJ	UH	_	2	discourse	_	_
7	.	_	PUNCT	.	_	2	punct	_	_",
"fire engine's coming , Aunty Mabel .",determiner,"1	fire	_	_	_	_	2	compound	_	_
2	engine's	_	_	_	_	3	nsubj	_	_
3	coming	_	_	_	_	0	root	_	_
4	,	_	_	_	_	3	discourse	_	_
5	Aunty	_	_	_	_	3	vocative	_	_
6	Mabel	_	_	_	_	5	flat	_	_
7	.	_	_	_	_	3	punct	_	_","1	fire	_	NOUN	NN	_	2	compound	_	_
2	engine	_	NOUN	NN	_	4	nsubj	_	_
3	's	_	PART	POS	_	2	case	_	_
4	coming	_	VERB	VBG	_	0	root	_	_
5	,	_	PUNCT	,	_	6	punct	_	_
6	Aunty	_	PROPN	NNP	_	4	vocative	_	_
7	Mabel	_	PROPN	NNP	_	6	flat	_	_
8	.	_	PUNCT	.	_	4	punct	_	_",
crashed into a big your big doggy poo .,subject,"1	crashed	_	_	_	_	0	root	_	_
2	into	_	_	_	_	8	case	_	_
3	a	_	_	_	_	4	det	_	_
4	big	_	_	_	_	5	reparandum	_	_
5	your	_	_	_	_	8	nmod:poss	_	_
6	big	_	_	_	_	8	amod	_	_
7	doggy	_	_	_	_	8	compound	_	_
8	poo	_	_	_	_	1	obl	_	_
9	.	_	_	_	_	1	punct	_	_","1	crashed	_	VERB	VBD	_	0	root	_	_
2	into	_	ADP	IN	_	8	case	_	_
3	a	_	DET	DT	_	8	det	_	_
4	big	_	ADJ	JJ	_	8	amod	_	_
5	your	_	PRON	PRP$	_	8	nmod:poss	_	_
6	big	_	ADJ	JJ	_	8	amod	_	_
7	doggy	_	ADJ	JJ	_	8	amod	_	_
8	poo	_	NOUN	NN	_	1	obl	_	_
9	.	_	PUNCT	.	_	1	punct	_	_",
uh uh dumper truck slipped on the road too .,determiner,"1	uh	_	_	_	_	5	discourse	_	_
2	uh	_	_	_	_	1	conj	_	_
3	dumper	_	_	_	_	4	compound	_	_
4	truck	_	_	_	_	5	nsubj	_	_
5	slipped	_	_	_	_	0	root	_	_
6	on	_	_	_	_	8	case	_	_
7	the	_	_	_	_	8	det	_	_
8	road	_	_	_	_	5	obl	_	_
9	too	_	_	_	_	5	advmod	_	_
10	.	_	_	_	_	5	punct	_	_","1	uh	_	INTJ	UH	_	5	discourse	_	_
2	uh	_	INTJ	UH	_	5	discourse	_	_
3	dumper	_	NOUN	NN	_	4	compound	_	_
4	truck	_	NOUN	NN	_	5	nsubj	_	_
5	slipped	_	VERB	VBD	_	0	root	_	_
6	on	_	ADP	IN	_	8	case	_	_
7	the	_	DET	DT	_	8	det	_	_
8	road	_	NOUN	NN	_	5	obl	_	_
9	too	_	ADV	RB	_	5	advmod	_	_
10	.	_	PUNCT	.	_	5	punct	_	_",
I not need to get down .,auxiliary,"1	I	_	_	_	_	3	nsubj	_	_
2	not	_	_	_	_	3	advmod	_	_
3	need	_	_	_	_	0	root	_	_
4	to	_	_	_	_	5	mark	_	_
5	get	_	_	_	_	3	xcomp	_	_
6	down	_	_	_	_	5	advmod	_	_
7	.	_	_	_	_	3	punct	_	_","1	I	_	PRON	PRP	_	3	nsubj	_	_
2	not	_	PART	RB	_	3	advmod	_	_
3	need	_	VERB	VBP	_	0	root	_	_
4	to	_	PART	TO	_	5	mark	_	_
5	get	_	VERB	VB	_	3	xcomp	_	_
6	down	_	ADP	RP	_	5	compound:prt	_	_
7	.	_	PUNCT	.	_	3	punct	_	_",
I not like that at all .,auxiliary,"1	I	_	_	_	_	3	nsubj	_	_
2	not	_	_	_	_	3	advmod	_	_
3	like	_	_	_	_	0	root	_	_
4	that	_	_	_	_	3	obj	_	_
5	at	_	_	_	_	6	case	_	_
6	all	_	_	_	_	4	obl	_	_
7	.	_	_	_	_	3	punct	_	_","1	I	_	PRON	PRP	_	3	nsubj	_	_
2	not	_	PART	RB	_	3	advmod	_	_
3	like	_	VERB	VBP	_	0	root	_	_
4	that	_	PRON	DT	_	3	obj	_	_
5	at	_	ADP	IN	_	6	case	_	_
6	all	_	DET	DT	_	3	obl	_	_
7	.	_	PUNCT	.	_	3	punct	_	_",
"oh Mummy , I'm .",object,"1	oh	_	_	_	_	4	discourse	_	_
2	Mummy	_	_	_	_	4	vocative	_	_
3	,	_	_	_	_	4	mark	_	_
4	I'm	_	_	_	_	0	root	_	_
5	.	_	_	_	_	4	punct	_	_","1	oh	_	INTJ	UH	_	5	discourse	_	_
2	Mummy	_	PROPN	NNP	_	5	vocative	_	_
3	,	_	PUNCT	,	_	2	punct	_	_
4	I	_	PRON	PRP	_	5	nsubj	_	_
5	'm	_	AUX	VBP	_	0	root	_	_
6	.	_	PUNCT	.	_	5	punct	_	_",
oh I not like that little boy down my dress .,auxiliary,"1	oh	_	_	_	_	7	discourse	_	_
2	I	_	_	_	_	7	nsubj	_	_
3	not	_	_	_	_	7	advmod	_	_
4	like	_	_	_	_	7	case	_	_
5	that	_	_	_	_	7	det	_	_
6	little	_	_	_	_	7	amod	_	_
7	boy	_	_	_	_	0	root	_	_
8	down	_	_	_	_	10	case	_	_
9	my	_	_	_	_	10	nmod:poss	_	_
10	dress	_	_	_	_	7	nmod	_	_
11	.	_	_	_	_	7	punct	_	_","1	oh	_	INTJ	UH	_	4	discourse	_	_
2	I	_	PRON	PRP	_	4	nsubj	_	_
3	not	_	PART	RB	_	4	advmod	_	_
4	like	_	VERB	VBP	_	0	root	_	_
5	that	_	DET	DT	_	7	det	_	_
6	little	_	ADJ	JJ	_	7	amod	_	_
7	boy	_	NOUN	NN	_	4	obj	_	_
8	down	_	ADP	IN	_	10	case	_	_
9	my	_	PRON	PRP$	_	10	nmod:poss	_	_
10	dress	_	NOUN	NN	_	4	obl	_	_
11	.	_	PUNCT	.	_	4	punct	_	_",
Teletubbies are there .,determiner,"1	Teletubbies	_	_	_	_	2	nsubj	_	_
2	are	_	_	_	_	3	cop	_	_
3	there	_	_	_	_	0	root	_	_
4	.	_	_	_	_	3	punct	_	_","1	Teletubbies	_	NOUN	NNS	_	3	nsubj	_	_
2	are	_	AUX	VBP	_	3	cop	_	_
3	there	_	ADV	RB	_	0	root	_	_
4	.	_	PUNCT	.	_	3	punct	_	_",
eating Smarties that little boy .,other,"1	eating	_	_	_	_	0	root	_	_
2	Smarties	_	_	_	_	1	obj	_	_
3	that	_	_	_	_	5	det	_	_
4	little	_	_	_	_	5	amod	_	_
5	boy	_	_	_	_	1	parataxis	_	_
6	.	_	_	_	_	1	punct	_	_","1	eating	_	VERB	VBG	_	0	root	_	_
2	Smarties	_	NOUN	NNS	_	1	obj	_	_
3	that	_	DET	DT	_	5	det	_	_
4	little	_	ADJ	JJ	_	5	amod	_	_
5	boy	_	NOUN	NN	_	1	obj	_	_
6	.	_	PUNCT	.	_	1	punct	_	_",
it's mornings now .,plural,"1	it's	_	_	_	_	2	cop	_	_
2	mornings	_	_	_	_	0	root	_	_
3	now	_	_	_	_	2	advmod	_	_
4	.	_	_	_	_	2	punct	_	_","1	it	_	PRON	PRP	_	3	nsubj	_	_
2	's	_	AUX	VBZ	_	3	cop	_	_
3	mornings	_	NOUN	NNS	_	0	root	_	_
4	now	_	ADV	RB	_	3	advmod	_	_
5	.	_	PUNCT	.	_	3	punct	_	_",
Grandad a poorly tummy like me .,"verb, other","1	Grandad	_	_	_	_	4	vocative	_	_
2	a	_	_	_	_	4	det	_	_
3	poorly	_	_	_	_	4	amod	_	_
4	tummy	_	_	_	_	0	root	_	_
5	like	_	_	_	_	6	case	_	_
6	me	_	_	_	_	4	nmod	_	_
7	.	_	_	_	_	4	punct	_	_","1	Grandad	_	NOUN	NN	_	4	nsubj	_	_
2	a	_	DET	DT	_	4	det	_	_
3	poorly	_	ADV	RB	_	4	advmod	_	_
4	tummy	_	NOUN	NN	_	0	root	_	_
5	like	_	ADP	IN	_	6	case	_	_
6	me	_	PRON	PRP	_	4	nmod	_	_
7	.	_	PUNCT	.	_	4	punct	_	_",
oh Grandad got a poorly tummy .,other,"1	oh	_	_	_	_	3	discourse	_	_
2	Grandad	_	_	_	_	3	nsubj	_	_
3	got	_	_	_	_	0	root	_	_
4	a	_	_	_	_	6	det	_	_
5	poorly	_	_	_	_	6	amod	_	_
6	tummy	_	_	_	_	3	obj	_	_
7	.	_	_	_	_	3	punct	_	_","1	oh	_	INTJ	UH	_	3	discourse	_	_
2	Grandad	_	PROPN	NNP	_	3	nsubj	_	_
3	got	_	VERB	VBD	_	0	root	_	_
4	a	_	DET	DT	_	6	det	_	_
5	poorly	_	ADV	RB	_	6	advmod	_	_
6	tummy	_	NOUN	NN	_	3	obj	_	_
7	.	_	PUNCT	.	_	3	punct	_	_",
Gran Grandad Beilbie better .,verb,"1	Gran	_	_	_	_	4	vocative	_	_
2	Grandad	_	_	_	_	1	flat	_	_
3	Beilbie	_	_	_	_	1	flat	_	_
4	better	_	_	_	_	0	root	_	_
5	.	_	_	_	_	4	punct	_	_","1	Gran	_	PROPN	NNP	_	4	nsubj	_	_
2	Grandad	_	PROPN	NNP	_	1	flat	_	_
3	Beilbie	_	PROPN	NNP	_	1	flat	_	_
4	better	_	ADJ	JJR	_	0	root	_	_
5	.	_	PUNCT	.	_	4	punct	_	_",
big birds coming out your hair .,"present_progressive, preposition","1	big	_	_	_	_	2	amod	_	_
2	birds	_	_	_	_	3	nsubj	_	_
3	coming	_	_	_	_	0	root	_	_
4	out	_	_	_	_	6	case	_	_
5	your	_	_	_	_	6	nmod:poss	_	_
6	hair	_	_	_	_	3	obl	_	_
7	.	_	_	_	_	3	punct	_	_","1	big	_	ADJ	JJ	_	2	amod	_	_
2	birds	_	NOUN	NNS	_	0	root	_	_
3	coming	_	VERB	VBG	_	2	acl	_	_
4	out	_	ADP	IN	_	6	case	_	_
5	your	_	PRON	PRP$	_	6	nmod:poss	_	_
6	hair	_	NOUN	NN	_	3	obl	_	_
7	.	_	PUNCT	.	_	2	punct	_	_",
there La La's ball .,verb,"1	there	_	_	_	_	4	expl	_	_
2	La	_	_	_	_	4	nmod:poss	_	_
3	La's	_	_	_	_	2	flat	_	_
4	ball	_	_	_	_	0	root	_	_
5	.	_	_	_	_	4	punct	_	_","1	there	_	ADV	RB	_	0	root	_	_
2	La	_	PROPN	NNP	_	5	nmod:poss	_	_
3	La	_	PROPN	NNP	_	2	flat	_	_
4	's	_	PART	POS	_	2	case	_	_
5	ball	_	NOUN	NN	_	1	nsubj	_	_
6	.	_	PUNCT	.	_	1	punct	_	_",
"Mummy , La La ball .","determiner, possessive","1	Mummy	_	_	_	_	5	vocative	_	_
2	,	_	_	_	_	5	punct	_	_
3	La	_	_	_	_	5	reparandum	_	_
4	La	_	_	_	_	3	flat	_	_
5	ball	_	_	_	_	0	root	_	_
6	.	_	_	_	_	5	punct	_	_","1	Mummy	_	NOUN	NN	_	0	root	_	_
2	,	_	PUNCT	,	_	5	punct	_	_
3	La	_	PROPN	NNP	_	5	compound	_	_
4	La	_	PROPN	NNP	_	3	flat	_	_
5	ball	_	NOUN	NN	_	1	appos	_	_
6	.	_	PUNCT	.	_	1	punct	_	_",
and La La.,verb,"1	and	_	_	_	_	2	cc	_	_
2	La	_	_	_	_	0	conj	_	_
3	La.	_	_	_	_	2	flat	_	_","1	and	_	CCONJ	CC	_	2	cc	_	_
2	La	_	PROPN	NNP	_	0	root	_	_
3	La.	_	PROPN	NNP	_	2	flat	_	_",
and La La.,verb,"1	and	_	_	_	_	2	cc	_	_
2	La	_	_	_	_	0	conj	_	_
3	La.	_	_	_	_	2	flat	_	_","1	and	_	CCONJ	CC	_	2	cc	_	_
2	La	_	PROPN	NNP	_	0	root	_	_
3	La.	_	PROPN	NNP	_	2	flat	_	_",
a La La got lovely hair like you .,determiner,"1	a	_	_	_	_	3	reparandum	_	_
2	La	_	_	_	_	4	nsubj	_	_
3	La	_	_	_	_	4	nsubj	_	_
4	got	_	_	_	_	0	root	_	_
5	lovely	_	_	_	_	6	amod	_	_
6	hair	_	_	_	_	4	obj	_	_
7	like	_	_	_	_	8	case	_	_
8	you	_	_	_	_	6	nmod	_	_
9	.	_	_	_	_	4	punct	_	_","1	a	_	DET	DT	_	2	det	_	_
2	La	_	PROPN	NNP	_	4	nsubj	_	_
3	La	_	PROPN	NNP	_	2	flat	_	_
4	got	_	VERB	VBD	_	0	root	_	_
5	lovely	_	ADJ	JJ	_	6	amod	_	_
6	hair	_	NOUN	NN	_	4	obj	_	_
7	like	_	ADP	IN	_	8	case	_	_
8	you	_	PRON	PRP	_	4	obl	_	_
9	.	_	PUNCT	.	_	4	punct	_	_",
powder powder .,determiner,"1	powder	_	_	_	_	0	root	_	_
2	powder	_	_	_	_	1	conj	_	_
3	.	_	_	_	_	1	punct	_	_","1	powder	_	NOUN	NN	_	2	compound	_	_
2	powder	_	NOUN	NN	_	0	root	_	_
3	.	_	PUNCT	.	_	2	punct	_	_",
um um the kids get on the preschool .,"tense_aspect, preposition","1	um	_	_	_	_	5	discourse	_	_
2	um	_	_	_	_	1	conj	_	_
3	the	_	_	_	_	4	det	_	_
4	kids	_	_	_	_	5	nsubj	_	_
5	get	_	_	_	_	0	root	_	_
6	on	_	_	_	_	8	case	_	_
7	the	_	_	_	_	8	det	_	_
8	preschool	_	_	_	_	5	obl	_	_
9	.	_	_	_	_	5	punct	_	_","1	um	_	INTJ	UH	_	5	discourse	_	_
2	um	_	INTJ	UH	_	5	discourse	_	_
3	the	_	DET	DT	_	4	det	_	_
4	kids	_	NOUN	NNS	_	5	nsubj	_	_
5	get	_	VERB	VBP	_	0	root	_	_
6	on	_	ADP	IN	_	8	case	_	_
7	the	_	DET	DT	_	8	det	_	_
8	preschool	_	NOUN	NN	_	5	obl	_	_
9	.	_	PUNCT	.	_	5	punct	_	_",
the boy going to get a band - aid .,present_progressive,"1	the	_	_	_	_	2	det	_	_
2	boy	_	_	_	_	3	nsubj	_	_
3	going	_	_	_	_	0	root	_	_
4	to	_	_	_	_	5	mark	_	_
5	get	_	_	_	_	3	xcomp	_	_
6	a	_	_	_	_	9	det	_	_
7	band	_	_	_	_	9	compound	_	_
8	-	_	_	_	_	9	compound	_	_
9	aid	_	_	_	_	5	obj	_	_
10	.	_	_	_	_	3	punct	_	_","1	the	_	DET	DT	_	2	det	_	_
2	boy	_	NOUN	NN	_	3	nsubj	_	_
3	going	_	VERB	VBG	_	0	root	_	_
4	to	_	PART	TO	_	5	mark	_	_
5	get	_	VERB	VB	_	3	xcomp	_	_
6	a	_	DET	DT	_	9	det	_	_
7	band	_	NOUN	NN	_	9	compound	_	_
8	-	_	PUNCT	HYPH	_	7	punct	_	_
9	aid	_	NOUN	NN	_	5	obj	_	_
10	.	_	PUNCT	.	_	3	punct	_	_",
the the snow going to be on the ground .,auxiliary,"1	the	_	_	_	_	2	reparandum	_	_
2	the	_	_	_	_	3	det	_	_
3	snow	_	_	_	_	4	nsubj	_	_
4	going	_	_	_	_	0	root	_	_
5	to	_	_	_	_	9	mark	_	_
6	be	_	_	_	_	9	cop	_	_
7	on	_	_	_	_	9	case	_	_
8	the	_	_	_	_	9	det	_	_
9	ground	_	_	_	_	4	xcomp	_	_
10	.	_	_	_	_	4	punct	_	_","1	the	_	DET	DT	_	3	det	_	_
2	the	_	DET	DT	_	3	det	_	_
3	snow	_	NOUN	NN	_	4	nsubj	_	_
4	going	_	VERB	VBG	_	0	root	_	_
5	to	_	PART	TO	_	9	mark	_	_
6	be	_	AUX	VB	_	9	cop	_	_
7	on	_	ADP	IN	_	9	case	_	_
8	the	_	DET	DT	_	9	det	_	_
9	ground	_	NOUN	NN	_	4	xcomp	_	_
10	.	_	PUNCT	.	_	4	punct	_	_",
he fall down again .,tense_aspect,"1	he	_	_	_	_	2	nsubj	_	_
2	fall	_	_	_	_	0	root	_	_
3	down	_	_	_	_	2	advmod	_	_
4	again	_	_	_	_	2	advmod	_	_
5	.	_	_	_	_	2	punct	_	_","1	he	_	PRON	PRP	_	2	nsubj	_	_
2	fall	_	VERB	VBP	_	0	root	_	_
3	down	_	ADP	RP	_	2	compound:prt	_	_
4	again	_	ADV	RB	_	2	advmod	_	_
5	.	_	PUNCT	.	_	2	punct	_	_",
the the car the white car going to get the tractor .,tense_aspect,"1	the	_	_	_	_	2	reparandum	_	_
2	the	_	_	_	_	3	det	_	_
3	car	_	_	_	_	0	root	_	_
4	the	_	_	_	_	6	det	_	_
5	white	_	_	_	_	6	amod	_	_
6	car	_	_	_	_	7	nsubj	_	_
7	going	_	_	_	_	3	parataxis	_	_
8	to	_	_	_	_	9	mark	_	_
9	get	_	_	_	_	7	xcomp	_	_
10	the	_	_	_	_	11	det	_	_
11	tractor	_	_	_	_	9	obj	_	_
12	.	_	_	_	_	3	punct	_	_","1	the	_	DET	DT	_	3	det	_	_
2	the	_	DET	DT	_	3	det	_	_
3	car	_	NOUN	NN	_	7	nsubj	_	_
4	the	_	DET	DT	_	6	det	_	_
5	white	_	ADJ	JJ	_	6	amod	_	_
6	car	_	NOUN	NN	_	7	nsubj	_	_
7	going	_	VERB	VBG	_	0	root	_	_
8	to	_	PART	TO	_	9	mark	_	_
9	get	_	VERB	VB	_	7	advcl	_	_
10	the	_	DET	DT	_	11	det	_	_
11	tractor	_	NOUN	NN	_	9	obj	_	_
12	.	_	PUNCT	.	_	7	punct	_	_",
the tractor the tractor the race car's going to fall the tractor .,preposition,"1	the	_	_	_	_	2	det	_	_
2	tractor	_	_	_	_	0	root	_	_
3	the	_	_	_	_	4	det	_	_
4	tractor	_	_	_	_	2	conj	_	_
5	the	_	_	_	_	7	det	_	_
6	race	_	_	_	_	7	compound	_	_
7	car's	_	_	_	_	8	nsubj	_	_
8	going	_	_	_	_	2	parataxis	_	_
9	to	_	_	_	_	10	mark	_	_
10	fall	_	_	_	_	8	xcomp	_	_
11	the	_	_	_	_	12	det	_	_
12	tractor	_	_	_	_	2	parataxis	_	_
13	.	_	_	_	_	2	punct	_	_","1	the	_	DET	DT	_	2	det	_	_
2	tractor	_	NOUN	NN	_	9	nsubj	_	_
3	the	_	DET	DT	_	4	det	_	_
4	tractor	_	NOUN	NN	_	9	obj	_	_
5	the	_	DET	DT	_	7	det	_	_
6	race	_	NOUN	NN	_	7	compound	_	_
7	car	_	NOUN	NN	_	9	nsubj	_	_
8	's	_	AUX	VBZ	_	9	aux	_	_
9	going	_	VERB	VBG	_	0	root	_	_
10	to	_	PART	TO	_	11	mark	_	_
11	fall	_	VERB	VB	_	9	xcomp	_	_
12	the	_	DET	DT	_	13	det	_	_
13	tractor	_	NOUN	NN	_	11	obj	_	_
14	.	_	PUNCT	.	_	9	punct	_	_",
the Hulk Doctor David Banner take his shirt off and be the be the Hulk .,"tense_aspect, other","1	the	_	_	_	_	2	det	_	_
2	Hulk	_	_	_	_	0	root	_	_
3	Doctor	_	_	_	_	6	nsubj	_	_
4	David	_	_	_	_	3	flat	_	_
5	Banner	_	_	_	_	3	flat	_	_
6	take	_	_	_	_	2	parataxis	_	_
7	his	_	_	_	_	8	nmod:poss	_	_
8	shirt	_	_	_	_	6	obj	_	_
9	off	_	_	_	_	6	compound:prt	_	_
10	and	_	_	_	_	15	cc	_	_
11	be	_	_	_	_	15	cop	_	_
12	the	_	_	_	_	15	reparandum	_	_
13	be	_	_	_	_	15	cop	_	_
14	the	_	_	_	_	15	det	_	_
15	Hulk	_	_	_	_	6	conj	_	_
16	.	_	_	_	_	2	punct	_	_","1	the	_	DET	DT	_	3	det	_	_
2	Hulk	_	PROPN	NNP	_	3	compound	_	_
3	Doctor	_	PROPN	NNP	_	6	nsubj	_	_
4	David	_	PROPN	NNP	_	3	flat	_	_
5	Banner	_	PROPN	NNP	_	3	flat	_	_
6	take	_	VERB	VB	_	0	root	_	_
7	his	_	PRON	PRP$	_	8	nmod:poss	_	_
8	shirt	_	NOUN	NN	_	6	obj	_	_
9	off	_	ADP	RP	_	6	compound:prt	_	_
10	and	_	CCONJ	CC	_	15	cc	_	_
11	be	_	AUX	VB	_	15	cop	_	_
12	the	_	DET	DT	_	15	det	_	_
13	be	_	AUX	VB	_	15	cop	_	_
14	the	_	DET	DT	_	15	det	_	_
15	Hulk	_	PROPN	NNP	_	6	conj	_	_
16	.	_	PUNCT	.	_	6	punct	_	_",
he going to put up the man up on the air .,"auxiliary, preposition","1	he	_	_	_	_	2	nsubj	_	_
2	going	_	_	_	_	0	root	_	_
3	to	_	_	_	_	4	mark	_	_
4	put	_	_	_	_	2	xcomp	_	_
5	up	_	_	_	_	4	compound:prt	_	_
6	the	_	_	_	_	7	det	_	_
7	man	_	_	_	_	4	obj	_	_
8	up	_	_	_	_	11	advmod	_	_
9	on	_	_	_	_	11	case	_	_
10	the	_	_	_	_	11	det	_	_
11	air	_	_	_	_	4	obl	_	_
12	.	_	_	_	_	2	punct	_	_","1	he	_	PRON	PRP	_	2	nsubj	_	_
2	going	_	VERB	VBG	_	0	root	_	_
3	to	_	PART	TO	_	4	mark	_	_
4	put	_	VERB	VB	_	2	xcomp	_	_
5	up	_	ADP	RP	_	4	compound:prt	_	_
6	the	_	DET	DT	_	7	det	_	_
7	man	_	NOUN	NN	_	4	obj	_	_
8	up	_	ADP	RP	_	4	compound:prt	_	_
9	on	_	ADP	IN	_	11	case	_	_
10	the	_	DET	DT	_	11	det	_	_
11	air	_	NOUN	NN	_	4	obl	_	_
12	.	_	PUNCT	.	_	2	punct	_	_",
pick up the pick up on the air .,"subject, tense_aspect, object","1	pick	_	_	_	_	4	reparandum	_	_
2	up	_	_	_	_	1	compound:prt	_	_
3	the	_	_	_	_	4	reparandum	_	_
4	pick	_	_	_	_	0	root	_	_
5	up	_	_	_	_	4	compound:prt	_	_
6	on	_	_	_	_	8	case	_	_
7	the	_	_	_	_	8	det	_	_
8	air	_	_	_	_	4	obl	_	_
9	.	_	_	_	_	4	punct	_	_","1	pick	_	VERB	VB	_	0	root	_	_
2	up	_	ADP	RP	_	1	compound:prt	_	_
3	the	_	DET	DT	_	4	det	_	_
4	pick	_	NOUN	NN	_	1	obj	_	_
5	up	_	ADP	RP	_	1	compound:prt	_	_
6	on	_	ADP	IN	_	8	case	_	_
7	the	_	DET	DT	_	8	det	_	_
8	air	_	NOUN	NN	_	1	obl	_	_
9	.	_	PUNCT	.	_	1	punct	_	_",
pick up pick up the air .,"subject, tense_aspect","1	pick	_	_	_	_	3	reparandum	_	_
2	up	_	_	_	_	1	compound:prt	_	_
3	pick	_	_	_	_	0	root	_	_
4	up	_	_	_	_	3	compound:prt	_	_
5	the	_	_	_	_	6	det	_	_
6	air	_	_	_	_	3	obj	_	_
7	.	_	_	_	_	3	punct	_	_","1	pick	_	VERB	VB	_	0	root	_	_
2	up	_	ADP	RP	_	1	compound:prt	_	_
3	pick	_	VERB	VB	_	1	xcomp	_	_
4	up	_	ADP	RP	_	3	compound:prt	_	_
5	the	_	DET	DT	_	6	det	_	_
6	air	_	NOUN	NN	_	3	obj	_	_
7	.	_	PUNCT	.	_	1	punct	_	_",
and why why why does Doctor David Banner gets mad ?,tense_aspect,"1	and	_	_	_	_	9	cc	_	_
2	why	_	_	_	_	9	advmod	_	_
3	why	_	_	_	_	2	conj	_	_
4	why	_	_	_	_	2	conj	_	_
5	does	_	_	_	_	9	aux	_	_
6	Doctor	_	_	_	_	9	nsubj	_	_
7	David	_	_	_	_	6	flat	_	_
8	Banner	_	_	_	_	6	flat	_	_
9	gets	_	_	_	_	0	root	_	_
10	mad	_	_	_	_	9	xcomp	_	_
11	?	_	_	_	_	9	punct	_	_","1	and	_	CCONJ	CC	_	9	cc	_	_
2	why	_	ADV	WRB	_	9	advmod	_	_
3	why	_	ADV	WRB	_	9	advmod	_	_
4	why	_	ADV	WRB	_	9	advmod	_	_
5	does	_	AUX	VBZ	_	9	aux	_	_
6	Doctor	_	PROPN	NNP	_	9	nsubj	_	_
7	David	_	PROPN	NNP	_	6	flat	_	_
8	Banner	_	PROPN	NNP	_	6	flat	_	_
9	gets	_	VERB	VBZ	_	0	root	_	_
10	mad	_	ADJ	JJ	_	9	xcomp	_	_
11	?	_	PUNCT	.	_	9	punct	_	_",
hey daddy hey daddy Doctor David Banner talk too much much ?,auxiliary,"1	hey	_	_	_	_	8	discourse	_	_
2	daddy	_	_	_	_	1	vocative	_	_
3	hey	_	_	_	_	1	conj	_	_
4	daddy	_	_	_	_	1	vocative	_	_
5	Doctor	_	_	_	_	8	nsubj	_	_
6	David	_	_	_	_	5	flat	_	_
7	Banner	_	_	_	_	5	flat	_	_
8	talk	_	_	_	_	0	root	_	_
9	too	_	_	_	_	10	advmod	_	_
10	much	_	_	_	_	8	advmod	_	_
11	much	_	_	_	_	10	conj	_	_
12	?	_	_	_	_	8	punct	_	_","1	hey	_	INTJ	UH	_	8	discourse	_	_
2	daddy	_	INTJ	UH	_	8	discourse	_	_
3	hey	_	INTJ	UH	_	8	discourse	_	_
4	daddy	_	PROPN	NNP	_	8	nsubj	_	_
5	Doctor	_	PROPN	NNP	_	8	nsubj	_	_
6	David	_	PROPN	NNP	_	5	flat	_	_
7	Banner	_	PROPN	NNP	_	5	flat	_	_
8	talk	_	VERB	VB	_	0	root	_	_
9	too	_	ADV	RB	_	10	advmod	_	_
10	much	_	ADV	RB	_	11	advmod	_	_
11	much	_	ADJ	JJ	_	8	advmod	_	_
12	?	_	PUNCT	.	_	8	punct	_	_",
um um and Doctor David Banner turn in the Hulk .,tense_aspect,"1	um	_	_	_	_	4	discourse	_	_
2	um	_	_	_	_	1	conj	_	_
3	and	_	_	_	_	7	cc	_	_
4	Doctor	_	_	_	_	7	nsubj	_	_
5	David	_	_	_	_	4	flat	_	_
6	Banner	_	_	_	_	4	flat	_	_
7	turn	_	_	_	_	0	root	_	_
8	in	_	_	_	_	7	compound:prt	_	_
9	the	_	_	_	_	10	det	_	_
10	Hulk	_	_	_	_	7	obj	_	_
11	.	_	_	_	_	7	punct	_	_","1	um	_	INTJ	UH	_	7	discourse	_	_
2	um	_	INTJ	UH	_	7	discourse	_	_
3	and	_	CCONJ	CC	_	4	cc	_	_
4	Doctor	_	PROPN	NNP	_	7	nsubj	_	_
5	David	_	PROPN	NNP	_	4	flat	_	_
6	Banner	_	PROPN	NNP	_	4	flat	_	_
7	turn	_	VERB	VB	_	0	root	_	_
8	in	_	ADP	IN	_	10	case	_	_
9	the	_	DET	DT	_	10	det	_	_
10	Hulk	_	PROPN	NNP	_	7	obl	_	_
11	.	_	PUNCT	.	_	7	punct	_	_",
this my nose .,verb,"1	this	_	_	_	_	3	nsubj	_	_
2	my	_	_	_	_	3	nmod:poss	_	_
3	nose	_	_	_	_	0	root	_	_
4	.	_	_	_	_	3	punct	_	_","1	this	_	DET	DT	_	3	det	_	_
2	my	_	PRON	PRP$	_	3	nmod:poss	_	_
3	nose	_	NOUN	NN	_	0	root	_	_
4	.	_	PUNCT	.	_	3	punct	_	_",
look look it .,preposition,"1	look	_	_	_	_	2	reparandum	_	_
2	look	_	_	_	_	0	root	_	_
3	it	_	_	_	_	2	obj	_	_
4	.	_	_	_	_	2	punct	_	_","1	look	_	VERB	VB	_	0	root	_	_
2	look	_	VERB	VB	_	1	xcomp	_	_
3	it	_	PRON	PRP	_	2	obj	_	_
4	.	_	PUNCT	.	_	1	punct	_	_",
this mommy .,verb,"1	this	_	_	_	_	0	root	_	_
2	mommy	_	_	_	_	1	vocative	_	_
3	.	_	_	_	_	1	punct	_	_","1	this	_	DET	DT	_	2	det	_	_
2	mommy	_	NOUN	NN	_	0	root	_	_
3	.	_	PUNCT	.	_	2	punct	_	_",
this mommy mouth .,"verb, possessive","1	this	_	_	_	_	3	det	_	_
2	mommy	_	_	_	_	3	nmod:poss	_	_
3	mouth	_	_	_	_	0	root	_	_
4	.	_	_	_	_	3	punct	_	_","1	this	_	DET	DT	_	3	det	_	_
2	mommy	_	ADJ	JJ	_	3	amod	_	_
3	mouth	_	NOUN	NN	_	0	root	_	_
4	.	_	PUNCT	.	_	3	punct	_	_",
like mommy teeth .,"subject, verb, possessive","1	like	_	_	_	_	3	case	_	_
2	mommy	_	_	_	_	3	nmod:poss	_	_
3	teeth	_	_	_	_	0	root	_	_
4	.	_	_	_	_	3	punct	_	_","1	like	_	INTJ	UH	_	3	discourse	_	_
2	mommy	_	NOUN	NN	_	3	compound	_	_
3	teeth	_	NOUN	NNS	_	0	root	_	_
4	.	_	PUNCT	.	_	3	punct	_	_",
oh no is mine eyes .,"subject, other","1	oh	_	_	_	_	5	discourse	_	_
2	no	_	_	_	_	5	discourse	_	_
3	is	_	_	_	_	5	cop	_	_
4	mine	_	_	_	_	5	nmod:poss	_	_
5	eyes	_	_	_	_	0	root	_	_
6	.	_	_	_	_	5	punct	_	_","1	oh	_	INTJ	UH	_	5	discourse	_	_
2	no	_	INTJ	UH	_	5	discourse	_	_
3	is	_	AUX	VBZ	_	5	cop	_	_
4	mine	_	PRON	PRP	_	5	compound	_	_
5	eyes	_	NOUN	NNS	_	0	root	_	_
6	.	_	PUNCT	.	_	5	punct	_	_",
here mine eyes .,"verb, other","1	here	_	_	_	_	0	root	_	_
2	mine	_	_	_	_	3	nmod:poss	_	_
3	eyes	_	_	_	_	1	nsubj	_	_
4	.	_	_	_	_	1	punct	_	_","1	here	_	ADV	RB	_	0	root	_	_
2	mine	_	PRON	PRP	_	1	nsubj	_	_
3	eyes	_	NOUN	NNS	_	1	nsubj	_	_
4	.	_	PUNCT	.	_	1	punct	_	_",
no mine mommy .,other,"1	no	_	_	_	_	2	discourse	_	_
2	mine	_	_	_	_	0	root	_	_
3	mommy	_	_	_	_	2	vocative	_	_
4	.	_	_	_	_	2	punct	_	_","1	no	_	DET	DT	_	3	det	_	_
2	mine	_	PRON	PRP	_	3	compound	_	_
3	mommy	_	NOUN	NN	_	0	root	_	_
4	.	_	PUNCT	.	_	3	punct	_	_",
it's my .,object,"1	it's	_	_	_	_	2	nsubj	_	_
2	my	_	_	_	_	0	root	_	_
3	.	_	_	_	_	2	punct	_	_","1	it	_	PRON	PRP	_	3	nsubj	_	_
2	's	_	AUX	VBZ	_	3	cop	_	_
3	my	_	PRON	PRP	_	0	root	_	_
4	.	_	PUNCT	.	_	3	punct	_	_",
is more mommy mo .,"subject, other","1	is	_	_	_	_	2	cop	_	_
2	more	_	_	_	_	0	root	_	_
3	mommy	_	_	_	_	2	vocative	_	_
4	mo	_	_	_	_	3	flat	_	_
5	.	_	_	_	_	2	punct	_	_","1	is	_	AUX	VBZ	_	4	cop	_	_
2	more	_	ADV	RBR	_	4	advmod	_	_
3	mommy	_	NOUN	NN	_	4	compound	_	_
4	mo	_	NOUN	NN	_	0	root	_	_
5	.	_	PUNCT	.	_	4	punct	_	_",
what where daddy mouth .,"verb, possessive","1	what	_	_	_	_	2	reparandum	_	_
2	where	_	_	_	_	0	root	_	_
3	daddy	_	_	_	_	4	nmod:poss	_	_
4	mouth	_	_	_	_	2	nsubj	_	_
5	.	_	_	_	_	2	punct	_	_","1	what	_	PRON	WP	_	0	root	_	_
2	where	_	ADV	WRB	_	4	advmod	_	_
3	daddy	_	NOUN	NN	_	4	compound	_	_
4	mouth	_	NOUN	NN	_	1	nsubj	_	_
5	.	_	PUNCT	.	_	1	punct	_	_",
this momma mouth .,"verb, possessive","1	this	_	_	_	_	3	det	_	_
2	momma	_	_	_	_	3	nmod:poss	_	_
3	mouth	_	_	_	_	0	root	_	_
4	.	_	_	_	_	3	punct	_	_","1	this	_	DET	DT	_	3	det	_	_
2	momma	_	NOUN	NN	_	3	compound	_	_
3	mouth	_	NOUN	NN	_	0	root	_	_
4	.	_	PUNCT	.	_	3	punct	_	_",
here's mine ears .,"sv_agreement, determiner","1	here's	_	_	_	_	0	root	_	_
2	mine	_	_	_	_	3	nmod:poss	_	_
3	ears	_	_	_	_	1	nsubj	_	_
4	.	_	_	_	_	1	punct	_	_","1	here	_	ADV	RB	_	0	root	_	_
2	's	_	AUX	VBZ	_	1	cop	_	_
3	mine	_	PRON	PRP	_	4	compound	_	_
4	ears	_	NOUN	NNS	_	1	nsubj	_	_
5	.	_	PUNCT	.	_	1	punct	_	_",
mommy what these go down ?,"auxiliary, other","1	mommy	_	_	_	_	4	vocative	_	_
2	what	_	_	_	_	4	obl	_	_
3	these	_	_	_	_	4	nsubj	_	_
4	go	_	_	_	_	0	root	_	_
5	down	_	_	_	_	4	advmod	_	_
6	?	_	_	_	_	4	punct	_	_","1	mommy	_	INTJ	UH	_	2	discourse	_	_
2	what	_	PRON	WP	_	0	root	_	_
3	these	_	PRON	DT	_	4	nsubj	_	_
4	go	_	VERB	VBP	_	2	acl:relcl	_	_
5	down	_	ADP	RP	_	4	compound:prt	_	_
6	?	_	PUNCT	.	_	2	punct	_	_",
that's daddy take tongue .,"possessive, determiner","1	that's	_	_	_	_	2	nsubj	_	_
2	daddy	_	_	_	_	0	root	_	_
3	take	_	_	_	_	2	parataxis	_	_
4	tongue	_	_	_	_	3	obj	_	_
5	.	_	_	_	_	2	punct	_	_","1	that	_	PRON	DT	_	4	nsubj	_	_
2	's	_	AUX	VBZ	_	4	aux	_	_
3	daddy	_	NOUN	NN	_	4	nsubj	_	_
4	take	_	VERB	VB	_	0	root	_	_
5	tongue	_	NOUN	NN	_	4	obj	_	_
6	.	_	PUNCT	.	_	4	punct	_	_",
no mommy going take tongue .,"auxiliary, tense_aspect, determiner","1	no	_	_	_	_	3	discourse	_	_
2	mommy	_	_	_	_	3	nsubj	_	_
3	going	_	_	_	_	0	root	_	_
4	take	_	_	_	_	3	xcomp	_	_
5	tongue	_	_	_	_	4	obj	_	_
6	.	_	_	_	_	3	punct	_	_","1	no	_	DET	DT	_	2	det	_	_
2	mommy	_	NOUN	NN	_	3	nsubj	_	_
3	going	_	VERB	VBG	_	0	root	_	_
4	take	_	VERB	VB	_	3	xcomp	_	_
5	tongue	_	NOUN	NN	_	4	obj	_	_
6	.	_	PUNCT	.	_	3	punct	_	_",
put daddy glass on .,"subject, possessive","1	put	_	_	_	_	0	root	_	_
2	daddy	_	_	_	_	3	nmod:poss	_	_
3	glass	_	_	_	_	1	obj	_	_
4	on	_	_	_	_	1	compound:prt	_	_
5	.	_	_	_	_	1	punct	_	_","1	put	_	VERB	VB	_	0	root	_	_
2	daddy	_	NOUN	NN	_	3	compound	_	_
3	glass	_	NOUN	NN	_	1	obj	_	_
4	on	_	ADP	RP	_	1	compound:prt	_	_
5	.	_	PUNCT	.	_	1	punct	_	_",
mommy's going take purse .,"tense_aspect, determiner","1	mommy's	_	_	_	_	2	nsubj	_	_
2	going	_	_	_	_	0	root	_	_
3	take	_	_	_	_	2	xcomp	_	_
4	purse	_	_	_	_	3	obj	_	_
5	.	_	_	_	_	2	punct	_	_","1	mommy	_	NOUN	NN	_	3	nsubj	_	_
2	's	_	PART	POS	_	1	case	_	_
3	going	_	VERB	VBG	_	4	nsubj	_	_
4	take	_	VERB	VB	_	0	root	_	_
5	purse	_	NOUN	NN	_	4	obj	_	_
6	.	_	PUNCT	.	_	3	punct	_	_",
mommy go in cow .,"present_progressive, determiner, object","1	mommy	_	_	_	_	2	vocative	_	_
2	go	_	_	_	_	0	root	_	_
3	in	_	_	_	_	4	case	_	_
4	cow	_	_	_	_	2	obl	_	_
5	.	_	_	_	_	2	punct	_	_","1	mommy	_	NOUN	NN	_	2	nsubj	_	_
2	go	_	VERB	VB	_	0	root	_	_
3	in	_	ADP	IN	_	4	case	_	_
4	cow	_	NOUN	NN	_	2	obl	_	_
5	.	_	PUNCT	.	_	2	punct	_	_",
go in cow .,"subject, present_progressive, determiner, object","1	go	_	_	_	_	0	root	_	_
2	in	_	_	_	_	1	advmod	_	_
3	cow	_	_	_	_	1	vocative	_	_
4	.	_	_	_	_	1	punct	_	_","1	go	_	VERB	VB	_	0	root	_	_
2	in	_	ADP	IN	_	1	compound:prt	_	_
3	cow	_	NOUN	NN	_	1	obl	_	_
4	.	_	PUNCT	.	_	1	punct	_	_",
this this sheeps go in .,"plural, other","1	this	_	_	_	_	2	reparandum	_	_
2	this	_	_	_	_	3	det	_	_
3	sheeps	_	_	_	_	4	nsubj	_	_
4	go	_	_	_	_	0	root	_	_
5	in	_	_	_	_	4	advmod	_	_
6	.	_	_	_	_	4	punct	_	_","1	this	_	PRON	DT	_	4	nsubj	_	_
2	this	_	DET	DT	_	3	det	_	_
3	sheeps	_	NOUN	NNS	_	4	nsubj	_	_
4	go	_	VERB	VBP	_	0	root	_	_
5	in	_	ADP	RP	_	4	compound:prt	_	_
6	.	_	PUNCT	.	_	4	punct	_	_",
there baby sheeps .,"verb, plural","1	there	_	_	_	_	3	expl	_	_
2	baby	_	_	_	_	3	amod	_	_
3	sheeps	_	_	_	_	0	root	_	_
4	.	_	_	_	_	3	punct	_	_","1	there	_	PRON	PRP$	_	3	nmod:poss	_	_
2	baby	_	NOUN	NN	_	3	compound	_	_
3	sheeps	_	NOUN	NNS	_	0	root	_	_
4	.	_	PUNCT	.	_	3	punct	_	_",
mommy mommy want him go here ?,"subject, auxiliary, tense_aspect","1	mommy	_	_	_	_	3	vocative	_	_
2	mommy	_	_	_	_	1	conj	_	_
3	want	_	_	_	_	0	root	_	_
4	him	_	_	_	_	3	obj	_	_
5	go	_	_	_	_	3	xcomp	_	_
6	here	_	_	_	_	5	advmod	_	_
7	?	_	_	_	_	3	punct	_	_","1	mommy	_	NOUN	NN	_	2	compound	_	_
2	mommy	_	NOUN	NN	_	3	nsubj	_	_
3	want	_	VERB	VB	_	0	root	_	_
4	him	_	PRON	PRP	_	3	obj	_	_
5	go	_	VERB	VB	_	3	xcomp	_	_
6	here	_	ADV	RB	_	5	advmod	_	_
7	?	_	PUNCT	.	_	3	punct	_	_",
mommy go .,tense_aspect,"1	mommy	_	_	_	_	2	vocative	_	_
2	go	_	_	_	_	0	root	_	_
3	.	_	_	_	_	2	punct	_	_","1	mommy	_	NOUN	NN	_	2	nsubj	_	_
2	go	_	VERB	VB	_	0	root	_	_
3	.	_	PUNCT	.	_	2	punct	_	_",
no I wanna go to what that thing and see if I'm tall .,verb,"1	no	_	_	_	_	3	discourse	_	_
2	I	_	_	_	_	3	nsubj	_	_
3	wanna	_	_	_	_	0	root	_	_
4	go	_	_	_	_	3	xcomp	_	_
5	to	_	_	_	_	8	case	_	_
6	what	_	_	_	_	8	reparandum	_	_
7	that	_	_	_	_	8	det	_	_
8	thing	_	_	_	_	4	obl	_	_
9	and	_	_	_	_	10	cc	_	_
10	see	_	_	_	_	4	conj	_	_
11	if	_	_	_	_	13	mark	_	_
12	I'm	_	_	_	_	13	cop	_	_
13	tall	_	_	_	_	10	ccomp	_	_
14	.	_	_	_	_	3	punct	_	_","1	no	_	INTJ	UH	_	3	discourse	_	_
2	I	_	PRON	PRP	_	3	nsubj	_	_
3	wan	_	VERB	VBP	_	0	root	_	_
4	na	_	PART	TO	_	5	mark	_	_
5	go	_	VERB	VB	_	3	xcomp	_	_
6	to	_	ADP	IN	_	7	case	_	_
7	what	_	DET	WDT	_	9	det:predet	_	_
8	that	_	DET	DT	_	9	det	_	_
9	thing	_	NOUN	NN	_	5	obl	_	_
10	and	_	CCONJ	CC	_	11	cc	_	_
11	see	_	VERB	VB	_	5	conj	_	_
12	if	_	SCONJ	IN	_	15	mark	_	_
13	I	_	PRON	PRP	_	15	nsubj	_	_
14	'm	_	AUX	VBP	_	15	cop	_	_
15	tall	_	ADJ	JJ	_	11	ccomp	_	_
16	.	_	PUNCT	.	_	3	punct	_	_",
I'm going to make .,object,"1	I'm	_	_	_	_	2	nsubj	_	_
2	going	_	_	_	_	0	root	_	_
3	to	_	_	_	_	4	mark	_	_
4	make	_	_	_	_	2	xcomp	_	_
5	.	_	_	_	_	2	punct	_	_","1	I	_	PRON	PRP	_	3	nsubj	_	_
2	'm	_	AUX	VBP	_	3	aux	_	_
3	going	_	VERB	VBG	_	0	root	_	_
4	to	_	PART	TO	_	5	mark	_	_
5	make	_	VERB	VB	_	3	xcomp	_	_
6	.	_	PUNCT	.	_	3	punct	_	_",
then we put her at down .,preposition,"1	then	_	_	_	_	3	advmod	_	_
2	we	_	_	_	_	3	nsubj	_	_
3	put	_	_	_	_	0	root	_	_
4	her	_	_	_	_	3	obj	_	_
5	at	_	_	_	_	6	case	_	_
6	down	_	_	_	_	3	obl	_	_
7	.	_	_	_	_	3	punct	_	_","1	then	_	ADV	RB	_	3	advmod	_	_
2	we	_	PRON	PRP	_	3	nsubj	_	_
3	put	_	VERB	VBD	_	0	root	_	_
4	her	_	PRON	PRP	_	3	obj	_	_
5	at	_	ADP	IN	_	3	advmod	_	_
6	down	_	ADP	RP	_	3	compound:prt	_	_
7	.	_	PUNCT	.	_	3	punct	_	_",
oh I'm going stupid that hair on there .,other,"1	oh	_	_	_	_	3	discourse	_	_
2	I'm	_	_	_	_	3	nsubj	_	_
3	going	_	_	_	_	0	root	_	_
4	stupid	_	_	_	_	3	xcomp	_	_
5	that	_	_	_	_	6	det	_	_
6	hair	_	_	_	_	3	parataxis	_	_
7	on	_	_	_	_	8	case	_	_
8	there	_	_	_	_	6	nmod	_	_
9	.	_	_	_	_	3	punct	_	_","1	oh	_	INTJ	UH	_	4	discourse	_	_
2	I	_	PRON	PRP	_	4	nsubj	_	_
3	'm	_	AUX	VBP	_	4	aux	_	_
4	going	_	VERB	VBG	_	0	root	_	_
5	stupid	_	ADJ	JJ	_	4	xcomp	_	_
6	that	_	DET	DT	_	7	det	_	_
7	hair	_	NOUN	NN	_	5	obj	_	_
8	on	_	ADP	IN	_	9	case	_	_
9	there	_	ADV	RB	_	4	obl	_	_
10	.	_	PUNCT	.	_	4	punct	_	_",
yup you .,verb,"1	yup	_	_	_	_	2	discourse	_	_
2	you	_	_	_	_	0	root	_	_
3	.	_	_	_	_	2	punct	_	_","1	yup	_	VERB	VB	_	0	root	_	_
2	you	_	PRON	PRP	_	1	obj	_	_
3	.	_	PUNCT	.	_	1	punct	_	_",
other roll it on here .,other,"1	other	_	_	_	_	2	discourse	_	_
2	roll	_	_	_	_	0	root	_	_
3	it	_	_	_	_	2	obj	_	_
4	on	_	_	_	_	5	case	_	_
5	here	_	_	_	_	2	obl	_	_
6	.	_	_	_	_	2	punct	_	_","1	other	_	ADJ	JJ	_	2	nsubj	_	_
2	roll	_	VERB	VB	_	0	root	_	_
3	it	_	PRON	PRP	_	2	obj	_	_
4	on	_	ADP	IN	_	2	compound:prt	_	_
5	here	_	ADV	RB	_	2	obl	_	_
6	.	_	PUNCT	.	_	2	punct	_	_",
it's my .,object,"1	it's	_	_	_	_	2	nsubj	_	_
2	my	_	_	_	_	0	root	_	_
3	.	_	_	_	_	2	punct	_	_","1	it	_	PRON	PRP	_	3	nsubj	_	_
2	's	_	AUX	VBZ	_	3	cop	_	_
3	my	_	PRON	PRP	_	0	root	_	_
4	.	_	PUNCT	.	_	3	punct	_	_",
what's my do on play dough ?,other,"1	what's	_	_	_	_	3	aux	_	_
2	my	_	_	_	_	3	nsubj	_	_
3	do	_	_	_	_	0	root	_	_
4	on	_	_	_	_	6	case	_	_
5	play	_	_	_	_	6	compound	_	_
6	dough	_	_	_	_	3	obl	_	_
7	?	_	_	_	_	3	punct	_	_","1	what	_	PRON	WP	_	0	root	_	_
2	's	_	AUX	VBZ	_	1	cop	_	_
3	my	_	PRON	PRP$	_	4	nmod:poss	_	_
4	do	_	NOUN	NN	_	7	compound	_	_
5	on	_	ADP	IN	_	7	case	_	_
6	play	_	NOUN	NN	_	7	compound	_	_
7	dough	_	NOUN	NN	_	1	nsubj	_	_
8	?	_	PUNCT	.	_	1	punct	_	_",
that what she sayed .,tense_aspect,"1	that	_	_	_	_	2	nsubj	_	_
2	what	_	_	_	_	0	root	_	_
3	she	_	_	_	_	4	nsubj	_	_
4	sayed	_	_	_	_	2	acl:relcl	_	_
5	.	_	_	_	_	2	punct	_	_","1	that	_	SCONJ	IN	_	2	mark	_	_
2	what	_	PRON	WP	_	0	root	_	_
3	she	_	PRON	PRP	_	4	nsubj	_	_
4	sayed	_	VERB	VBD	_	2	acl:relcl	_	_
5	.	_	PUNCT	.	_	2	punct	_	_",
the the alligator come out and bite his chin .,tense_aspect,"1	the	_	_	_	_	2	reparandum	_	_
2	the	_	_	_	_	3	det	_	_
3	alligator	_	_	_	_	4	nsubj	_	_
4	come	_	_	_	_	0	root	_	_
5	out	_	_	_	_	4	advmod	_	_
6	and	_	_	_	_	7	cc	_	_
7	bite	_	_	_	_	4	conj	_	_
8	his	_	_	_	_	9	nmod:poss	_	_
9	chin	_	_	_	_	7	obj	_	_
10	.	_	_	_	_	4	punct	_	_","1	the	_	DET	DT	_	3	det	_	_
2	the	_	DET	DT	_	3	det	_	_
3	alligator	_	NOUN	NN	_	4	nsubj	_	_
4	come	_	VERB	VB	_	0	root	_	_
5	out	_	ADP	RP	_	4	compound:prt	_	_
6	and	_	CCONJ	CC	_	7	cc	_	_
7	bite	_	VERB	VB	_	4	conj	_	_
8	his	_	PRON	PRP$	_	9	nmod:poss	_	_
9	chin	_	NOUN	NN	_	7	obj	_	_
10	.	_	PUNCT	.	_	4	punct	_	_",
what you making ?,auxiliary,"1	what	_	_	_	_	3	obj	_	_
2	you	_	_	_	_	3	nsubj	_	_
3	making	_	_	_	_	0	root	_	_
4	?	_	_	_	_	3	punct	_	_","1	what	_	PRON	WP	_	0	root	_	_
2	you	_	PRON	PRP	_	3	nsubj	_	_
3	making	_	VERB	VBG	_	1	acl:relcl	_	_
4	?	_	PUNCT	.	_	3	punct	_	_","1	What	what	PRON	WP	_	3	obj	3:obj	_
2	you	you	PRON	PRP	_	3	nsubj	3:nsubj	_
3	making	make	VERB	VBG	_	0	root	0:root	SpaceAfter=No
4	?	?	PUNCT	?	_	3	punct	3:punct	_
"
a ball you make Mommy .,other,"1	a	_	_	_	_	2	det	_	_
2	ball	_	_	_	_	0	root	_	_
3	you	_	_	_	_	4	nsubj	_	_
4	make	_	_	_	_	2	acl:relcl	_	_
5	Mommy	_	_	_	_	4	vocative	_	_
6	.	_	_	_	_	2	punct	_	_","1	a	_	DET	DT	_	2	det	_	_
2	ball	_	NOUN	NN	_	0	root	_	_
3	you	_	PRON	PRP	_	4	nsubj	_	_
4	make	_	VERB	VBP	_	2	acl:relcl	_	_
5	Mommy	_	PROPN	NNP	_	4	obj	_	_
6	.	_	PUNCT	.	_	2	punct	_	_",
make play dough ball .,determiner,"1	make	_	_	_	_	0	root	_	_
2	play	_	_	_	_	1	xcomp	_	_
3	dough	_	_	_	_	4	compound	_	_
4	ball	_	_	_	_	1	parataxis	_	_
5	.	_	_	_	_	1	punct	_	_","1	make	_	VERB	VB	_	0	root	_	_
2	play	_	NOUN	NN	_	4	compound	_	_
3	dough	_	NOUN	NN	_	4	compound	_	_
4	ball	_	NOUN	NN	_	1	obj	_	_
5	.	_	PUNCT	.	_	1	punct	_	_",
what you make with this one ?,present_progressive,"1	what	_	_	_	_	3	obj	_	_
2	you	_	_	_	_	3	nsubj	_	_
3	make	_	_	_	_	0	root	_	_
4	with	_	_	_	_	6	case	_	_
5	this	_	_	_	_	6	det	_	_
6	one	_	_	_	_	3	obl	_	_
7	?	_	_	_	_	3	punct	_	_","1	what	_	PRON	WP	_	0	root	_	_
2	you	_	PRON	PRP	_	3	nsubj	_	_
3	make	_	VERB	VBP	_	1	acl:relcl	_	_
4	with	_	ADP	IN	_	6	case	_	_
5	this	_	DET	DT	_	6	det	_	_
6	one	_	NOUN	NN	_	3	obl	_	_
7	?	_	PUNCT	.	_	1	punct	_	_",
she's crying from the snake .,preposition,"1	she's	_	_	_	_	2	nsubj	_	_
2	crying	_	_	_	_	0	root	_	_
3	from	_	_	_	_	5	case	_	_
4	the	_	_	_	_	5	det	_	_
5	snake	_	_	_	_	2	obl	_	_
6	.	_	_	_	_	2	punct	_	_","1	she	_	PRON	PRP	_	3	nsubj	_	_
2	's	_	AUX	VBZ	_	3	aux	_	_
3	crying	_	VERB	VBG	_	0	root	_	_
4	from	_	ADP	IN	_	6	case	_	_
5	the	_	DET	DT	_	6	det	_	_
6	snake	_	NOUN	NN	_	3	obl	_	_
7	.	_	PUNCT	.	_	3	punct	_	_",
I'm going to put on your shoulder .,object,"1	I'm	_	_	_	_	2	nsubj	_	_
2	going	_	_	_	_	0	root	_	_
3	to	_	_	_	_	4	mark	_	_
4	put	_	_	_	_	2	xcomp	_	_
5	on	_	_	_	_	7	case	_	_
6	your	_	_	_	_	7	nmod:poss	_	_
7	shoulder	_	_	_	_	4	obl	_	_
8	.	_	_	_	_	2	punct	_	_","1	I	_	PRON	PRP	_	3	nsubj	_	_
2	'm	_	AUX	VBP	_	3	aux	_	_
3	going	_	VERB	VBG	_	0	root	_	_
4	to	_	PART	TO	_	5	mark	_	_
5	put	_	VERB	VB	_	3	xcomp	_	_
6	on	_	ADP	IN	_	5	compound:prt	_	_
7	your	_	PRON	PRP$	_	8	nmod:poss	_	_
8	shoulder	_	NOUN	NN	_	5	obl	_	_
9	.	_	PUNCT	.	_	3	punct	_	_",
now what we going to do with the play dough ?,auxiliary,"1	now	_	_	_	_	4	advmod	_	_
2	what	_	_	_	_	6	obj	_	_
3	we	_	_	_	_	4	nsubj	_	_
4	going	_	_	_	_	0	root	_	_
5	to	_	_	_	_	6	mark	_	_
6	do	_	_	_	_	4	xcomp	_	_
7	with	_	_	_	_	10	case	_	_
8	the	_	_	_	_	10	det	_	_
9	play	_	_	_	_	10	compound	_	_
10	dough	_	_	_	_	6	obl	_	_
11	?	_	_	_	_	4	punct	_	_","1	now	_	ADV	RB	_	2	advmod	_	_
2	what	_	PRON	WP	_	0	root	_	_
3	we	_	PRON	PRP	_	4	nsubj	_	_
4	going	_	VERB	VBG	_	2	acl:relcl	_	_
5	to	_	PART	TO	_	6	mark	_	_
6	do	_	VERB	VB	_	4	xcomp	_	_
7	with	_	ADP	IN	_	10	case	_	_
8	the	_	DET	DT	_	10	det	_	_
9	play	_	NOUN	NN	_	10	compound	_	_
10	dough	_	NOUN	NN	_	6	obl	_	_
11	?	_	PUNCT	.	_	2	punct	_	_",
and and some .,object,"1	and	_	_	_	_	2	reparandum	_	_
2	and	_	_	_	_	3	cc	_	_
3	some	_	_	_	_	0	root	_	_
4	.	_	_	_	_	3	punct	_	_","1	and	_	CCONJ	CC	_	3	cc	_	_
2	and	_	CCONJ	CC	_	3	cc	_	_
3	some	_	DET	DT	_	0	root	_	_
4	.	_	PUNCT	.	_	3	punct	_	_",
does do I do ?,object,"1	does	_	_	_	_	2	reparandum	_	_
2	do	_	_	_	_	0	root	_	_
3	I	_	_	_	_	4	nsubj	_	_
4	do	_	_	_	_	1	parataxis	_	_
5	?	_	_	_	_	2	punct	_	_","1	does	_	AUX	VBZ	_	4	aux	_	_
2	do	_	AUX	VBP	_	4	aux	_	_
3	I	_	PRON	PRP	_	4	nsubj	_	_
4	do	_	VERB	VB	_	0	root	_	_
5	?	_	PUNCT	.	_	4	punct	_	_",
look it .,preposition,"1	look	_	_	_	_	0	root	_	_
2	it	_	_	_	_	1	obl	_	_
3	.	_	_	_	_	1	punct	_	_","1	look	_	VERB	VB	_	0	root	_	_
2	it	_	PRON	PRP	_	1	obj	_	_
3	.	_	PUNCT	.	_	1	punct	_	_","1	Look	look	VERB	VB	_	0	root	0:root	_
2	it	it	PRON	PRP	_	1	obj	1:obj	SpaceAfter=No
3	.	.	PUNCT	.	_	1	punct	1:punct	_
"
something has inside here .,"object, preposition","1	something	_	_	_	_	2	nsubj	_	_
2	has	_	_	_	_	0	root	_	_
3	inside	_	_	_	_	4	case	_	_
4	here	_	_	_	_	2	obl	_	_
5	.	_	_	_	_	2	punct	_	_","1	something	_	PRON	NN	_	2	nsubj	_	_
2	has	_	AUX	VBZ	_	0	root	_	_
3	inside	_	ADV	RB	_	2	advmod	_	_
4	here	_	ADV	RB	_	2	advmod	_	_
5	.	_	PUNCT	.	_	2	punct	_	_",
I wanna make sad face .,determiner,"1	I	_	_	_	_	2	nsubj	_	_
2	wanna	_	_	_	_	0	root	_	_
3	make	_	_	_	_	2	xcomp	_	_
4	sad	_	_	_	_	5	amod	_	_
5	face	_	_	_	_	3	obj	_	_
6	.	_	_	_	_	2	punct	_	_","1	I	_	PRON	PRP	_	2	nsubj	_	_
2	wan	_	VERB	VBP	_	0	root	_	_
3	na	_	PART	TO	_	4	mark	_	_
4	make	_	VERB	VB	_	2	xcomp	_	_
5	sad	_	ADJ	JJ	_	6	amod	_	_
6	face	_	NOUN	NN	_	4	obj	_	_
7	.	_	PUNCT	.	_	2	punct	_	_",
"I think about cutting this um , this this hallow - this .",object,"1	I	_	_	_	_	2	nsubj	_	_
2	think	_	_	_	_	0	root	_	_
3	about	_	_	_	_	4	mark	_	_
4	cutting	_	_	_	_	2	xcomp	_	_
5	this	_	_	_	_	4	obj	_	_
6	um	_	_	_	_	4	discourse	_	_
7	,	_	_	_	_	8	reparandum	_	_
8	this	_	_	_	_	9	reparandum	_	_
9	this	_	_	_	_	10	det	_	_
10	hallow	_	_	_	_	4	parataxis	_	_
11	-	_	_	_	_	12	cc	_	_
12	this	_	_	_	_	10	conj	_	_
13	.	_	_	_	_	2	punct	_	_","1	I	_	PRON	PRP	_	2	nsubj	_	_
2	think	_	VERB	VBP	_	0	root	_	_
3	about	_	SCONJ	IN	_	4	mark	_	_
4	cutting	_	VERB	VBG	_	2	advcl	_	_
5	this	_	DET	DT	_	8	reparandum	_	_
6	um	_	INTJ	UH	_	10	discourse	_	_
7	,	_	PUNCT	,	_	6	punct	_	_
8	this	_	PRON	DT	_	10	nsubj	_	_
9	this	_	DET	DT	_	10	det	_	_
10	hallow	_	NOUN	NN	_	4	obj	_	_
11	-	_	PUNCT	,	_	12	punct	_	_
12	this	_	PRON	DT	_	10	appos	_	_
13	.	_	PUNCT	.	_	2	punct	_	_",
it's jack - o - lantern .,determiner,"1	it's	_	_	_	_	2	cop	_	_
2	jack	_	_	_	_	0	root	_	_
3	-	_	_	_	_	6	compound	_	_
4	o	_	_	_	_	6	case	_	_
5	-	_	_	_	_	6	det	_	_
6	lantern	_	_	_	_	2	nmod	_	_
7	.	_	_	_	_	2	punct	_	_","1	it	_	PRON	PRP	_	7	nsubj	_	_
2	's	_	AUX	VBZ	_	7	cop	_	_
3	jack	_	NOUN	NN	_	7	compound	_	_
4	-	_	PUNCT	HYPH	_	5	punct	_	_
5	o	_	ADP	IN	_	7	case	_	_
6	-	_	PUNCT	HYPH	_	5	punct	_	_
7	lantern	_	NOUN	NN	_	0	root	_	_
8	.	_	PUNCT	.	_	7	punct	_	_",
pineapple pineapple .,determiner,"1	pineapple	_	_	_	_	0	root	_	_
2	pineapple	_	_	_	_	1	conj	_	_
3	.	_	_	_	_	1	punct	_	_","1	pineapple	_	NOUN	NN	_	2	compound	_	_
2	pineapple	_	NOUN	NN	_	0	root	_	_
3	.	_	PUNCT	.	_	2	punct	_	_",
it's old old old grandma .,determiner,"1	it's	_	_	_	_	5	nsubj	_	_
2	old	_	_	_	_	5	amod	_	_
3	old	_	_	_	_	2	conj	_	_
4	old	_	_	_	_	2	conj	_	_
5	grandma	_	_	_	_	0	root	_	_
6	.	_	_	_	_	5	punct	_	_","1	it	_	PRON	PRP	_	6	nsubj	_	_
2	's	_	AUX	VBZ	_	6	cop	_	_
3	old	_	ADJ	JJ	_	6	amod	_	_
4	old	_	ADJ	JJ	_	6	amod	_	_
5	old	_	ADJ	JJ	_	6	amod	_	_
6	grandma	_	NOUN	NN	_	0	root	_	_
7	.	_	PUNCT	.	_	6	punct	_	_",
it's a old old old .,"determiner, object","1	it's	_	_	_	_	3	nsubj	_	_
2	a	_	_	_	_	3	det	_	_
3	old	_	_	_	_	0	root	_	_
4	old	_	_	_	_	3	conj	_	_
5	old	_	_	_	_	3	conj	_	_
6	.	_	_	_	_	3	punct	_	_","1	it	_	PRON	PRP	_	6	nsubj	_	_
2	's	_	AUX	VBZ	_	6	cop	_	_
3	a	_	DET	DT	_	6	det	_	_
4	old	_	ADJ	JJ	_	6	amod	_	_
5	old	_	ADJ	JJ	_	6	amod	_	_
6	old	_	ADJ	JJ	_	0	root	_	_
7	.	_	PUNCT	.	_	6	punct	_	_",
let's turn the .,object,"1	let's	_	_	_	_	0	root	_	_
2	turn	_	_	_	_	1	xcomp	_	_
3	the	_	_	_	_	2	obj	_	_
4	.	_	_	_	_	1	punct	_	_","1	let	_	VERB	VB	_	0	root	_	_
2	's	_	PRON	PRP	_	1	obj	_	_
3	turn	_	VERB	VB	_	1	xcomp	_	_
4	the	_	DET	DT	_	3	obj	_	_
5	.	_	PUNCT	.	_	1	punct	_	_",
yellow trousers walking .,"determiner, present_progressive","1	yellow	_	_	_	_	2	amod	_	_
2	trousers	_	_	_	_	0	root	_	_
3	walking	_	_	_	_	2	acl	_	_
4	.	_	_	_	_	2	punct	_	_","1	yellow	_	ADJ	JJ	_	2	amod	_	_
2	trousers	_	NOUN	NNS	_	3	nsubj	_	_
3	walking	_	VERB	VBG	_	0	root	_	_
4	.	_	PUNCT	.	_	3	punct	_	_",
where dustbin man .,"verb, determiner","1	where	_	_	_	_	0	root	_	_
2	dustbin	_	_	_	_	3	compound	_	_
3	man	_	_	_	_	1	nsubj	_	_
4	.	_	_	_	_	1	punct	_	_","1	where	_	ADV	WRB	_	3	advmod	_	_
2	dustbin	_	NOUN	NN	_	3	compound	_	_
3	man	_	NOUN	NN	_	0	root	_	_
4	.	_	PUNCT	.	_	1	punct	_	_",
dustbin men gone now round corner .,tense_aspect,"1	dustbin	_	_	_	_	2	compound	_	_
2	men	_	_	_	_	3	nsubj	_	_
3	gone	_	_	_	_	0	root	_	_
4	now	_	_	_	_	3	advmod	_	_
5	round	_	_	_	_	6	case	_	_
6	corner	_	_	_	_	3	obl	_	_
7	.	_	_	_	_	3	punct	_	_","1	dustbin	_	NOUN	NN	_	2	compound	_	_
2	men	_	NOUN	NNS	_	3	nsubj	_	_
3	gone	_	VERB	VBD	_	0	root	_	_
4	now	_	ADV	RB	_	5	advmod	_	_
5	round	_	ADJ	JJ	_	6	amod	_	_
6	corner	_	NOUN	NN	_	3	obj	_	_
7	.	_	PUNCT	.	_	3	punct	_	_",
"next time your see them , Purdie .","subject, possessive, tense_aspect","1	next	_	_	_	_	2	amod	_	_
2	time	_	_	_	_	4	obl:unmarked	_	_
3	your	_	_	_	_	4	nsubj	_	_
4	see	_	_	_	_	0	root	_	_
5	them	_	_	_	_	4	obj	_	_
6	,	_	_	_	_	4	discourse	_	_
7	Purdie	_	_	_	_	4	vocative	_	_
8	.	_	_	_	_	4	punct	_	_","1	next	_	ADJ	JJ	_	2	amod	_	_
2	time	_	NOUN	NN	_	4	obl:unmarked	_	_
3	your	_	PRON	PRP$	_	4	nsubj	_	_
4	see	_	VERB	VB	_	0	root	_	_
5	them	_	PRON	PRP	_	4	obj	_	_
6	,	_	PUNCT	,	_	7	punct	_	_
7	Purdie	_	PROPN	NNP	_	4	vocative	_	_
8	.	_	PUNCT	.	_	4	punct	_	_",
"Monday get it , Purdie .","tense_aspect, subject","1	Monday	_	_	_	_	2	nsubj	_	_
2	get	_	_	_	_	0	root	_	_
3	it	_	_	_	_	2	obj	_	_
4	,	_	_	_	_	2	vocative	_	_
5	Purdie	_	_	_	_	2	vocative	_	_
6	.	_	_	_	_	1	punct	_	_","1	Monday	_	PROPN	NNP	_	2	nsubj	_	_
2	get	_	VERB	VB	_	0	root	_	_
3	it	_	PRON	PRP	_	2	obj	_	_
4	,	_	PUNCT	,	_	5	punct	_	_
5	Purdie	_	PROPN	NNP	_	2	vocative	_	_
6	.	_	PUNCT	.	_	2	punct	_	_",
which way they going ?,present_progressive,"1	which	_	_	_	_	2	det	_	_
2	way	_	_	_	_	4	obj	_	_
3	they	_	_	_	_	4	nsubj	_	_
4	going	_	_	_	_	0	root	_	_
5	?	_	_	_	_	4	punct	_	_","1	which	_	DET	WDT	_	2	det	_	_
2	way	_	NOUN	NN	_	0	root	_	_
3	they	_	PRON	PRP	_	4	nsubj	_	_
4	going	_	VERB	VBG	_	2	acl:relcl	_	_
5	?	_	PUNCT	.	_	2	punct	_	_",
eating eating Purdie .,"subject, present_progressive","1	eating	_	_	_	_	0	root	_	_
2	eating	_	_	_	_	1	conj	_	_
3	Purdie	_	_	_	_	1	vocative	_	_
4	.	_	_	_	_	2	punct	_	_","1	eating	_	VERB	VBG	_	0	root	_	_
2	eating	_	VERB	VBG	_	1	xcomp	_	_
3	Purdie	_	PROPN	NNP	_	2	obj	_	_
4	.	_	PUNCT	.	_	1	punct	_	_",
you're not .,object,"1	you're	_	_	_	_	2	nsubj	_	_
2	not	_	_	_	_	0	root	_	_
3	.	_	_	_	_	2	punct	_	_","1	you	_	PRON	PRP	_	2	nsubj	_	_
2	're	_	AUX	VBP	_	0	root	_	_
3	not	_	PART	RB	_	2	advmod	_	_
4	.	_	PUNCT	.	_	2	punct	_	_",
I wanna jump out my fire engine .,preposition,"1	I	_	_	_	_	2	nsubj	_	_
2	wanna	_	_	_	_	0	root	_	_
3	jump	_	_	_	_	2	xcomp	_	_
4	out	_	_	_	_	7	case	_	_
5	my	_	_	_	_	7	nmod:poss	_	_
6	fire	_	_	_	_	7	compound	_	_
7	engine	_	_	_	_	3	obl	_	_
8	.	_	_	_	_	2	punct	_	_","1	I	_	PRON	PRP	_	2	nsubj	_	_
2	wan	_	VERB	VBP	_	0	root	_	_
3	na	_	PART	TO	_	4	mark	_	_
4	jump	_	VERB	VB	_	2	xcomp	_	_
5	out	_	ADP	RP	_	4	compound:prt	_	_
6	my	_	PRON	PRP$	_	8	nmod:poss	_	_
7	fire	_	NOUN	NN	_	8	compound	_	_
8	engine	_	NOUN	NN	_	4	obj	_	_
9	.	_	PUNCT	.	_	2	punct	_	_",
wanna hold it .,subject,"1	wanna	_	_	_	_	0	root	_	_
2	hold	_	_	_	_	1	xcomp	_	_
3	it	_	_	_	_	2	obj	_	_
4	.	_	_	_	_	1	punct	_	_","1	wan	_	VERB	VBP	_	0	root	_	_
2	na	_	PART	TO	_	3	mark	_	_
3	hold	_	VERB	VB	_	1	xcomp	_	_
4	it	_	PRON	PRP	_	3	obj	_	_
5	.	_	PUNCT	.	_	1	punct	_	_",
it's a big .,object,"1	it's	_	_	_	_	3	cop	_	_
2	a	_	_	_	_	3	det	_	_
3	big	_	_	_	_	0	root	_	_
4	.	_	_	_	_	3	punct	_	_","1	it	_	PRON	PRP	_	4	nsubj	_	_
2	's	_	AUX	VBZ	_	4	cop	_	_
3	a	_	DET	DT	_	4	det	_	_
4	big	_	ADJ	JJ	_	0	root	_	_
5	.	_	PUNCT	.	_	4	punct	_	_",
it's surprise .,determiner,"1	it's	_	_	_	_	2	nsubj	_	_
2	surprise	_	_	_	_	0	root	_	_
3	.	_	_	_	_	2	punct	_	_","1	it	_	PRON	PRP	_	3	nsubj	_	_
2	's	_	AUX	VBZ	_	3	cop	_	_
3	surprise	_	NOUN	NN	_	0	root	_	_
4	.	_	PUNCT	.	_	3	punct	_	_",
"it's surprise , Purdie .",determiner,"1	it's	_	_	_	_	2	nsubj	_	_
2	surprise	_	_	_	_	0	root	_	_
3	,	_	_	_	_	2	discourse	_	_
4	Purdie	_	_	_	_	2	vocative	_	_
5	.	_	_	_	_	2	punct	_	_","1	it	_	PRON	PRP	_	3	nsubj	_	_
2	's	_	AUX	VBZ	_	3	cop	_	_
3	surprise	_	NOUN	NN	_	0	root	_	_
4	,	_	PUNCT	,	_	5	punct	_	_
5	Purdie	_	PROPN	NNP	_	3	vocative	_	_
6	.	_	PUNCT	.	_	3	punct	_	_",
this a fire engine's hosepipe .,verb,"1	this	_	_	_	_	5	nsubj	_	_
2	a	_	_	_	_	5	det	_	_
3	fire	_	_	_	_	4	compound	_	_
4	engine's	_	_	_	_	5	nmod:poss	_	_
5	hosepipe	_	_	_	_	0	root	_	_
6	.	_	_	_	_	5	punct	_	_","1	this	_	PRON	DT	_	6	nsubj	_	_
2	a	_	DET	DT	_	4	det	_	_
3	fire	_	NOUN	NN	_	4	compound	_	_
4	engine	_	NOUN	NN	_	6	nmod:poss	_	_
5	's	_	PART	POS	_	4	case	_	_
6	hosepipe	_	NOUN	NN	_	0	root	_	_
7	.	_	PUNCT	.	_	6	punct	_	_",
"I open it for you , Puss .",tense_aspect,"1	I	_	_	_	_	2	nsubj	_	_
2	open	_	_	_	_	0	root	_	_
3	it	_	_	_	_	2	obj	_	_
4	for	_	_	_	_	5	case	_	_
5	you	_	_	_	_	2	obl	_	_
6	,	_	_	_	_	2	vocative	_	_
7	Puss	_	_	_	_	2	vocative	_	_
8	.	_	_	_	_	2	punct	_	_","1	I	_	PRON	PRP	_	2	nsubj	_	_
2	open	_	VERB	VBP	_	0	root	_	_
3	it	_	PRON	PRP	_	2	obj	_	_
4	for	_	ADP	IN	_	5	case	_	_
5	you	_	PRON	PRP	_	2	obl	_	_
6	,	_	PUNCT	,	_	7	punct	_	_
7	Puss	_	PROPN	NNP	_	2	vocative	_	_
8	.	_	PUNCT	.	_	2	punct	_	_",
"like your ears , Purdie .",subject,"1	like	_	_	_	_	0	root	_	_
2	your	_	_	_	_	3	nmod:poss	_	_
3	ears	_	_	_	_	1	obj	_	_
4	,	_	_	_	_	3	vocative	_	_
5	Purdie	_	_	_	_	1	vocative	_	_
6	.	_	_	_	_	1	punct	_	_","1	like	_	ADP	IN	_	3	case	_	_
2	your	_	PRON	PRP$	_	3	nmod:poss	_	_
3	ears	_	NOUN	NNS	_	0	root	_	_
4	,	_	PUNCT	,	_	5	punct	_	_
5	Purdie	_	PROPN	NNP	_	3	vocative	_	_
6	.	_	PUNCT	.	_	3	punct	_	_",
Purdie see something .,tense_aspect,"1	Purdie	_	_	_	_	2	vocative	_	_
2	see	_	_	_	_	0	root	_	_
3	something	_	_	_	_	2	obj	_	_
4	.	_	_	_	_	2	punct	_	_","1	Purdie	_	PROPN	NNP	_	2	nsubj	_	_
2	see	_	VERB	VB	_	0	root	_	_
3	something	_	PRON	NN	_	2	obj	_	_
4	.	_	PUNCT	.	_	2	punct	_	_",
I Postman Pat jump .,"verb, other","1	I	_	_	_	_	2	reparandum	_	_
2	Postman	_	_	_	_	4	nsubj	_	_
3	Pat	_	_	_	_	2	flat	_	_
4	jump	_	_	_	_	0	root	_	_
5	.	_	_	_	_	4	punct	_	_","1	I	_	PRON	PRP	_	4	nsubj	_	_
2	Postman	_	PROPN	NNP	_	4	nsubj	_	_
3	Pat	_	PROPN	NNP	_	2	flat	_	_
4	jump	_	VERB	VBP	_	0	root	_	_
5	.	_	PUNCT	.	_	4	punct	_	_",
key on key on your ring .,"determiner, verb","1	key	_	_	_	_	0	root	_	_
2	on	_	_	_	_	1	advmod	_	_
3	key	_	_	_	_	1	parataxis	_	_
4	on	_	_	_	_	6	case	_	_
5	your	_	_	_	_	6	nmod:poss	_	_
6	ring	_	_	_	_	3	nmod	_	_
7	.	_	_	_	_	1	punct	_	_","1	key	_	ADJ	JJ	_	0	root	_	_
2	on	_	ADP	IN	_	3	case	_	_
3	key	_	NOUN	NN	_	1	obl	_	_
4	on	_	ADP	IN	_	6	case	_	_
5	your	_	PRON	PRP$	_	6	nmod:poss	_	_
6	ring	_	NOUN	NN	_	3	nmod	_	_
7	.	_	PUNCT	.	_	1	punct	_	_",
finding a poke it on Purdie's fur .,"other, subject","1	finding	_	_	_	_	0	root	_	_
2	a	_	_	_	_	3	reparandum	_	_
3	poke	_	_	_	_	1	parataxis	_	_
4	it	_	_	_	_	3	obj	_	_
5	on	_	_	_	_	7	case	_	_
6	Purdie's	_	_	_	_	7	nmod:poss	_	_
7	fur	_	_	_	_	3	obl	_	_
8	.	_	_	_	_	1	punct	_	_","1	finding	_	VERB	VBG	_	0	root	_	_
2	a	_	DET	DT	_	3	det	_	_
3	poke	_	NOUN	NN	_	1	obj	_	_
4	it	_	PRON	PRP	_	1	obj	_	_
5	on	_	ADP	IN	_	8	case	_	_
6	Purdie	_	PROPN	NNP	_	8	nmod:poss	_	_
7	's	_	PART	POS	_	6	case	_	_
8	fur	_	NOUN	NN	_	1	obl	_	_
9	.	_	PUNCT	.	_	1	punct	_	_",
mommy want open this house .,subject,"1	mommy	_	_	_	_	2	vocative	_	_
2	want	_	_	_	_	0	root	_	_
3	open	_	_	_	_	2	xcomp	_	_
4	this	_	_	_	_	5	det	_	_
5	house	_	_	_	_	3	obj	_	_
6	.	_	_	_	_	2	punct	_	_","1	mommy	_	NOUN	NN	_	2	nsubj	_	_
2	want	_	VERB	VB	_	0	root	_	_
3	open	_	VERB	VB	_	2	xcomp	_	_
4	this	_	DET	DT	_	5	det	_	_
5	house	_	NOUN	NN	_	3	obj	_	_
6	.	_	PUNCT	.	_	2	punct	_	_",
I wonder when Susie coming .,present_progressive,"1	I	_	_	_	_	2	nsubj	_	_
2	wonder	_	_	_	_	0	root	_	_
3	when	_	_	_	_	5	mark	_	_
4	Susie	_	_	_	_	5	nsubj	_	_
5	coming	_	_	_	_	2	ccomp	_	_
6	.	_	_	_	_	2	punct	_	_","1	I	_	PRON	PRP	_	2	nsubj	_	_
2	wonder	_	VERB	VBP	_	0	root	_	_
3	when	_	ADV	WRB	_	5	advmod	_	_
4	Susie	_	PROPN	NNP	_	5	nsubj	_	_
5	coming	_	VERB	VBG	_	2	advcl	_	_
6	.	_	PUNCT	.	_	2	punct	_	_",
then what see the pockets are full .,other,"1	then	_	_	_	_	2	advmod	_	_
2	what	_	_	_	_	0	root	_	_
3	see	_	_	_	_	2	parataxis	_	_
4	the	_	_	_	_	5	det	_	_
5	pockets	_	_	_	_	7	nsubj	_	_
6	are	_	_	_	_	7	cop	_	_
7	full	_	_	_	_	3	parataxis	_	_
8	.	_	_	_	_	2	punct	_	_","1	then	_	ADV	RB	_	7	advmod	_	_
2	what	_	PRON	WP	_	7	nsubj	_	_
3	see	_	VERB	VBP	_	2	acl:relcl	_	_
4	the	_	DET	DT	_	5	det	_	_
5	pockets	_	NOUN	NNS	_	3	obj	_	_
6	are	_	AUX	VBP	_	7	cop	_	_
7	full	_	ADJ	JJ	_	0	root	_	_
8	.	_	PUNCT	.	_	7	punct	_	_",
I'll turn .,object,"1	I'll	_	_	_	_	2	nsubj	_	_
2	turn	_	_	_	_	0	root	_	_
3	.	_	_	_	_	2	punct	_	_","1	I	_	PRON	PRP	_	3	nsubj	_	_
2	'll	_	AUX	MD	_	3	aux	_	_
3	turn	_	VERB	VB	_	0	root	_	_
4	.	_	PUNCT	.	_	3	punct	_	_",
oh why is football have the have the name foot in it ?,"determiner, auxiliary","1	oh	_	_	_	_	5	discourse	_	_
2	why	_	_	_	_	5	advmod	_	_
3	is	_	_	_	_	5	aux	_	_
4	football	_	_	_	_	5	nsubj	_	_
5	have	_	_	_	_	0	root	_	_
6	the	_	_	_	_	7	mark	_	_
7	have	_	_	_	_	5	xcomp	_	_
8	the	_	_	_	_	9	det	_	_
9	name	_	_	_	_	7	obj	_	_
10	foot	_	_	_	_	7	obj	_	_
11	in	_	_	_	_	12	case	_	_
12	it	_	_	_	_	7	obl	_	_
13	?	_	_	_	_	5	punct	_	_","1	oh	_	INTJ	UH	_	5	discourse	_	_
2	why	_	ADV	WRB	_	5	advmod	_	_
3	is	_	AUX	VBZ	_	5	aux	_	_
4	football	_	NOUN	NN	_	5	nsubj	_	_
5	have	_	VERB	VB	_	0	root	_	_
6	the	_	DET	DT	_	7	obj	_	_
7	have	_	VERB	VB	_	5	xcomp	_	_
8	the	_	DET	DT	_	10	det	_	_
9	name	_	NOUN	NN	_	10	compound	_	_
10	foot	_	NOUN	NN	_	7	obj	_	_
11	in	_	ADP	IN	_	12	case	_	_
12	it	_	PRON	PRP	_	7	obl	_	_
13	?	_	PUNCT	.	_	5	punct	_	_",
cra- crayfish .,determiner,"1	cra-	_	_	_	_	2	reparandum	_	_
2	crayfish	_	_	_	_	0	root	_	_
3	.	_	_	_	_	2	punct	_	_","1	cra-	_	INTJ	UH	_	2	discourse	_	_
2	crayfish	_	NOUN	NNS	_	0	root	_	_
3	.	_	PUNCT	.	_	2	punct	_	_",
he just said because he brought el a elephant for show and tell .,"object, determiner","1	he	_	_	_	_	3	nsubj	_	_
2	just	_	_	_	_	3	advmod	_	_
3	said	_	_	_	_	0	root	_	_
4	because	_	_	_	_	6	mark	_	_
5	he	_	_	_	_	6	nsubj	_	_
6	brought	_	_	_	_	3	advcl	_	_
7	el	_	_	_	_	6	iobj	_	_
8	a	_	_	_	_	9	det	_	_
9	elephant	_	_	_	_	6	obj	_	_
10	for	_	_	_	_	11	case	_	_
11	show	_	_	_	_	6	obl	_	_
12	and	_	_	_	_	13	cc	_	_
13	tell	_	_	_	_	11	conj	_	_
14	.	_	_	_	_	3	punct	_	_","1	he	_	PRON	PRP	_	3	nsubj	_	_
2	just	_	ADV	RB	_	3	advmod	_	_
3	said	_	VERB	VBD	_	0	root	_	_
4	because	_	SCONJ	IN	_	6	mark	_	_
5	he	_	PRON	PRP	_	6	nsubj	_	_
6	brought	_	VERB	VBD	_	3	advcl	_	_
7	el	_	ADP	IN	_	6	compound:prt	_	_
8	a	_	DET	DT	_	9	det	_	_
9	elephant	_	NOUN	NN	_	6	obj	_	_
10	for	_	ADP	IN	_	11	case	_	_
11	show	_	NOUN	NN	_	6	obl	_	_
12	and	_	CCONJ	CC	_	13	cc	_	_
13	tell	_	VERB	VB	_	6	conj	_	_
14	.	_	PUNCT	.	_	3	punct	_	_",
and that one on .,verb,"1	and	_	_	_	_	4	cc	_	_
2	that	_	_	_	_	3	det	_	_
3	one	_	_	_	_	0	root	_	_
4	on	_	_	_	_	3	advmod	_	_
5	.	_	_	_	_	4	punct	_	_","1	and	_	CCONJ	CC	_	4	cc	_	_
2	that	_	DET	DT	_	3	det	_	_
3	one	_	NUM	CD	_	4	nsubj	_	_
4	on	_	ADP	IN	_	0	root	_	_
5	.	_	PUNCT	.	_	4	punct	_	_",
Mummy do it ?,auxiliary,"1	Mummy	_	_	_	_	2	vocative	_	_
2	do	_	_	_	_	0	root	_	_
3	it	_	_	_	_	2	obj	_	_
4	?	_	_	_	_	2	punct	_	_","1	Mummy	_	NOUN	NN	_	2	nsubj	_	_
2	do	_	VERB	VB	_	0	root	_	_
3	it	_	PRON	PRP	_	2	obj	_	_
4	?	_	PUNCT	.	_	2	punct	_	_","1	Mummy	mummy	NOUN	NN	_	2	nsubj	2:nsubj	_
2	do	do	VERB	VB	_	0	root	0:root	_
3	it	it	PRON	PRP	_	2	obj	2:obj	SpaceAfter=No
4	.	.	PUNCT	.	_	2	punct	2:punct	_
"
hurt hurt me .,subject,"1	hurt	_	_	_	_	2	reparandum	_	_
2	hurt	_	_	_	_	0	root	_	_
3	me	_	_	_	_	2	obj	_	_
4	.	_	_	_	_	2	punct	_	_","1	hurt	_	VERB	VB	_	0	root	_	_
2	hurt	_	VERB	VBD	_	1	xcomp	_	_
3	me	_	PRON	PRP	_	2	obj	_	_
4	.	_	PUNCT	.	_	1	punct	_	_",
Po on .,verb,"1	Po	_	_	_	_	0	root	_	_
2	on	_	_	_	_	1	advmod	_	_
3	.	_	_	_	_	1	punct	_	_","1	Po	_	VERB	VB	_	0	root	_	_
2	on	_	ADP	RP	_	1	compound:prt	_	_
3	.	_	PUNCT	.	_	1	punct	_	_","1	Po	Po	PROPN	NNP	_	2	nsubj	2:nsubj	_
2	on	on	ADV	RB	_	0	root	0:root	SpaceAfter=No
3	.	.	PUNCT	.	_	2	punct	2:punct	_
"
fish head Wellingtons .,"determiner, preposition","1	fish	_	_	_	_	2	compound	_	_
2	head	_	_	_	_	3	nsubj	_	_
3	Wellingtons	_	_	_	_	0	root	_	_
4	.	_	_	_	_	3	punct	_	_","1	fish	_	NOUN	NN	_	2	compound	_	_
2	head	_	NOUN	NN	_	3	compound	_	_
3	Wellingtons	_	PROPN	NNPS	_	0	root	_	_
4	.	_	PUNCT	.	_	3	punct	_	_",
"uh um , a teddy bear like a apple .","sv_agreement, determiner","1	uh	_	_	_	_	6	discourse	_	_
2	um	_	_	_	_	1	conj	_	_
3	,	_	_	_	_	6	punct	_	_
4	a	_	_	_	_	6	det	_	_
5	teddy	_	_	_	_	6	compound	_	_
6	bear	_	_	_	_	0	root	_	_
7	like	_	_	_	_	9	case	_	_
8	a	_	_	_	_	9	det	_	_
9	apple	_	_	_	_	6	nmod	_	_
10	.	_	_	_	_	6	punct	_	_","1	uh	_	INTJ	UH	_	6	discourse	_	_
2	um	_	INTJ	UH	_	6	discourse	_	_
3	,	_	PUNCT	,	_	2	punct	_	_
4	a	_	DET	DT	_	6	det	_	_
5	teddy	_	NOUN	NN	_	6	compound	_	_
6	bear	_	NOUN	NN	_	0	root	_	_
7	like	_	ADP	IN	_	9	case	_	_
8	a	_	DET	DT	_	9	det	_	_
9	apple	_	NOUN	NN	_	6	nmod	_	_
10	.	_	PUNCT	.	_	6	punct	_	_",
don't like .,"subject, object","1	don't	_	_	_	_	2	advmod	_	_
2	like	_	_	_	_	0	root	_	_
3	.	_	_	_	_	2	punct	_	_","1	do	_	AUX	VB	_	3	aux	_	_
2	n't	_	PART	RB	_	3	advmod	_	_
3	like	_	VERB	VB	_	0	root	_	_
4	.	_	PUNCT	.	_	3	punct	_	_",
what has happened now cone ?,"preposition, determiner","1	what	_	_	_	_	3	nsubj	_	_
2	has	_	_	_	_	3	aux	_	_
3	happened	_	_	_	_	0	root	_	_
4	now	_	_	_	_	3	advmod	_	_
5	cone	_	_	_	_	3	vocative	_	_
6	?	_	_	_	_	3	punct	_	_","1	what	_	PRON	WP	_	3	nsubj	_	_
2	has	_	AUX	VBZ	_	3	aux	_	_
3	happened	_	VERB	VBN	_	0	root	_	_
4	now	_	ADV	RB	_	3	advmod	_	_
5	cone	_	NOUN	NN	_	3	obj	_	_
6	?	_	PUNCT	.	_	3	punct	_	_",
leaves coming now .,"determiner, present_progressive","1	leaves	_	_	_	_	2	nsubj	_	_
2	coming	_	_	_	_	0	root	_	_
3	now	_	_	_	_	2	advmod	_	_
4	.	_	_	_	_	2	punct	_	_","1	leaves	_	VERB	VBZ	_	0	root	_	_
2	coming	_	VERB	VBG	_	1	xcomp	_	_
3	now	_	ADV	RB	_	2	advmod	_	_
4	.	_	PUNCT	.	_	1	punct	_	_",
leaves blowing off the tree .,"determiner, present_progressive, other","1	leaves	_	_	_	_	2	nsubj	_	_
2	blowing	_	_	_	_	0	root	_	_
3	off	_	_	_	_	5	case	_	_
4	the	_	_	_	_	5	det	_	_
5	tree	_	_	_	_	2	obl	_	_
6	.	_	_	_	_	2	punct	_	_","1	leaves	_	VERB	VBZ	_	0	root	_	_
2	blowing	_	VERB	VBG	_	1	xcomp	_	_
3	off	_	ADP	IN	_	5	case	_	_
4	the	_	DET	DT	_	5	det	_	_
5	tree	_	NOUN	NN	_	2	obl	_	_
6	.	_	PUNCT	.	_	1	punct	_	_",
ice cream this one .,"verb, other","1	ice	_	_	_	_	2	compound	_	_
2	cream	_	_	_	_	0	root	_	_
3	this	_	_	_	_	4	det	_	_
4	one	_	_	_	_	2	parataxis	_	_
5	.	_	_	_	_	2	punct	_	_","1	ice	_	NOUN	NN	_	2	compound	_	_
2	cream	_	NOUN	NN	_	0	root	_	_
3	this	_	DET	DT	_	4	det	_	_
4	one	_	NOUN	NN	_	2	nmod:unmarked	_	_
5	.	_	PUNCT	.	_	2	punct	_	_",
no bang it .,"auxiliary, other","1	no	_	_	_	_	2	discourse	_	_
2	bang	_	_	_	_	0	root	_	_
3	it	_	_	_	_	2	obj	_	_
4	.	_	_	_	_	2	punct	_	_","1	no	_	DET	DT	_	2	det	_	_
2	bang	_	NOUN	NN	_	0	root	_	_
3	it	_	PRON	PRP	_	2	vocative	_	_
4	.	_	PUNCT	.	_	2	punct	_	_",
no bang it .,"auxiliary, other","1	no	_	_	_	_	2	discourse	_	_
2	bang	_	_	_	_	0	root	_	_
3	it	_	_	_	_	2	obj	_	_
4	.	_	_	_	_	2	punct	_	_","1	no	_	DET	DT	_	2	det	_	_
2	bang	_	NOUN	NN	_	0	root	_	_
3	it	_	PRON	PRP	_	2	vocative	_	_
4	.	_	PUNCT	.	_	2	punct	_	_",
that one off .,verb,"1	that	_	_	_	_	2	det	_	_
2	one	_	_	_	_	3	nsubj	_	_
3	off	_	_	_	_	0	root	_	_
4	.	_	_	_	_	3	punct	_	_","1	that	_	DET	DT	_	2	det	_	_
2	one	_	NUM	CD	_	0	root	_	_
3	off	_	ADP	RP	_	2	advmod	_	_
4	.	_	PUNCT	.	_	3	punct	_	_",
Thomas The Tank Engine really useful engine .,"verb, determiner","1	Thomas	_	_	_	_	0	root	_	_
2	The	_	_	_	_	4	det	_	_
3	Tank	_	_	_	_	4	compound	_	_
4	Engine	_	_	_	_	1	flat	_	_
5	really	_	_	_	_	6	advmod	_	_
6	useful	_	_	_	_	7	amod	_	_
7	engine	_	_	_	_	1	appos	_	_
8	.	_	_	_	_	4	punct	_	_","1	Thomas	_	PROPN	NNP	_	0	root	_	_
1	The	_	DET	DT	_	6	det	_	_
2	Tank	_	NOUN	NN	_	3	compound	_	_
3	Engine	_	NOUN	NN	_	6	compound	_	_
4	really	_	ADV	RB	_	5	advmod	_	_
5	useful	_	ADJ	JJ	_	6	amod	_	_
6	engine	_	NOUN	NN	_	0	root	_	_
7	.	_	PUNCT	.	_	6	punct	_	_",
it's noisy Thomas The Tank .,determiner,"1	it's	_	_	_	_	2	nsubj	_	_
2	noisy	_	_	_	_	0	root	_	_
3	Thomas	_	_	_	_	2	vocative	_	_
4	The	_	_	_	_	5	det	_	_
5	Tank	_	_	_	_	3	flat	_	_
6	.	_	_	_	_	2	punct	_	_","1	it	_	PRON	PRP	_	3	nsubj	_	_
2	's	_	AUX	VBZ	_	3	cop	_	_
3	noisy	_	ADJ	JJ	_	0	root	_	_
4	Thomas	_	PROPN	NNP	_	3	vocative	_	_
5	The	_	DET	DT	_	6	det	_	_
6	Tank	_	PROPN	NNP	_	3	vocative	_	_
7	.	_	PUNCT	.	_	3	punct	_	_",
wanna wanna blow it .,subject,"1	wanna	_	_	_	_	2	reparandum	_	_
2	wanna	_	_	_	_	0	root	_	_
3	blow	_	_	_	_	2	xcomp	_	_
4	it	_	_	_	_	3	obj	_	_
5	.	_	_	_	_	2	punct	_	_","1	wan	_	VERB	VBP	_	0	root	_	_
2	na	_	PART	TO	_	3	mark	_	_
3	wan	_	VERB	VB	_	1	xcomp	_	_
4	na	_	PART	TO	_	5	mark	_	_
5	blow	_	VERB	VB	_	3	xcomp	_	_
6	it	_	PRON	PRP	_	5	obj	_	_
7	.	_	PUNCT	.	_	1	punct	_	_",
no Isabel's .,"preposition, other","1	no	_	_	_	_	2	discourse	_	_
2	Isabel's	_	_	_	_	0	root	_	_
3	.	_	_	_	_	2	punct	_	_","1	no	_	INTJ	UH	_	2	discourse	_	_
2	Isabel	_	PROPN	NNP	_	0	root	_	_
3	's	_	PART	POS	_	2	case	_	_
4	.	_	PUNCT	.	_	2	punct	_	_",
uh snow little teddy bear .,determiner,"1	uh	_	_	_	_	2	discourse	_	_
2	snow	_	_	_	_	0	root	_	_
3	little	_	_	_	_	5	amod	_	_
4	teddy	_	_	_	_	5	compound	_	_
5	bear	_	_	_	_	2	parataxis	_	_
6	.	_	_	_	_	2	punct	_	_","1	uh	_	INTJ	UH	_	5	discourse	_	_
2	snow	_	NOUN	NN	_	5	compound	_	_
3	little	_	ADJ	JJ	_	5	amod	_	_
4	teddy	_	NOUN	NN	_	5	compound	_	_
5	bear	_	NOUN	NN	_	0	root	_	_
6	.	_	PUNCT	.	_	5	punct	_	_",
it on the telly a big bear .,"verb, other","1	it	_	_	_	_	0	root	_	_
2	on	_	_	_	_	4	case	_	_
3	the	_	_	_	_	4	det	_	_
4	telly	_	_	_	_	1	nmod	_	_
5	a	_	_	_	_	7	det	_	_
6	big	_	_	_	_	7	amod	_	_
7	bear	_	_	_	_	1	parataxis	_	_
8	.	_	_	_	_	1	punct	_	_","1	it	_	PRON	PRP	_	7	nsubj	_	_
2	on	_	ADP	IN	_	4	case	_	_
3	the	_	DET	DT	_	4	det	_	_
4	telly	_	NOUN	NN	_	7	obl	_	_
5	a	_	DET	DT	_	7	det	_	_
6	big	_	ADJ	JJ	_	7	amod	_	_
7	bear	_	NOUN	NN	_	0	root	_	_
8	.	_	PUNCT	.	_	7	punct	_	_",
is a big snowball big snowball and Milly .,subject,"1	is	_	_	_	_	4	cop	_	_
2	a	_	_	_	_	4	det	_	_
3	big	_	_	_	_	4	amod	_	_
4	snowball	_	_	_	_	0	root	_	_
5	big	_	_	_	_	6	amod	_	_
6	snowball	_	_	_	_	4	parataxis	_	_
7	and	_	_	_	_	8	cc	_	_
8	Milly	_	_	_	_	4	conj	_	_
9	.	_	_	_	_	4	punct	_	_","1	is	_	AUX	VBZ	_	6	cop	_	_
2	a	_	DET	DT	_	6	det	_	_
3	big	_	ADJ	JJ	_	6	amod	_	_
4	snowball	_	NOUN	NN	_	6	compound	_	_
5	big	_	ADJ	JJ	_	6	amod	_	_
6	snowball	_	NOUN	NN	_	0	root	_	_
7	and	_	CCONJ	CC	_	8	cc	_	_
8	Milly	_	PROPN	NNP	_	6	conj	_	_
9	.	_	PUNCT	.	_	6	punct	_	_",
uh uh Thomas going up my ladders again .,auxiliary,"1	uh	_	_	_	_	4	discourse	_	_
2	uh	_	_	_	_	1	conj	_	_
3	Thomas	_	_	_	_	4	nsubj	_	_
4	going	_	_	_	_	0	root	_	_
5	up	_	_	_	_	7	case	_	_
6	my	_	_	_	_	7	nmod:poss	_	_
7	ladders	_	_	_	_	4	obl	_	_
8	again	_	_	_	_	4	advmod	_	_
9	.	_	_	_	_	4	punct	_	_","1	uh	_	INTJ	UH	_	4	discourse	_	_
2	uh	_	INTJ	UH	_	4	discourse	_	_
3	Thomas	_	PROPN	NNP	_	4	nsubj	_	_
4	going	_	VERB	VBG	_	0	root	_	_
5	up	_	ADP	IN	_	4	compound:prt	_	_
6	my	_	PRON	PRP$	_	7	nmod:poss	_	_
7	ladders	_	NOUN	NNS	_	4	obl	_	_
8	again	_	ADV	RB	_	4	advmod	_	_
9	.	_	PUNCT	.	_	4	punct	_	_",
where you been ?,auxiliary,"1	where	_	_	_	_	0	root	_	_
2	you	_	_	_	_	1	nsubj	_	_
3	been	_	_	_	_	1	cop	_	_
4	?	_	_	_	_	1	punct	_	_","1	where	_	ADV	WRB	_	0	root	_	_
2	you	_	PRON	PRP	_	3	nsubj	_	_
3	been	_	AUX	VBN	_	1	cop	_	_
4	?	_	PUNCT	.	_	1	punct	_	_",
it's not .,object,"1	it's	_	_	_	_	2	nsubj	_	_
2	not	_	_	_	_	0	root	_	_
3	.	_	_	_	_	2	punct	_	_","1	it	_	PRON	PRP	_	2	nsubj	_	_
2	's	_	AUX	VBZ	_	0	root	_	_
3	not	_	PART	RB	_	2	advmod	_	_
4	.	_	PUNCT	.	_	2	punct	_	_",
it's not well .,verb,"1	it's	_	_	_	_	3	cop	_	_
2	not	_	_	_	_	3	advmod	_	_
3	well	_	_	_	_	0	root	_	_
4	.	_	_	_	_	3	punct	_	_","1	it	_	PRON	PRP	_	4	nsubj	_	_
2	's	_	AUX	VBZ	_	4	cop	_	_
3	not	_	PART	RB	_	4	advmod	_	_
4	well	_	ADV	RB	_	0	root	_	_
5	.	_	PUNCT	.	_	4	punct	_	_",
it's not .,object,"1	it's	_	_	_	_	2	nsubj	_	_
2	not	_	_	_	_	0	root	_	_
3	.	_	_	_	_	2	punct	_	_","1	it	_	PRON	PRP	_	2	nsubj	_	_
2	's	_	AUX	VBZ	_	0	root	_	_
3	not	_	PART	RB	_	2	advmod	_	_
4	.	_	PUNCT	.	_	2	punct	_	_",
Purdie Purdie like balloons .,sv_agreement,"1	Purdie	_	_	_	_	0	root	_	_
2	Purdie	_	_	_	_	1	conj	_	_
3	like	_	_	_	_	4	case	_	_
4	balloons	_	_	_	_	1	parataxis	_	_
5	.	_	_	_	_	1	punct	_	_","1	Purdie	_	PROPN	NNP	_	3	nsubj	_	_
2	Purdie	_	PROPN	NNP	_	1	flat	_	_
3	like	_	VERB	VBP	_	0	root	_	_
4	balloons	_	NOUN	NNS	_	3	obj	_	_
5	.	_	PUNCT	.	_	3	punct	_	_",
the crocodile staying in bed .,present_progressive,"1	the	_	_	_	_	2	det	_	_
2	crocodile	_	_	_	_	3	nsubj	_	_
3	staying	_	_	_	_	0	root	_	_
4	in	_	_	_	_	5	case	_	_
5	bed	_	_	_	_	3	obl	_	_
6	.	_	_	_	_	3	punct	_	_","1	the	_	DET	DT	_	2	det	_	_
2	crocodile	_	NOUN	NN	_	0	root	_	_
3	staying	_	VERB	VBG	_	2	acl	_	_
4	in	_	ADP	IN	_	5	case	_	_
5	bed	_	NOUN	NN	_	3	obl	_	_
6	.	_	PUNCT	.	_	2	punct	_	_",
going see television Teletubbies on .,"subject, auxiliary, tense_aspect, other","1	going	_	_	_	_	0	root	_	_
2	see	_	_	_	_	1	xcomp	_	_
3	television	_	_	_	_	4	compound	_	_
4	Teletubbies	_	_	_	_	2	obj	_	_
5	on	_	_	_	_	2	advmod	_	_
6	.	_	_	_	_	1	punct	_	_","1	going	_	VERB	VBG	_	0	root	_	_
2	see	_	VERB	VB	_	1	xcomp	_	_
3	television	_	NOUN	NN	_	4	compound	_	_
4	Teletubbies	_	PROPN	NNPS	_	2	obj	_	_
5	on	_	ADP	IN	_	2	compound:prt	_	_
6	.	_	PUNCT	.	_	1	punct	_	_",
I kiss Purdie's fur .,tense_aspect,"1	I	_	_	_	_	2	nsubj	_	_
2	kiss	_	_	_	_	0	root	_	_
3	Purdie's	_	_	_	_	4	nmod:poss	_	_
4	fur	_	_	_	_	2	obj	_	_
5	.	_	_	_	_	2	punct	_	_","1	I	_	PRON	PRP	_	2	nsubj	_	_
2	kiss	_	VERB	VBP	_	0	root	_	_
3	Purdie	_	PROPN	NNP	_	5	nmod:poss	_	_
4	's	_	PART	POS	_	3	case	_	_
5	fur	_	NOUN	NN	_	2	obj	_	_
6	.	_	PUNCT	.	_	2	punct	_	_",
pat pat pat patter cake .,determiner,"1	pat	_	_	_	_	5	compound	_	_
2	pat	_	_	_	_	1	conj	_	_
3	pat	_	_	_	_	5	compound	_	_
4	patter	_	_	_	_	5	compound	_	_
5	cake	_	_	_	_	0	root	_	_
6	.	_	_	_	_	5	punct	_	_","1	pat	_	VERB	VB	_	0	root	_	_
2	pat	_	NOUN	NN	_	5	compound	_	_
3	pat	_	NOUN	NN	_	5	compound	_	_
4	patter	_	NOUN	NN	_	5	compound	_	_
5	cake	_	NOUN	NN	_	1	obj	_	_
6	.	_	PUNCT	.	_	1	punct	_	_",
patter cake patter cake .,determiner,"1	patter	_	_	_	_	2	compound	_	_
2	cake	_	_	_	_	0	root	_	_
3	patter	_	_	_	_	4	compound	_	_
4	cake	_	_	_	_	2	conj	_	_
5	.	_	_	_	_	2	punct	_	_","1	patter	_	NOUN	NN	_	2	compound	_	_
2	cake	_	NOUN	NN	_	4	compound	_	_
3	patter	_	NOUN	NN	_	4	compound	_	_
4	cake	_	NOUN	NN	_	0	root	_	_
5	.	_	PUNCT	.	_	4	punct	_	_",
Dips Dipsy come here and and Tinky Winky .,verb,"1	Dips	_	_	_	_	3	vocative	_	_
2	Dipsy	_	_	_	_	1	conj	_	_
3	come	_	_	_	_	0	root	_	_
4	here	_	_	_	_	3	advmod	_	_
5	and	_	_	_	_	6	reparandum	_	_
6	and	_	_	_	_	7	cc	_	_
7	Tinky	_	_	_	_	3	conj	_	_
8	Winky	_	_	_	_	7	conj	_	_
9	.	_	_	_	_	3	punct	_	_","1	Dips	_	NOUN	NNS	_	3	nsubj	_	_
2	Dipsy	_	PROPN	NNP	_	1	flat	_	_
3	come	_	VERB	VBP	_	0	root	_	_
4	here	_	ADV	RB	_	3	advmod	_	_
5	and	_	CCONJ	CC	_	7	cc	_	_
6	and	_	CCONJ	CC	_	7	cc	_	_
7	Tinky	_	PROPN	NNP	_	3	conj	_	_
8	Winky	_	PROPN	NNP	_	7	flat	_	_
9	.	_	PUNCT	.	_	3	punct	_	_",
all dancing .,verb,"1	all	_	_	_	_	2	advmod	_	_
2	dancing	_	_	_	_	0	root	_	_
3	.	_	_	_	_	2	punct	_	_","1	all	_	DET	DT	_	2	det	_	_
2	dancing	_	NOUN	NN	_	0	root	_	_
3	.	_	PUNCT	.	_	2	punct	_	_",
more like a cake a make .,"subject, verb","1	more	_	_	_	_	4	advmod	_	_
2	like	_	_	_	_	4	case	_	_
3	a	_	_	_	_	4	det	_	_
4	cake	_	_	_	_	0	root	_	_
5	a	_	_	_	_	6	mark	_	_
6	make	_	_	_	_	4	acl	_	_
7	.	_	_	_	_	4	punct	_	_","1	more	_	ADV	RBR	_	4	advmod	_	_
2	like	_	ADP	IN	_	4	case	_	_
3	a	_	DET	DT	_	4	det	_	_
4	cake	_	NOUN	NN	_	0	root	_	_
5	a	_	DET	DT	_	6	det	_	_
6	make	_	NOUN	NN	_	4	vocative	_	_
7	.	_	PUNCT	.	_	4	punct	_	_",
more like dirty cream .,"subject, verb, determiner","1	more	_	_	_	_	4	advmod	_	_
2	like	_	_	_	_	4	case	_	_
3	dirty	_	_	_	_	4	amod	_	_
4	cream	_	_	_	_	0	root	_	_
5	.	_	_	_	_	4	punct	_	_","1	more	_	ADJ	JJR	_	0	root	_	_
2	like	_	ADP	IN	_	4	case	_	_
3	dirty	_	ADJ	JJ	_	4	amod	_	_
4	cream	_	NOUN	NN	_	1	obl	_	_
5	.	_	PUNCT	.	_	1	punct	_	_",
little boy little girl .,"determiner, other","1	little	_	_	_	_	2	amod	_	_
2	boy	_	_	_	_	0	root	_	_
3	little	_	_	_	_	4	amod	_	_
4	girl	_	_	_	_	2	conj	_	_
5	.	_	_	_	_	2	punct	_	_","1	little	_	ADJ	JJ	_	4	amod	_	_
2	boy	_	NOUN	NN	_	4	compound	_	_
3	little	_	ADJ	JJ	_	4	amod	_	_
4	girl	_	NOUN	NN	_	0	root	_	_
5	.	_	PUNCT	.	_	4	punct	_	_",
I can't talk her my a little baby .,other,"1	I	_	_	_	_	3	nsubj	_	_
2	can't	_	_	_	_	3	aux	_	_
3	talk	_	_	_	_	0	root	_	_
4	her	_	_	_	_	3	obj	_	_
5	my	_	_	_	_	8	nmod:poss	_	_
6	a	_	_	_	_	8	det	_	_
7	little	_	_	_	_	8	amod	_	_
8	baby	_	_	_	_	3	parataxis	_	_
9	.	_	_	_	_	3	punct	_	_","1	I	_	PRON	PRP	_	4	nsubj	_	_
2	ca	_	AUX	MD	_	4	aux	_	_
3	n't	_	PART	RB	_	4	advmod	_	_
4	talk	_	VERB	VB	_	0	root	_	_
5	her	_	PRON	PRP	_	4	iobj	_	_
6	my	_	PRON	PRP$	_	9	nmod:poss	_	_
7	a	_	DET	DT	_	9	det	_	_
8	little	_	ADJ	JJ	_	9	amod	_	_
9	baby	_	NOUN	NN	_	4	obj	_	_
10	.	_	PUNCT	.	_	4	punct	_	_",
Dipsy's hat on floor .,determiner,"1	Dipsy's	_	_	_	_	2	nmod:poss	_	_
2	hat	_	_	_	_	0	root	_	_
3	on	_	_	_	_	4	case	_	_
4	floor	_	_	_	_	2	nmod	_	_
5	.	_	_	_	_	4	punct	_	_","1	Dipsy	_	PROPN	NNP	_	3	nmod:poss	_	_
2	's	_	PART	POS	_	1	case	_	_
3	hat	_	NOUN	NN	_	0	root	_	_
4	on	_	ADP	IN	_	5	case	_	_
5	floor	_	NOUN	NN	_	3	nmod	_	_
6	.	_	PUNCT	.	_	3	punct	_	_",
Dipsy tummy .,verb,"1	Dipsy	_	_	_	_	2	nmod:poss	_	_
2	tummy	_	_	_	_	0	root	_	_
3	.	_	_	_	_	2	punct	_	_","1	Dipsy	_	PROPN	NNP	_	2	compound	_	_
2	tummy	_	NOUN	NN	_	0	root	_	_
3	.	_	PUNCT	.	_	2	punct	_	_",
Purdie like strawberries .,sv_agreement,"1	Purdie	_	_	_	_	2	nsubj	_	_
2	like	_	_	_	_	0	root	_	_
3	strawberries	_	_	_	_	2	obj	_	_
4	.	_	_	_	_	1	punct	_	_","1	Purdie	_	PROPN	NNP	_	0	root	_	_
2	like	_	ADP	IN	_	3	case	_	_
3	strawberries	_	NOUN	NNS	_	1	nmod	_	_
4	.	_	PUNCT	.	_	1	punct	_	_",
put the cushion down floor .,"preposition, determiner","1	put	_	_	_	_	0	root	_	_
2	the	_	_	_	_	3	det	_	_
3	cushion	_	_	_	_	1	obj	_	_
4	down	_	_	_	_	5	case	_	_
5	floor	_	_	_	_	1	obl	_	_
6	.	_	_	_	_	1	punct	_	_","1	put	_	VERB	VB	_	0	root	_	_
2	the	_	DET	DT	_	5	det	_	_
3	cushion	_	NOUN	NN	_	5	compound	_	_
4	down	_	ADP	RP	_	1	compound:prt	_	_
5	floor	_	NOUN	NN	_	1	obj	_	_
6	.	_	PUNCT	.	_	1	punct	_	_",
oh like a kiss .,"subject, verb","1	oh	_	_	_	_	4	discourse	_	_
2	like	_	_	_	_	4	case	_	_
3	a	_	_	_	_	4	det	_	_
4	kiss	_	_	_	_	0	root	_	_
5	.	_	_	_	_	4	punct	_	_","1	oh	_	INTJ	UH	_	4	discourse	_	_
2	like	_	INTJ	UH	_	4	discourse	_	_
3	a	_	DET	DT	_	4	det	_	_
4	kiss	_	NOUN	NN	_	0	root	_	_
5	.	_	PUNCT	.	_	4	punct	_	_",
I no like doggypoos .,auxiliary,"1	I	_	_	_	_	3	nsubj	_	_
2	no	_	_	_	_	3	advmod	_	_
3	like	_	_	_	_	0	root	_	_
4	doggypoos	_	_	_	_	3	obj	_	_
5	.	_	_	_	_	3	punct	_	_","1	I	_	PRON	PRP	_	4	nsubj	_	_
2	no	_	INTJ	UH	_	4	discourse	_	_
3	like	_	INTJ	UH	_	4	discourse	_	_
4	doggypoos	_	NOUN	NNS	_	0	root	_	_
5	.	_	PUNCT	.	_	4	punct	_	_",
getting on fine .,"subject, verb","1	getting	_	_	_	_	0	root	_	_
2	on	_	_	_	_	1	compound:prt	_	_
3	fine	_	_	_	_	1	advmod	_	_
4	.	_	_	_	_	1	punct	_	_","1	getting	_	VERB	VBG	_	0	root	_	_
2	on	_	ADP	IN	_	1	compound:prt	_	_
3	fine	_	ADJ	JJ	_	1	obl	_	_
4	.	_	PUNCT	.	_	1	punct	_	_",
what has happened the fridge ?,preposition,"1	what	_	_	_	_	3	nsubj	_	_
2	has	_	_	_	_	3	aux	_	_
3	happened	_	_	_	_	0	root	_	_
4	the	_	_	_	_	5	det	_	_
5	fridge	_	_	_	_	3	parataxis	_	_
6	?	_	_	_	_	3	punct	_	_","1	what	_	PRON	WP	_	3	nsubj	_	_
2	has	_	AUX	VBZ	_	3	aux	_	_
3	happened	_	VERB	VBN	_	0	root	_	_
4	the	_	DET	DT	_	5	det	_	_
5	fridge	_	NOUN	NN	_	3	obj	_	_
6	?	_	PUNCT	.	_	3	punct	_	_",
what's happening the freezer ?,preposition,"1	what's	_	_	_	_	2	aux	_	_
2	happening	_	_	_	_	0	root	_	_
3	the	_	_	_	_	4	det	_	_
4	freezer	_	_	_	_	2	parataxis	_	_
5	?	_	_	_	_	2	punct	_	_","1	what	_	PRON	WP	_	3	nsubj	_	_
2	's	_	AUX	VBZ	_	3	aux	_	_
3	happening	_	VERB	VBG	_	0	root	_	_
4	the	_	DET	DT	_	5	det	_	_
5	freezer	_	NOUN	NN	_	3	obj	_	_
6	?	_	PUNCT	.	_	3	punct	_	_",
I'm not open anything .,present_progressive,"1	I'm	_	_	_	_	3	aux	_	_
2	not	_	_	_	_	3	advmod	_	_
3	open	_	_	_	_	0	root	_	_
4	anything	_	_	_	_	3	obj	_	_
5	.	_	_	_	_	3	punct	_	_","1	I	_	PRON	PRP	_	4	nsubj	_	_
2	'm	_	AUX	VBP	_	4	aux	_	_
3	not	_	PART	RB	_	4	advmod	_	_
4	open	_	VERB	VB	_	0	root	_	_
5	anything	_	PRON	NN	_	4	obj	_	_
6	.	_	PUNCT	.	_	4	punct	_	_",
want smell strawberries .,"subject, tense_aspect","1	want	_	_	_	_	0	root	_	_
2	smell	_	_	_	_	1	xcomp	_	_
3	strawberries	_	_	_	_	2	obj	_	_
4	.	_	_	_	_	1	punct	_	_","1	want	_	VERB	VB	_	0	root	_	_
2	smell	_	NOUN	NN	_	3	compound	_	_
3	strawberries	_	NOUN	NNS	_	1	obj	_	_
4	.	_	PUNCT	.	_	1	punct	_	_",
um Teletubbies not say bye bye .,auxiliary,"1	um	_	_	_	_	4	discourse	_	_
2	Teletubbies	_	_	_	_	4	nsubj	_	_
3	not	_	_	_	_	4	advmod	_	_
4	say	_	_	_	_	0	root	_	_
5	bye	_	_	_	_	4	obj	_	_
6	bye	_	_	_	_	5	compound	_	_
7	.	_	_	_	_	4	punct	_	_","1	um	_	INTJ	UH	_	4	discourse	_	_
2	Teletubbies	_	PROPN	NNPS	_	4	nsubj	_	_
3	not	_	PART	RB	_	4	advmod	_	_
4	say	_	VERB	VB	_	0	root	_	_
5	bye	_	INTJ	UH	_	6	discourse	_	_
6	bye	_	NOUN	NN	_	4	obj	_	_
7	.	_	PUNCT	.	_	4	punct	_	_",
Daddy is this a antique cup ?,determiner,"1	Daddy	_	_	_	_	6	vocative	_	_
2	is	_	_	_	_	6	cop	_	_
3	this	_	_	_	_	6	nsubj	_	_
4	a	_	_	_	_	6	det	_	_
5	antique	_	_	_	_	6	amod	_	_
6	cup	_	_	_	_	0	root	_	_
7	?	_	_	_	_	6	punct	_	_","1	Daddy	_	PROPN	NNP	_	6	nsubj	_	_
2	is	_	AUX	VBZ	_	6	cop	_	_
3	this	_	PRON	DT	_	6	nsubj	_	_
4	a	_	DET	DT	_	6	det	_	_
5	antique	_	ADJ	JJ	_	6	amod	_	_
6	cup	_	NOUN	NN	_	0	root	_	_
7	?	_	PUNCT	.	_	6	punct	_	_",
antique this ?,"verb, determiner, other","1	antique	_	_	_	_	0	root	_	_
2	this	_	_	_	_	1	nsubj	_	_
3	?	_	_	_	_	1	punct	_	_","1	antique	_	VERB	VB	_	0	root	_	_
2	this	_	PRON	DT	_	1	obj	_	_
3	?	_	PUNCT	.	_	1	punct	_	_",
mine me is my thing .,subject,"1	mine	_	_	_	_	2	reparandum	_	_
2	me	_	_	_	_	5	nsubj	_	_
3	is	_	_	_	_	5	cop	_	_
4	my	_	_	_	_	5	nmod:poss	_	_
5	thing	_	_	_	_	0	root	_	_
6	.	_	_	_	_	5	punct	_	_","1	mine	_	PRON	PRP	_	5	nsubj	_	_
2	me	_	PRON	PRP	_	5	nsubj	_	_
3	is	_	AUX	VBZ	_	5	cop	_	_
4	my	_	PRON	PRP$	_	5	nmod:poss	_	_
5	thing	_	NOUN	NN	_	0	root	_	_
6	.	_	PUNCT	.	_	5	punct	_	_",
white white truck .,determiner,"1	white	_	_	_	_	2	reparandum	_	_
2	white	_	_	_	_	3	amod	_	_
3	truck	_	_	_	_	0	root	_	_
4	.	_	_	_	_	3	punct	_	_","1	white	_	ADJ	JJ	_	3	amod	_	_
2	white	_	ADJ	JJ	_	3	amod	_	_
3	truck	_	NOUN	NN	_	0	root	_	_
4	.	_	PUNCT	.	_	3	punct	_	_",
Nin Nin chair .,possessive,"1	Nin	_	_	_	_	2	reparandum	_	_
2	Nin	_	_	_	_	3	nummod	_	_
3	chair	_	_	_	_	0	root	_	_
4	.	_	_	_	_	3	punct	_	_","1	Nin	_	PROPN	NNP	_	0	root	_	_
2	Nin	_	PROPN	NNP	_	1	flat	_	_
3	chair	_	NOUN	NN	_	1	flat	_	_
4	.	_	PUNCT	.	_	1	punct	_	_",
Nin Nin chair .,possessive,"1	Nin	_	_	_	_	2	reparandum	_	_
2	Nin	_	_	_	_	3	nummod	_	_
3	chair	_	_	_	_	0	root	_	_
4	.	_	_	_	_	3	punct	_	_","1	Nin	_	PROPN	NNP	_	0	root	_	_
2	Nin	_	PROPN	NNP	_	1	flat	_	_
3	chair	_	NOUN	NN	_	1	flat	_	_
4	.	_	PUNCT	.	_	1	punct	_	_",
Nin Nin chair .,possessive,"1	Nin	_	_	_	_	2	reparandum	_	_
2	Nin	_	_	_	_	3	nummod	_	_
3	chair	_	_	_	_	0	root	_	_
4	.	_	_	_	_	3	punct	_	_","1	Nin	_	PROPN	NNP	_	0	root	_	_
2	Nin	_	PROPN	NNP	_	1	flat	_	_
3	chair	_	NOUN	NN	_	1	flat	_	_
4	.	_	PUNCT	.	_	1	punct	_	_",
Nin Nin chair .,possessive,"1	Nin	_	_	_	_	2	reparandum	_	_
2	Nin	_	_	_	_	3	nummod	_	_
3	chair	_	_	_	_	0	root	_	_
4	.	_	_	_	_	3	punct	_	_","1	Nin	_	PROPN	NNP	_	0	root	_	_
2	Nin	_	PROPN	NNP	_	1	flat	_	_
3	chair	_	NOUN	NN	_	1	flat	_	_
4	.	_	PUNCT	.	_	1	punct	_	_",
Nin Nin chair .,possessive,"1	Nin	_	_	_	_	2	reparandum	_	_
2	Nin	_	_	_	_	3	nummod	_	_
3	chair	_	_	_	_	0	root	_	_
4	.	_	_	_	_	3	punct	_	_","1	Nin	_	PROPN	NNP	_	0	root	_	_
2	Nin	_	PROPN	NNP	_	1	flat	_	_
3	chair	_	NOUN	NN	_	1	flat	_	_
4	.	_	PUNCT	.	_	1	punct	_	_",
Nin Nin chair .,possessive,"1	Nin	_	_	_	_	2	reparandum	_	_
2	Nin	_	_	_	_	3	nummod	_	_
3	chair	_	_	_	_	0	root	_	_
4	.	_	_	_	_	3	punct	_	_","1	Nin	_	PROPN	NNP	_	0	root	_	_
2	Nin	_	PROPN	NNP	_	1	flat	_	_
3	chair	_	NOUN	NN	_	1	flat	_	_
4	.	_	PUNCT	.	_	1	punct	_	_",
scissors all done .,verb,"1	scissors	_	_	_	_	3	nsubj	_	_
2	all	_	_	_	_	3	advmod	_	_
3	done	_	_	_	_	0	root	_	_
4	.	_	_	_	_	3	punct	_	_","1	scissors	_	NOUN	NNS	_	3	nsubj	_	_
2	all	_	DET	DT	_	1	det	_	_
3	done	_	VERB	VBN	_	0	root	_	_
4	.	_	PUNCT	.	_	3	punct	_	_",
Nin Nin chair .,possessive,"1	Nin	_	_	_	_	2	reparandum	_	_
2	Nin	_	_	_	_	3	nummod	_	_
3	chair	_	_	_	_	0	root	_	_
4	.	_	_	_	_	3	punct	_	_","1	Nin	_	PROPN	NNP	_	0	root	_	_
2	Nin	_	PROPN	NNP	_	1	flat	_	_
3	chair	_	NOUN	NN	_	1	flat	_	_
4	.	_	PUNCT	.	_	1	punct	_	_",
Nin Nin chair .,possessive,"1	Nin	_	_	_	_	2	reparandum	_	_
2	Nin	_	_	_	_	3	nummod	_	_
3	chair	_	_	_	_	0	root	_	_
4	.	_	_	_	_	3	punct	_	_","1	Nin	_	PROPN	NNP	_	0	root	_	_
2	Nin	_	PROPN	NNP	_	1	flat	_	_
3	chair	_	NOUN	NN	_	1	flat	_	_
4	.	_	PUNCT	.	_	1	punct	_	_",
sit Nin Nin's knee now .,"subject, tense_aspect","1	sit	_	_	_	_	0	root	_	_
2	Nin	_	_	_	_	4	nmod:poss	_	_
3	Nin's	_	_	_	_	4	nmod:poss	_	_
4	knee	_	_	_	_	1	obl	_	_
5	now	_	_	_	_	1	advmod	_	_
6	.	_	_	_	_	1	punct	_	_","1	sit	_	VERB	VB	_	0	root	_	_
2	Nin	_	PROPN	NNP	_	5	nmod:poss	_	_
3	Nin	_	PROPN	NNP	_	2	flat	_	_
4	's	_	PART	POS	_	2	case	_	_
5	knee	_	NOUN	NN	_	1	obj	_	_
6	now	_	ADV	RB	_	1	advmod	_	_
7	.	_	PUNCT	.	_	1	punct	_	_",
in case one used up .,verb,"1	in	_	_	_	_	4	mark	_	_
2	case	_	_	_	_	4	mark	_	_
3	one	_	_	_	_	4	nsubj	_	_
4	used	_	_	_	_	0	root	_	_
5	up	_	_	_	_	4	compound:prt	_	_
6	.	_	_	_	_	4	punct	_	_","1	in	_	ADP	IN	_	4	advmod	_	_
2	case	_	NOUN	NN	_	1	fixed	_	_
3	one	_	NUM	CD	_	4	nsubj	_	_
4	used	_	VERB	VBD	_	0	root	_	_
5	up	_	ADP	RP	_	4	compound:prt	_	_
6	.	_	PUNCT	.	_	4	punct	_	_",
in case another one used up we got another one .,verb,"1	in	_	_	_	_	5	mark	_	_
2	case	_	_	_	_	5	mark	_	_
3	another	_	_	_	_	4	det	_	_
4	one	_	_	_	_	5	nsubj	_	_
5	used	_	_	_	_	8	advcl	_	_
6	up	_	_	_	_	5	compound:prt	_	_
7	we	_	_	_	_	8	nsubj	_	_
8	got	_	_	_	_	0	root	_	_
9	another	_	_	_	_	10	det	_	_
10	one	_	_	_	_	8	obj	_	_
11	.	_	_	_	_	8	punct	_	_","1	in	_	ADP	IN	_	5	mark	_	_
2	case	_	NOUN	NN	_	1	fixed	_	_
3	another	_	DET	DT	_	4	det	_	_
4	one	_	NOUN	NN	_	5	nsubj	_	_
5	used	_	VERB	VBD	_	8	advcl	_	_
6	up	_	ADP	RP	_	5	compound:prt	_	_
7	we	_	PRON	PRP	_	8	nsubj	_	_
8	got	_	VERB	VBD	_	0	root	_	_
9	another	_	DET	DT	_	10	det	_	_
10	one	_	NOUN	NN	_	8	obj	_	_
11	.	_	PUNCT	.	_	8	punct	_	_",
I smell waiting toast and food .,other,"1	I	_	_	_	_	2	nsubj	_	_
2	smell	_	_	_	_	0	root	_	_
3	waiting	_	_	_	_	4	amod	_	_
4	toast	_	_	_	_	2	obj	_	_
5	and	_	_	_	_	6	cc	_	_
6	food	_	_	_	_	4	conj	_	_
7	.	_	_	_	_	2	punct	_	_","1	I	_	PRON	PRP	_	2	nsubj	_	_
2	smell	_	VERB	VBP	_	0	root	_	_
3	waiting	_	VERB	VBG	_	2	xcomp	_	_
4	toast	_	NOUN	NN	_	3	obj	_	_
5	and	_	CCONJ	CC	_	6	cc	_	_
6	food	_	NOUN	NN	_	4	conj	_	_
7	.	_	PUNCT	.	_	2	punct	_	_",
I got new milk for us when when when that milk used up .,verb,"1	I	_	_	_	_	2	nsubj	_	_
2	got	_	_	_	_	0	root	_	_
3	new	_	_	_	_	4	amod	_	_
4	milk	_	_	_	_	2	obj	_	_
5	for	_	_	_	_	6	case	_	_
6	us	_	_	_	_	2	obl	_	_
7	when	_	_	_	_	9	reparandum	_	_
8	when	_	_	_	_	9	reparandum	_	_
9	when	_	_	_	_	12	mark	_	_
10	that	_	_	_	_	11	det	_	_
11	milk	_	_	_	_	12	nsubj	_	_
12	used	_	_	_	_	2	advcl	_	_
13	up	_	_	_	_	12	compound:prt	_	_
14	.	_	_	_	_	2	punct	_	_","1	I	_	PRON	PRP	_	2	nsubj	_	_
2	got	_	VERB	VBD	_	0	root	_	_
3	new	_	ADJ	JJ	_	4	amod	_	_
4	milk	_	NOUN	NN	_	2	obj	_	_
5	for	_	ADP	IN	_	6	case	_	_
6	us	_	PRON	PRP	_	2	obl	_	_
7	when	_	ADV	WRB	_	12	advmod	_	_
8	when	_	ADV	WRB	_	12	advmod	_	_
9	when	_	ADV	WRB	_	12	advmod	_	_
10	that	_	DET	DT	_	11	det	_	_
11	milk	_	NOUN	NN	_	12	nsubj	_	_
12	used	_	VERB	VBD	_	2	advcl	_	_
13	up	_	ADP	RP	_	12	compound:prt	_	_
14	.	_	PUNCT	.	_	2	punct	_	_",
"where's my one baby , Mama ?",other,"1	where's	_	_	_	_	0	root	_	_
2	my	_	_	_	_	4	nmod:poss	_	_
3	one	_	_	_	_	4	nummod	_	_
4	baby	_	_	_	_	1	nsubj	_	_
5	,	_	_	_	_	1	punct	_	_
6	Mama	_	_	_	_	1	vocative	_	_
7	?	_	_	_	_	1	punct	_	_","1	where	_	ADV	WRB	_	0	root	_	_
2	's	_	AUX	VBZ	_	1	cop	_	_
3	my	_	PRON	PRP$	_	5	nmod:poss	_	_
4	one	_	NUM	CD	_	5	nummod	_	_
5	baby	_	NOUN	NN	_	1	nsubj	_	_
6	,	_	PUNCT	,	_	7	punct	_	_
7	Mama	_	NOUN	NN	_	5	vocative	_	_
8	?	_	PUNCT	.	_	1	punct	_	_",
um Daddy telephone .,possessive,"1	um	_	_	_	_	3	discourse	_	_
2	Daddy	_	_	_	_	3	nmod:poss	_	_
3	telephone	_	_	_	_	0	root	_	_
4	.	_	_	_	_	3	punct	_	_","1	um	_	INTJ	UH	_	3	discourse	_	_
2	Daddy	_	PROPN	NNP	_	3	compound	_	_
3	telephone	_	NOUN	NN	_	0	root	_	_
4	.	_	PUNCT	.	_	3	punct	_	_",
Mummy up .,verb,"1	Mummy	_	_	_	_	2	nsubj	_	_
2	up	_	_	_	_	0	root	_	_
3	.	_	_	_	_	2	punct	_	_","1	Mummy	_	NOUN	NN	_	0	root	_	_
2	up	_	ADP	RP	_	1	advmod	_	_
3	.	_	PUNCT	.	_	1	punct	_	_",
crane crane .,determiner,"1	crane	_	_	_	_	0	root	_	_
2	crane	_	_	_	_	1	conj	_	_
3	.	_	_	_	_	1	punct	_	_","1	crane	_	NOUN	NN	_	2	compound	_	_
2	crane	_	NOUN	NN	_	0	root	_	_
3	.	_	PUNCT	.	_	2	punct	_	_",
"blue car , blue one .",determiner,"1	blue	_	_	_	_	2	amod	_	_
2	car	_	_	_	_	0	root	_	_
3	,	_	_	_	_	5	cc	_	_
4	blue	_	_	_	_	5	amod	_	_
5	one	_	_	_	_	2	conj	_	_
6	.	_	_	_	_	2	punct	_	_","1	blue	_	ADJ	JJ	_	2	amod	_	_
2	car	_	NOUN	NN	_	0	root	_	_
3	,	_	PUNCT	,	_	5	punct	_	_
4	blue	_	ADJ	JJ	_	5	amod	_	_
5	one	_	NOUN	NN	_	2	conj	_	_
6	.	_	PUNCT	.	_	2	punct	_	_",
that's too !,object,"1	that's	_	_	_	_	0	root	_	_
2	too	_	_	_	_	1	advmod	_	_
3	!	_	_	_	_	1	punct	_	_","1	that	_	PRON	DT	_	2	nsubj	_	_
2	's	_	AUX	VBZ	_	3	cop	_	_
3	too	_	ADV	RB	_	0	root	_	_
4	!	_	PUNCT	.	_	3	punct	_	_",
I lying on .,"auxiliary, object","1	I	_	_	_	_	2	nsubj	_	_
2	lying	_	_	_	_	0	root	_	_
3	on	_	_	_	_	2	obl	_	_
4	.	_	_	_	_	2	punct	_	_","1	I	_	PRON	PRP	_	2	nsubj	_	_
2	lying	_	VERB	VBG	_	0	root	_	_
3	on	_	ADP	RP	_	2	compound:prt	_	_
4	.	_	PUNCT	.	_	2	punct	_	_",
got got two engines .,subject,"1	got	_	_	_	_	2	reparandum	_	_
2	got	_	_	_	_	0	root	_	_
3	two	_	_	_	_	4	nummod	_	_
4	engines	_	_	_	_	2	obj	_	_
5	.	_	_	_	_	2	punct	_	_","1	got	_	AUX	VBD	_	2	aux	_	_
2	got	_	VERB	VBN	_	0	root	_	_
3	two	_	NUM	CD	_	4	nummod	_	_
4	engines	_	NOUN	NNS	_	2	obj	_	_
5	.	_	PUNCT	.	_	2	punct	_	_",
fat controller waking up two two ears .,"determiner, auxiliary, other","1	fat	_	_	_	_	2	amod	_	_
2	controller	_	_	_	_	3	nsubj	_	_
3	waking	_	_	_	_	0	root	_	_
4	up	_	_	_	_	3	compound:prt	_	_
5	two	_	_	_	_	6	reparandum	_	_
6	two	_	_	_	_	7	nummod	_	_
7	ears	_	_	_	_	3	obj	_	_
8	.	_	_	_	_	3	punct	_	_","1	fat	_	ADJ	JJ	_	2	amod	_	_
2	controller	_	NOUN	NN	_	0	root	_	_
3	waking	_	VERB	VBG	_	2	acl	_	_
4	up	_	ADP	RP	_	3	compound:prt	_	_
5	two	_	NUM	CD	_	7	nummod	_	_
6	two	_	NUM	CD	_	7	nummod	_	_
7	ears	_	NOUN	NNS	_	3	obj	_	_
8	.	_	PUNCT	.	_	2	punct	_	_",
fire the fire engine the big football .,verb,"1	fire	_	_	_	_	0	root	_	_
2	the	_	_	_	_	4	det	_	_
3	fire	_	_	_	_	4	compound	_	_
4	engine	_	_	_	_	1	obj	_	_
5	the	_	_	_	_	7	det	_	_
6	big	_	_	_	_	7	amod	_	_
7	football	_	_	_	_	1	parataxis	_	_
8	.	_	_	_	_	1	punct	_	_","1	fire	_	VERB	VB	_	0	root	_	_
2	the	_	DET	DT	_	4	det	_	_
3	fire	_	NOUN	NN	_	4	compound	_	_
4	engine	_	NOUN	NN	_	1	obj	_	_
5	the	_	DET	DT	_	7	det	_	_
6	big	_	ADJ	JJ	_	7	amod	_	_
7	football	_	NOUN	NN	_	1	obj	_	_
8	.	_	PUNCT	.	_	1	punct	_	_",
firemen fire .,determiner,"1	firemen	_	_	_	_	0	root	_	_
2	fire	_	_	_	_	1	conj	_	_
3	.	_	_	_	_	1	punct	_	_","1	firemen	_	NOUN	NNS	_	2	compound	_	_
2	fire	_	NOUN	NN	_	0	root	_	_
3	.	_	PUNCT	.	_	2	punct	_	_",
uh Gordon get a fright .,tense_aspect,"1	uh	_	_	_	_	3	discourse	_	_
2	Gordon	_	_	_	_	3	vocative	_	_
3	get	_	_	_	_	0	root	_	_
4	a	_	_	_	_	5	det	_	_
5	fright	_	_	_	_	3	obj	_	_
6	.	_	_	_	_	3	punct	_	_","1	uh	_	INTJ	UH	_	3	discourse	_	_
2	Gordon	_	PROPN	NNP	_	3	nsubj	_	_
3	get	_	VERB	VBP	_	0	root	_	_
4	a	_	DET	DT	_	5	det	_	_
5	fright	_	NOUN	NN	_	3	obj	_	_
6	.	_	PUNCT	.	_	3	punct	_	_",
Gordon get frightened .,tense_aspect,"1	Gordon	_	_	_	_	2	nsubj	_	_
2	get	_	_	_	_	0	root	_	_
3	frightened	_	_	_	_	2	xcomp	_	_
4	.	_	_	_	_	2	punct	_	_","1	Gordon	_	PROPN	NNP	_	3	nsubj:pass	_	_
2	get	_	AUX	VBP	_	3	aux:pass	_	_
3	frightened	_	VERB	VBN	_	0	root	_	_
4	.	_	PUNCT	.	_	3	punct	_	_",
it's triangle .,determiner,"1	it's	_	_	_	_	2	nsubj	_	_
2	triangle	_	_	_	_	0	root	_	_
3	.	_	_	_	_	2	punct	_	_","1	it	_	PRON	PRP	_	3	nsubj	_	_
2	's	_	AUX	VBZ	_	3	cop	_	_
3	triangle	_	NOUN	NN	_	0	root	_	_
4	.	_	PUNCT	.	_	3	punct	_	_",
lot lot lots of men in your side .,"verb, preposition","1	lot	_	_	_	_	0	root	_	_
2	lot	_	_	_	_	3	conj	_	_
3	lots	_	_	_	_	1	conj	_	_
4	of	_	_	_	_	5	case	_	_
5	men	_	_	_	_	3	nmod	_	_
6	in	_	_	_	_	8	case	_	_
7	your	_	_	_	_	8	nmod:poss	_	_
8	side	_	_	_	_	5	nmod	_	_
9	.	_	_	_	_	3	punct	_	_","1	lot	_	NOUN	NN	_	2	compound	_	_
2	lot	_	NOUN	NN	_	3	nmod:unmarked	_	_
3	lots	_	NOUN	NNS	_	0	root	_	_
4	of	_	ADP	IN	_	5	case	_	_
5	men	_	NOUN	NNS	_	3	nmod	_	_
6	in	_	ADP	IN	_	8	case	_	_
7	your	_	PRON	PRP$	_	8	nmod:poss	_	_
8	side	_	NOUN	NN	_	3	nmod	_	_
9	.	_	PUNCT	.	_	3	punct	_	_",
round a square .,verb,"1	round	_	_	_	_	3	advmod	_	_
2	a	_	_	_	_	3	det	_	_
3	square	_	_	_	_	0	root	_	_
4	.	_	_	_	_	1	punct	_	_","1	round	_	ADP	IN	_	3	case	_	_
2	a	_	DET	DT	_	3	det	_	_
3	square	_	NOUN	NN	_	0	root	_	_
4	.	_	PUNCT	.	_	3	punct	_	_",
I getting see something .,"tense_aspect, present_progressive","1	I	_	_	_	_	2	nsubj	_	_
2	getting	_	_	_	_	0	root	_	_
3	see	_	_	_	_	2	xcomp	_	_
4	something	_	_	_	_	3	obj	_	_
5	.	_	_	_	_	2	punct	_	_","1	I	_	PRON	PRP	_	3	nsubj	_	_
2	getting	_	AUX	VBG	_	3	aux	_	_
3	see	_	VERB	VB	_	0	root	_	_
4	something	_	PRON	NN	_	3	obj	_	_
5	.	_	PUNCT	.	_	3	punct	_	_",
this box cornflakes in .,verb,"1	this	_	_	_	_	2	det	_	_
2	box	_	_	_	_	0	root	_	_
3	cornflakes	_	_	_	_	2	parataxis	_	_
4	in	_	_	_	_	2	advmod	_	_
5	.	_	_	_	_	2	punct	_	_","1	this	_	DET	DT	_	3	det	_	_
2	box	_	NOUN	NN	_	3	compound	_	_
3	cornflakes	_	NOUN	NNS	_	0	root	_	_
4	in	_	ADP	RP	_	3	advmod	_	_
5	.	_	PUNCT	.	_	4	punct	_	_",
putting cornflakes in .,"subject, present_progressive","1	putting	_	_	_	_	0	root	_	_
2	cornflakes	_	_	_	_	1	obj	_	_
3	in	_	_	_	_	1	advmod	_	_
4	.	_	_	_	_	1	punct	_	_","1	putting	_	VERB	VBG	_	0	root	_	_
2	cornflakes	_	NOUN	NNS	_	1	obj	_	_
3	in	_	ADP	IN	_	1	compound:prt	_	_
4	.	_	PUNCT	.	_	1	punct	_	_",
lots lots in here .,"subject, verb","1	lots	_	_	_	_	0	root	_	_
2	lots	_	_	_	_	1	conj	_	_
3	in	_	_	_	_	4	case	_	_
4	here	_	_	_	_	1	nmod	_	_
5	.	_	_	_	_	1	punct	_	_","1	lots	_	NOUN	NNS	_	2	compound	_	_
2	lots	_	NOUN	NNS	_	0	root	_	_
3	in	_	ADP	IN	_	4	case	_	_
4	here	_	ADV	RB	_	2	nmod	_	_
5	.	_	PUNCT	.	_	2	punct	_	_",
and I not need the track on it .,auxiliary,"1	and	_	_	_	_	4	cc	_	_
2	I	_	_	_	_	4	nsubj	_	_
3	not	_	_	_	_	4	advmod	_	_
4	need	_	_	_	_	0	root	_	_
5	the	_	_	_	_	6	det	_	_
6	track	_	_	_	_	4	obj	_	_
7	on	_	_	_	_	8	case	_	_
8	it	_	_	_	_	6	nmod	_	_
9	.	_	_	_	_	4	punct	_	_","1	and	_	CCONJ	CC	_	4	cc	_	_
2	I	_	PRON	PRP	_	4	nsubj	_	_
3	not	_	PART	RB	_	4	advmod	_	_
4	need	_	VERB	VBP	_	0	root	_	_
5	the	_	DET	DT	_	6	det	_	_
6	track	_	NOUN	NN	_	4	obj	_	_
7	on	_	ADP	IN	_	8	case	_	_
8	it	_	PRON	PRP	_	4	obl	_	_
9	.	_	PUNCT	.	_	4	punct	_	_",
oh it's not work .,present_progressive,"1	oh	_	_	_	_	4	discourse	_	_
2	it's	_	_	_	_	4	cop	_	_
3	not	_	_	_	_	4	advmod	_	_
4	work	_	_	_	_	0	root	_	_
5	.	_	_	_	_	4	punct	_	_","1	oh	_	INTJ	UH	_	5	discourse	_	_
2	it	_	PRON	PRP	_	5	nsubj	_	_
3	's	_	AUX	VBZ	_	5	cop	_	_
4	not	_	PART	RB	_	5	advmod	_	_
5	work	_	NOUN	NN	_	0	root	_	_
6	.	_	PUNCT	.	_	5	punct	_	_",
it's stopping Mummy's side .,preposition,"1	it's	_	_	_	_	2	nsubj	_	_
2	stopping	_	_	_	_	0	root	_	_
3	Mummy's	_	_	_	_	4	nmod:poss	_	_
4	side	_	_	_	_	2	obj	_	_
5	.	_	_	_	_	2	punct	_	_","1	it	_	PRON	PRP	_	3	nsubj	_	_
2	's	_	AUX	VBZ	_	3	aux	_	_
3	stopping	_	VERB	VBG	_	0	root	_	_
4	Mummy	_	PROPN	NNP	_	6	nmod:poss	_	_
5	's	_	PART	POS	_	4	case	_	_
6	side	_	NOUN	NN	_	3	obj	_	_
7	.	_	PUNCT	.	_	3	punct	_	_",
driving off .,"subject, present_progressive","1	driving	_	_	_	_	0	root	_	_
2	off	_	_	_	_	1	advmod	_	_
3	.	_	_	_	_	1	punct	_	_","1	driving	_	VERB	VBG	_	0	root	_	_
2	off	_	ADP	RP	_	1	compound:prt	_	_
3	.	_	PUNCT	.	_	1	punct	_	_",
when the mixers comes .,sv_agreement,"1	when	_	_	_	_	4	mark	_	_
2	the	_	_	_	_	3	det	_	_
3	mixers	_	_	_	_	4	nsubj	_	_
4	comes	_	_	_	_	0	root	_	_
5	.	_	_	_	_	4	punct	_	_","1	when	_	ADV	WRB	_	4	advmod	_	_
2	the	_	DET	DT	_	3	det	_	_
3	mixers	_	NOUN	NNS	_	4	nsubj	_	_
4	comes	_	VERB	VBZ	_	0	root	_	_
5	.	_	PUNCT	.	_	4	punct	_	_",
um um Mummy's .,"subject, verb","1	um	_	_	_	_	3	discourse	_	_
2	um	_	_	_	_	1	conj	_	_
3	Mummy's	_	_	_	_	0	root	_	_
4	.	_	_	_	_	3	punct	_	_","1	um	_	INTJ	UH	_	3	discourse	_	_
2	um	_	INTJ	UH	_	3	discourse	_	_
3	Mummy	_	PROPN	NNP	_	0	root	_	_
4	's	_	PART	POS	_	3	case	_	_
5	.	_	PUNCT	.	_	3	punct	_	_",
Mummy's house mix mix mix .,other,"1	Mummy's	_	_	_	_	3	nmod:poss	_	_
2	house	_	_	_	_	3	compound	_	_
3	mix	_	_	_	_	0	root	_	_
4	mix	_	_	_	_	3	conj	_	_
5	mix	_	_	_	_	3	conj	_	_
6	.	_	_	_	_	3	punct	_	_","1	Mummy	_	PROPN	NNP	_	6	nmod:poss	_	_
2	's	_	PART	POS	_	1	case	_	_
3	house	_	NOUN	NN	_	4	compound	_	_
4	mix	_	NOUN	NN	_	6	compound	_	_
5	mix	_	NOUN	NN	_	6	compound	_	_
6	mix	_	NOUN	NN	_	0	root	_	_
7	.	_	PUNCT	.	_	6	punct	_	_",
the mixer round and round .,verb,"1	the	_	_	_	_	2	det	_	_
2	mixer	_	_	_	_	3	nsubj	_	_
3	round	_	_	_	_	0	root	_	_
4	and	_	_	_	_	5	cc	_	_
5	round	_	_	_	_	3	conj	_	_
6	.	_	_	_	_	3	punct	_	_","1	the	_	DET	DT	_	2	det	_	_
2	mixer	_	NOUN	NN	_	0	root	_	_
3	round	_	ADV	RB	_	2	advmod	_	_
4	and	_	CCONJ	CC	_	5	cc	_	_
5	round	_	ADV	RB	_	3	conj	_	_
6	.	_	PUNCT	.	_	2	punct	_	_",
stop it hurt .,sv_agreement,"1	stop	_	_	_	_	0	root	_	_
2	it	_	_	_	_	3	nsubj	_	_
3	hurt	_	_	_	_	1	parataxis	_	_
4	.	_	_	_	_	1	punct	_	_","1	stop	_	VERB	VB	_	0	root	_	_
2	it	_	PRON	PRP	_	1	obj	_	_
3	hurt	_	VERB	VBN	_	1	xcomp	_	_
4	.	_	PUNCT	.	_	1	punct	_	_",
what have you .,verb,"1	what	_	_	_	_	2	obj	_	_
2	have	_	_	_	_	0	root	_	_
3	you	_	_	_	_	2	nsubj	_	_
4	.	_	_	_	_	2	punct	_	_","1	what	_	PRON	WP	_	2	nsubj	_	_
2	have	_	AUX	VBP	_	0	root	_	_
3	you	_	PRON	PRP	_	2	nsubj	_	_
4	.	_	PUNCT	.	_	1	punct	_	_",
um apples pears .,other,"1	um	_	_	_	_	2	discourse	_	_
2	apples	_	_	_	_	0	root	_	_
3	pears	_	_	_	_	2	conj	_	_
4	.	_	_	_	_	2	punct	_	_","1	um	_	INTJ	UH	_	3	discourse	_	_
2	apples	_	NOUN	NNS	_	3	compound	_	_
3	pears	_	NOUN	NNS	_	0	root	_	_
4	.	_	PUNCT	.	_	3	punct	_	_",
leaves covered in .,"determiner, auxiliary, other","1	leaves	_	_	_	_	0	root	_	_
2	covered	_	_	_	_	1	acl	_	_
3	in	_	_	_	_	2	obl	_	_
4	.	_	_	_	_	1	punct	_	_","1	leaves	_	NOUN	NNS	_	0	root	_	_
2	covered	_	VERB	VBN	_	1	acl	_	_
3	in	_	ADP	RP	_	2	compound:prt	_	_
4	.	_	PUNCT	.	_	1	punct	_	_",
not this stick it .,"other, auxiliary","1	not	_	_	_	_	2	advmod	_	_
2	this	_	_	_	_	0	root	_	_
3	stick	_	_	_	_	2	parataxis	_	_
4	it	_	_	_	_	3	obj	_	_
5	.	_	_	_	_	2	punct	_	_","1	not	_	PART	RB	_	3	advmod	_	_
2	this	_	PRON	DT	_	3	nsubj	_	_
3	stick	_	VERB	VB	_	0	root	_	_
4	it	_	PRON	PRP	_	3	obj	_	_
5	.	_	PUNCT	.	_	3	punct	_	_",
big digger coming .,"determiner, auxiliary","1	big	_	_	_	_	2	amod	_	_
2	digger	_	_	_	_	3	nsubj	_	_
3	coming	_	_	_	_	0	root	_	_
4	.	_	_	_	_	3	punct	_	_","1	big	_	ADJ	JJ	_	2	amod	_	_
2	digger	_	NOUN	NN	_	0	root	_	_
3	coming	_	VERB	VBG	_	2	acl	_	_
4	.	_	PUNCT	.	_	2	punct	_	_",
minute minute .,determiner,"1	minute	_	_	_	_	0	root	_	_
2	minute	_	_	_	_	1	conj	_	_
3	.	_	_	_	_	1	punct	_	_","1	minute	_	NOUN	NN	_	2	compound	_	_
2	minute	_	NOUN	NN	_	0	root	_	_
3	.	_	PUNCT	.	_	2	punct	_	_",
minute stops .,"determiner, other","1	minute	_	_	_	_	2	nsubj	_	_
2	stops	_	_	_	_	0	root	_	_
3	.	_	_	_	_	2	punct	_	_","1	minute	_	NOUN	NN	_	2	compound	_	_
2	stops	_	NOUN	NNS	_	0	root	_	_
3	.	_	PUNCT	.	_	2	punct	_	_",
Mummy it .,verb,"1	Mummy	_	_	_	_	2	vocative	_	_
2	it	_	_	_	_	0	root	_	_
3	.	_	_	_	_	2	punct	_	_","1	Mummy	_	NOUN	NN	_	0	root	_	_
2	it	_	PRON	PRP	_	1	obj	_	_
3	.	_	PUNCT	.	_	1	punct	_	_",
snow snow snow on there .,"determiner, verb","1	snow	_	_	_	_	0	root	_	_
2	snow	_	_	_	_	1	conj	_	_
3	snow	_	_	_	_	1	conj	_	_
4	on	_	_	_	_	5	case	_	_
5	there	_	_	_	_	1	nmod	_	_
6	.	_	_	_	_	1	punct	_	_","1	snow	_	NOUN	NN	_	3	compound	_	_
2	snow	_	NOUN	NN	_	3	compound	_	_
3	snow	_	NOUN	NN	_	0	root	_	_
4	on	_	ADP	IN	_	5	case	_	_
5	there	_	ADV	RB	_	3	nmod	_	_
6	.	_	PUNCT	.	_	3	punct	_	_",
big the big .,subject,"1	big	_	_	_	_	0	root	_	_
2	the	_	_	_	_	3	det	_	_
3	big	_	_	_	_	1	parataxis	_	_
4	.	_	_	_	_	1	punct	_	_","1	big	_	ADJ	JJ	_	0	root	_	_
2	the	_	DET	DT	_	3	det	_	_
3	big	_	ADJ	JJ	_	1	nsubj	_	_
4	.	_	PUNCT	.	_	1	punct	_	_",
the big big um .,subject,"1	the	_	_	_	_	2	det	_	_
2	big	_	_	_	_	0	root	_	_
3	big	_	_	_	_	2	conj	_	_
4	um	_	_	_	_	2	discourse	_	_
5	.	_	_	_	_	2	punct	_	_","1	the	_	DET	DT	_	3	det	_	_
2	big	_	ADJ	JJ	_	3	amod	_	_
3	big	_	ADJ	JJ	_	0	root	_	_
4	um	_	INTJ	UH	_	3	discourse	_	_
5	.	_	PUNCT	.	_	3	punct	_	_",
don't worry there .,other,"1	don't	_	_	_	_	2	aux	_	_
2	worry	_	_	_	_	0	root	_	_
3	there	_	_	_	_	2	advmod	_	_
4	.	_	_	_	_	2	punct	_	_","1	do	_	AUX	VB	_	3	aux	_	_
2	n't	_	PART	RB	_	3	advmod	_	_
3	worry	_	VERB	VB	_	0	root	_	_
4	there	_	ADV	RB	_	3	advmod	_	_
5	.	_	PUNCT	.	_	3	punct	_	_",
wait wait minute .,determiner,"1	wait	_	_	_	_	2	reparandum	_	_
2	wait	_	_	_	_	0	root	_	_
3	minute	_	_	_	_	2	obl:unmarked	_	_
4	.	_	_	_	_	2	punct	_	_","1	wait	_	VERB	VB	_	0	root	_	_
2	wait	_	NOUN	NN	_	3	compound	_	_
3	minute	_	NOUN	NN	_	1	obj	_	_
4	.	_	PUNCT	.	_	1	punct	_	_",
man at man digging now at Mummy's house .,"determiner, auxiliary","1	man	_	_	_	_	0	root	_	_
2	at	_	_	_	_	3	case	_	_
3	man	_	_	_	_	1	nmod	_	_
4	digging	_	_	_	_	1	parataxis	_	_
5	now	_	_	_	_	4	advmod	_	_
6	at	_	_	_	_	8	case	_	_
7	Mummy's	_	_	_	_	8	nmod:poss	_	_
8	house	_	_	_	_	4	obl	_	_
9	.	_	_	_	_	1	punct	_	_","1	man	_	NOUN	NN	_	0	root	_	_
2	at	_	ADP	IN	_	3	case	_	_
3	man	_	NOUN	NN	_	1	nmod	_	_
4	digging	_	VERB	VBG	_	1	acl	_	_
5	now	_	ADV	RB	_	4	advmod	_	_
6	at	_	ADP	IN	_	9	case	_	_
7	Mummy	_	PROPN	NNP	_	9	nmod:poss	_	_
8	's	_	PART	POS	_	7	case	_	_
9	house	_	NOUN	NN	_	4	obl	_	_
10	.	_	PUNCT	.	_	1	punct	_	_",
"Mummy , lost him .",subject,"1	Mummy	_	_	_	_	3	vocative	_	_
2	,	_	_	_	_	3	nsubj	_	_
3	lost	_	_	_	_	0	root	_	_
4	him	_	_	_	_	3	obj	_	_
5	.	_	_	_	_	3	punct	_	_","1	Mummy	_	NOUN	NN	_	3	vocative	_	_
2	,	_	PUNCT	,	_	1	punct	_	_
3	lost	_	VERB	VBD	_	0	root	_	_
4	him	_	PRON	PRP	_	3	obj	_	_
5	.	_	PUNCT	.	_	3	punct	_	_",
no no read .,"subject, auxiliary, object, other","1	no	_	_	_	_	3	discourse	_	_
2	no	_	_	_	_	1	conj	_	_
3	read	_	_	_	_	0	root	_	_
4	.	_	_	_	_	3	punct	_	_","1	no	_	DET	DT	_	3	det	_	_
2	no	_	DET	DT	_	3	det	_	_
3	read	_	NOUN	NN	_	0	root	_	_
4	.	_	PUNCT	.	_	3	punct	_	_",
no Elena .,other,"1	no	_	_	_	_	0	root	_	_
2	Elena	_	_	_	_	1	vocative	_	_
3	.	_	_	_	_	1	punct	_	_","1	no	_	INTJ	UH	_	2	discourse	_	_
2	Elena	_	PROPN	NNP	_	0	root	_	_
3	.	_	PUNCT	.	_	1	punct	_	_",
no shattered .,"subject, auxiliary, other","1	no	_	_	_	_	2	discourse	_	_
2	shattered	_	_	_	_	0	root	_	_
3	.	_	_	_	_	2	punct	_	_","1	no	_	DET	DT	_	2	det	_	_
2	shattered	_	VERB	VBN	_	0	root	_	_
3	.	_	PUNCT	.	_	2	punct	_	_",
man drove off .,determiner,"1	man	_	_	_	_	2	nsubj	_	_
2	drove	_	_	_	_	0	root	_	_
3	off	_	_	_	_	2	advmod	_	_
4	.	_	_	_	_	2	punct	_	_","1	man	_	NOUN	NN	_	2	nsubj	_	_
2	drove	_	VERB	VBD	_	0	root	_	_
3	off	_	ADP	RP	_	2	compound:prt	_	_
4	.	_	PUNCT	.	_	2	punct	_	_",
big birdie's on it .,determiner,"1	big	_	_	_	_	2	amod	_	_
2	birdie's	_	_	_	_	4	nsubj	_	_
3	on	_	_	_	_	4	case	_	_
4	it	_	_	_	_	0	root	_	_
5	.	_	_	_	_	4	punct	_	_","1	big	_	ADJ	JJ	_	2	amod	_	_
2	birdie	_	NOUN	NN	_	5	nsubj	_	_
3	's	_	AUX	VBZ	_	5	cop	_	_
4	on	_	ADP	IN	_	5	case	_	_
5	it	_	PRON	PRP	_	0	root	_	_
6	.	_	PUNCT	.	_	5	punct	_	_",
big birdie's on it .,determiner,"1	big	_	_	_	_	2	amod	_	_
2	birdie's	_	_	_	_	4	nsubj	_	_
3	on	_	_	_	_	4	case	_	_
4	it	_	_	_	_	0	root	_	_
5	.	_	_	_	_	4	punct	_	_","1	big	_	ADJ	JJ	_	2	amod	_	_
2	birdie	_	NOUN	NN	_	5	nsubj	_	_
3	's	_	AUX	VBZ	_	5	cop	_	_
4	on	_	ADP	IN	_	5	case	_	_
5	it	_	PRON	PRP	_	0	root	_	_
6	.	_	PUNCT	.	_	5	punct	_	_",
no no no say hello Daddy .,"auxiliary, other","1	no	_	_	_	_	4	discourse	_	_
2	no	_	_	_	_	1	conj	_	_
3	no	_	_	_	_	1	conj	_	_
4	say	_	_	_	_	0	root	_	_
5	hello	_	_	_	_	4	obj	_	_
6	Daddy	_	_	_	_	4	vocative	_	_
7	.	_	_	_	_	4	punct	_	_","1	no	_	INTJ	UH	_	4	discourse	_	_
2	no	_	INTJ	UH	_	4	discourse	_	_
3	no	_	INTJ	UH	_	4	discourse	_	_
4	say	_	VERB	VB	_	0	root	_	_
5	hello	_	INTJ	UH	_	4	obj	_	_
6	Daddy	_	PROPN	NNP	_	4	vocative	_	_
7	.	_	PUNCT	.	_	4	punct	_	_",
big car going backwards like a fish .,"determiner, auxiliary","1	big	_	_	_	_	2	amod	_	_
2	car	_	_	_	_	3	nsubj	_	_
3	going	_	_	_	_	0	root	_	_
4	backwards	_	_	_	_	3	advmod	_	_
5	like	_	_	_	_	7	case	_	_
6	a	_	_	_	_	7	det	_	_
7	fish	_	_	_	_	3	obl	_	_
8	.	_	_	_	_	3	punct	_	_","1	big	_	ADJ	JJ	_	2	amod	_	_
2	car	_	NOUN	NN	_	0	root	_	_
3	going	_	VERB	VBG	_	2	acl	_	_
4	backwards	_	ADV	RB	_	3	advmod	_	_
5	like	_	ADP	IN	_	7	case	_	_
6	a	_	DET	DT	_	7	det	_	_
7	fish	_	NOUN	NN	_	3	obl	_	_
8	.	_	PUNCT	.	_	2	punct	_	_",
dark round here .,"subject, verb, other","1	dark	_	_	_	_	0	root	_	_
2	round	_	_	_	_	3	case	_	_
3	here	_	_	_	_	1	obl	_	_
4	.	_	_	_	_	1	punct	_	_","1	dark	_	ADJ	JJ	_	0	root	_	_
2	round	_	ADV	RB	_	1	advmod	_	_
3	here	_	ADV	RB	_	1	advmod	_	_
4	.	_	PUNCT	.	_	1	punct	_	_",
there's a .,object,"1	there's	_	_	_	_	0	root	_	_
2	a	_	_	_	_	1	nsubj	_	_
3	.	_	_	_	_	1	punct	_	_","1	there	_	PRON	EX	_	2	expl	_	_
2	's	_	VERB	VBZ	_	0	root	_	_
3	a	_	DET	DT	_	2	nsubj	_	_
4	.	_	PUNCT	.	_	2	punct	_	_",
post police car and fire engine .,determiner,"1	post	_	_	_	_	0	root	_	_
2	police	_	_	_	_	3	compound	_	_
3	car	_	_	_	_	1	parataxis	_	_
4	and	_	_	_	_	6	cc	_	_
5	fire	_	_	_	_	6	compound	_	_
6	engine	_	_	_	_	3	conj	_	_
7	.	_	_	_	_	1	punct	_	_","1	post	_	NOUN	NN	_	3	compound	_	_
2	police	_	NOUN	NN	_	3	compound	_	_
3	car	_	NOUN	NN	_	0	root	_	_
4	and	_	CCONJ	CC	_	6	cc	_	_
5	fire	_	NOUN	NN	_	6	compound	_	_
6	engine	_	NOUN	NN	_	3	conj	_	_
7	.	_	PUNCT	.	_	3	punct	_	_",
no Purdie brave .,verb,"1	no	_	_	_	_	3	discourse	_	_
2	Purdie	_	_	_	_	3	nsubj	_	_
3	brave	_	_	_	_	0	root	_	_
4	.	_	_	_	_	3	punct	_	_","1	no	_	DET	DT	_	3	det	_	_
2	Purdie	_	PROPN	NNP	_	3	nsubj	_	_
3	brave	_	ADJ	JJ	_	0	root	_	_
4	.	_	PUNCT	.	_	3	punct	_	_",
not a lot like blue .,"subject, verb","1	not	_	_	_	_	3	advmod	_	_
2	a	_	_	_	_	3	det	_	_
3	lot	_	_	_	_	0	root	_	_
4	like	_	_	_	_	5	case	_	_
5	blue	_	_	_	_	3	nmod	_	_
6	.	_	_	_	_	3	punct	_	_","1	not	_	PART	RB	_	5	advmod	_	_
2	a	_	DET	DT	_	3	det	_	_
3	lot	_	NOUN	NN	_	5	obl:unmarked	_	_
4	like	_	ADP	IN	_	5	case	_	_
5	blue	_	ADJ	JJ	_	0	root	_	_
6	.	_	PUNCT	.	_	5	punct	_	_",
not hot soup potatoes .,"subject, verb","1	not	_	_	_	_	4	advmod	_	_
2	hot	_	_	_	_	3	amod	_	_
3	soup	_	_	_	_	4	compound	_	_
4	potatoes	_	_	_	_	0	root	_	_
5	.	_	_	_	_	4	punct	_	_","1	not	_	PART	RB	_	4	advmod	_	_
2	hot	_	ADJ	JJ	_	4	amod	_	_
3	soup	_	NOUN	NN	_	4	compound	_	_
4	potatoes	_	NOUN	NNS	_	0	root	_	_
5	.	_	PUNCT	.	_	4	punct	_	_",
baby one .,determiner,"1	baby	_	_	_	_	2	compound	_	_
2	one	_	_	_	_	0	root	_	_
3	.	_	_	_	_	2	punct	_	_","1	baby	_	ADJ	JJ	_	2	amod	_	_
2	one	_	NOUN	NN	_	0	root	_	_
3	.	_	PUNCT	.	_	2	punct	_	_",
baby one .,determiner,"1	baby	_	_	_	_	2	compound	_	_
2	one	_	_	_	_	0	root	_	_
3	.	_	_	_	_	2	punct	_	_","1	baby	_	ADJ	JJ	_	2	amod	_	_
2	one	_	NOUN	NN	_	0	root	_	_
3	.	_	PUNCT	.	_	2	punct	_	_",
um big baby one .,determiner,"1	um	_	_	_	_	4	discourse	_	_
2	big	_	_	_	_	4	amod	_	_
3	baby	_	_	_	_	4	amod	_	_
4	one	_	_	_	_	0	root	_	_
5	.	_	_	_	_	4	punct	_	_","1	um	_	INTJ	UH	_	4	discourse	_	_
2	big	_	ADJ	JJ	_	4	amod	_	_
3	baby	_	NOUN	NN	_	4	compound	_	_
4	one	_	NOUN	NN	_	0	root	_	_
5	.	_	PUNCT	.	_	4	punct	_	_",
red white blue .,"determiner, subject","1	red	_	_	_	_	0	root	_	_
2	white	_	_	_	_	1	conj	_	_
3	blue	_	_	_	_	1	conj	_	_
4	.	_	_	_	_	1	punct	_	_","1	red	_	ADJ	JJ	_	3	amod	_	_
2	white	_	ADJ	JJ	_	3	amod	_	_
3	blue	_	NOUN	NN	_	0	root	_	_
4	.	_	PUNCT	.	_	3	punct	_	_",
not blue red .,"subject, verb","1	not	_	_	_	_	2	advmod	_	_
2	blue	_	_	_	_	0	root	_	_
3	red	_	_	_	_	2	parataxis	_	_
4	.	_	_	_	_	2	punct	_	_","1	not	_	PART	RB	_	3	advmod	_	_
2	blue	_	ADJ	JJ	_	3	amod	_	_
3	red	_	ADJ	JJ	_	0	root	_	_
4	.	_	PUNCT	.	_	3	punct	_	_",
lights up here .,"determiner, verb","1	lights	_	_	_	_	0	root	_	_
2	up	_	_	_	_	3	advmod	_	_
3	here	_	_	_	_	1	advmod	_	_
4	.	_	_	_	_	1	punct	_	_","1	lights	_	NOUN	NNS	_	0	root	_	_
2	up	_	ADP	RP	_	1	advmod	_	_
3	here	_	ADV	RB	_	1	advmod	_	_
4	.	_	PUNCT	.	_	1	punct	_	_",
to mean to .,"subject, object, other","1	to	_	_	_	_	2	nsubj	_	_
2	mean	_	_	_	_	0	root	_	_
3	to	_	_	_	_	2	obj	_	_
4	.	_	_	_	_	2	punct	_	_","1	to	_	PART	TO	_	2	mark	_	_
2	mean	_	VERB	VB	_	0	root	_	_
3	to	_	PART	TO	_	2	xcomp	_	_
4	.	_	PUNCT	.	_	2	punct	_	_",
um big big loudly .,"determiner, other, verb","1	um	_	_	_	_	2	discourse	_	_
2	big	_	_	_	_	0	root	_	_
3	big	_	_	_	_	2	conj	_	_
4	loudly	_	_	_	_	2	conj	_	_
5	.	_	_	_	_	2	punct	_	_","1	um	_	INTJ	UH	_	2	discourse	_	_
2	big	_	ADJ	JJ	_	0	root	_	_
3	big	_	ADJ	JJ	_	2	xcomp	_	_
4	loudly	_	ADV	RB	_	2	advmod	_	_
5	.	_	PUNCT	.	_	2	punct	_	_",
one no baby one .,"determiner, other","1	one	_	_	_	_	0	root	_	_
2	no	_	_	_	_	4	discourse	_	_
3	baby	_	_	_	_	4	amod	_	_
4	one	_	_	_	_	1	parataxis	_	_
5	.	_	_	_	_	1	punct	_	_","1	one	_	NUM	CD	_	4	nummod	_	_
2	no	_	DET	DT	_	4	det	_	_
3	baby	_	NOUN	NN	_	4	compound	_	_
4	one	_	NOUN	NN	_	0	root	_	_
5	.	_	PUNCT	.	_	4	punct	_	_",
one one bang .,verb,"1	one	_	_	_	_	2	reparandum	_	_
2	one	_	_	_	_	3	nummod	_	_
3	bang	_	_	_	_	0	root	_	_
4	.	_	_	_	_	3	punct	_	_","1	one	_	NUM	CD	_	3	nummod	_	_
2	one	_	NUM	CD	_	3	nummod	_	_
3	bang	_	NOUN	NN	_	0	root	_	_
4	.	_	PUNCT	.	_	3	punct	_	_",
um Thomas The Tank Engine too too heavy for me .,verb,"1	um	_	_	_	_	8	discourse	_	_
2	Thomas	_	_	_	_	8	nsubj	_	_
3	The	_	_	_	_	5	det	_	_
4	Tank	_	_	_	_	5	compound	_	_
5	Engine	_	_	_	_	2	flat	_	_
6	too	_	_	_	_	7	reparandum	_	_
7	too	_	_	_	_	8	advmod	_	_
8	heavy	_	_	_	_	0	root	_	_
9	for	_	_	_	_	10	case	_	_
10	me	_	_	_	_	8	obl	_	_
11	.	_	_	_	_	8	punct	_	_","1	um	_	INTJ	UH	_	8	discourse	_	_
2	Thomas	_	PROPN	NNP	_	8	nsubj	_	_
3	The	_	DET	DT	_	5	det	_	_
4	Tank	_	NOUN	NN	_	5	compound	_	_
5	Engine	_	PROPN	NNP	_	8	nsubj	_	_
6	too	_	ADV	RB	_	8	advmod	_	_
7	too	_	ADV	RB	_	8	advmod	_	_
8	heavy	_	ADJ	JJ	_	0	root	_	_
9	for	_	ADP	IN	_	10	case	_	_
10	me	_	PRON	PRP	_	8	obl	_	_
11	.	_	PUNCT	.	_	8	punct	_	_",
um no reach them lights .,"subject, auxiliary, other","1	um	_	_	_	_	3	discourse	_	_
2	no	_	_	_	_	3	discourse	_	_
3	reach	_	_	_	_	0	root	_	_
4	them	_	_	_	_	3	obj	_	_
5	lights	_	_	_	_	3	vocative	_	_
6	.	_	_	_	_	3	punct	_	_","1	um	_	INTJ	UH	_	3	discourse	_	_
2	no	_	INTJ	UH	_	3	discourse	_	_
3	reach	_	VERB	VB	_	0	root	_	_
4	them	_	PRON	PRP	_	3	iobj	_	_
5	lights	_	NOUN	NNS	_	3	obj	_	_
6	.	_	PUNCT	.	_	3	punct	_	_",
someone ride in here .,present_progressive,"1	someone	_	_	_	_	2	nsubj	_	_
2	ride	_	_	_	_	0	root	_	_
3	in	_	_	_	_	4	case	_	_
4	here	_	_	_	_	2	obl	_	_
5	.	_	_	_	_	2	punct	_	_","1	someone	_	PRON	NN	_	2	nsubj	_	_
2	ride	_	VERB	VB	_	0	root	_	_
3	in	_	ADP	IN	_	2	advmod	_	_
4	here	_	ADV	RB	_	2	obl	_	_
5	.	_	PUNCT	.	_	2	punct	_	_",
that lady go up there .,present_progressive,"1	that	_	_	_	_	2	det	_	_
2	lady	_	_	_	_	3	nsubj	_	_
3	go	_	_	_	_	0	root	_	_
4	up	_	_	_	_	5	advmod	_	_
5	there	_	_	_	_	3	advmod	_	_
6	.	_	_	_	_	3	punct	_	_","1	that	_	DET	DT	_	2	det	_	_
2	lady	_	NOUN	NN	_	3	nsubj	_	_
3	go	_	VERB	VBP	_	0	root	_	_
4	up	_	ADP	RP	_	3	compound:prt	_	_
5	there	_	ADV	RB	_	3	advmod	_	_
6	.	_	PUNCT	.	_	3	punct	_	_",
what that ?,auxiliary,"1	what	_	_	_	_	0	root	_	_
2	that	_	_	_	_	1	nsubj	_	_
3	?	_	_	_	_	1	punct	_	_","1	what	_	DET	WDT	_	2	det:predet	_	_
2	that	_	PRON	DT	_	0	root	_	_
3	?	_	PUNCT	.	_	2	punct	_	_","1	What	what	DET	WDT	_	0	root	0:root	_
2	that	that	PRON	DT	_	1	nsubj	1:nsubj	SpaceAfter=No
3	?	?	PUNCT	.	_	1	punct	1:punct	_
"
Stephie do that .,present_progressive,"1	Stephie	_	_	_	_	2	vocative	_	_
2	do	_	_	_	_	0	root	_	_
3	that	_	_	_	_	2	obj	_	_
4	.	_	_	_	_	2	punct	_	_","1	Stephie	_	PROPN	NNP	_	2	nsubj	_	_
2	do	_	VERB	VBP	_	0	root	_	_
3	that	_	PRON	DT	_	2	obj	_	_
4	.	_	PUNCT	.	_	2	punct	_	_",
put it on back .,preposition,"1	put	_	_	_	_	0	root	_	_
2	it	_	_	_	_	1	obj	_	_
3	on	_	_	_	_	4	case	_	_
4	back	_	_	_	_	1	obl	_	_
5	.	_	_	_	_	1	punct	_	_","1	put	_	VERB	VB	_	0	root	_	_
2	it	_	PRON	PRP	_	1	obj	_	_
3	on	_	ADP	IN	_	1	compound:prt	_	_
4	back	_	ADV	RB	_	1	advmod	_	_
5	.	_	PUNCT	.	_	1	punct	_	_",
wee down slide .,"subject, determiner","1	wee	_	_	_	_	3	discourse	_	_
2	down	_	_	_	_	3	advmod	_	_
3	slide	_	_	_	_	0	root	_	_
4	.	_	_	_	_	3	punct	_	_","1	wee	_	NOUN	NN	_	3	compound	_	_
2	down	_	ADP	IN	_	3	case	_	_
3	slide	_	NOUN	NN	_	0	root	_	_
4	.	_	PUNCT	.	_	3	punct	_	_",
no happy birthday .,other,"1	no	_	_	_	_	3	discourse	_	_
2	happy	_	_	_	_	3	amod	_	_
3	birthday	_	_	_	_	0	root	_	_
4	.	_	_	_	_	3	punct	_	_","1	no	_	DET	DT	_	3	det	_	_
2	happy	_	ADJ	JJ	_	3	amod	_	_
3	birthday	_	NOUN	NN	_	0	root	_	_
4	.	_	PUNCT	.	_	3	punct	_	_","1	No	no	DET	DT	_	3	det	3:det	_
2	happy	happy	ADJ	JJ	_	3	amod	3:amod	_
3	birthday	birthday	NOUN	NN	_	0	root	0:root	SpaceAfter=No
4	.	.	PUNCT	.	_	3	punct	3:punct	_
"
no no no trailer .,determiner,"1	no	_	_	_	_	4	discourse	_	_
2	no	_	_	_	_	1	conj	_	_
3	no	_	_	_	_	4	det	_	_
4	trailer	_	_	_	_	0	root	_	_
5	.	_	_	_	_	4	punct	_	_","1	no	_	DET	DT	_	4	det	_	_
2	no	_	DET	DT	_	4	det	_	_
3	no	_	DET	DT	_	4	det	_	_
4	trailer	_	NOUN	NN	_	0	root	_	_
5	.	_	PUNCT	.	_	4	punct	_	_","1	No	no	DET	DT	_	4	discourse	4:discourse	_
2	no	no	DET	DT	_	1	conj	1:conj|4:discourse	_
3	no	no	DET	DT	_	4	det	4:det	_
4	trailer	trailer	NOUN	NN	_	0	root	0:root	SpaceAfter=No
5	.	.	PUNCT	.	_	4	punct	4:punct	_
"
no no no birthday .,other,"1	no	_	_	_	_	4	discourse	_	_
2	no	_	_	_	_	1	conj	_	_
3	no	_	_	_	_	4	det	_	_
4	birthday	_	_	_	_	0	root	_	_
5	.	_	_	_	_	4	punct	_	_","1	no	_	DET	DT	_	4	det	_	_
2	no	_	DET	DT	_	4	det	_	_
3	no	_	DET	DT	_	4	det	_	_
4	birthday	_	NOUN	NN	_	0	root	_	_
5	.	_	PUNCT	.	_	4	punct	_	_","1	No	no	DET	DT	_	4	discourse	4:discourse	_
2	no	no	DET	DT	_	1	conj	1:conj|4:discourse	_
3	no	no	DET	DT	_	4	det	4:det	_
4	birthday	birthday	NOUN	NN	_	0	root	0:root	SpaceAfter=No
5	.	.	PUNCT	.	_	4	punct	4:punct	_
"
piece train I think .,"preposition, determiner","1	piece	_	_	_	_	0	root	_	_
2	train	_	_	_	_	1	nmod	_	_
3	I	_	_	_	_	4	nsubj	_	_
4	think	_	_	_	_	1	parataxis	_	_
5	.	_	_	_	_	1	punct	_	_","1	piece	_	NOUN	NN	_	2	compound	_	_
2	train	_	NOUN	NN	_	0	root	_	_
3	I	_	PRON	PRP	_	4	nsubj	_	_
4	think	_	VERB	VBP	_	2	acl:relcl	_	_
5	.	_	PUNCT	.	_	2	punct	_	_",
piece trailer .,"preposition, determiner","1	piece	_	_	_	_	0	root	_	_
2	trailer	_	_	_	_	1	nmod	_	_
3	.	_	_	_	_	1	punct	_	_","1	piece	_	NOUN	NN	_	2	compound	_	_
2	trailer	_	NOUN	NN	_	0	root	_	_
3	.	_	PUNCT	.	_	2	punct	_	_","1	Piece	piece	NOUN	NN	_	2	compound	2:compound	_
2	trailer	trailer	NOUN	NN	_	0	root	0:root	SpaceAfter=No
3	.	.	PUNCT	.	_	2	punct	2:punct	_
"
ta much indeed .,other,"1	ta	_	_	_	_	2	mark	_	_
2	much	_	_	_	_	0	root	_	_
3	indeed	_	_	_	_	2	advmod	_	_
4	.	_	_	_	_	2	punct	_	_","1	ta	_	PART	TO	_	3	mark	_	_
2	much	_	ADV	RB	_	3	advmod	_	_
3	indeed	_	ADV	RB	_	0	root	_	_
4	.	_	PUNCT	.	_	3	punct	_	_","1	Ta	too	ADV	RB	_	2	advmod	2:advmod	_
2	much	much	ADV	RB	_	0	root	0:root	_
3	indeed	indeed	ADV	RB	_	2	advmod	2:advmod	SpaceAfter=No
4	.	.	PUNCT	.	_	2	punct	2:punct	_
"
ta much indeed .,other,"1	ta	_	_	_	_	2	mark	_	_
2	much	_	_	_	_	0	root	_	_
3	indeed	_	_	_	_	2	advmod	_	_
4	.	_	_	_	_	2	punct	_	_","1	ta	_	PART	TO	_	3	mark	_	_
2	much	_	ADV	RB	_	3	advmod	_	_
3	indeed	_	ADV	RB	_	0	root	_	_
4	.	_	PUNCT	.	_	3	punct	_	_","1	Ta	too	ADV	RB	_	2	advmod	2:advmod	_
2	much	much	ADV	RB	_	0	root	0:root	_
3	indeed	indeed	ADV	RB	_	2	advmod	2:advmod	SpaceAfter=No
4	.	.	PUNCT	.	_	2	punct	2:punct	_
"
sausage roll fell over .,determiner,"1	sausage	_	_	_	_	2	compound	_	_
2	roll	_	_	_	_	3	nsubj	_	_
3	fell	_	_	_	_	0	root	_	_
4	over	_	_	_	_	3	advmod	_	_
5	.	_	_	_	_	3	punct	_	_","1	sausage	_	NOUN	NN	_	2	compound	_	_
2	roll	_	NOUN	NN	_	3	nsubj	_	_
3	fell	_	VERB	VBD	_	0	root	_	_
4	over	_	ADP	RP	_	3	compound:prt	_	_
5	.	_	PUNCT	.	_	3	punct	_	_","1	Sausage	sausage	NOUN	NN	_	2	compound	2:compound	_
2	roll	roll	NOUN	NN	_	3	nsubj	3:nsubj	_
3	fell	fall	VERB	VBD	_	0	root	0:root	_
4	over	over	ADV	RB	_	3	advmod	3:advmod	SpaceAfter=No
5	.	.	PUNCT	.	_	3	punct	3:punct	_
"
no Sooty .,"subject, verb","1	no	_	_	_	_	0	root	_	_
2	Sooty	_	_	_	_	1	vocative	_	_
3	.	_	_	_	_	1	punct	_	_","1	no	_	DET	DT	_	2	det	_	_
2	Sooty	_	NOUN	NN	_	0	root	_	_
3	.	_	PUNCT	.	_	2	punct	_	_","1	No	no	DET	DT	_	2	det	2:det	_
2	Sooty	Sooty	PROPN	NNP	_	0	root	0:root	SpaceAfter=No
3	.	.	PUNCT	.	_	2	punct	2:punct	_
"
glass on .,"determiner, verb","1	glass	_	_	_	_	0	root	_	_
2	on	_	_	_	_	1	advmod	_	_
3	.	_	_	_	_	1	punct	_	_","1	glass	_	NOUN	NN	_	2	nsubj	_	_
2	on	_	ADP	IN	_	0	root	_	_
3	.	_	PUNCT	.	_	2	punct	_	_",
horse eat .,"determiner, sv_agreement","1	horse	_	_	_	_	2	nsubj	_	_
2	eat	_	_	_	_	0	root	_	_
3	.	_	_	_	_	2	punct	_	_","1	horse	_	NOUN	NN	_	2	compound	_	_
2	eat	_	NOUN	NN	_	0	root	_	_
3	.	_	PUNCT	.	_	2	punct	_	_","1	Horse	horse	NOUN	NN	_	2	nsubj	2:nsubj	_
2	eat	eat	VERB	VBP	_	0	root	0:root	SpaceAfter=No
3	.	.	PUNCT	.	_	2	punct	2:punct	_
"
no late .,other,"1	no	_	_	_	_	2	det	_	_
2	late	_	_	_	_	0	root	_	_
3	.	_	_	_	_	2	punct	_	_","1	no	_	ADV	RB	_	2	advmod	_	_
2	late	_	ADJ	JJ	_	0	root	_	_
3	.	_	PUNCT	.	_	2	punct	_	_","1	No	no	ADV	RB	_	2	advmod	2:advmod	_
2	late	late	ADV	RB	_	0	root	0:root	SpaceAfter=No
3	.	.	PUNCT	.	_	2	punct	2:punct	_
"
no late .,other,"1	no	_	_	_	_	2	det	_	_
2	late	_	_	_	_	0	root	_	_
3	.	_	_	_	_	2	punct	_	_","1	no	_	ADV	RB	_	2	advmod	_	_
2	late	_	ADJ	JJ	_	0	root	_	_
3	.	_	PUNCT	.	_	2	punct	_	_","1	No	no	ADV	RB	_	2	advmod	2:advmod	_
2	late	late	ADV	RB	_	0	root	0:root	SpaceAfter=No
3	.	.	PUNCT	.	_	2	punct	2:punct	_
"
not fall down .,"subject, auxiliary","1	not	_	_	_	_	2	advmod	_	_
2	fall	_	_	_	_	0	root	_	_
3	down	_	_	_	_	2	advmod	_	_
4	.	_	_	_	_	2	punct	_	_","1	not	_	PART	RB	_	2	advmod	_	_
2	fall	_	VERB	VB	_	0	root	_	_
3	down	_	ADP	RP	_	2	compound:prt	_	_
4	.	_	PUNCT	.	_	2	punct	_	_",
juice blackcurrant .,determiner,"1	juice	_	_	_	_	0	root	_	_
2	blackcurrant	_	_	_	_	1	conj	_	_
3	.	_	_	_	_	1	punct	_	_","1	juice	_	NOUN	NN	_	2	compound	_	_
2	blackcurrant	_	NOUN	NN	_	0	root	_	_
3	.	_	PUNCT	.	_	2	punct	_	_",
shops more .,other,"1	shops	_	_	_	_	0	root	_	_
2	more	_	_	_	_	1	advmod	_	_
3	.	_	_	_	_	1	punct	_	_","1	shops	_	NOUN	NNS	_	2	nsubj	_	_
2	more	_	ADJ	JJR	_	0	root	_	_
3	.	_	PUNCT	.	_	2	punct	_	_",
Daddy Rod eat it .,present_progressive,"1	Daddy	_	_	_	_	3	vocative	_	_
2	Rod	_	_	_	_	1	flat	_	_
3	eat	_	_	_	_	0	root	_	_
4	it	_	_	_	_	3	obj	_	_
5	.	_	_	_	_	3	punct	_	_","1	Daddy	_	PROPN	NNP	_	0	root	_	_
1	Rod	_	PROPN	NNP	_	2	nsubj	_	_
2	eat	_	VERB	VB	_	0	root	_	_
3	it	_	PRON	PRP	_	2	obj	_	_
4	.	_	PUNCT	.	_	2	punct	_	_",
Daddy Daddy Rod hungry .,verb,"1	Daddy	_	_	_	_	2	reparandum	_	_
2	Daddy	_	_	_	_	4	nsubj	_	_
3	Rod	_	_	_	_	1	flat	_	_
4	hungry	_	_	_	_	0	root	_	_
5	.	_	_	_	_	4	punct	_	_","1	Daddy	_	PROPN	NNP	_	0	root	_	_
2	Daddy	_	PROPN	NNP	_	1	flat	_	_
1	Rod	_	PROPN	NNP	_	2	nsubj	_	_
2	hungry	_	ADJ	JJ	_	0	root	_	_
3	.	_	PUNCT	.	_	2	punct	_	_",
what we make ?,present_progressive,"1	what	_	_	_	_	3	obj	_	_
2	we	_	_	_	_	3	nsubj	_	_
3	make	_	_	_	_	0	root	_	_
4	?	_	_	_	_	3	punct	_	_","1	what	_	PRON	WP	_	0	root	_	_
2	we	_	PRON	PRP	_	3	nsubj	_	_
3	make	_	VERB	VBP	_	1	acl:relcl	_	_
4	?	_	PUNCT	.	_	1	punct	_	_",
the shops big lorry .,"verb, determiner","1	the	_	_	_	_	2	det	_	_
2	shops	_	_	_	_	0	root	_	_
3	big	_	_	_	_	4	amod	_	_
4	lorry	_	_	_	_	2	parataxis	_	_
5	.	_	_	_	_	2	punct	_	_","1	the	_	DET	DT	_	2	det	_	_
2	shops	_	NOUN	NNS	_	4	compound	_	_
3	big	_	ADJ	JJ	_	4	amod	_	_
4	lorry	_	NOUN	NN	_	0	root	_	_
5	.	_	PUNCT	.	_	4	punct	_	_",
all done now .,"subject, auxiliary","1	all	_	_	_	_	2	advmod	_	_
2	done	_	_	_	_	0	root	_	_
3	now	_	_	_	_	2	advmod	_	_
4	.	_	_	_	_	2	punct	_	_","1	all	_	DET	DT	_	2	nsubj:pass	_	_
2	done	_	VERB	VBN	_	0	root	_	_
3	now	_	ADV	RB	_	2	advmod	_	_
4	.	_	PUNCT	.	_	2	punct	_	_",
where the mother to push him ?,verb,"1	where	_	_	_	_	5	advmod	_	_
2	the	_	_	_	_	3	det	_	_
3	mother	_	_	_	_	0	root	_	_
4	to	_	_	_	_	5	mark	_	_
5	push	_	_	_	_	3	acl	_	_
6	him	_	_	_	_	5	obj	_	_
7	?	_	_	_	_	5	punct	_	_","1	where	_	ADV	WRB	_	0	root	_	_
2	the	_	DET	DT	_	3	det	_	_
3	mother	_	NOUN	NN	_	5	nsubj	_	_
4	to	_	PART	TO	_	5	mark	_	_
5	push	_	VERB	VB	_	1	acl	_	_
6	him	_	PRON	PRP	_	5	obj	_	_
7	?	_	PUNCT	.	_	1	punct	_	_",
he's going to .,object,"1	he's	_	_	_	_	2	nsubj	_	_
2	going	_	_	_	_	0	root	_	_
3	to	_	_	_	_	2	xcomp	_	_
4	.	_	_	_	_	2	punct	_	_","1	he	_	PRON	PRP	_	3	nsubj	_	_
2	's	_	AUX	VBZ	_	3	aux	_	_
3	going	_	VERB	VBG	_	0	root	_	_
4	to	_	PART	TO	_	3	xcomp	_	_
5	.	_	PUNCT	.	_	3	punct	_	_",
there's a little grandmothers .,plural,"1	there's	_	_	_	_	0	root	_	_
2	a	_	_	_	_	4	det	_	_
3	little	_	_	_	_	4	amod	_	_
4	grandmothers	_	_	_	_	1	nsubj	_	_
5	.	_	_	_	_	1	punct	_	_","1	there	_	PRON	EX	_	2	expl	_	_
2	's	_	VERB	VBZ	_	0	root	_	_
3	a	_	DET	DT	_	5	det	_	_
4	little	_	ADJ	JJ	_	5	amod	_	_
5	grandmothers	_	NOUN	NNS	_	2	nsubj	_	_
6	.	_	PUNCT	.	_	2	punct	_	_",
there's a grand .,object,"1	there's	_	_	_	_	0	root	_	_
2	a	_	_	_	_	3	det	_	_
3	grand	_	_	_	_	1	nsubj	_	_
4	.	_	_	_	_	1	punct	_	_","1	there	_	PRON	EX	_	2	expl	_	_
2	's	_	VERB	VBZ	_	0	root	_	_
3	a	_	DET	DT	_	4	det	_	_
4	grand	_	ADJ	JJ	_	2	nsubj	_	_
5	.	_	PUNCT	.	_	2	punct	_	_",
there's a mothers .,plural,"1	there's	_	_	_	_	0	root	_	_
2	a	_	_	_	_	3	det	_	_
3	mothers	_	_	_	_	1	nsubj	_	_
4	.	_	_	_	_	1	punct	_	_","1	there	_	PRON	EX	_	2	expl	_	_
2	's	_	VERB	VBZ	_	0	root	_	_
3	a	_	DET	DT	_	4	det	_	_
4	mothers	_	NOUN	NNS	_	2	nsubj	_	_
5	.	_	PUNCT	.	_	2	punct	_	_",
now they're lying down take a sunshine .,other,"1	now	_	_	_	_	3	advmod	_	_
2	they're	_	_	_	_	3	nsubj	_	_
3	lying	_	_	_	_	0	root	_	_
4	down	_	_	_	_	3	compound:prt	_	_
5	take	_	_	_	_	3	parataxis	_	_
6	a	_	_	_	_	7	det	_	_
7	sunshine	_	_	_	_	5	obj	_	_
8	.	_	_	_	_	3	punct	_	_","1	now	_	ADV	RB	_	4	advmod	_	_
2	they	_	PRON	PRP	_	4	nsubj	_	_
3	're	_	AUX	VBP	_	4	aux	_	_
4	lying	_	VERB	VBG	_	0	root	_	_
5	down	_	ADP	RP	_	4	compound:prt	_	_
6	take	_	VERB	VB	_	4	xcomp	_	_
7	a	_	DET	DT	_	8	det	_	_
8	sunshine	_	NOUN	NN	_	6	obj	_	_
9	.	_	PUNCT	.	_	4	punct	_	_",
now they're lying down take a sunshine .,other,"1	now	_	_	_	_	3	advmod	_	_
2	they're	_	_	_	_	3	nsubj	_	_
3	lying	_	_	_	_	0	root	_	_
4	down	_	_	_	_	3	compound:prt	_	_
5	take	_	_	_	_	3	parataxis	_	_
6	a	_	_	_	_	7	det	_	_
7	sunshine	_	_	_	_	5	obj	_	_
8	.	_	_	_	_	3	punct	_	_","1	now	_	ADV	RB	_	4	advmod	_	_
2	they	_	PRON	PRP	_	4	nsubj	_	_
3	're	_	AUX	VBP	_	4	aux	_	_
4	lying	_	VERB	VBG	_	0	root	_	_
5	down	_	ADP	RP	_	4	compound:prt	_	_
6	take	_	VERB	VB	_	4	xcomp	_	_
7	a	_	DET	DT	_	8	det	_	_
8	sunshine	_	NOUN	NN	_	6	obj	_	_
9	.	_	PUNCT	.	_	4	punct	_	_",
see what what the babies are ?,"subject, tense_aspect","1	see	_	_	_	_	0	root	_	_
2	what	_	_	_	_	3	reparandum	_	_
3	what	_	_	_	_	1	ccomp	_	_
4	the	_	_	_	_	5	det	_	_
5	babies	_	_	_	_	3	nsubj	_	_
6	are	_	_	_	_	3	cop	_	_
7	?	_	_	_	_	1	punct	_	_","1	see	_	VERB	VB	_	0	root	_	_
2	what	_	PRON	WP	_	1	obj	_	_
3	what	_	PRON	WP	_	1	ccomp	_	_
4	the	_	DET	DT	_	5	det	_	_
5	babies	_	NOUN	NNS	_	3	nsubj	_	_
6	are	_	AUX	VBP	_	3	cop	_	_
7	?	_	PUNCT	.	_	1	punct	_	_",
look it .,preposition,"1	look	_	_	_	_	0	root	_	_
2	it	_	_	_	_	1	obl	_	_
3	.	_	_	_	_	1	punct	_	_","1	look	_	VERB	VB	_	0	root	_	_
2	it	_	PRON	PRP	_	1	obj	_	_
3	.	_	PUNCT	.	_	1	punct	_	_","1	Look	look	VERB	VB	_	0	root	0:root	_
2	it	it	PRON	PRP	_	1	obj	1:obj	SpaceAfter=No
3	.	.	PUNCT	.	_	1	punct	1:punct	_
"
look it .,preposition,"1	look	_	_	_	_	0	root	_	_
2	it	_	_	_	_	1	obl	_	_
3	.	_	_	_	_	1	punct	_	_","1	look	_	VERB	VB	_	0	root	_	_
2	it	_	PRON	PRP	_	1	obj	_	_
3	.	_	PUNCT	.	_	1	punct	_	_","1	Look	look	VERB	VB	_	0	root	0:root	_
2	it	it	PRON	PRP	_	1	obj	1:obj	SpaceAfter=No
3	.	.	PUNCT	.	_	1	punct	1:punct	_
"
for we wanna go in to .,object,"1	for	_	_	_	_	3	mark	_	_
2	we	_	_	_	_	3	nsubj	_	_
3	wanna	_	_	_	_	0	root	_	_
4	go	_	_	_	_	3	xcomp	_	_
5	in	_	_	_	_	4	advmod	_	_
6	to	_	_	_	_	4	obl	_	_
7	.	_	_	_	_	3	punct	_	_","1	for	_	SCONJ	IN	_	3	mark	_	_
2	we	_	PRON	PRP	_	3	nsubj	_	_
3	wan	_	VERB	VBP	_	0	root	_	_
4	na	_	PART	TO	_	5	mark	_	_
5	go	_	VERB	VB	_	3	xcomp	_	_
6	in	_	ADP	IN	_	5	advmod	_	_
7	to	_	ADP	IN	_	5	obl	_	_
8	.	_	PUNCT	.	_	3	punct	_	_",
this baby wanna go in the carriage .,sv_agreement,"1	this	_	_	_	_	2	det	_	_
2	baby	_	_	_	_	3	nsubj	_	_
3	wanna	_	_	_	_	0	root	_	_
4	go	_	_	_	_	3	xcomp	_	_
5	in	_	_	_	_	7	case	_	_
6	the	_	_	_	_	7	det	_	_
7	carriage	_	_	_	_	4	obl	_	_
8	.	_	_	_	_	3	punct	_	_","1	this	_	DET	DT	_	2	det	_	_
2	baby	_	NOUN	NN	_	3	nsubj	_	_
3	wan	_	VERB	VBP	_	0	root	_	_
4	na	_	PART	TO	_	5	mark	_	_
5	go	_	VERB	VB	_	3	xcomp	_	_
6	in	_	ADP	IN	_	8	case	_	_
7	the	_	DET	DT	_	8	det	_	_
8	carriage	_	NOUN	NN	_	5	obl	_	_
9	.	_	PUNCT	.	_	3	punct	_	_",
they're going to play with me with .,preposition,"1	they're	_	_	_	_	2	nsubj	_	_
2	going	_	_	_	_	0	root	_	_
3	to	_	_	_	_	4	mark	_	_
4	play	_	_	_	_	2	xcomp	_	_
5	with	_	_	_	_	6	case	_	_
6	me	_	_	_	_	4	obl	_	_
7	with	_	_	_	_	6	conj	_	_
8	.	_	_	_	_	2	punct	_	_","1	they	_	PRON	PRP	_	3	nsubj	_	_
2	're	_	AUX	VBP	_	3	aux	_	_
3	going	_	VERB	VBG	_	0	root	_	_
4	to	_	PART	TO	_	5	mark	_	_
5	play	_	VERB	VB	_	3	xcomp	_	_
6	with	_	ADP	IN	_	7	case	_	_
7	me	_	PRON	PRP	_	5	obl	_	_
8	with	_	ADP	IN	_	5	obl	_	_
9	.	_	PUNCT	.	_	3	punct	_	_",
they're going to eat with me with this breakfast .,preposition,"1	they're	_	_	_	_	2	nsubj	_	_
2	going	_	_	_	_	0	root	_	_
3	to	_	_	_	_	4	mark	_	_
4	eat	_	_	_	_	2	xcomp	_	_
5	with	_	_	_	_	6	case	_	_
6	me	_	_	_	_	4	obl	_	_
7	with	_	_	_	_	9	case	_	_
8	this	_	_	_	_	9	det	_	_
9	breakfast	_	_	_	_	4	obl	_	_
10	.	_	_	_	_	2	punct	_	_","1	they	_	PRON	PRP	_	3	nsubj	_	_
2	're	_	AUX	VBP	_	3	aux	_	_
3	going	_	VERB	VBG	_	0	root	_	_
4	to	_	PART	TO	_	5	mark	_	_
5	eat	_	VERB	VB	_	3	xcomp	_	_
6	with	_	ADP	IN	_	7	case	_	_
7	me	_	PRON	PRP	_	5	obl	_	_
8	with	_	ADP	IN	_	10	case	_	_
9	this	_	DET	DT	_	10	det	_	_
10	breakfast	_	NOUN	NN	_	5	obl	_	_
11	.	_	PUNCT	.	_	3	punct	_	_",
kitty wants to come in .,determiner,"1	kitty	_	_	_	_	2	nsubj	_	_
2	wants	_	_	_	_	0	root	_	_
3	to	_	_	_	_	4	mark	_	_
4	come	_	_	_	_	2	xcomp	_	_
5	in	_	_	_	_	4	advmod	_	_
6	.	_	_	_	_	2	punct	_	_","1	kitty	_	NOUN	NN	_	2	nsubj	_	_
2	wants	_	VERB	VBZ	_	0	root	_	_
3	to	_	PART	TO	_	4	mark	_	_
4	come	_	VERB	VB	_	2	xcomp	_	_
5	in	_	ADP	RP	_	4	compound:prt	_	_
6	.	_	PUNCT	.	_	2	punct	_	_",
he's getting me .,other,"1	he's	_	_	_	_	2	nsubj	_	_
2	getting	_	_	_	_	0	root	_	_
3	me	_	_	_	_	2	obj	_	_
4	.	_	_	_	_	2	punct	_	_","1	he	_	PRON	PRP	_	3	nsubj	_	_
2	's	_	AUX	VBZ	_	3	aux	_	_
3	getting	_	VERB	VBG	_	0	root	_	_
4	me	_	PRON	PRP	_	3	obj	_	_
5	.	_	PUNCT	.	_	3	punct	_	_",
he's getting me .,other,"1	he's	_	_	_	_	2	nsubj	_	_
2	getting	_	_	_	_	0	root	_	_
3	me	_	_	_	_	2	obj	_	_
4	.	_	_	_	_	2	punct	_	_","1	he	_	PRON	PRP	_	3	nsubj	_	_
2	's	_	AUX	VBZ	_	3	aux	_	_
3	getting	_	VERB	VBG	_	0	root	_	_
4	me	_	PRON	PRP	_	3	obj	_	_
5	.	_	PUNCT	.	_	3	punct	_	_",
she she wanna see the moth .,sv_agreement,"1	she	_	_	_	_	2	reparandum	_	_
2	she	_	_	_	_	3	nsubj	_	_
3	wanna	_	_	_	_	0	root	_	_
4	see	_	_	_	_	3	xcomp	_	_
5	the	_	_	_	_	6	det	_	_
6	moth	_	_	_	_	4	obj	_	_
7	.	_	_	_	_	3	punct	_	_","1	she	_	PRON	PRP	_	3	nsubj	_	_
2	she	_	PRON	PRP	_	3	nsubj	_	_
3	wan	_	VERB	VBP	_	0	root	_	_
4	na	_	PART	TO	_	5	mark	_	_
5	see	_	VERB	VB	_	3	xcomp	_	_
6	the	_	DET	DT	_	7	det	_	_
7	moth	_	NOUN	NN	_	5	obj	_	_
8	.	_	PUNCT	.	_	3	punct	_	_",
him home .,verb,"1	him	_	_	_	_	0	root	_	_
2	home	_	_	_	_	1	parataxis	_	_
3	.	_	_	_	_	2	punct	_	_","1	him	_	PRON	PRP	_	0	root	_	_
2	home	_	ADV	RB	_	1	advmod	_	_
3	.	_	PUNCT	.	_	2	punct	_	_",
don't scream me .,preposition,"1	don't	_	_	_	_	2	aux	_	_
2	scream	_	_	_	_	0	root	_	_
3	me	_	_	_	_	2	obj	_	_
4	.	_	_	_	_	2	punct	_	_","1	do	_	AUX	VB	_	3	aux	_	_
2	n't	_	PART	RB	_	3	advmod	_	_
3	scream	_	VERB	VB	_	0	root	_	_
4	me	_	PRON	PRP	_	3	obj	_	_
5	.	_	PUNCT	.	_	3	punct	_	_",
that fit ?,auxiliary,"1	that	_	_	_	_	2	nsubj	_	_
2	fit	_	_	_	_	0	root	_	_
3	?	_	_	_	_	2	punct	_	_","1	that	_	DET	DT	_	2	det	_	_
2	fit	_	NOUN	NN	_	0	root	_	_
3	?	_	PUNCT	.	_	2	punct	_	_",
doesn't fit .,subject,"1	doesn't	_	_	_	_	2	advmod	_	_
2	fit	_	_	_	_	0	root	_	_
3	.	_	_	_	_	2	punct	_	_","1	does	_	AUX	VBZ	_	3	aux	_	_
2	n't	_	PART	RB	_	3	advmod	_	_
3	fit	_	VERB	VB	_	0	root	_	_
4	.	_	PUNCT	.	_	3	punct	_	_",
that fit .,sv_agreement,"1	that	_	_	_	_	2	nsubj	_	_
2	fit	_	_	_	_	0	root	_	_
3	.	_	_	_	_	2	punct	_	_","1	that	_	DET	DT	_	2	det	_	_
2	fit	_	NOUN	NN	_	0	root	_	_
3	.	_	PUNCT	.	_	2	punct	_	_",
do do right .,"subject, object","1	do	_	_	_	_	2	reparandum	_	_
2	do	_	_	_	_	0	root	_	_
3	right	_	_	_	_	2	advmod	_	_
4	.	_	_	_	_	2	punct	_	_","1	do	_	AUX	VB	_	2	aux	_	_
2	do	_	VERB	VB	_	0	root	_	_
3	right	_	ADJ	JJ	_	2	xcomp	_	_
4	.	_	PUNCT	.	_	2	punct	_	_",
go baseball .,"preposition, determiner","1	go	_	_	_	_	0	root	_	_
2	baseball	_	_	_	_	1	obl	_	_
3	.	_	_	_	_	1	punct	_	_","1	go	_	VERB	VB	_	0	root	_	_
2	baseball	_	NOUN	NN	_	1	obj	_	_
3	.	_	PUNCT	.	_	1	punct	_	_",
twenty third is Christmas .,determiner,"1	twenty	_	_	_	_	2	compound	_	_
2	third	_	_	_	_	4	nsubj	_	_
3	is	_	_	_	_	4	cop	_	_
4	Christmas	_	_	_	_	0	root	_	_
5	.	_	_	_	_	4	punct	_	_","1	twenty	_	NUM	CD	_	2	nummod	_	_
2	third	_	NOUN	NN	_	4	nsubj	_	_
3	is	_	AUX	VBZ	_	4	cop	_	_
4	Christmas	_	PROPN	NNP	_	0	root	_	_
5	.	_	PUNCT	.	_	4	punct	_	_",
I ride round in my engine all up .,"preposition, other","1	I	_	_	_	_	2	nsubj	_	_
2	ride	_	_	_	_	0	root	_	_
3	round	_	_	_	_	2	advmod	_	_
4	in	_	_	_	_	6	case	_	_
5	my	_	_	_	_	6	nmod:poss	_	_
6	engine	_	_	_	_	2	obl	_	_
7	all	_	_	_	_	8	advmod	_	_
8	up	_	_	_	_	2	advmod	_	_
9	.	_	_	_	_	2	punct	_	_","1	I	_	PRON	PRP	_	2	nsubj	_	_
2	ride	_	VERB	VBP	_	0	root	_	_
3	round	_	ADV	RB	_	2	advmod	_	_
4	in	_	ADP	IN	_	6	case	_	_
5	my	_	PRON	PRP$	_	6	nmod:poss	_	_
6	engine	_	NOUN	NN	_	2	obl	_	_
7	all	_	DET	DT	_	8	det	_	_
8	up	_	ADP	RP	_	2	compound:prt	_	_
9	.	_	PUNCT	.	_	2	punct	_	_",
my James's driver .,determiner,"1	my	_	_	_	_	2	nmod:poss	_	_
2	James's	_	_	_	_	3	nmod:poss	_	_
3	driver	_	_	_	_	0	root	_	_
4	.	_	_	_	_	3	punct	_	_","1	my	_	PRON	PRP$	_	2	nmod:poss	_	_
2	James	_	PROPN	NNP	_	4	nmod:poss	_	_
3	's	_	PART	POS	_	2	case	_	_
4	driver	_	NOUN	NN	_	0	root	_	_
5	.	_	PUNCT	.	_	4	punct	_	_",
I'm coming you're coming you .,other,"1	I'm	_	_	_	_	2	nsubj	_	_
2	coming	_	_	_	_	0	root	_	_
3	you're	_	_	_	_	4	nsubj	_	_
4	coming	_	_	_	_	2	parataxis	_	_
5	you	_	_	_	_	4	vocative	_	_
6	.	_	_	_	_	2	punct	_	_","1	I	_	PRON	PRP	_	3	nsubj	_	_
2	'm	_	AUX	VBP	_	3	aux	_	_
3	coming	_	VERB	VBG	_	0	root	_	_
4	you	_	PRON	PRP	_	6	nsubj	_	_
5	're	_	AUX	VBP	_	6	aux	_	_
6	coming	_	VERB	VBG	_	3	ccomp	_	_
7	you	_	PRON	PRP	_	6	obj	_	_
8	.	_	PUNCT	.	_	3	punct	_	_",
I not got lots of seats for you .,auxiliary,"1	I	_	_	_	_	3	nsubj	_	_
2	not	_	_	_	_	3	advmod	_	_
3	got	_	_	_	_	0	root	_	_
4	lots	_	_	_	_	3	obj	_	_
5	of	_	_	_	_	6	case	_	_
6	seats	_	_	_	_	4	nmod	_	_
7	for	_	_	_	_	8	case	_	_
8	you	_	_	_	_	4	nmod	_	_
9	.	_	_	_	_	3	punct	_	_","1	I	_	PRON	PRP	_	3	nsubj	_	_
2	not	_	PART	RB	_	3	advmod	_	_
3	got	_	VERB	VBD	_	0	root	_	_
4	lots	_	NOUN	NNS	_	3	obj	_	_
5	of	_	ADP	IN	_	6	case	_	_
6	seats	_	NOUN	NNS	_	4	nmod	_	_
7	for	_	ADP	IN	_	8	case	_	_
8	you	_	PRON	PRP	_	3	obl	_	_
9	.	_	PUNCT	.	_	3	punct	_	_",
I just eated it all up .,tense_aspect,"1	I	_	_	_	_	3	nsubj	_	_
2	just	_	_	_	_	3	advmod	_	_
3	eated	_	_	_	_	0	root	_	_
4	it	_	_	_	_	3	obj	_	_
5	all	_	_	_	_	6	advmod	_	_
6	up	_	_	_	_	3	compound:prt	_	_
7	.	_	_	_	_	3	punct	_	_","1	I	_	PRON	PRP	_	3	nsubj	_	_
2	just	_	ADV	RB	_	3	advmod	_	_
3	eated	_	VERB	VBD	_	0	root	_	_
4	it	_	PRON	PRP	_	3	obj	_	_
5	all	_	DET	DT	_	6	det	_	_
6	up	_	ADP	RP	_	3	compound:prt	_	_
7	.	_	PUNCT	.	_	3	punct	_	_",
your chair all up .,verb,"1	your	_	_	_	_	2	nmod:poss	_	_
2	chair	_	_	_	_	4	nsubj	_	_
3	all	_	_	_	_	4	advmod	_	_
4	up	_	_	_	_	0	root	_	_
5	.	_	_	_	_	4	punct	_	_","1	your	_	PRON	PRP$	_	2	nmod:poss	_	_
2	chair	_	NOUN	NN	_	4	nsubj	_	_
3	all	_	DET	DT	_	2	det	_	_
4	up	_	ADP	RP	_	0	root	_	_
5	.	_	PUNCT	.	_	4	punct	_	_",
your chair all up .,verb,"1	your	_	_	_	_	2	nmod:poss	_	_
2	chair	_	_	_	_	4	nsubj	_	_
3	all	_	_	_	_	4	advmod	_	_
4	up	_	_	_	_	0	root	_	_
5	.	_	_	_	_	4	punct	_	_","1	your	_	PRON	PRP$	_	2	nmod:poss	_	_
2	chair	_	NOUN	NN	_	4	nsubj	_	_
3	all	_	DET	DT	_	2	det	_	_
4	up	_	ADP	RP	_	0	root	_	_
5	.	_	PUNCT	.	_	4	punct	_	_",
uh engine driver brush his my brush his hair .,"determiner, sv_agreement","1	uh	_	_	_	_	3	discourse	_	_
2	engine	_	_	_	_	3	compound	_	_
3	driver	_	_	_	_	7	nsubj	_	_
4	brush	_	_	_	_	7	reparandum	_	_
5	his	_	_	_	_	6	reparandum	_	_
6	my	_	_	_	_	7	nsubj	_	_
7	brush	_	_	_	_	0	root	_	_
8	his	_	_	_	_	9	nmod:poss	_	_
9	hair	_	_	_	_	7	obj	_	_
10	.	_	_	_	_	7	punct	_	_","1	uh	_	INTJ	UH	_	4	discourse	_	_
2	engine	_	NOUN	NN	_	3	compound	_	_
3	driver	_	NOUN	NN	_	4	nsubj	_	_
4	brush	_	VERB	VB	_	0	root	_	_
5	his	_	PRON	PRP$	_	9	nmod:poss	_	_
6	my	_	PRON	PRP$	_	7	nmod:poss	_	_
7	brush	_	VERB	VB	_	4	xcomp	_	_
8	his	_	PRON	PRP$	_	9	nmod:poss	_	_
9	hair	_	NOUN	NN	_	7	obj	_	_
10	.	_	PUNCT	.	_	4	punct	_	_",
uh uh seaside .,determiner,"1	uh	_	_	_	_	3	discourse	_	_
2	uh	_	_	_	_	1	conj	_	_
3	seaside	_	_	_	_	0	root	_	_
4	.	_	_	_	_	3	punct	_	_","1	uh	_	INTJ	UH	_	3	discourse	_	_
2	uh	_	INTJ	UH	_	3	discourse	_	_
3	seaside	_	NOUN	NN	_	0	root	_	_
4	.	_	PUNCT	.	_	3	punct	_	_",
my train driver man .,verb,"1	my	_	_	_	_	3	nmod:poss	_	_
2	train	_	_	_	_	3	compound	_	_
3	driver	_	_	_	_	4	compound	_	_
4	man	_	_	_	_	0	root	_	_
5	.	_	_	_	_	3	punct	_	_","1	my	_	PRON	PRP$	_	4	nmod:poss	_	_
2	train	_	NOUN	NN	_	3	compound	_	_
3	driver	_	NOUN	NN	_	4	compound	_	_
4	man	_	NOUN	NN	_	0	root	_	_
5	.	_	PUNCT	.	_	4	punct	_	_",
I like Mummy train driver said .,determiner,"1	I	_	_	_	_	2	nsubj	_	_
2	like	_	_	_	_	0	root	_	_
3	Mummy	_	_	_	_	2	obj	_	_
4	train	_	_	_	_	5	compound	_	_
5	driver	_	_	_	_	6	nsubj	_	_
6	said	_	_	_	_	2	parataxis	_	_
7	.	_	_	_	_	2	punct	_	_","1	I	_	PRON	PRP	_	2	nsubj	_	_
2	like	_	VERB	VBP	_	0	root	_	_
3	Mummy	_	PROPN	NNP	_	5	compound	_	_
4	train	_	NOUN	NN	_	5	compound	_	_
5	driver	_	NOUN	NN	_	6	nsubj	_	_
6	said	_	VERB	VBD	_	2	ccomp	_	_
7	.	_	PUNCT	.	_	2	punct	_	_",
wanna play a helicopter .,"subject, tense_aspect","1	wanna	_	_	_	_	0	root	_	_
2	play	_	_	_	_	1	xcomp	_	_
3	a	_	_	_	_	4	det	_	_
4	helicopter	_	_	_	_	2	obj	_	_
5	.	_	_	_	_	1	punct	_	_","1	wan	_	VERB	VBP	_	0	root	_	_
2	na	_	PART	TO	_	3	mark	_	_
3	play	_	VERB	VB	_	1	xcomp	_	_
4	a	_	DET	DT	_	5	det	_	_
5	helicopter	_	NOUN	NN	_	3	obj	_	_
6	.	_	PUNCT	.	_	1	punct	_	_",
a a giraffe is suitsuit .,determiner,"1	a	_	_	_	_	2	reparandum	_	_
2	a	_	_	_	_	3	det	_	_
3	giraffe	_	_	_	_	5	nsubj	_	_
4	is	_	_	_	_	5	cop	_	_
5	suitsuit	_	_	_	_	0	root	_	_
6	.	_	_	_	_	5	punct	_	_","1	a	_	DET	DT	_	3	det	_	_
2	a	_	DET	DT	_	3	det	_	_
3	giraffe	_	NOUN	NN	_	5	nsubj	_	_
4	is	_	AUX	VBZ	_	5	cop	_	_
5	suitsuit	_	NOUN	NN	_	0	root	_	_
6	.	_	PUNCT	.	_	5	punct	_	_",
my say boo boo .,"subject, sv_agreement","1	my	_	_	_	_	2	nsubj	_	_
2	say	_	_	_	_	0	root	_	_
3	boo	_	_	_	_	2	obj	_	_
4	boo	_	_	_	_	3	flat	_	_
5	.	_	_	_	_	2	punct	_	_","1	my	_	PRON	PRP$	_	4	nmod:poss	_	_
2	say	_	VERB	VB	_	4	amod	_	_
3	boo	_	NOUN	NN	_	4	compound	_	_
4	boo	_	NOUN	NN	_	0	root	_	_
5	.	_	PUNCT	.	_	2	punct	_	_",
dustbin wagon pulled up .,determiner,"1	dustbin	_	_	_	_	2	compound	_	_
2	wagon	_	_	_	_	3	nsubj	_	_
3	pulled	_	_	_	_	0	root	_	_
4	up	_	_	_	_	3	compound:prt	_	_
5	.	_	_	_	_	3	punct	_	_","1	dustbin	_	NOUN	NN	_	2	compound	_	_
2	wagon	_	NOUN	NN	_	3	nsubj:pass	_	_
3	pulled	_	VERB	VBN	_	0	root	_	_
4	up	_	ADP	RP	_	3	compound:prt	_	_
5	.	_	PUNCT	.	_	3	punct	_	_",
dustbin bag's on the floor .,determiner,"1	dustbin	_	_	_	_	2	compound	_	_
2	bag's	_	_	_	_	5	nsubj	_	_
3	on	_	_	_	_	5	case	_	_
4	the	_	_	_	_	5	det	_	_
5	floor	_	_	_	_	0	root	_	_
6	.	_	_	_	_	5	punct	_	_","1	dustbin	_	NOUN	NN	_	2	compound	_	_
2	bag	_	NOUN	NN	_	6	nsubj	_	_
3	's	_	AUX	VBZ	_	6	cop	_	_
4	on	_	ADP	IN	_	6	case	_	_
5	the	_	DET	DT	_	6	det	_	_
6	floor	_	NOUN	NN	_	0	root	_	_
7	.	_	PUNCT	.	_	6	punct	_	_",
buy some more Quavers the shop .,"subject, tense_aspect","1	buy	_	_	_	_	0	root	_	_
2	some	_	_	_	_	4	det	_	_
3	more	_	_	_	_	4	amod	_	_
4	Quavers	_	_	_	_	1	obj	_	_
5	the	_	_	_	_	6	det	_	_
6	shop	_	_	_	_	1	parataxis	_	_
7	.	_	_	_	_	1	punct	_	_","1	buy	_	VERB	VB	_	0	root	_	_
2	some	_	DET	DT	_	4	det	_	_
3	more	_	ADJ	JJR	_	4	amod	_	_
4	Quavers	_	NOUN	NNS	_	1	obj	_	_
5	the	_	DET	DT	_	6	det	_	_
6	shop	_	NOUN	NN	_	1	obj	_	_
7	.	_	PUNCT	.	_	1	punct	_	_",
is my fireman's .,subject,"1	is	_	_	_	_	3	cop	_	_
2	my	_	_	_	_	3	nmod:poss	_	_
3	fireman's	_	_	_	_	0	root	_	_
4	.	_	_	_	_	3	punct	_	_","1	is	_	AUX	VBZ	_	3	cop	_	_
2	my	_	PRON	PRP$	_	3	nmod:poss	_	_
3	fireman	_	NOUN	NN	_	0	root	_	_
4	's	_	PART	POS	_	3	case	_	_
5	.	_	PUNCT	.	_	3	punct	_	_",
look like like a mixer .,"subject, sv_agreement","1	look	_	_	_	_	0	root	_	_
2	like	_	_	_	_	3	reparandum	_	_
3	like	_	_	_	_	5	case	_	_
4	a	_	_	_	_	5	det	_	_
5	mixer	_	_	_	_	1	obl	_	_
6	.	_	_	_	_	1	punct	_	_","1	look	_	VERB	VB	_	0	root	_	_
2	like	_	ADP	IN	_	5	case	_	_
3	like	_	ADP	IN	_	5	case	_	_
4	a	_	DET	DT	_	5	det	_	_
5	mixer	_	NOUN	NN	_	1	obl	_	_
6	.	_	PUNCT	.	_	1	punct	_	_",
lots lots bricks on it .,"subject, verb","1	lots	_	_	_	_	2	reparandum	_	_
2	lots	_	_	_	_	3	conj	_	_
3	bricks	_	_	_	_	0	root	_	_
4	on	_	_	_	_	5	case	_	_
5	it	_	_	_	_	3	nmod	_	_
6	.	_	_	_	_	3	punct	_	_","1	lots	_	NOUN	NNS	_	3	compound	_	_
2	lots	_	NOUN	NNS	_	3	compound	_	_
3	bricks	_	NOUN	NNS	_	0	root	_	_
4	on	_	ADP	IN	_	5	case	_	_
5	it	_	PRON	PRP	_	3	nmod	_	_
6	.	_	PUNCT	.	_	3	punct	_	_",
not lid off like that .,"verb, determiner","1	not	_	_	_	_	2	advmod	_	_
2	lid	_	_	_	_	0	root	_	_
3	off	_	_	_	_	2	advmod	_	_
4	like	_	_	_	_	5	case	_	_
5	that	_	_	_	_	2	nmod	_	_
6	.	_	_	_	_	2	punct	_	_","1	not	_	PART	RB	_	2	advmod	_	_
2	lid	_	VERB	VB	_	0	root	_	_
3	off	_	ADP	RP	_	2	compound:prt	_	_
4	like	_	ADP	IN	_	5	case	_	_
5	that	_	PRON	DT	_	2	obl	_	_
6	.	_	PUNCT	.	_	2	punct	_	_",
Mummy not cross .,auxiliary,"1	Mummy	_	_	_	_	3	vocative	_	_
2	not	_	_	_	_	3	advmod	_	_
3	cross	_	_	_	_	0	root	_	_
4	.	_	_	_	_	3	punct	_	_","1	Mummy	_	NOUN	NN	_	3	nsubj	_	_
2	not	_	PART	RB	_	3	advmod	_	_
3	cross	_	VERB	VB	_	0	root	_	_
4	.	_	PUNCT	.	_	3	punct	_	_",
want wanna get down now and wash my hands .,subject,"1	want	_	_	_	_	2	reparandum	_	_
2	wanna	_	_	_	_	0	root	_	_
3	get	_	_	_	_	2	xcomp	_	_
4	down	_	_	_	_	3	advmod	_	_
5	now	_	_	_	_	3	advmod	_	_
6	and	_	_	_	_	7	cc	_	_
7	wash	_	_	_	_	3	conj	_	_
8	my	_	_	_	_	9	nmod:poss	_	_
9	hands	_	_	_	_	7	obj	_	_
10	.	_	_	_	_	2	punct	_	_","1	want	_	VERB	VB	_	0	root	_	_
2	wan	_	VERB	VBP	_	1	xcomp	_	_
3	na	_	PART	TO	_	4	mark	_	_
4	get	_	VERB	VB	_	2	xcomp	_	_
5	down	_	ADP	RP	_	4	compound:prt	_	_
6	now	_	ADV	RB	_	4	advmod	_	_
7	and	_	CCONJ	CC	_	8	cc	_	_
8	wash	_	VERB	VB	_	4	conj	_	_
9	my	_	PRON	PRP$	_	10	nmod:poss	_	_
10	hands	_	NOUN	NNS	_	8	obj	_	_
11	.	_	PUNCT	.	_	1	punct	_	_",
I Bella's .,verb,"1	I	_	_	_	_	2	nsubj	_	_
2	Bella's	_	_	_	_	0	root	_	_
3	.	_	_	_	_	2	punct	_	_","1	I	_	PRON	PRP	_	2	nsubj	_	_
2	Bella	_	PROPN	NNP	_	0	root	_	_
3	's	_	PART	POS	_	2	case	_	_
4	.	_	PUNCT	.	_	2	punct	_	_",
in two two months .,"subject, verb","1	in	_	_	_	_	4	case	_	_
2	two	_	_	_	_	3	reparandum	_	_
3	two	_	_	_	_	4	nummod	_	_
4	months	_	_	_	_	0	root	_	_
5	.	_	_	_	_	4	punct	_	_","1	in	_	ADP	IN	_	4	case	_	_
2	two	_	NUM	CD	_	4	nummod	_	_
3	two	_	NUM	CD	_	4	nummod	_	_
4	months	_	NOUN	NNS	_	0	root	_	_
5	.	_	PUNCT	.	_	4	punct	_	_",
like Bella three .,"verb, other","1	like	_	_	_	_	3	case	_	_
2	Bella	_	_	_	_	0	root	_	_
3	three	_	_	_	_	2	flat	_	_
4	.	_	_	_	_	3	punct	_	_","1	like	_	ADP	IN	_	2	case	_	_
2	Bella	_	PROPN	NNP	_	0	root	_	_
3	three	_	NUM	CD	_	2	nummod	_	_
4	.	_	PUNCT	.	_	2	punct	_	_",
not need Noo Noo .,subject,"1	not	_	_	_	_	2	advmod	_	_
2	need	_	_	_	_	0	root	_	_
3	Noo	_	_	_	_	2	obj	_	_
4	Noo	_	_	_	_	3	flat	_	_
5	.	_	_	_	_	2	punct	_	_","1	not	_	PART	RB	_	2	advmod	_	_
2	need	_	VERB	VB	_	0	root	_	_
3	Noo	_	INTJ	UH	_	2	discourse	_	_
4	Noo	_	INTJ	UH	_	2	discourse	_	_
5	.	_	PUNCT	.	_	2	punct	_	_",
Mummy need sweep Purdie all up .,sv_agreement,"1	Mummy	_	_	_	_	2	vocative	_	_
2	need	_	_	_	_	0	root	_	_
3	sweep	_	_	_	_	2	xcomp	_	_
4	Purdie	_	_	_	_	3	obj	_	_
5	all	_	_	_	_	6	advmod	_	_
6	up	_	_	_	_	3	compound:prt	_	_
7	.	_	_	_	_	2	punct	_	_","1	Mummy	_	NOUN	NN	_	2	nsubj	_	_
2	need	_	VERB	VBP	_	0	root	_	_
3	sweep	_	NOUN	NN	_	2	obj	_	_
4	Purdie	_	PROPN	NNP	_	2	obj	_	_
5	all	_	DET	DT	_	6	det	_	_
6	up	_	ADP	RP	_	2	compound:prt	_	_
7	.	_	PUNCT	.	_	2	punct	_	_",
your head like a sausage .,verb,"1	your	_	_	_	_	2	nmod:poss	_	_
2	head	_	_	_	_	0	root	_	_
3	like	_	_	_	_	5	case	_	_
4	a	_	_	_	_	5	det	_	_
5	sausage	_	_	_	_	2	nmod	_	_
6	.	_	_	_	_	2	punct	_	_","1	your	_	PRON	PRP$	_	2	nmod:poss	_	_
2	head	_	NOUN	NN	_	0	root	_	_
3	like	_	ADP	IN	_	5	case	_	_
4	a	_	DET	DT	_	5	det	_	_
5	sausage	_	NOUN	NN	_	2	nmod	_	_
6	.	_	PUNCT	.	_	5	punct	_	_",
see see La La on see Lala on something .,subject,"1	see	_	_	_	_	2	reparandum	_	_
2	see	_	_	_	_	0	root	_	_
3	La	_	_	_	_	2	obj	_	_
4	La	_	_	_	_	3	flat	_	_
5	on	_	_	_	_	2	reparandum	_	_
6	see	_	_	_	_	2	parataxis	_	_
7	Lala	_	_	_	_	6	obj	_	_
8	on	_	_	_	_	9	case	_	_
9	something	_	_	_	_	6	obl	_	_
10	.	_	_	_	_	2	punct	_	_","1	see	_	VERB	VB	_	0	root	_	_
2	see	_	VERB	VB	_	1	xcomp	_	_
3	La	_	PROPN	NNP	_	2	obj	_	_
4	La	_	PROPN	NNP	_	3	flat	_	_
5	on	_	ADP	IN	_	6	mark	_	_
6	see	_	VERB	VB	_	2	xcomp	_	_
7	Lala	_	PROPN	NNP	_	6	obj	_	_
8	on	_	ADP	IN	_	9	case	_	_
9	something	_	PRON	NN	_	6	obl	_	_
10	.	_	PUNCT	.	_	1	punct	_	_",
is what policeman say .,subject,"1	is	_	_	_	_	0	root	_	_
2	what	_	_	_	_	4	obj	_	_
3	policeman	_	_	_	_	4	nsubj	_	_
4	say	_	_	_	_	1	ccomp	_	_
5	.	_	_	_	_	1	punct	_	_","1	is	_	AUX	VBZ	_	2	cop	_	_
2	what	_	DET	WDT	_	0	root	_	_
3	policeman	_	NOUN	NN	_	4	nsubj	_	_
4	say	_	VERB	VBP	_	2	acl:relcl	_	_
5	.	_	PUNCT	.	_	2	punct	_	_",
my policeman looking naughty boys .,"present_progressive, preposition","1	my	_	_	_	_	5	nmod:poss	_	_
2	policeman	_	_	_	_	5	compound	_	_
3	looking	_	_	_	_	5	amod	_	_
4	naughty	_	_	_	_	5	amod	_	_
5	boys	_	_	_	_	0	root	_	_
6	.	_	_	_	_	5	punct	_	_","1	my	_	PRON	PRP$	_	2	nmod:poss	_	_
2	policeman	_	NOUN	NN	_	3	nsubj	_	_
3	looking	_	VERB	VBG	_	0	root	_	_
4	naughty	_	ADJ	JJ	_	5	amod	_	_
5	boys	_	NOUN	NNS	_	3	obj	_	_
6	.	_	PUNCT	.	_	3	punct	_	_",
my my big .,"subject, verb","1	my	_	_	_	_	2	reparandum	_	_
2	my	_	_	_	_	3	nmod:poss	_	_
3	big	_	_	_	_	0	root	_	_
4	.	_	_	_	_	3	punct	_	_","1	my	_	PRON	PRP$	_	3	nmod:poss	_	_
2	my	_	PRON	PRP$	_	3	nmod:poss	_	_
3	big	_	ADJ	JJ	_	0	root	_	_
4	.	_	PUNCT	.	_	3	punct	_	_",
go another policeman like that .,other,"1	go	_	_	_	_	0	root	_	_
2	another	_	_	_	_	3	det	_	_
3	policeman	_	_	_	_	1	nsubj	_	_
4	like	_	_	_	_	5	case	_	_
5	that	_	_	_	_	3	nmod	_	_
6	.	_	_	_	_	1	punct	_	_","1	go	_	VERB	VB	_	0	root	_	_
2	another	_	DET	DT	_	3	det	_	_
3	policeman	_	NOUN	NN	_	1	obj	_	_
4	like	_	ADP	IN	_	5	case	_	_
5	that	_	PRON	DT	_	1	obl	_	_
6	.	_	PUNCT	.	_	1	punct	_	_",
a go my back my van my naughty .,other,"1	a	_	_	_	_	2	discourse	_	_
2	go	_	_	_	_	0	root	_	_
3	my	_	_	_	_	4	nmod:poss	_	_
4	back	_	_	_	_	2	obl	_	_
5	my	_	_	_	_	6	nmod:poss	_	_
6	van	_	_	_	_	2	parataxis	_	_
7	my	_	_	_	_	8	nmod:poss	_	_
8	naughty	_	_	_	_	2	parataxis	_	_
9	.	_	_	_	_	2	punct	_	_","1	a	_	DET	DT	_	2	nsubj	_	_
2	go	_	VERB	VB	_	0	root	_	_
3	my	_	PRON	PRP$	_	4	nmod:poss	_	_
4	back	_	NOUN	NN	_	2	obj	_	_
5	my	_	PRON	PRP$	_	6	nmod:poss	_	_
6	van	_	NOUN	NN	_	2	obj	_	_
7	my	_	PRON	PRP$	_	8	nmod:poss	_	_
8	naughty	_	ADJ	JJ	_	2	obj	_	_
9	.	_	PUNCT	.	_	2	punct	_	_",
that's little friend .,determiner,"1	that's	_	_	_	_	3	nsubj	_	_
2	little	_	_	_	_	3	amod	_	_
3	friend	_	_	_	_	0	root	_	_
4	.	_	_	_	_	3	punct	_	_","1	that	_	PRON	DT	_	4	nsubj	_	_
2	's	_	AUX	VBZ	_	4	cop	_	_
3	little	_	ADJ	JJ	_	4	amod	_	_
4	friend	_	NOUN	NN	_	0	root	_	_
5	.	_	PUNCT	.	_	4	punct	_	_",
a policeman look uh uh uh policeman looking at nice La La .,present_progressive,"1	a	_	_	_	_	2	det	_	_
2	policeman	_	_	_	_	3	nsubj	_	_
3	look	_	_	_	_	0	root	_	_
4	uh	_	_	_	_	3	discourse	_	_
5	uh	_	_	_	_	4	conj	_	_
6	uh	_	_	_	_	4	conj	_	_
7	policeman	_	_	_	_	8	nsubj	_	_
8	looking	_	_	_	_	2	parataxis	_	_
9	at	_	_	_	_	11	case	_	_
10	nice	_	_	_	_	11	amod	_	_
11	La	_	_	_	_	8	obl	_	_
12	La	_	_	_	_	11	flat	_	_
13	.	_	_	_	_	3	punct	_	_","1	a	_	DET	DT	_	2	det	_	_
2	policeman	_	NOUN	NN	_	3	nsubj	_	_
3	look	_	VERB	VB	_	0	root	_	_
4	uh	_	INTJ	UH	_	7	discourse	_	_
5	uh	_	INTJ	UH	_	7	discourse	_	_
6	uh	_	INTJ	UH	_	7	discourse	_	_
7	policeman	_	NOUN	NN	_	3	obj	_	_
8	looking	_	VERB	VBG	_	7	acl	_	_
9	at	_	ADP	IN	_	11	case	_	_
10	nice	_	ADJ	JJ	_	11	amod	_	_
11	La	_	PROPN	NNP	_	8	obl	_	_
12	La	_	PROPN	NNP	_	11	flat	_	_
13	.	_	PUNCT	.	_	3	punct	_	_",
policeman said hello Lala .,determiner,"1	policeman	_	_	_	_	2	nsubj	_	_
2	said	_	_	_	_	0	root	_	_
3	hello	_	_	_	_	2	obj	_	_
4	Lala	_	_	_	_	3	vocative	_	_
5	.	_	_	_	_	2	punct	_	_","1	policeman	_	NOUN	NN	_	2	nsubj	_	_
2	said	_	VERB	VBD	_	0	root	_	_
3	hello	_	INTJ	UH	_	2	obj	_	_
4	Lala	_	PROPN	NNP	_	3	flat	_	_
5	.	_	PUNCT	.	_	2	punct	_	_",
uh policeman La La's money .,verb,"1	uh	_	_	_	_	5	discourse	_	_
2	policeman	_	_	_	_	5	nmod:poss	_	_
3	La	_	_	_	_	5	nmod:poss	_	_
4	La's	_	_	_	_	3	flat	_	_
5	money	_	_	_	_	0	root	_	_
6	.	_	_	_	_	5	punct	_	_","1	uh	_	INTJ	UH	_	6	discourse	_	_
2	policeman	_	NOUN	NN	_	6	nmod:poss	_	_
3	La	_	PROPN	NNP	_	2	flat	_	_
4	La	_	PROPN	NNP	_	3	flat	_	_
5	's	_	PART	POS	_	2	case	_	_
6	money	_	NOUN	NN	_	0	root	_	_
7	.	_	PUNCT	.	_	6	punct	_	_",
put in La La's in La La's La La's pocket .,"tense_aspect, object","1	put	_	_	_	_	0	root	_	_
2	in	_	_	_	_	3	case	_	_
3	La	_	_	_	_	1	obl	_	_
4	La's	_	_	_	_	3	flat	_	_
5	in	_	_	_	_	10	case	_	_
6	La	_	_	_	_	10	reparandum	_	_
7	La's	_	_	_	_	6	flat	_	_
8	La	_	_	_	_	10	nmod:poss	_	_
9	La's	_	_	_	_	8	flat	_	_
10	pocket	_	_	_	_	1	obl	_	_
11	.	_	_	_	_	1	punct	_	_","1	put	_	VERB	VB	_	0	root	_	_
2	in	_	ADP	IN	_	1	compound:prt	_	_
3	La	_	PROPN	NNP	_	1	obl	_	_
4	La	_	PROPN	NNP	_	3	flat	_	_
5	's	_	PART	POS	_	3	case	_	_
6	in	_	ADP	IN	_	13	case	_	_
7	La	_	PROPN	NNP	_	13	nmod:poss	_	_
8	La	_	PROPN	NNP	_	7	flat	_	_
9	's	_	PART	POS	_	7	case	_	_
10	La	_	PROPN	NNP	_	13	nmod:poss	_	_
11	La	_	PROPN	NNP	_	10	flat	_	_
12	's	_	PART	POS	_	7	case	_	_
13	pocket	_	NOUN	NN	_	1	obl	_	_
14	.	_	PUNCT	.	_	1	punct	_	_",
what's La La doing down the floor ?,preposition,"1	what's	_	_	_	_	4	aux	_	_
2	La	_	_	_	_	4	nsubj	_	_
3	La	_	_	_	_	2	flat	_	_
4	doing	_	_	_	_	0	root	_	_
5	down	_	_	_	_	7	case	_	_
6	the	_	_	_	_	7	det	_	_
7	floor	_	_	_	_	4	obl	_	_
8	?	_	_	_	_	4	punct	_	_","1	what	_	PRON	WP	_	5	obj	_	_
2	's	_	AUX	VBZ	_	5	aux	_	_
3	La	_	PROPN	NNP	_	5	nsubj	_	_
4	La	_	PROPN	NNP	_	3	flat	_	_
5	doing	_	VERB	VBG	_	0	root	_	_
6	down	_	ADP	IN	_	8	case	_	_
7	the	_	DET	DT	_	8	det	_	_
8	floor	_	NOUN	NN	_	5	obl	_	_
9	?	_	PUNCT	.	_	5	punct	_	_",
that what he doesn't like .,verb,"1	that	_	_	_	_	2	nsubj	_	_
2	what	_	_	_	_	0	root	_	_
3	he	_	_	_	_	5	nsubj	_	_
4	doesn't	_	_	_	_	5	aux	_	_
5	like	_	_	_	_	2	acl:relcl	_	_
6	.	_	_	_	_	2	punct	_	_","1	that	_	SCONJ	IN	_	2	mark	_	_
2	what	_	PRON	WP	_	0	root	_	_
3	he	_	PRON	PRP	_	6	nsubj	_	_
4	does	_	AUX	VBZ	_	6	aux	_	_
5	n't	_	PART	RB	_	6	advmod	_	_
6	like	_	VERB	VB	_	2	acl:relcl	_	_
7	.	_	PUNCT	.	_	2	punct	_	_",
cause don't do that every time .,subject,"1	cause	_	_	_	_	3	mark	_	_
2	don't	_	_	_	_	3	aux	_	_
3	do	_	_	_	_	0	root	_	_
4	that	_	_	_	_	3	obj	_	_
5	every	_	_	_	_	6	det	_	_
6	time	_	_	_	_	3	obl:unmarked	_	_
7	.	_	_	_	_	3	punct	_	_","1	cause	_	SCONJ	IN	_	4	mark	_	_
2	do	_	AUX	VB	_	4	aux	_	_
3	n't	_	PART	RB	_	4	advmod	_	_
4	do	_	VERB	VB	_	0	root	_	_
5	that	_	PRON	DT	_	4	obj	_	_
6	every	_	DET	DT	_	7	det	_	_
7	time	_	NOUN	NN	_	4	obl:unmarked	_	_
8	.	_	PUNCT	.	_	4	punct	_	_",
put right on this shelf .,object,"1	put	_	_	_	_	0	root	_	_
2	right	_	_	_	_	5	advmod	_	_
3	on	_	_	_	_	5	case	_	_
4	this	_	_	_	_	5	det	_	_
5	shelf	_	_	_	_	1	obl	_	_
6	.	_	_	_	_	1	punct	_	_","1	put	_	VERB	VB	_	0	root	_	_
2	right	_	ADV	RB	_	1	advmod	_	_
3	on	_	ADP	IN	_	5	case	_	_
4	this	_	DET	DT	_	5	det	_	_
5	shelf	_	NOUN	NN	_	1	obl	_	_
6	.	_	PUNCT	.	_	1	punct	_	_",
have to cut this cake if you want another one okay ?,subject,"1	have	_	_	_	_	0	root	_	_
2	to	_	_	_	_	3	mark	_	_
3	cut	_	_	_	_	1	xcomp	_	_
4	this	_	_	_	_	5	det	_	_
5	cake	_	_	_	_	3	obj	_	_
6	if	_	_	_	_	8	mark	_	_
7	you	_	_	_	_	8	nsubj	_	_
8	want	_	_	_	_	3	advcl	_	_
9	another	_	_	_	_	10	det	_	_
10	one	_	_	_	_	8	obj	_	_
11	okay	_	_	_	_	1	discourse	_	_
12	?	_	_	_	_	1	punct	_	_","1	have	_	VERB	VB	_	0	root	_	_
2	to	_	PART	TO	_	3	mark	_	_
3	cut	_	VERB	VB	_	1	xcomp	_	_
4	this	_	DET	DT	_	5	det	_	_
5	cake	_	NOUN	NN	_	3	obj	_	_
6	if	_	SCONJ	IN	_	8	mark	_	_
7	you	_	PRON	PRP	_	8	nsubj	_	_
8	want	_	VERB	VBP	_	3	advcl	_	_
9	another	_	DET	DT	_	10	det	_	_
10	one	_	NOUN	NN	_	8	obj	_	_
11	okay	_	ADJ	JJ	_	8	xcomp	_	_
12	?	_	PUNCT	.	_	1	punct	_	_",
and pretend knife .,determiner,"1	and	_	_	_	_	3	cc	_	_
2	pretend	_	_	_	_	3	compound	_	_
3	knife	_	_	_	_	0	root	_	_
4	.	_	_	_	_	3	punct	_	_","1	and	_	CCONJ	CC	_	3	cc	_	_
2	pretend	_	VERB	VB	_	3	amod	_	_
3	knife	_	NOUN	NN	_	0	root	_	_
4	.	_	PUNCT	.	_	3	punct	_	_",
she's going to give you .,object,"1	she's	_	_	_	_	2	nsubj	_	_
2	going	_	_	_	_	0	root	_	_
3	to	_	_	_	_	4	mark	_	_
4	give	_	_	_	_	2	xcomp	_	_
5	you	_	_	_	_	4	iobj	_	_
6	.	_	_	_	_	2	punct	_	_","1	she	_	PRON	PRP	_	3	nsubj	_	_
2	's	_	AUX	VBZ	_	3	aux	_	_
3	going	_	VERB	VBG	_	0	root	_	_
4	to	_	PART	TO	_	5	mark	_	_
5	give	_	VERB	VB	_	3	xcomp	_	_
6	you	_	PRON	PRP	_	5	iobj	_	_
7	.	_	PUNCT	.	_	3	punct	_	_",
when you want another one .,preposition,"1	when	_	_	_	_	3	mark	_	_
2	you	_	_	_	_	3	nsubj	_	_
3	want	_	_	_	_	0	root	_	_
4	another	_	_	_	_	5	det	_	_
5	one	_	_	_	_	3	obj	_	_
6	.	_	_	_	_	3	punct	_	_","1	when	_	ADV	WRB	_	3	advmod	_	_
2	you	_	PRON	PRP	_	3	nsubj	_	_
3	want	_	VERB	VBP	_	0	root	_	_
4	another	_	DET	DT	_	5	det	_	_
5	one	_	NOUN	NN	_	3	obj	_	_
6	.	_	PUNCT	.	_	3	punct	_	_",
but this where's the cake goes .,"verb, other","1	but	_	_	_	_	2	cc	_	_
2	this	_	_	_	_	0	root	_	_
3	where's	_	_	_	_	6	advmod	_	_
4	the	_	_	_	_	5	det	_	_
5	cake	_	_	_	_	6	nsubj	_	_
6	goes	_	_	_	_	2	acl:relcl	_	_
7	.	_	_	_	_	2	punct	_	_","1	but	_	CCONJ	CC	_	7	cc	_	_
2	this	_	PRON	DT	_	7	nsubj	_	_
3	where	_	ADV	WRB	_	7	advmod	_	_
4	's	_	AUX	VBZ	_	7	aux	_	_
5	the	_	DET	DT	_	6	det	_	_
6	cake	_	NOUN	NN	_	7	nsubj	_	_
7	goes	_	VERB	VBZ	_	0	root	_	_
8	.	_	PUNCT	.	_	7	punct	_	_",
I matched the the .,object,"1	I	_	_	_	_	2	nsubj	_	_
2	matched	_	_	_	_	0	root	_	_
3	the	_	_	_	_	4	reparandum	_	_
4	the	_	_	_	_	2	obj	_	_
5	.	_	_	_	_	2	punct	_	_","1	I	_	PRON	PRP	_	2	nsubj	_	_
2	matched	_	VERB	VBD	_	0	root	_	_
3	the	_	DET	DT	_	4	det	_	_
4	the	_	DET	DT	_	2	obj	_	_
5	.	_	PUNCT	.	_	2	punct	_	_",
you don't know how to .,verb,"1	you	_	_	_	_	3	nsubj	_	_
2	don't	_	_	_	_	3	aux	_	_
3	know	_	_	_	_	0	root	_	_
4	how	_	_	_	_	5	mark	_	_
5	to	_	_	_	_	3	ccomp	_	_
6	.	_	_	_	_	3	punct	_	_","1	you	_	PRON	PRP	_	4	nsubj	_	_
2	do	_	AUX	VBP	_	4	aux	_	_
3	n't	_	PART	RB	_	4	advmod	_	_
4	know	_	VERB	VB	_	0	root	_	_
5	how	_	ADV	WRB	_	6	advmod	_	_
6	to	_	PART	TO	_	4	xcomp	_	_
7	.	_	PUNCT	.	_	4	punct	_	_",
he he bite the cake .,tense_aspect,"1	he	_	_	_	_	2	reparandum	_	_
2	he	_	_	_	_	3	nsubj	_	_
3	bite	_	_	_	_	0	root	_	_
4	the	_	_	_	_	5	det	_	_
5	cake	_	_	_	_	3	obj	_	_
6	.	_	_	_	_	3	punct	_	_","1	he	_	PRON	PRP	_	3	nsubj	_	_
2	he	_	PRON	PRP	_	3	nsubj	_	_
3	bite	_	VERB	VBP	_	0	root	_	_
4	the	_	DET	DT	_	5	det	_	_
5	cake	_	NOUN	NN	_	3	obj	_	_
6	.	_	PUNCT	.	_	3	punct	_	_",
cause doesn't stand up very well .,subject,"1	cause	_	_	_	_	3	mark	_	_
2	doesn't	_	_	_	_	3	aux	_	_
3	stand	_	_	_	_	0	root	_	_
4	up	_	_	_	_	3	compound:prt	_	_
5	very	_	_	_	_	6	advmod	_	_
6	well	_	_	_	_	3	advmod	_	_
7	.	_	_	_	_	3	punct	_	_","1	cause	_	ADV	RB	_	4	advmod	_	_
2	does	_	AUX	VBZ	_	4	aux	_	_
3	n't	_	PART	RB	_	4	advmod	_	_
4	stand	_	VERB	VB	_	0	root	_	_
5	up	_	ADP	RP	_	4	compound:prt	_	_
6	very	_	ADV	RB	_	7	advmod	_	_
7	well	_	ADV	RB	_	4	advmod	_	_
8	.	_	PUNCT	.	_	4	punct	_	_",
on lamb because he's cold .,"subject, verb, determiner","1	on	_	_	_	_	2	case	_	_
2	lamb	_	_	_	_	0	root	_	_
3	because	_	_	_	_	5	mark	_	_
4	he's	_	_	_	_	5	cop	_	_
5	cold	_	_	_	_	2	advcl	_	_
6	.	_	_	_	_	2	punct	_	_","1	on	_	ADP	IN	_	2	case	_	_
2	lamb	_	NOUN	NN	_	0	root	_	_
3	because	_	SCONJ	IN	_	6	mark	_	_
4	he	_	PRON	PRP	_	6	nsubj	_	_
5	's	_	AUX	VBZ	_	6	cop	_	_
6	cold	_	ADJ	JJ	_	2	advcl	_	_
7	.	_	PUNCT	.	_	2	punct	_	_",
is not coming out .,subject,"1	is	_	_	_	_	3	aux	_	_
2	not	_	_	_	_	3	advmod	_	_
3	coming	_	_	_	_	0	root	_	_
4	out	_	_	_	_	3	advmod	_	_
5	.	_	_	_	_	3	punct	_	_","1	is	_	AUX	VBZ	_	3	aux	_	_
2	not	_	PART	RB	_	3	advmod	_	_
3	coming	_	VERB	VBG	_	0	root	_	_
4	out	_	ADP	RP	_	3	compound:prt	_	_
5	.	_	PUNCT	.	_	3	punct	_	_",
and then comes up .,subject,"1	and	_	_	_	_	3	cc	_	_
2	then	_	_	_	_	3	advmod	_	_
3	comes	_	_	_	_	0	root	_	_
4	up	_	_	_	_	3	advmod	_	_
5	.	_	_	_	_	3	punct	_	_","1	and	_	CCONJ	CC	_	3	cc	_	_
2	then	_	ADV	RB	_	3	advmod	_	_
3	comes	_	VERB	VBZ	_	0	root	_	_
4	up	_	ADP	RP	_	3	compound:prt	_	_
5	.	_	PUNCT	.	_	3	punct	_	_",
no right on this hurt .,"subject, verb","1	no	_	_	_	_	5	discourse	_	_
2	right	_	_	_	_	3	advmod	_	_
3	on	_	_	_	_	5	advmod	_	_
4	this	_	_	_	_	5	nsubj	_	_
5	hurt	_	_	_	_	0	root	_	_
6	.	_	_	_	_	5	punct	_	_","1	no	_	DET	DT	_	5	det	_	_
2	right	_	ADV	RB	_	5	advmod	_	_
3	on	_	ADP	IN	_	5	case	_	_
4	this	_	PRON	DT	_	5	det	_	_
5	hurt	_	NOUN	NN	_	0	root	_	_
6	.	_	PUNCT	.	_	5	punct	_	_",
how much people do you think liked them ?,other,"1	how	_	_	_	_	2	advmod	_	_
2	much	_	_	_	_	7	advmod	_	_
3	people	_	_	_	_	6	nsubj	_	_
4	do	_	_	_	_	6	aux	_	_
5	you	_	_	_	_	6	nsubj	_	_
6	think	_	_	_	_	0	root	_	_
7	liked	_	_	_	_	6	ccomp	_	_
8	them	_	_	_	_	7	obj	_	_
9	?	_	_	_	_	6	punct	_	_","1	how	_	ADV	WRB	_	2	advmod	_	_
2	much	_	ADJ	JJ	_	3	amod	_	_
3	people	_	NOUN	NNS	_	7	obj	_	_
4	do	_	AUX	VBP	_	6	aux	_	_
5	you	_	PRON	PRP	_	6	nsubj	_	_
6	think	_	VERB	VB	_	0	root	_	_
7	liked	_	VERB	VBN	_	6	xcomp	_	_
8	them	_	PRON	PRP	_	7	obj	_	_
9	?	_	PUNCT	.	_	6	punct	_	_",
you don't got no bluejeans on .,determiner,"1	you	_	_	_	_	3	nsubj	_	_
2	don't	_	_	_	_	3	aux	_	_
3	got	_	_	_	_	0	root	_	_
4	no	_	_	_	_	5	det	_	_
5	bluejeans	_	_	_	_	3	obj	_	_
6	on	_	_	_	_	3	advmod	_	_
7	.	_	_	_	_	3	punct	_	_","1	you	_	PRON	PRP	_	4	nsubj	_	_
2	do	_	AUX	VBP	_	4	aux	_	_
3	n't	_	PART	RB	_	4	advmod	_	_
4	got	_	VERB	VBN	_	0	root	_	_
5	no	_	DET	DT	_	6	det	_	_
6	bluejeans	_	NOUN	NNS	_	4	obj	_	_
7	on	_	ADP	IN	_	4	advmod	_	_
8	.	_	PUNCT	.	_	4	punct	_	_",
you mean some of the birds had a Thanksgiving .,determiner,"1	you	_	_	_	_	2	nsubj	_	_
2	mean	_	_	_	_	0	root	_	_
3	some	_	_	_	_	7	nsubj	_	_
4	of	_	_	_	_	6	case	_	_
5	the	_	_	_	_	6	det	_	_
6	birds	_	_	_	_	3	nmod	_	_
7	had	_	_	_	_	2	ccomp	_	_
8	a	_	_	_	_	9	det	_	_
9	Thanksgiving	_	_	_	_	7	obj	_	_
10	.	_	_	_	_	2	punct	_	_","1	you	_	PRON	PRP	_	2	nsubj	_	_
2	mean	_	VERB	VBP	_	7	parataxis	_	_
3	some	_	DET	DT	_	7	nsubj	_	_
4	of	_	ADP	IN	_	6	case	_	_
5	the	_	DET	DT	_	6	det	_	_
6	birds	_	NOUN	NNS	_	3	nmod	_	_
7	had	_	VERB	VBD	_	0	root	_	_
8	a	_	DET	DT	_	9	det	_	_
9	Thanksgiving	_	PROPN	NNP	_	7	obj	_	_
10	.	_	PUNCT	.	_	7	punct	_	_",
one bird had a Thanksgiving when he ate our breads .,plural,"1	one	_	_	_	_	2	nummod	_	_
2	bird	_	_	_	_	3	nsubj	_	_
3	had	_	_	_	_	0	root	_	_
4	a	_	_	_	_	5	det	_	_
5	Thanksgiving	_	_	_	_	3	obj	_	_
6	when	_	_	_	_	8	mark	_	_
7	he	_	_	_	_	8	nsubj	_	_
8	ate	_	_	_	_	5	acl:relcl	_	_
9	our	_	_	_	_	10	nmod:poss	_	_
10	breads	_	_	_	_	8	obj	_	_
11	.	_	_	_	_	3	punct	_	_","1	one	_	NUM	CD	_	2	nummod	_	_
2	bird	_	NOUN	NN	_	3	nsubj	_	_
3	had	_	VERB	VBD	_	0	root	_	_
4	a	_	DET	DT	_	5	det	_	_
5	Thanksgiving	_	NOUN	NN	_	3	obj	_	_
6	when	_	ADV	WRB	_	8	advmod	_	_
7	he	_	PRON	PRP	_	8	nsubj	_	_
8	ate	_	VERB	VBD	_	3	advcl	_	_
9	our	_	PRON	PRP$	_	10	nmod:poss	_	_
10	breads	_	NOUN	NNS	_	8	obj	_	_
11	.	_	PUNCT	.	_	3	punct	_	_",
why didn't they pay for Karen and then Karen only goes ?,tense_aspect,"1	why	_	_	_	_	4	advmod	_	_
2	didn't	_	_	_	_	4	aux	_	_
3	they	_	_	_	_	4	nsubj	_	_
4	pay	_	_	_	_	0	root	_	_
5	for	_	_	_	_	6	case	_	_
6	Karen	_	_	_	_	4	obl	_	_
7	and	_	_	_	_	11	cc	_	_
8	then	_	_	_	_	11	advmod	_	_
9	Karen	_	_	_	_	11	nsubj	_	_
10	only	_	_	_	_	11	advmod	_	_
11	goes	_	_	_	_	4	conj	_	_
12	?	_	_	_	_	4	punct	_	_","1	why	_	ADV	WRB	_	5	advmod	_	_
2	did	_	AUX	VBD	_	5	aux	_	_
3	n't	_	PART	RB	_	5	advmod	_	_
4	they	_	PRON	PRP	_	5	nsubj	_	_
5	pay	_	VERB	VB	_	0	root	_	_
6	for	_	ADP	IN	_	7	case	_	_
7	Karen	_	PROPN	NNP	_	5	obl	_	_
8	and	_	CCONJ	CC	_	12	cc	_	_
9	then	_	ADV	RB	_	12	advmod	_	_
10	Karen	_	PROPN	NNP	_	12	nsubj	_	_
11	only	_	ADV	RB	_	12	advmod	_	_
12	goes	_	VERB	VBZ	_	5	conj	_	_
13	?	_	PUNCT	.	_	5	punct	_	_",
Santa gots real magical powers if you look up he'll be up down .,tense_aspect,"1	Santa	_	_	_	_	2	nsubj	_	_
2	gots	_	_	_	_	0	root	_	_
3	real	_	_	_	_	5	amod	_	_
4	magical	_	_	_	_	5	amod	_	_
5	powers	_	_	_	_	2	obj	_	_
6	if	_	_	_	_	8	mark	_	_
7	you	_	_	_	_	8	nsubj	_	_
8	look	_	_	_	_	13	advcl	_	_
9	up	_	_	_	_	8	compound:prt	_	_
10	he'll	_	_	_	_	12	nsubj	_	_
11	be	_	_	_	_	12	cop	_	_
12	up	_	_	_	_	13	advmod	_	_
13	down	_	_	_	_	2	conj	_	_
14	.	_	_	_	_	2	punct	_	_","1	Santa	_	PROPN	NNP	_	2	nsubj	_	_
2	gots	_	VERB	VBZ	_	0	root	_	_
3	real	_	ADJ	JJ	_	5	amod	_	_
4	magical	_	ADJ	JJ	_	5	amod	_	_
5	powers	_	NOUN	NNS	_	2	obj	_	_
6	if	_	SCONJ	IN	_	8	mark	_	_
7	you	_	PRON	PRP	_	8	nsubj	_	_
8	look	_	VERB	VBP	_	13	advcl	_	_
9	up	_	ADP	RP	_	8	compound:prt	_	_
10	he	_	PRON	PRP	_	13	nsubj	_	_
11	'll	_	AUX	MD	_	13	aux	_	_
12	be	_	AUX	VB	_	13	cop	_	_
13	up	_	ADV	RB	_	2	parataxis	_	_
14	down	_	ADP	RP	_	13	advmod	_	_
15	.	_	PUNCT	.	_	2	punct	_	_",
he would just leave not presents for you .,determiner,"1	he	_	_	_	_	4	nsubj	_	_
2	would	_	_	_	_	4	aux	_	_
3	just	_	_	_	_	4	advmod	_	_
4	leave	_	_	_	_	0	root	_	_
5	not	_	_	_	_	6	advmod	_	_
6	presents	_	_	_	_	4	obj	_	_
7	for	_	_	_	_	8	case	_	_
8	you	_	_	_	_	6	nmod	_	_
9	.	_	_	_	_	4	punct	_	_","1	he	_	PRON	PRP	_	4	nsubj	_	_
2	would	_	AUX	MD	_	4	aux	_	_
3	just	_	ADV	RB	_	4	advmod	_	_
4	leave	_	VERB	VB	_	0	root	_	_
5	not	_	PART	RB	_	6	advmod	_	_
6	presents	_	NOUN	NNS	_	4	obj	_	_
7	for	_	ADP	IN	_	8	case	_	_
8	you	_	PRON	PRP	_	4	obl	_	_
9	.	_	PUNCT	.	_	4	punct	_	_",
Mom they pooping ?,auxiliary,"1	Mom	_	_	_	_	3	vocative	_	_
2	they	_	_	_	_	3	nsubj	_	_
3	pooping	_	_	_	_	0	root	_	_
4	?	_	_	_	_	3	punct	_	_","1	Mom	_	NOUN	NN	_	3	nsubj	_	_
2	they	_	PRON	PRP	_	3	nsubj	_	_
3	pooping	_	VERB	VBG	_	0	root	_	_
4	?	_	PUNCT	.	_	3	punct	_	_",
what they are pooping Mom ?,auxiliary,"1	what	_	_	_	_	4	obj	_	_
2	they	_	_	_	_	4	nsubj	_	_
3	are	_	_	_	_	4	aux	_	_
4	pooping	_	_	_	_	0	root	_	_
5	Mom	_	_	_	_	4	vocative	_	_
6	?	_	_	_	_	4	punct	_	_","1	what	_	PRON	WP	_	0	root	_	_
2	they	_	PRON	PRP	_	4	nsubj	_	_
3	are	_	AUX	VBP	_	4	aux	_	_
4	pooping	_	VERB	VBG	_	1	acl:relcl	_	_
5	Mom	_	NOUN	NN	_	4	obj	_	_
6	?	_	PUNCT	.	_	1	punct	_	_",
uhhuh Mom I have a piece okay ?,auxiliary,"1	uhhuh	_	_	_	_	4	discourse	_	_
2	Mom	_	_	_	_	4	vocative	_	_
3	I	_	_	_	_	4	nsubj	_	_
4	have	_	_	_	_	0	root	_	_
5	a	_	_	_	_	6	det	_	_
6	piece	_	_	_	_	4	obj	_	_
7	okay	_	_	_	_	4	discourse	_	_
8	?	_	_	_	_	4	punct	_	_","1	uhhuh	_	INTJ	UH	_	4	discourse	_	_
2	Mom	_	NOUN	NN	_	4	vocative	_	_
3	I	_	PRON	PRP	_	4	nsubj	_	_
4	have	_	VERB	VBP	_	0	root	_	_
5	a	_	DET	DT	_	6	det	_	_
6	piece	_	NOUN	NN	_	4	obj	_	_
7	okay	_	ADJ	JJ	_	6	amod	_	_
8	?	_	PUNCT	.	_	4	punct	_	_",
Mom I have a piece okay ?,auxiliary,"1	Mom	_	_	_	_	3	vocative	_	_
2	I	_	_	_	_	3	nsubj	_	_
3	have	_	_	_	_	0	root	_	_
4	a	_	_	_	_	5	det	_	_
5	piece	_	_	_	_	3	obj	_	_
6	okay	_	_	_	_	3	discourse	_	_
7	?	_	_	_	_	3	punct	_	_","1	Mom	_	NOUN	NN	_	3	vocative	_	_
2	I	_	PRON	PRP	_	3	nsubj	_	_
3	have	_	VERB	VBP	_	0	root	_	_
4	a	_	DET	DT	_	5	det	_	_
5	piece	_	NOUN	NN	_	3	obj	_	_
6	okay	_	ADJ	JJ	_	5	amod	_	_
7	?	_	PUNCT	.	_	3	punct	_	_",
my Daddy told it .,object,"1	my	_	_	_	_	2	nmod:poss	_	_
2	Daddy	_	_	_	_	3	nsubj	_	_
3	told	_	_	_	_	0	root	_	_
4	it	_	_	_	_	3	obj	_	_
5	.	_	_	_	_	3	punct	_	_","1	my	_	PRON	PRP$	_	2	nmod:poss	_	_
2	Daddy	_	PROPN	NNP	_	3	nsubj	_	_
3	told	_	VERB	VBD	_	0	root	_	_
4	it	_	PRON	PRP	_	3	iobj	_	_
5	.	_	PUNCT	.	_	3	punct	_	_",
what's what's why that's meat for tacos ?,auxiliary,"1	what's	_	_	_	_	2	reparandum	_	_
2	what's	_	_	_	_	3	reparandum	_	_
3	why	_	_	_	_	5	advmod	_	_
4	that's	_	_	_	_	5	cop	_	_
5	meat	_	_	_	_	0	root	_	_
6	for	_	_	_	_	7	case	_	_
7	tacos	_	_	_	_	5	nmod	_	_
8	?	_	_	_	_	2	punct	_	_","1	what	_	PRON	WP	_	3	nsubj	_	_
2	's	_	AUX	VBZ	_	3	cop	_	_
3	what	_	PRON	WP	_	0	root	_	_
4	's	_	AUX	VBZ	_	5	cop	_	_
5	why	_	ADV	WRB	_	3	advmod	_	_
6	that	_	PRON	DT	_	8	nsubj	_	_
7	's	_	AUX	VBZ	_	8	cop	_	_
8	meat	_	NOUN	NN	_	5	advcl:relcl	_	_
9	for	_	ADP	IN	_	10	case	_	_
10	tacos	_	NOUN	NNS	_	8	obl	_	_
11	?	_	PUNCT	.	_	3	punct	_	_",
Mom why that's meat for tacos ?,auxiliary,"1	Mom	_	_	_	_	4	vocative	_	_
2	why	_	_	_	_	4	advmod	_	_
3	that's	_	_	_	_	4	cop	_	_
4	meat	_	_	_	_	0	root	_	_
5	for	_	_	_	_	6	case	_	_
6	tacos	_	_	_	_	4	nmod	_	_
7	?	_	_	_	_	4	punct	_	_","1	Mom	_	NOUN	NN	_	5	vocative	_	_
2	why	_	ADV	WRB	_	5	advmod	_	_
3	that	_	PRON	DT	_	5	nsubj	_	_
4	's	_	AUX	VBZ	_	5	cop	_	_
5	meat	_	NOUN	NN	_	0	root	_	_
6	for	_	ADP	IN	_	7	case	_	_
7	tacos	_	NOUN	NNS	_	5	nmod	_	_
8	?	_	PUNCT	.	_	5	punct	_	_",
I don't want a woodpecker peck on me .,tense_aspect,"1	I	_	_	_	_	3	nsubj	_	_
2	don't	_	_	_	_	3	aux	_	_
3	want	_	_	_	_	0	root	_	_
4	a	_	_	_	_	5	det	_	_
5	woodpecker	_	_	_	_	6	nsubj	_	_
6	peck	_	_	_	_	3	xcomp	_	_
7	on	_	_	_	_	8	case	_	_
8	me	_	_	_	_	6	obl	_	_
9	.	_	_	_	_	3	punct	_	_","1	I	_	PRON	PRP	_	4	nsubj	_	_
2	do	_	AUX	VBP	_	4	aux	_	_
3	n't	_	PART	RB	_	4	advmod	_	_
4	want	_	VERB	VB	_	0	root	_	_
5	a	_	DET	DT	_	7	det	_	_
6	woodpecker	_	NOUN	NN	_	7	compound	_	_
7	peck	_	NOUN	NN	_	4	obj	_	_
8	on	_	ADP	IN	_	9	case	_	_
9	me	_	PRON	PRP	_	4	obl	_	_
10	.	_	PUNCT	.	_	4	punct	_	_",
uhhuh and then I can't walk when them peck holes on me .,verb,"1	uhhuh	_	_	_	_	6	discourse	_	_
2	and	_	_	_	_	6	cc	_	_
3	then	_	_	_	_	6	advmod	_	_
4	I	_	_	_	_	6	nsubj	_	_
5	can't	_	_	_	_	6	aux	_	_
6	walk	_	_	_	_	0	root	_	_
7	when	_	_	_	_	9	mark	_	_
8	them	_	_	_	_	9	nsubj	_	_
9	peck	_	_	_	_	6	advcl	_	_
10	holes	_	_	_	_	9	obj	_	_
11	on	_	_	_	_	12	case	_	_
12	me	_	_	_	_	9	obl	_	_
13	.	_	_	_	_	6	punct	_	_","1	uhhuh	_	INTJ	UH	_	7	discourse	_	_
2	and	_	CCONJ	CC	_	7	cc	_	_
3	then	_	ADV	RB	_	7	advmod	_	_
4	I	_	PRON	PRP	_	7	nsubj	_	_
5	ca	_	AUX	MD	_	7	aux	_	_
6	n't	_	PART	RB	_	7	advmod	_	_
7	walk	_	VERB	VB	_	0	root	_	_
8	when	_	ADV	WRB	_	10	advmod	_	_
9	them	_	PRON	PRP	_	10	nsubj	_	_
10	peck	_	VERB	VBP	_	7	advcl	_	_
11	holes	_	NOUN	NNS	_	10	obj	_	_
12	on	_	ADP	IN	_	13	case	_	_
13	me	_	PRON	PRP	_	10	obl	_	_
14	.	_	PUNCT	.	_	7	punct	_	_",
hunhunh and then I can't walk when them peck holes on me .,verb,"1	hunhunh	_	_	_	_	6	discourse	_	_
2	and	_	_	_	_	6	cc	_	_
3	then	_	_	_	_	6	advmod	_	_
4	I	_	_	_	_	6	nsubj	_	_
5	can't	_	_	_	_	6	aux	_	_
6	walk	_	_	_	_	0	root	_	_
7	when	_	_	_	_	9	mark	_	_
8	them	_	_	_	_	9	nsubj	_	_
9	peck	_	_	_	_	6	advcl	_	_
10	holes	_	_	_	_	9	obj	_	_
11	on	_	_	_	_	12	case	_	_
12	me	_	_	_	_	9	obl	_	_
13	.	_	_	_	_	6	punct	_	_","1	hunhunh	_	INTJ	UH	_	7	discourse	_	_
2	and	_	CCONJ	CC	_	7	cc	_	_
3	then	_	ADV	RB	_	7	advmod	_	_
4	I	_	PRON	PRP	_	7	nsubj	_	_
5	ca	_	AUX	MD	_	7	aux	_	_
6	n't	_	PART	RB	_	7	advmod	_	_
7	walk	_	VERB	VB	_	0	root	_	_
8	when	_	ADV	WRB	_	10	advmod	_	_
9	them	_	PRON	PRP	_	10	nsubj	_	_
10	peck	_	VERB	VBP	_	7	advcl	_	_
11	holes	_	NOUN	NNS	_	10	obj	_	_
12	on	_	ADP	IN	_	13	case	_	_
13	me	_	PRON	PRP	_	10	obl	_	_
14	.	_	PUNCT	.	_	7	punct	_	_",
I I blowed that Mommy .,tense_aspect,"1	I	_	_	_	_	2	reparandum	_	_
2	I	_	_	_	_	3	nsubj	_	_
3	blowed	_	_	_	_	0	root	_	_
4	that	_	_	_	_	3	obj	_	_
5	Mommy	_	_	_	_	3	vocative	_	_
6	.	_	_	_	_	3	punct	_	_","1	I	_	PRON	PRP	_	3	nsubj	_	_
2	I	_	PRON	PRP	_	3	nsubj	_	_
3	blowed	_	VERB	VBD	_	0	root	_	_
4	that	_	DET	DT	_	5	det	_	_
5	Mommy	_	PROPN	NNP	_	3	obj	_	_
6	.	_	PUNCT	.	_	3	punct	_	_",
the the sugar I blowed the sugar Mom .,tense_aspect,"1	the	_	_	_	_	2	reparandum	_	_
2	the	_	_	_	_	3	det	_	_
3	sugar	_	_	_	_	0	root	_	_
4	I	_	_	_	_	5	nsubj	_	_
5	blowed	_	_	_	_	3	parataxis	_	_
6	the	_	_	_	_	7	det	_	_
7	sugar	_	_	_	_	5	obj	_	_
8	Mom	_	_	_	_	5	vocative	_	_
9	.	_	_	_	_	3	punct	_	_","1	the	_	DET	DT	_	3	det	_	_
2	the	_	DET	DT	_	3	det	_	_
3	sugar	_	NOUN	NN	_	5	nsubj	_	_
4	I	_	PRON	PRP	_	5	nsubj	_	_
5	blowed	_	VERB	VBD	_	0	root	_	_
6	the	_	DET	DT	_	8	det	_	_
7	sugar	_	NOUN	NN	_	8	compound	_	_
8	Mom	_	NOUN	NN	_	5	obj	_	_
9	.	_	PUNCT	.	_	5	punct	_	_",
why that's yellow Mom ?,auxiliary,"1	why	_	_	_	_	3	advmod	_	_
2	that's	_	_	_	_	3	cop	_	_
3	yellow	_	_	_	_	0	root	_	_
4	Mom	_	_	_	_	3	vocative	_	_
5	?	_	_	_	_	3	punct	_	_","1	why	_	ADV	WRB	_	5	advmod	_	_
2	that	_	PRON	DT	_	5	nsubj	_	_
3	's	_	AUX	VBZ	_	5	cop	_	_
4	yellow	_	ADJ	JJ	_	5	amod	_	_
5	Mom	_	NOUN	NN	_	0	root	_	_
6	?	_	PUNCT	.	_	5	punct	_	_",
a e what's two letters ?,determiner,"1	a	_	_	_	_	0	root	_	_
2	e	_	_	_	_	1	conj	_	_
3	what's	_	_	_	_	1	parataxis	_	_
4	two	_	_	_	_	5	nummod	_	_
5	letters	_	_	_	_	3	nsubj	_	_
6	?	_	_	_	_	1	punct	_	_","1	a	_	DET	DT	_	2	det	_	_
2	e	_	NOUN	NN	_	0	root	_	_
3	what	_	PRON	WP	_	6	nsubj	_	_
4	's	_	AUX	VBZ	_	6	cop	_	_
5	two	_	NUM	CD	_	6	nummod	_	_
6	letters	_	NOUN	NNS	_	2	acl:relcl	_	_
7	?	_	PUNCT	.	_	2	punct	_	_",
Mommy when you're through with .,object,"1	Mommy	_	_	_	_	4	vocative	_	_
2	when	_	_	_	_	4	mark	_	_
3	you're	_	_	_	_	4	nsubj	_	_
4	through	_	_	_	_	0	root	_	_
5	with	_	_	_	_	4	obl	_	_
6	.	_	_	_	_	4	punct	_	_","1	Mommy	_	PROPN	NNP	_	0	root	_	_
2	when	_	ADV	WRB	_	5	advmod	_	_
3	you	_	PRON	PRP	_	5	nsubj	_	_
4	're	_	AUX	VBP	_	5	cop	_	_
5	through	_	ADP	IN	_	1	advcl	_	_
6	with	_	ADP	IN	_	5	obl	_	_
7	.	_	PUNCT	.	_	1	punct	_	_",
why that's cut all cut up ?,other,"1	why	_	_	_	_	5	advmod	_	_
2	that's	_	_	_	_	5	nsubj	_	_
3	cut	_	_	_	_	5	reparandum	_	_
4	all	_	_	_	_	5	advmod	_	_
5	cut	_	_	_	_	0	root	_	_
6	up	_	_	_	_	5	compound:prt	_	_
7	?	_	_	_	_	5	punct	_	_","1	why	_	ADV	WRB	_	4	advmod	_	_
2	that	_	PRON	DT	_	4	nsubj:pass	_	_
3	's	_	AUX	VBZ	_	4	aux:pass	_	_
4	cut	_	VERB	VBN	_	0	root	_	_
5	all	_	DET	DT	_	4	obj	_	_
6	cut	_	VERB	VBN	_	4	xcomp	_	_
7	up	_	ADP	RP	_	6	compound:prt	_	_
8	?	_	PUNCT	.	_	4	punct	_	_",
when you through with that I have a lick of bowl that bowl ?,"verb, auxiliary, determiner","1	when	_	_	_	_	3	mark	_	_
2	you	_	_	_	_	3	nsubj	_	_
3	through	_	_	_	_	7	advcl	_	_
4	with	_	_	_	_	5	case	_	_
5	that	_	_	_	_	3	obl	_	_
6	I	_	_	_	_	7	nsubj	_	_
7	have	_	_	_	_	0	root	_	_
8	a	_	_	_	_	9	det	_	_
9	lick	_	_	_	_	7	obj	_	_
10	of	_	_	_	_	11	case	_	_
11	bowl	_	_	_	_	9	nmod	_	_
12	that	_	_	_	_	13	det	_	_
13	bowl	_	_	_	_	9	parataxis	_	_
14	?	_	_	_	_	7	punct	_	_","1	when	_	ADV	WRB	_	3	advmod	_	_
2	you	_	PRON	PRP	_	3	nsubj	_	_
3	through	_	ADP	RP	_	7	advcl	_	_
4	with	_	ADP	IN	_	7	mark	_	_
5	that	_	SCONJ	IN	_	7	mark	_	_
6	I	_	PRON	PRP	_	7	nsubj	_	_
7	have	_	VERB	VBP	_	0	root	_	_
8	a	_	DET	DT	_	9	det	_	_
9	lick	_	NOUN	NN	_	7	obj	_	_
10	of	_	ADP	IN	_	11	case	_	_
11	bowl	_	NOUN	NN	_	9	nmod	_	_
12	that	_	DET	DT	_	13	det	_	_
13	bowl	_	NOUN	NN	_	9	nmod:unmarked	_	_
14	?	_	PUNCT	.	_	7	punct	_	_",
I lick one little piece okay ?,auxiliary,"1	I	_	_	_	_	2	nsubj	_	_
2	lick	_	_	_	_	0	root	_	_
3	one	_	_	_	_	5	nummod	_	_
4	little	_	_	_	_	5	amod	_	_
5	piece	_	_	_	_	2	obj	_	_
6	okay	_	_	_	_	2	discourse	_	_
7	?	_	_	_	_	2	punct	_	_","1	I	_	PRON	PRP	_	2	nsubj	_	_
2	lick	_	VERB	VBP	_	0	root	_	_
3	one	_	NUM	CD	_	5	nummod	_	_
4	little	_	ADJ	JJ	_	5	amod	_	_
5	piece	_	NOUN	NN	_	2	obj	_	_
6	okay	_	ADJ	JJ	_	2	xcomp	_	_
7	?	_	PUNCT	.	_	2	punct	_	_",
Mommy I have one little another lick please .,auxiliary,"1	Mommy	_	_	_	_	3	vocative	_	_
2	I	_	_	_	_	3	nsubj	_	_
3	have	_	_	_	_	0	root	_	_
4	one	_	_	_	_	5	nummod	_	_
5	little	_	_	_	_	3	obj	_	_
6	another	_	_	_	_	7	det	_	_
7	lick	_	_	_	_	3	parataxis	_	_
8	please	_	_	_	_	3	discourse	_	_
9	.	_	_	_	_	3	punct	_	_","1	Mommy	_	PROPN	NNP	_	3	vocative	_	_
2	I	_	PRON	PRP	_	3	nsubj	_	_
3	have	_	VERB	VBP	_	0	root	_	_
4	one	_	NUM	CD	_	5	nummod	_	_
5	little	_	ADJ	JJ	_	7	amod	_	_
6	another	_	DET	DT	_	7	det	_	_
7	lick	_	NOUN	NN	_	3	obj	_	_
8	please	_	INTJ	UH	_	3	discourse	_	_
9	.	_	PUNCT	.	_	3	punct	_	_",
not me either I will not fit in the pan .,other,"1	not	_	_	_	_	2	advmod	_	_
2	me	_	_	_	_	0	root	_	_
3	either	_	_	_	_	2	advmod	_	_
4	I	_	_	_	_	7	nsubj	_	_
5	will	_	_	_	_	7	aux	_	_
6	not	_	_	_	_	7	advmod	_	_
7	fit	_	_	_	_	2	parataxis	_	_
8	in	_	_	_	_	10	case	_	_
9	the	_	_	_	_	10	det	_	_
10	pan	_	_	_	_	7	obl	_	_
11	.	_	_	_	_	2	punct	_	_","1	not	_	PART	RB	_	2	advmod	_	_
2	me	_	PRON	PRP	_	0	root	_	_
3	either	_	CCONJ	CC	_	7	cc:preconj	_	_
4	I	_	PRON	PRP	_	7	nsubj	_	_
5	will	_	AUX	MD	_	7	aux	_	_
6	not	_	PART	RB	_	7	advmod	_	_
7	fit	_	VERB	VB	_	2	parataxis	_	_
8	in	_	ADP	IN	_	10	case	_	_
9	the	_	DET	DT	_	10	det	_	_
10	pan	_	NOUN	NN	_	7	obl	_	_
11	.	_	PUNCT	.	_	2	punct	_	_",
hunhunh I have one more little taste Mom ?,auxiliary,"1	hunhunh	_	_	_	_	3	discourse	_	_
2	I	_	_	_	_	3	nsubj	_	_
3	have	_	_	_	_	0	root	_	_
4	one	_	_	_	_	7	nummod	_	_
5	more	_	_	_	_	7	amod	_	_
6	little	_	_	_	_	7	amod	_	_
7	taste	_	_	_	_	3	obj	_	_
8	Mom	_	_	_	_	3	vocative	_	_
9	?	_	_	_	_	3	punct	_	_","1	hunhunh	_	INTJ	UH	_	3	discourse	_	_
2	I	_	PRON	PRP	_	3	nsubj	_	_
3	have	_	VERB	VBP	_	0	root	_	_
4	one	_	NUM	CD	_	7	nummod	_	_
5	more	_	ADJ	JJR	_	7	amod	_	_
6	little	_	ADJ	JJ	_	7	amod	_	_
7	taste	_	NOUN	NN	_	3	obj	_	_
8	Mom	_	NOUN	NN	_	7	appos	_	_
9	?	_	PUNCT	.	_	3	punct	_	_",
I have a big taste Mom ?,auxiliary,"1	I	_	_	_	_	2	nsubj	_	_
2	have	_	_	_	_	0	root	_	_
3	a	_	_	_	_	5	det	_	_
4	big	_	_	_	_	5	amod	_	_
5	taste	_	_	_	_	2	obj	_	_
6	Mom	_	_	_	_	2	vocative	_	_
7	?	_	_	_	_	2	punct	_	_","1	I	_	PRON	PRP	_	2	nsubj	_	_
2	have	_	VERB	VBP	_	0	root	_	_
3	a	_	DET	DT	_	5	det	_	_
4	big	_	ADJ	JJ	_	5	amod	_	_
5	taste	_	NOUN	NN	_	2	obj	_	_
6	Mom	_	NOUN	NN	_	5	appos	_	_
7	?	_	PUNCT	.	_	2	punct	_	_",
uhuh uhuh I eat a real tiny one like yours .,auxiliary,"1	uhuh	_	_	_	_	4	discourse	_	_
2	uhuh	_	_	_	_	1	flat	_	_
3	I	_	_	_	_	4	nsubj	_	_
4	eat	_	_	_	_	0	root	_	_
5	a	_	_	_	_	8	det	_	_
6	real	_	_	_	_	7	advmod	_	_
7	tiny	_	_	_	_	8	amod	_	_
8	one	_	_	_	_	4	obj	_	_
9	like	_	_	_	_	10	case	_	_
10	yours	_	_	_	_	8	nmod	_	_
11	.	_	_	_	_	4	punct	_	_","1	uhuh	_	INTJ	UH	_	4	discourse	_	_
2	uhuh	_	INTJ	UH	_	4	discourse	_	_
3	I	_	PRON	PRP	_	4	nsubj	_	_
4	eat	_	VERB	VBP	_	0	root	_	_
5	a	_	DET	DT	_	8	det	_	_
6	real	_	ADJ	JJ	_	8	amod	_	_
7	tiny	_	ADJ	JJ	_	8	amod	_	_
8	one	_	NOUN	NN	_	4	obj	_	_
9	like	_	ADP	IN	_	10	case	_	_
10	yours	_	PRON	PRP	_	8	nmod	_	_
11	.	_	PUNCT	.	_	4	punct	_	_",
Daddy what we watch Daddy .,auxiliary,"1	Daddy	_	_	_	_	4	vocative	_	_
2	what	_	_	_	_	4	obj	_	_
3	we	_	_	_	_	4	nsubj	_	_
4	watch	_	_	_	_	0	root	_	_
5	Daddy	_	_	_	_	4	vocative	_	_
6	.	_	_	_	_	4	punct	_	_","1	Daddy	_	PROPN	NNP	_	0	root	_	_
2	what	_	PRON	WP	_	1	obj	_	_
3	we	_	PRON	PRP	_	4	nsubj	_	_
4	watch	_	VERB	VBP	_	2	acl:relcl	_	_
5	Daddy	_	PROPN	NNP	_	4	obj	_	_
6	.	_	PUNCT	.	_	1	punct	_	_",
Daddy soon that's a be gone .,"auxiliary, determiner","1	Daddy	_	_	_	_	6	vocative	_	_
2	soon	_	_	_	_	6	advmod	_	_
3	that's	_	_	_	_	6	aux	_	_
4	a	_	_	_	_	6	aux	_	_
5	be	_	_	_	_	6	cop	_	_
6	gone	_	_	_	_	0	root	_	_
7	.	_	_	_	_	6	punct	_	_","1	Daddy	_	PROPN	NNP	_	7	vocative	_	_
2	soon	_	ADV	RB	_	7	advmod	_	_
3	that	_	PRON	DT	_	7	nsubj	_	_
4	's	_	AUX	VBZ	_	7	cop	_	_
5	a	_	DET	DT	_	7	det	_	_
6	be	_	AUX	VB	_	7	cop	_	_
7	gone	_	ADJ	JJ	_	0	root	_	_
8	.	_	PUNCT	.	_	7	punct	_	_",
uhhuh I I don't want you eat them all .,tense_aspect,"1	uhhuh	_	_	_	_	5	discourse	_	_
2	I	_	_	_	_	3	reparandum	_	_
3	I	_	_	_	_	5	nsubj	_	_
4	don't	_	_	_	_	5	aux	_	_
5	want	_	_	_	_	0	root	_	_
6	you	_	_	_	_	5	obj	_	_
7	eat	_	_	_	_	5	xcomp	_	_
8	them	_	_	_	_	7	obj	_	_
9	all	_	_	_	_	8	det	_	_
10	.	_	_	_	_	5	punct	_	_","1	uhhuh	_	INTJ	UH	_	6	discourse	_	_
2	I	_	PRON	PRP	_	6	reparandum	_	_
3	I	_	PRON	PRP	_	6	nsubj	_	_
4	do	_	AUX	VBP	_	6	aux	_	_
5	n't	_	PART	RB	_	6	advmod	_	_
6	want	_	VERB	VB	_	0	root	_	_
7	you	_	PRON	PRP	_	6	obj	_	_
8	eat	_	VERB	VB	_	6	xcomp	_	_
9	them	_	PRON	PRP	_	8	obj	_	_
10	all	_	DET	DT	_	8	advmod	_	_
11	.	_	PUNCT	.	_	6	punct	_	_",
baby horse .,determiner,"1	baby	_	_	_	_	2	amod	_	_
2	horse	_	_	_	_	0	root	_	_
3	.	_	_	_	_	2	punct	_	_","1	baby	_	NOUN	NN	_	2	compound	_	_
2	horse	_	NOUN	NN	_	0	root	_	_
3	.	_	PUNCT	.	_	2	punct	_	_",
and they bring they bring me blockses .,tense_aspect,"1	and	_	_	_	_	5	cc	_	_
2	they	_	_	_	_	3	nsubj	_	_
3	bring	_	_	_	_	5	reparandum	_	_
4	they	_	_	_	_	5	nsubj	_	_
5	bring	_	_	_	_	0	root	_	_
6	me	_	_	_	_	5	iobj	_	_
7	blockses	_	_	_	_	5	obj	_	_
8	.	_	_	_	_	5	punct	_	_","1	and	_	CCONJ	CC	_	3	cc	_	_
2	they	_	PRON	PRP	_	3	nsubj	_	_
3	bring	_	VERB	VBP	_	0	root	_	_
4	they	_	PRON	PRP	_	5	nsubj	_	_
5	bring	_	VERB	VBP	_	3	ccomp	_	_
6	me	_	PRON	PRP	_	5	iobj	_	_
7	blockses	_	NOUN	NNS	_	5	obj	_	_
8	.	_	PUNCT	.	_	3	punct	_	_",
Spidey don't have no more money .,"sv_agreement, determiner","1	Spidey	_	_	_	_	3	nsubj	_	_
2	don't	_	_	_	_	3	advmod	_	_
3	have	_	_	_	_	0	root	_	_
4	no	_	_	_	_	6	det	_	_
5	more	_	_	_	_	6	amod	_	_
6	money	_	_	_	_	3	obj	_	_
7	.	_	_	_	_	3	punct	_	_","1	Spidey	_	PROPN	NNP	_	4	nsubj	_	_
2	do	_	AUX	VBP	_	4	aux	_	_
3	n't	_	PART	RB	_	4	advmod	_	_
4	have	_	VERB	VB	_	0	root	_	_
5	no	_	DET	DT	_	7	det	_	_
6	more	_	ADJ	JJR	_	7	amod	_	_
7	money	_	NOUN	NN	_	4	obj	_	_
8	.	_	PUNCT	.	_	4	punct	_	_",
the Hulk don't like chocolate .,sv_agreement,"1	the	_	_	_	_	2	det	_	_
2	Hulk	_	_	_	_	4	nsubj	_	_
3	don't	_	_	_	_	4	aux	_	_
4	like	_	_	_	_	0	root	_	_
5	chocolate	_	_	_	_	4	obj	_	_
6	.	_	_	_	_	4	punct	_	_","1	the	_	DET	DT	_	2	det	_	_
2	Hulk	_	PROPN	NNP	_	5	nsubj	_	_
3	do	_	AUX	VBP	_	5	aux	_	_
4	n't	_	PART	RB	_	5	advmod	_	_
5	like	_	VERB	VB	_	0	root	_	_
6	chocolate	_	NOUN	NN	_	5	obj	_	_
7	.	_	PUNCT	.	_	5	punct	_	_",
ghostses and Snoopy is my friend .,sv_agreement,"1	ghostses	_	_	_	_	0	root	_	_
2	and	_	_	_	_	6	cc	_	_
3	Snoopy	_	_	_	_	6	nsubj	_	_
4	is	_	_	_	_	6	cop	_	_
5	my	_	_	_	_	6	nmod:poss	_	_
6	friend	_	_	_	_	1	conj	_	_
7	.	_	_	_	_	1	punct	_	_","1	ghostses	_	PROPN	NNPS	_	6	nsubj	_	_
2	and	_	CCONJ	CC	_	3	cc	_	_
3	Snoopy	_	PROPN	NNP	_	1	conj	_	_
4	is	_	AUX	VBZ	_	6	cop	_	_
5	my	_	PRON	PRP$	_	6	nmod:poss	_	_
6	friend	_	NOUN	NN	_	0	root	_	_
7	.	_	PUNCT	.	_	6	punct	_	_",
go get dollar .,determiner,"1	go	_	_	_	_	0	root	_	_
2	get	_	_	_	_	1	compound	_	_
3	dollar	_	_	_	_	2	obj	_	_
4	.	_	_	_	_	1	punct	_	_","1	go	_	VERB	VB	_	0	root	_	_
2	get	_	VERB	VB	_	1	xcomp	_	_
3	dollar	_	NOUN	NN	_	2	obj	_	_
4	.	_	PUNCT	.	_	1	punct	_	_",
go put in mouth .,determiner,"1	go	_	_	_	_	0	root	_	_
2	put	_	_	_	_	1	compound	_	_
3	in	_	_	_	_	4	case	_	_
4	mouth	_	_	_	_	2	obl	_	_
5	.	_	_	_	_	1	punct	_	_","1	go	_	VERB	VB	_	0	root	_	_
2	put	_	VERB	VBN	_	1	xcomp	_	_
3	in	_	ADP	IN	_	4	case	_	_
4	mouth	_	NOUN	NN	_	2	obl	_	_
5	.	_	PUNCT	.	_	1	punct	_	_",
he was getting up and see Marky Rossy .,tense_aspect,"1	he	_	_	_	_	3	nsubj	_	_
2	was	_	_	_	_	3	aux	_	_
3	getting	_	_	_	_	0	root	_	_
4	up	_	_	_	_	3	advmod	_	_
5	and	_	_	_	_	6	cc	_	_
6	see	_	_	_	_	3	conj	_	_
7	Marky	_	_	_	_	6	obj	_	_
8	Rossy	_	_	_	_	7	flat	_	_
9	.	_	_	_	_	3	punct	_	_","1	he	_	PRON	PRP	_	3	nsubj	_	_
2	was	_	AUX	VBD	_	3	aux	_	_
3	getting	_	VERB	VBG	_	0	root	_	_
4	up	_	ADP	RP	_	3	compound:prt	_	_
5	and	_	CCONJ	CC	_	6	cc	_	_
6	see	_	VERB	VB	_	3	conj	_	_
7	Marky	_	PROPN	NNP	_	6	obj	_	_
8	Rossy	_	PROPN	NNP	_	7	flat	_	_
9	.	_	PUNCT	.	_	3	punct	_	_",
I don't broke it in two bits I broke it in one bit .,auxiliary,"1	I	_	_	_	_	3	nsubj	_	_
2	don't	_	_	_	_	3	aux	_	_
3	broke	_	_	_	_	0	root	_	_
4	it	_	_	_	_	3	obj	_	_
5	in	_	_	_	_	7	case	_	_
6	two	_	_	_	_	7	nummod	_	_
7	bits	_	_	_	_	3	obl	_	_
8	I	_	_	_	_	9	nsubj	_	_
9	broke	_	_	_	_	3	parataxis	_	_
10	it	_	_	_	_	9	obj	_	_
11	in	_	_	_	_	13	case	_	_
12	one	_	_	_	_	13	nummod	_	_
13	bit	_	_	_	_	9	obl	_	_
14	.	_	_	_	_	3	punct	_	_","1	I	_	PRON	PRP	_	4	nsubj	_	_
2	do	_	AUX	VBP	_	4	aux	_	_
3	n't	_	PART	RB	_	4	advmod	_	_
4	broke	_	VERB	VBN	_	0	root	_	_
5	it	_	PRON	PRP	_	4	obj	_	_
6	in	_	ADP	IN	_	8	case	_	_
7	two	_	NUM	CD	_	8	nummod	_	_
8	bits	_	NOUN	NNS	_	4	obl	_	_
9	I	_	PRON	PRP	_	10	nsubj	_	_
10	broke	_	VERB	VBD	_	4	parataxis	_	_
11	it	_	PRON	PRP	_	10	obj	_	_
12	in	_	ADP	IN	_	14	case	_	_
13	one	_	NUM	CD	_	14	nummod	_	_
14	bit	_	NOUN	NN	_	10	obl	_	_
15	.	_	PUNCT	.	_	4	punct	_	_",
I told Mrs Mitchell the Great Pumpkin and Charlie Brown .,preposition,"1	I	_	_	_	_	2	nsubj	_	_
2	told	_	_	_	_	0	root	_	_
3	Mrs	_	_	_	_	2	iobj	_	_
4	Mitchell	_	_	_	_	3	flat	_	_
5	the	_	_	_	_	7	det	_	_
6	Great	_	_	_	_	7	amod	_	_
7	Pumpkin	_	_	_	_	2	obj	_	_
8	and	_	_	_	_	9	cc	_	_
9	Charlie	_	_	_	_	7	conj	_	_
10	Brown	_	_	_	_	9	flat	_	_
11	.	_	_	_	_	2	punct	_	_","1	I	_	PRON	PRP	_	2	nsubj	_	_
2	told	_	VERB	VBD	_	0	root	_	_
3	Mrs	_	PROPN	NNP	_	2	iobj	_	_
4	Mitchell	_	PROPN	NNP	_	3	flat	_	_
5	the	_	DET	DT	_	7	det	_	_
6	Great	_	ADJ	NNP	_	7	amod	_	_
7	Pumpkin	_	PROPN	NNP	_	3	appos	_	_
8	and	_	CCONJ	CC	_	9	cc	_	_
9	Charlie	_	PROPN	NNP	_	7	conj	_	_
10	Brown	_	PROPN	NNP	_	9	flat	_	_
11	.	_	PUNCT	.	_	2	punct	_	_",
I got elephants and Marky got elephants on .,preposition,"1	I	_	_	_	_	2	nsubj	_	_
2	got	_	_	_	_	0	root	_	_
3	elephants	_	_	_	_	2	obj	_	_
4	and	_	_	_	_	6	cc	_	_
5	Marky	_	_	_	_	6	nsubj	_	_
6	got	_	_	_	_	2	conj	_	_
7	elephants	_	_	_	_	6	obj	_	_
8	on	_	_	_	_	6	advmod	_	_
9	.	_	_	_	_	2	punct	_	_","1	I	_	PRON	PRP	_	2	nsubj	_	_
2	got	_	VERB	VBD	_	0	root	_	_
3	elephants	_	NOUN	NNS	_	2	obj	_	_
4	and	_	CCONJ	CC	_	6	cc	_	_
5	Marky	_	PROPN	NNP	_	6	nsubj	_	_
6	got	_	VERB	VBD	_	2	conj	_	_
7	elephants	_	NOUN	NNS	_	6	obj	_	_
8	on	_	ADP	IN	_	6	compound:prt	_	_
9	.	_	PUNCT	.	_	2	punct	_	_",
but I'm to my home .,verb,"1	but	_	_	_	_	5	cc	_	_
2	I'm	_	_	_	_	5	cop	_	_
3	to	_	_	_	_	5	case	_	_
4	my	_	_	_	_	5	nmod:poss	_	_
5	home	_	_	_	_	0	root	_	_
6	.	_	_	_	_	5	punct	_	_","1	but	_	CCONJ	CC	_	6	cc	_	_
2	I	_	PRON	PRP	_	6	nsubj	_	_
3	'm	_	AUX	VBP	_	6	cop	_	_
4	to	_	ADP	IN	_	6	case	_	_
5	my	_	PRON	PRP$	_	6	nmod:poss	_	_
6	home	_	NOUN	NN	_	0	root	_	_
7	.	_	PUNCT	.	_	6	punct	_	_",
no that pumpkin don't wanna be a .,"sv_agreement, object","1	no	_	_	_	_	5	discourse	_	_
2	that	_	_	_	_	3	det	_	_
3	pumpkin	_	_	_	_	5	nsubj	_	_
4	don't	_	_	_	_	5	aux	_	_
5	wanna	_	_	_	_	0	root	_	_
6	be	_	_	_	_	7	cop	_	_
7	a	_	_	_	_	5	xcomp	_	_
8	.	_	_	_	_	5	punct	_	_","1	no	_	INTJ	UH	_	6	discourse	_	_
2	that	_	SCONJ	IN	_	6	mark	_	_
3	pumpkin	_	NOUN	NN	_	6	nsubj	_	_
4	do	_	AUX	VBP	_	6	aux	_	_
5	n't	_	PART	RB	_	6	advmod	_	_
6	wan	_	VERB	VB	_	0	root	_	_
7	na	_	PART	TO	_	9	mark	_	_
8	be	_	AUX	VB	_	9	cop	_	_
9	a	_	DET	DT	_	6	xcomp	_	_
10	.	_	PUNCT	.	_	6	punct	_	_",
no that pumpkin wanna be a little jack o lantern .,sv_agreement,"1	no	_	_	_	_	4	discourse	_	_
2	that	_	_	_	_	3	det	_	_
3	pumpkin	_	_	_	_	4	nsubj	_	_
4	wanna	_	_	_	_	0	root	_	_
5	be	_	_	_	_	8	cop	_	_
6	a	_	_	_	_	8	det	_	_
7	little	_	_	_	_	8	amod	_	_
8	jack	_	_	_	_	4	xcomp	_	_
9	o	_	_	_	_	10	case	_	_
10	lantern	_	_	_	_	8	nmod	_	_
11	.	_	_	_	_	4	punct	_	_","1	no	_	INTJ	UH	_	4	discourse	_	_
2	that	_	SCONJ	IN	_	4	mark	_	_
3	pumpkin	_	NOUN	NN	_	4	nsubj	_	_
4	wan	_	VERB	VBP	_	0	root	_	_
5	na	_	PART	TO	_	9	mark	_	_
6	be	_	AUX	VB	_	9	cop	_	_
7	a	_	DET	DT	_	9	det	_	_
8	little	_	ADJ	JJ	_	9	amod	_	_
9	jack	_	NOUN	NN	_	4	xcomp	_	_
10	o	_	ADP	IN	_	11	case	_	_
11	lantern	_	NOUN	NN	_	9	nmod	_	_
12	.	_	PUNCT	.	_	4	punct	_	_",
oops where my hands gone ?,"auxiliary, verb","1	oops	_	_	_	_	5	discourse	_	_
2	where	_	_	_	_	5	advmod	_	_
3	my	_	_	_	_	4	nmod:poss	_	_
4	hands	_	_	_	_	5	nsubj	_	_
5	gone	_	_	_	_	0	root	_	_
6	?	_	_	_	_	5	punct	_	_","1	oops	_	VERB	VBZ	_	0	root	_	_
2	where	_	ADV	WRB	_	1	obj	_	_
3	my	_	PRON	PRP$	_	4	nmod:poss	_	_
4	hands	_	NOUN	NNS	_	5	nsubj	_	_
5	gone	_	VERB	VBD	_	2	advcl:relcl	_	_
6	?	_	PUNCT	.	_	1	punct	_	_",
Mummy ate it all myself .,other,"1	Mummy	_	_	_	_	2	nsubj	_	_
2	ate	_	_	_	_	0	root	_	_
3	it	_	_	_	_	2	obj	_	_
4	all	_	_	_	_	3	det	_	_
5	myself	_	_	_	_	2	obl	_	_
6	.	_	_	_	_	2	punct	_	_","1	Mummy	_	NOUN	NN	_	2	nsubj	_	_
2	ate	_	VERB	VBD	_	0	root	_	_
3	it	_	PRON	PRP	_	2	obj	_	_
4	all	_	DET	DT	_	2	advmod	_	_
5	myself	_	PRON	PRP	_	2	obl:unmarked	_	_
6	.	_	PUNCT	.	_	2	punct	_	_",
I not fall over .,auxiliary,"1	I	_	_	_	_	3	nsubj	_	_
2	not	_	_	_	_	3	advmod	_	_
3	fall	_	_	_	_	0	root	_	_
4	over	_	_	_	_	3	advmod	_	_
5	.	_	_	_	_	3	punct	_	_","1	I	_	PRON	PRP	_	3	nsubj	_	_
2	not	_	PART	RB	_	3	advmod	_	_
3	fall	_	VERB	VBP	_	0	root	_	_
4	over	_	ADP	RP	_	3	compound:prt	_	_
5	.	_	PUNCT	.	_	3	punct	_	_",
around around my scooter .,"subject, verb","1	around	_	_	_	_	2	reparandum	_	_
2	around	_	_	_	_	4	case	_	_
3	my	_	_	_	_	4	nmod:poss	_	_
4	scooter	_	_	_	_	0	root	_	_
5	.	_	_	_	_	4	punct	_	_","1	around	_	ADV	RB	_	0	root	_	_
2	around	_	ADP	IN	_	4	case	_	_
3	my	_	PRON	PRP$	_	4	nmod:poss	_	_
4	scooter	_	NOUN	NN	_	1	obl	_	_
5	.	_	PUNCT	.	_	1	punct	_	_",
a gone .,"subject, verb, determiner","1	a	_	_	_	_	2	discourse	_	_
2	gone	_	_	_	_	0	root	_	_
3	.	_	_	_	_	2	punct	_	_","1	a	_	DET	DT	_	2	det	_	_
2	gone	_	ADJ	JJ	_	0	root	_	_
3	.	_	PUNCT	.	_	2	punct	_	_","1	A	a	DET	DT	_	2	discourse	2:discourse	_
2	gone	go	VERB	VBN	_	0	root	0:root	SpaceAfter=No
3	.	.	PUNCT	.	_	2	punct	2:punct	_
"
that's rubbish man's .,determiner,"1	that's	_	_	_	_	3	nsubj	_	_
2	rubbish	_	_	_	_	3	compound	_	_
3	man's	_	_	_	_	0	root	_	_
4	.	_	_	_	_	3	punct	_	_","1	that	_	PRON	DT	_	4	nsubj	_	_
2	's	_	AUX	VBZ	_	4	cop	_	_
3	rubbish	_	ADJ	JJ	_	4	amod	_	_
4	man	_	NOUN	NN	_	0	root	_	_
5	's	_	PART	POS	_	4	case	_	_
6	.	_	PUNCT	.	_	4	punct	_	_",
I say no it's not it's cushions .,tense_aspect,"1	I	_	_	_	_	2	nsubj	_	_
2	say	_	_	_	_	0	root	_	_
3	no	_	_	_	_	4	discourse	_	_
4	it's	_	_	_	_	5	nsubj	_	_
5	not	_	_	_	_	2	advmod	_	_
6	it's	_	_	_	_	7	nsubj	_	_
7	cushions	_	_	_	_	2	parataxis	_	_
8	.	_	_	_	_	2	punct	_	_","1	I	_	PRON	PRP	_	2	nsubj	_	_
2	say	_	VERB	VBP	_	0	root	_	_
3	no	_	INTJ	UH	_	9	discourse	_	_
4	it	_	PRON	PRP	_	9	nsubj	_	_
5	's	_	AUX	VBZ	_	9	cop	_	_
6	not	_	PART	RB	_	9	advmod	_	_
7	it	_	PRON	PRP	_	9	nsubj	_	_
8	's	_	AUX	VBZ	_	9	cop	_	_
9	cushions	_	NOUN	NNS	_	2	ccomp	_	_
10	.	_	PUNCT	.	_	2	punct	_	_",
no Ben .,"possessive, other","1	no	_	_	_	_	0	root	_	_
2	Ben	_	_	_	_	1	vocative	_	_
3	.	_	_	_	_	1	punct	_	_","1	no	_	INTJ	UH	_	2	discourse	_	_
2	Ben	_	PROPN	NNP	_	0	root	_	_
3	.	_	PUNCT	.	_	2	punct	_	_",
video Dad .,verb,"1	video	_	_	_	_	0	root	_	_
2	Dad	_	_	_	_	1	vocative	_	_
3	.	_	_	_	_	1	punct	_	_","1	video	_	NOUN	NN	_	2	compound	_	_
2	Dad	_	NOUN	NN	_	0	root	_	_
3	.	_	PUNCT	.	_	2	punct	_	_",
"I sorry , Purdie .",auxiliary,"1	I	_	_	_	_	2	nsubj	_	_
2	sorry	_	_	_	_	0	root	_	_
3	,	_	_	_	_	2	vocative	_	_
4	Purdie	_	_	_	_	2	vocative	_	_
5	.	_	_	_	_	2	punct	_	_","1	I	_	PRON	PRP	_	2	nsubj	_	_
2	sorry	_	ADJ	JJ	_	0	root	_	_
3	,	_	PUNCT	,	_	4	punct	_	_
4	Purdie	_	PROPN	NNP	_	2	vocative	_	_
5	.	_	PUNCT	.	_	2	punct	_	_",
I not like you today all day long .,auxiliary,"1	I	_	_	_	_	3	nsubj	_	_
2	not	_	_	_	_	3	advmod	_	_
3	like	_	_	_	_	0	root	_	_
4	you	_	_	_	_	3	obj	_	_
5	today	_	_	_	_	3	obl:unmarked	_	_
6	all	_	_	_	_	7	det	_	_
7	day	_	_	_	_	8	obl:unmarked	_	_
8	long	_	_	_	_	4	advmod	_	_
9	.	_	_	_	_	3	punct	_	_","1	I	_	PRON	PRP	_	3	nsubj	_	_
2	not	_	PART	RB	_	3	advmod	_	_
3	like	_	VERB	VBP	_	0	root	_	_
4	you	_	PRON	PRP	_	3	obj	_	_
5	today	_	NOUN	NN	_	3	obl:unmarked	_	_
6	all	_	DET	DT	_	7	det	_	_
7	day	_	NOUN	NN	_	8	obl:unmarked	_	_
8	long	_	ADV	RB	_	3	advmod	_	_
9	.	_	PUNCT	.	_	3	punct	_	_",
funny your hair .,"verb, other","1	funny	_	_	_	_	0	root	_	_
2	your	_	_	_	_	3	nmod:poss	_	_
3	hair	_	_	_	_	1	nsubj	_	_
4	.	_	_	_	_	1	punct	_	_","1	funny	_	ADJ	JJ	_	0	root	_	_
2	your	_	PRON	PRP$	_	3	nmod:poss	_	_
3	hair	_	NOUN	NN	_	1	obj	_	_
4	.	_	PUNCT	.	_	1	punct	_	_",
Purdie's fur like a sausage .,verb,"1	Purdie's	_	_	_	_	2	nmod:poss	_	_
2	fur	_	_	_	_	0	root	_	_
3	like	_	_	_	_	5	case	_	_
4	a	_	_	_	_	5	det	_	_
5	sausage	_	_	_	_	2	nmod	_	_
6	.	_	_	_	_	2	punct	_	_","1	Purdie	_	PROPN	NNP	_	3	nmod:poss	_	_
2	's	_	PART	POS	_	1	case	_	_
3	fur	_	NOUN	NN	_	0	root	_	_
4	like	_	ADP	IN	_	6	case	_	_
5	a	_	DET	DT	_	6	det	_	_
6	sausage	_	NOUN	NN	_	3	nmod	_	_
7	.	_	PUNCT	.	_	3	punct	_	_",
I lie and put a put a plaster on my knee's poorly .,"tense_aspect, other","1	I	_	_	_	_	2	nsubj	_	_
2	lie	_	_	_	_	0	root	_	_
3	and	_	_	_	_	6	cc	_	_
4	put	_	_	_	_	2	conj	_	_
5	a	_	_	_	_	8	det	_	_
6	put	_	_	_	_	2	conj	_	_
7	a	_	_	_	_	8	det	_	_
8	plaster	_	_	_	_	6	obj	_	_
9	on	_	_	_	_	11	case	_	_
10	my	_	_	_	_	11	nmod:poss	_	_
11	knee's	_	_	_	_	12	nmod	_	_
12	poorly	_	_	_	_	6	advmod	_	_
13	.	_	_	_	_	2	punct	_	_","1	I	_	PRON	PRP	_	2	nsubj	_	_
2	lie	_	VERB	VBP	_	0	root	_	_
3	and	_	CCONJ	CC	_	4	cc	_	_
4	put	_	VERB	VBP	_	2	conj	_	_
5	a	_	DET	DT	_	6	det	_	_
6	put	_	NOUN	NN	_	4	obj	_	_
7	a	_	DET	DT	_	8	det	_	_
8	plaster	_	NOUN	NN	_	4	obj	_	_
9	on	_	ADP	IN	_	13	case	_	_
10	my	_	PRON	PRP$	_	11	nmod:poss	_	_
11	knee	_	NOUN	NN	_	13	nmod:poss	_	_
12	's	_	PART	POS	_	11	case	_	_
13	poorly	_	ADV	RB	_	4	advmod	_	_
14	.	_	PUNCT	.	_	2	punct	_	_",
fall out a queen .,other,"1	fall	_	_	_	_	0	root	_	_
2	out	_	_	_	_	1	compound:prt	_	_
3	a	_	_	_	_	4	det	_	_
4	queen	_	_	_	_	1	obl	_	_
5	.	_	_	_	_	1	punct	_	_","1	fall	_	VERB	VB	_	0	root	_	_
2	out	_	ADP	RP	_	1	compound:prt	_	_
3	a	_	DET	DT	_	4	det	_	_
4	queen	_	NOUN	NN	_	1	obj	_	_
5	.	_	PUNCT	.	_	1	punct	_	_",
got Thomas The Tank Engine's .,possessive,"1	got	_	_	_	_	0	root	_	_
2	Thomas	_	_	_	_	1	obj	_	_
3	The	_	_	_	_	5	det	_	_
4	Tank	_	_	_	_	5	compound	_	_
5	Engine's	_	_	_	_	2	flat	_	_
6	.	_	_	_	_	1	punct	_	_","1	got	_	VERB	VBD	_	0	root	_	_
2	Thomas	_	PROPN	NNP	_	1	iobj	_	_
3	The	_	DET	DT	_	5	det	_	_
4	Tank	_	PROPN	NNP	_	5	compound	_	_
5	Engine	_	PROPN	NNP	_	1	obj	_	_
6	's	_	PART	POS	_	5	case	_	_
7	.	_	PUNCT	.	_	1	punct	_	_",
dancing queen .,determiner,"1	dancing	_	_	_	_	2	amod	_	_
2	queen	_	_	_	_	0	root	_	_
3	.	_	_	_	_	2	punct	_	_","1	dancing	_	NOUN	NN	_	0	root	_	_
2	queen	_	NOUN	NN	_	1	obj	_	_
3	.	_	PUNCT	.	_	1	punct	_	_",
Purdie's Daddy's Purdie's Purdie's .,object,"1	Purdie's	_	_	_	_	2	nmod:poss	_	_
2	Daddy's	_	_	_	_	3	nmod:poss	_	_
3	Purdie's	_	_	_	_	4	nmod:poss	_	_
4	Purdie's	_	_	_	_	0	root	_	_
5	.	_	_	_	_	2	punct	_	_","1	Purdie	_	PROPN	NNP	_	3	compound	_	_
2	's	_	PART	POS	_	1	case	_	_
3	Daddy	_	PROPN	NNP	_	5	nmod:poss	_	_
4	's	_	PART	POS	_	3	case	_	_
5	Purdie	_	PROPN	NNP	_	7	nmod:poss	_	_
6	's	_	PART	POS	_	3	case	_	_
7	Purdie	_	PROPN	NNP	_	0	root	_	_
8	's	_	PART	POS	_	3	case	_	_
9	.	_	PUNCT	.	_	7	punct	_	_",
what you brought .,"auxiliary, tense_aspect","1	what	_	_	_	_	3	obj	_	_
2	you	_	_	_	_	3	nsubj	_	_
3	brought	_	_	_	_	0	root	_	_
4	.	_	_	_	_	3	punct	_	_","1	what	_	PRON	WP	_	0	root	_	_
2	you	_	PRON	PRP	_	3	nsubj	_	_
3	brought	_	VERB	VBD	_	1	acl:relcl	_	_
4	.	_	PUNCT	.	_	1	punct	_	_",
"in that window , the light reach .","subject, other","1	in	_	_	_	_	3	case	_	_
2	that	_	_	_	_	3	det	_	_
3	window	_	_	_	_	7	obl	_	_
4	,	_	_	_	_	7	mark	_	_
5	the	_	_	_	_	6	det	_	_
6	light	_	_	_	_	7	nsubj	_	_
7	reach	_	_	_	_	0	root	_	_
8	.	_	_	_	_	7	punct	_	_","1	in	_	ADP	IN	_	3	case	_	_
2	that	_	DET	DT	_	3	det	_	_
3	window	_	NOUN	NN	_	7	nmod	_	_
4	,	_	PUNCT	,	_	3	punct	_	_
5	the	_	DET	DT	_	7	det	_	_
6	light	_	ADJ	JJ	_	7	amod	_	_
7	reach	_	NOUN	NN	_	0	root	_	_
8	.	_	PUNCT	.	_	7	punct	_	_",
"sorry , red one .",determiner,"1	sorry	_	_	_	_	4	discourse	_	_
2	,	_	_	_	_	4	mark	_	_
3	red	_	_	_	_	4	amod	_	_
4	one	_	_	_	_	0	root	_	_
5	.	_	_	_	_	4	punct	_	_","1	sorry	_	ADJ	JJ	_	0	root	_	_
2	,	_	PUNCT	,	_	4	punct	_	_
3	red	_	ADJ	JJ	_	4	amod	_	_
4	one	_	NOUN	NN	_	1	parataxis	_	_
5	.	_	PUNCT	.	_	1	punct	_	_",
light on now .,"determiner, verb","1	light	_	_	_	_	2	nsubj	_	_
2	on	_	_	_	_	0	root	_	_
3	now	_	_	_	_	2	advmod	_	_
4	.	_	_	_	_	2	punct	_	_","1	light	_	NOUN	NN	_	0	root	_	_
2	on	_	ADP	IN	_	1	advmod	_	_
3	now	_	ADV	RB	_	1	advmod	_	_
4	.	_	PUNCT	.	_	1	punct	_	_",
"sorry , red one .",determiner,"1	sorry	_	_	_	_	4	discourse	_	_
2	,	_	_	_	_	4	mark	_	_
3	red	_	_	_	_	4	amod	_	_
4	one	_	_	_	_	0	root	_	_
5	.	_	_	_	_	4	punct	_	_","1	sorry	_	ADJ	JJ	_	0	root	_	_
2	,	_	PUNCT	,	_	4	punct	_	_
3	red	_	ADJ	JJ	_	4	amod	_	_
4	one	_	NOUN	NN	_	1	parataxis	_	_
5	.	_	PUNCT	.	_	1	punct	_	_",
"sorry , fire engine .",subject,"1	sorry	_	_	_	_	4	discourse	_	_
2	,	_	_	_	_	4	case	_	_
3	fire	_	_	_	_	4	compound	_	_
4	engine	_	_	_	_	0	root	_	_
5	.	_	_	_	_	4	punct	_	_","1	sorry	_	ADJ	JJ	_	0	root	_	_
2	,	_	PUNCT	,	_	4	punct	_	_
3	fire	_	NOUN	NN	_	4	compound	_	_
4	engine	_	NOUN	NN	_	1	vocative	_	_
5	.	_	PUNCT	.	_	1	punct	_	_",
get a ladder for me reach the firework .,preposition,"1	get	_	_	_	_	0	root	_	_
2	a	_	_	_	_	3	det	_	_
3	ladder	_	_	_	_	1	obj	_	_
4	for	_	_	_	_	6	mark	_	_
5	me	_	_	_	_	6	nsubj	_	_
6	reach	_	_	_	_	1	advcl	_	_
7	the	_	_	_	_	8	det	_	_
8	firework	_	_	_	_	6	obj	_	_
9	.	_	_	_	_	1	punct	_	_","1	get	_	VERB	VB	_	0	root	_	_
2	a	_	DET	DT	_	3	det	_	_
3	ladder	_	NOUN	NN	_	1	obj	_	_
4	for	_	ADP	IN	_	5	case	_	_
5	me	_	PRON	PRP	_	1	obl	_	_
6	reach	_	VERB	VB	_	1	advcl	_	_
7	the	_	DET	DT	_	8	det	_	_
8	firework	_	NOUN	NN	_	6	obj	_	_
9	.	_	PUNCT	.	_	1	punct	_	_",
one Mummy .,preposition,"1	one	_	_	_	_	0	root	_	_
2	Mummy	_	_	_	_	1	vocative	_	_
3	.	_	_	_	_	1	punct	_	_","1	one	_	NUM	CD	_	2	nummod	_	_
2	Mummy	_	NOUN	NN	_	0	root	_	_
3	.	_	PUNCT	.	_	2	punct	_	_",
"sorry , firework .","subject, verb, determiner","1	sorry	_	_	_	_	0	root	_	_
2	,	_	_	_	_	3	case	_	_
3	firework	_	_	_	_	1	parataxis	_	_
4	.	_	_	_	_	1	punct	_	_","1	sorry	_	ADJ	JJ	_	0	root	_	_
2	,	_	PUNCT	,	_	3	punct	_	_
3	firework	_	NOUN	NN	_	1	vocative	_	_
4	.	_	PUNCT	.	_	1	punct	_	_",
problem that way .,"determiner, verb","1	problem	_	_	_	_	0	root	_	_
2	that	_	_	_	_	3	det	_	_
3	way	_	_	_	_	1	nmod	_	_
4	.	_	_	_	_	1	punct	_	_","1	problem	_	NOUN	NN	_	0	root	_	_
2	that	_	DET	DT	_	3	det	_	_
3	way	_	NOUN	NN	_	1	nmod:unmarked	_	_
4	.	_	PUNCT	.	_	1	punct	_	_",
problem that way .,"determiner, verb","1	problem	_	_	_	_	0	root	_	_
2	that	_	_	_	_	3	det	_	_
3	way	_	_	_	_	1	nmod	_	_
4	.	_	_	_	_	1	punct	_	_","1	problem	_	NOUN	NN	_	0	root	_	_
2	that	_	DET	DT	_	3	det	_	_
3	way	_	NOUN	NN	_	1	nmod:unmarked	_	_
4	.	_	PUNCT	.	_	1	punct	_	_",
careful not fall down bump head .,"verb, tense_aspect","1	careful	_	_	_	_	3	parataxis	_	_
2	not	_	_	_	_	3	advmod	_	_
3	fall	_	_	_	_	0	root	_	_
4	down	_	_	_	_	3	advmod	_	_
5	bump	_	_	_	_	1	parataxis	_	_
6	head	_	_	_	_	5	obj	_	_
7	.	_	_	_	_	3	punct	_	_","1	careful	_	ADJ	JJ	_	3	nsubj	_	_
2	not	_	PART	RB	_	3	advmod	_	_
3	fall	_	VERB	VB	_	0	root	_	_
4	down	_	ADP	RP	_	3	compound:prt	_	_
5	bump	_	NOUN	NN	_	6	compound	_	_
6	head	_	NOUN	NN	_	3	obj	_	_
7	.	_	PUNCT	.	_	3	punct	_	_",
Pippin chip pan on .,verb,"1	Pippin	_	_	_	_	2	compound	_	_
2	chip	_	_	_	_	3	compound	_	_
3	pan	_	_	_	_	0	root	_	_
4	on	_	_	_	_	3	advmod	_	_
5	.	_	_	_	_	3	punct	_	_","1	Pippin	_	PROPN	NNP	_	3	compound	_	_
2	chip	_	NOUN	NN	_	3	compound	_	_
3	pan	_	NOUN	NN	_	4	nsubj	_	_
4	on	_	ADP	IN	_	0	root	_	_
5	.	_	PUNCT	.	_	4	punct	_	_",
mommy want a sticker ?,"auxiliary, subject","1	mommy	_	_	_	_	2	vocative	_	_
2	want	_	_	_	_	0	root	_	_
3	a	_	_	_	_	4	det	_	_
4	sticker	_	_	_	_	2	obj	_	_
5	?	_	_	_	_	2	punct	_	_","1	mommy	_	NOUN	NN	_	2	nsubj	_	_
2	want	_	VERB	VB	_	0	root	_	_
3	a	_	DET	DT	_	4	det	_	_
4	sticker	_	NOUN	NN	_	2	obj	_	_
5	?	_	PUNCT	.	_	2	punct	_	_",
chicken goes in there .,determiner,"1	chicken	_	_	_	_	2	nsubj	_	_
2	goes	_	_	_	_	0	root	_	_
3	in	_	_	_	_	4	case	_	_
4	there	_	_	_	_	2	obl	_	_
5	.	_	_	_	_	2	punct	_	_","1	chicken	_	NOUN	NN	_	2	nsubj	_	_
2	goes	_	VERB	VBZ	_	0	root	_	_
3	in	_	ADP	IN	_	2	case	_	_
4	there	_	ADV	RB	_	2	obl	_	_
5	.	_	PUNCT	.	_	2	punct	_	_",
sheeps go in there .,determiner,"1	sheeps	_	_	_	_	2	nsubj	_	_
2	go	_	_	_	_	0	root	_	_
3	in	_	_	_	_	4	case	_	_
4	there	_	_	_	_	2	obl	_	_
5	.	_	_	_	_	2	punct	_	_","1	sheeps	_	NOUN	NNS	_	2	nsubj	_	_
2	go	_	VERB	VBP	_	0	root	_	_
3	in	_	ADP	IN	_	2	case	_	_
4	there	_	ADV	RB	_	2	obl	_	_
5	.	_	PUNCT	.	_	2	punct	_	_",
went in here ?,subject,"1	went	_	_	_	_	0	root	_	_
2	in	_	_	_	_	3	case	_	_
3	here	_	_	_	_	1	obl	_	_
4	?	_	_	_	_	1	punct	_	_","1	went	_	VERB	VBD	_	0	root	_	_
2	in	_	ADP	IN	_	1	advmod	_	_
3	here	_	ADV	RB	_	1	obl	_	_
4	?	_	PUNCT	.	_	1	punct	_	_",
can you tush can you shut that pig ?,other,"1	can	_	_	_	_	3	aux	_	_
2	you	_	_	_	_	3	nsubj	_	_
3	tush	_	_	_	_	0	root	_	_
4	can	_	_	_	_	6	aux	_	_
5	you	_	_	_	_	6	nsubj	_	_
6	shut	_	_	_	_	3	parataxis	_	_
7	that	_	_	_	_	8	det	_	_
8	pig	_	_	_	_	6	obj	_	_
9	?	_	_	_	_	3	punct	_	_","1	can	_	AUX	MD	_	3	aux	_	_
2	you	_	PRON	PRP	_	3	nsubj	_	_
3	tush	_	VERB	VB	_	0	root	_	_
4	can	_	AUX	MD	_	6	aux	_	_
5	you	_	PRON	PRP	_	6	nsubj	_	_
6	shut	_	VERB	VB	_	3	ccomp	_	_
7	that	_	DET	DT	_	8	det	_	_
8	pig	_	NOUN	NN	_	6	obj	_	_
9	?	_	PUNCT	.	_	3	punct	_	_",
do she ?,sv_agreement,"1	do	_	_	_	_	0	root	_	_
2	she	_	_	_	_	1	nsubj	_	_
3	?	_	_	_	_	1	punct	_	_","1	do	_	VERB	VBP	_	0	root	_	_
2	she	_	PRON	PRP	_	1	obj	_	_
3	?	_	PUNCT	.	_	1	punct	_	_",
no it's .,object,"1	no	_	_	_	_	2	discourse	_	_
2	it's	_	_	_	_	0	root	_	_
3	.	_	_	_	_	2	punct	_	_","1	no	_	INTJ	UH	_	3	discourse	_	_
2	it	_	PRON	PRP	_	3	nsubj	_	_
3	's	_	AUX	VBZ	_	0	root	_	_
4	.	_	PUNCT	.	_	3	punct	_	_",
the pumpkin don't want to stand .,sv_agreement,"1	the	_	_	_	_	2	det	_	_
2	pumpkin	_	_	_	_	4	nsubj	_	_
3	don't	_	_	_	_	4	aux	_	_
4	want	_	_	_	_	0	root	_	_
5	to	_	_	_	_	6	mark	_	_
6	stand	_	_	_	_	4	xcomp	_	_
7	.	_	_	_	_	4	punct	_	_","1	the	_	DET	DT	_	2	det	_	_
2	pumpkin	_	NOUN	NN	_	5	nsubj	_	_
3	do	_	AUX	VBP	_	5	aux	_	_
4	n't	_	PART	RB	_	5	advmod	_	_
5	want	_	VERB	VB	_	0	root	_	_
6	to	_	PART	TO	_	7	mark	_	_
7	stand	_	VERB	VB	_	5	xcomp	_	_
8	.	_	PUNCT	.	_	5	punct	_	_",
this one gotta go with this .,sv_agreement,"1	this	_	_	_	_	2	det	_	_
2	one	_	_	_	_	4	nsubj	_	_
3	gotta	_	_	_	_	4	aux	_	_
4	go	_	_	_	_	0	root	_	_
5	with	_	_	_	_	6	case	_	_
6	this	_	_	_	_	4	obl	_	_
7	.	_	_	_	_	4	punct	_	_","1	this	_	DET	DT	_	2	det	_	_
2	one	_	NOUN	NN	_	3	nsubj	_	_
3	got	_	VERB	VBD	_	0	root	_	_
4	ta	_	PART	TO	_	5	mark	_	_
5	go	_	VERB	VB	_	3	xcomp	_	_
6	with	_	ADP	IN	_	7	case	_	_
7	this	_	PRON	DT	_	5	obl	_	_
8	.	_	PUNCT	.	_	3	punct	_	_",
this one gets go out and play .,tense_aspect,"1	this	_	_	_	_	2	det	_	_
2	one	_	_	_	_	3	nsubj	_	_
3	gets	_	_	_	_	0	root	_	_
4	go	_	_	_	_	3	xcomp	_	_
5	out	_	_	_	_	4	advmod	_	_
6	and	_	_	_	_	7	cc	_	_
7	play	_	_	_	_	4	conj	_	_
8	.	_	_	_	_	3	punct	_	_","1	this	_	DET	DT	_	2	det	_	_
2	one	_	NOUN	NN	_	4	nsubj	_	_
3	gets	_	AUX	VBZ	_	4	aux	_	_
4	go	_	VERB	VB	_	0	root	_	_
5	out	_	ADV	RB	_	4	advmod	_	_
6	and	_	CCONJ	CC	_	7	cc	_	_
7	play	_	VERB	VB	_	4	conj	_	_
8	.	_	PUNCT	.	_	4	punct	_	_",
that one is .,object,"1	that	_	_	_	_	2	det	_	_
2	one	_	_	_	_	3	nsubj	_	_
3	is	_	_	_	_	0	root	_	_
4	.	_	_	_	_	3	punct	_	_","1	that	_	SCONJ	IN	_	3	mark	_	_
2	one	_	NOUN	NN	_	3	nsubj	_	_
3	is	_	AUX	VBZ	_	0	root	_	_
4	.	_	PUNCT	.	_	3	punct	_	_",
because it's .,object,"1	because	_	_	_	_	2	mark	_	_
2	it's	_	_	_	_	0	root	_	_
3	.	_	_	_	_	2	punct	_	_","1	because	_	SCONJ	IN	_	3	mark	_	_
2	it	_	PRON	PRP	_	3	nsubj	_	_
3	's	_	AUX	VBZ	_	0	root	_	_
4	.	_	PUNCT	.	_	3	punct	_	_",
do you know what this ?,verb,"1	do	_	_	_	_	3	aux	_	_
2	you	_	_	_	_	3	nsubj	_	_
3	know	_	_	_	_	0	root	_	_
4	what	_	_	_	_	3	ccomp	_	_
5	this	_	_	_	_	4	nsubj	_	_
6	?	_	_	_	_	3	punct	_	_","1	do	_	AUX	VBP	_	3	aux	_	_
2	you	_	PRON	PRP	_	3	nsubj	_	_
3	know	_	VERB	VB	_	0	root	_	_
4	what	_	PRON	WP	_	3	obj	_	_
5	this	_	PRON	DT	_	4	nsubj	_	_
6	?	_	PUNCT	.	_	3	punct	_	_",
what in here ?,verb,"1	what	_	_	_	_	3	nsubj	_	_
2	in	_	_	_	_	3	case	_	_
3	here	_	_	_	_	0	root	_	_
4	?	_	_	_	_	3	punct	_	_","1	what	_	PRON	WP	_	0	root	_	_
2	in	_	ADP	IN	_	3	case	_	_
3	here	_	ADV	RB	_	1	nmod	_	_
4	?	_	PUNCT	.	_	1	punct	_	_",
them fit in here .,"subject, other","1	them	_	_	_	_	2	nsubj	_	_
2	fit	_	_	_	_	0	root	_	_
3	in	_	_	_	_	4	case	_	_
4	here	_	_	_	_	2	obl	_	_
5	.	_	_	_	_	2	punct	_	_","1	them	_	PRON	PRP	_	2	nsubj	_	_
2	fit	_	VERB	VB	_	0	root	_	_
3	in	_	ADP	IN	_	2	advmod	_	_
4	here	_	ADV	RB	_	2	obl	_	_
5	.	_	PUNCT	.	_	2	punct	_	_",
where's the .,object,"1	where's	_	_	_	_	0	root	_	_
2	the	_	_	_	_	1	nsubj	_	_
3	.	_	_	_	_	1	punct	_	_","1	where	_	ADV	WRB	_	0	root	_	_
2	's	_	AUX	VBZ	_	1	cop	_	_
3	the	_	DET	DT	_	1	nsubj	_	_
4	.	_	PUNCT	.	_	1	punct	_	_",
I'm going to put him in the farmer the door .,other,"1	I'm	_	_	_	_	2	nsubj	_	_
2	going	_	_	_	_	0	root	_	_
3	to	_	_	_	_	4	mark	_	_
4	put	_	_	_	_	2	xcomp	_	_
5	him	_	_	_	_	4	obj	_	_
6	in	_	_	_	_	8	case	_	_
7	the	_	_	_	_	8	det	_	_
8	farmer	_	_	_	_	10	reparandum	_	_
9	the	_	_	_	_	10	det	_	_
10	door	_	_	_	_	4	obl	_	_
11	.	_	_	_	_	2	punct	_	_","1	I	_	PRON	PRP	_	3	nsubj	_	_
2	'm	_	AUX	VBP	_	3	aux	_	_
3	going	_	VERB	VBG	_	0	root	_	_
4	to	_	PART	TO	_	5	mark	_	_
5	put	_	VERB	VB	_	3	xcomp	_	_
6	him	_	PRON	PRP	_	5	obj	_	_
7	in	_	ADP	IN	_	9	case	_	_
8	the	_	DET	DT	_	9	det	_	_
9	farmer	_	NOUN	NN	_	5	obl	_	_
10	the	_	DET	DT	_	11	det	_	_
11	door	_	NOUN	NN	_	5	obl:unmarked	_	_
12	.	_	PUNCT	.	_	3	punct	_	_",
I wanna get some more presents in closet in your room .,determiner,"1	I	_	_	_	_	2	nsubj	_	_
2	wanna	_	_	_	_	0	root	_	_
3	get	_	_	_	_	2	xcomp	_	_
4	some	_	_	_	_	6	det	_	_
5	more	_	_	_	_	6	amod	_	_
6	presents	_	_	_	_	3	obj	_	_
7	in	_	_	_	_	8	case	_	_
8	closet	_	_	_	_	3	obl	_	_
9	in	_	_	_	_	11	case	_	_
10	your	_	_	_	_	11	nmod:poss	_	_
11	room	_	_	_	_	8	nmod	_	_
12	.	_	_	_	_	2	punct	_	_","1	I	_	PRON	PRP	_	2	nsubj	_	_
2	wan	_	VERB	VBP	_	0	root	_	_
3	na	_	PART	TO	_	4	mark	_	_
4	get	_	VERB	VB	_	2	xcomp	_	_
5	some	_	DET	DT	_	7	det	_	_
6	more	_	ADJ	JJR	_	7	amod	_	_
7	presents	_	NOUN	NNS	_	4	obj	_	_
8	in	_	ADP	IN	_	9	case	_	_
9	closet	_	NOUN	NN	_	4	obl	_	_
10	in	_	ADP	IN	_	12	case	_	_
11	your	_	PRON	PRP$	_	12	nmod:poss	_	_
12	room	_	NOUN	NN	_	4	obl	_	_
13	.	_	PUNCT	.	_	2	punct	_	_",
and where where where my other birthday party ?,verb,"1	and	_	_	_	_	4	cc	_	_
2	where	_	_	_	_	4	reparandum	_	_
3	where	_	_	_	_	4	reparandum	_	_
4	where	_	_	_	_	0	root	_	_
5	my	_	_	_	_	8	nmod:poss	_	_
6	other	_	_	_	_	8	amod	_	_
7	birthday	_	_	_	_	8	compound	_	_
8	party	_	_	_	_	4	nsubj	_	_
9	?	_	_	_	_	4	punct	_	_","1	and	_	CCONJ	CC	_	2	cc	_	_
2	where	_	ADV	WRB	_	0	root	_	_
3	where	_	ADV	WRB	_	2	advmod	_	_
4	where	_	ADV	WRB	_	2	advmod	_	_
5	my	_	PRON	PRP$	_	8	nmod:poss	_	_
6	other	_	ADJ	JJ	_	8	amod	_	_
7	birthday	_	NOUN	NN	_	8	compound	_	_
8	party	_	NOUN	NN	_	4	nsubj	_	_
9	?	_	PUNCT	.	_	2	punct	_	_",
they blowed away .,tense_aspect,"1	they	_	_	_	_	2	nsubj	_	_
2	blowed	_	_	_	_	0	root	_	_
3	away	_	_	_	_	2	compound:prt	_	_
4	.	_	_	_	_	2	punct	_	_","1	they	_	PRON	PRP	_	2	nsubj	_	_
2	blowed	_	VERB	VBD	_	0	root	_	_
3	away	_	ADV	RB	_	2	advmod	_	_
4	.	_	PUNCT	.	_	2	punct	_	_",
first show a little doggy .,"determiner, verb","1	first	_	_	_	_	2	advmod	_	_
2	show	_	_	_	_	0	root	_	_
3	a	_	_	_	_	5	det	_	_
4	little	_	_	_	_	5	amod	_	_
5	doggy	_	_	_	_	2	obj	_	_
6	.	_	_	_	_	2	punct	_	_","1	first	_	ADJ	JJ	_	2	nsubj	_	_
2	show	_	VERB	VB	_	0	root	_	_
3	a	_	DET	DT	_	4	det	_	_
4	little	_	ADJ	JJ	_	5	obl:unmarked	_	_
5	doggy	_	ADJ	JJ	_	2	xcomp	_	_
6	.	_	PUNCT	.	_	2	punct	_	_",
a little doggy I show .,other,"1	a	_	_	_	_	3	det	_	_
2	little	_	_	_	_	3	amod	_	_
3	doggy	_	_	_	_	5	obj	_	_
4	I	_	_	_	_	5	nsubj	_	_
5	show	_	_	_	_	0	root	_	_
6	.	_	_	_	_	5	punct	_	_","1	a	_	DET	DT	_	3	det	_	_
2	little	_	ADJ	JJ	_	3	amod	_	_
3	doggy	_	NOUN	NN	_	0	root	_	_
4	I	_	PRON	PRP	_	5	nsubj	_	_
5	show	_	VERB	VBP	_	3	acl:relcl	_	_
6	.	_	PUNCT	.	_	3	punct	_	_",
look at this is a girl .,subject,"1	look	_	_	_	_	0	root	_	_
2	at	_	_	_	_	3	case	_	_
3	this	_	_	_	_	6	nsubj	_	_
4	is	_	_	_	_	6	cop	_	_
5	a	_	_	_	_	6	det	_	_
6	girl	_	_	_	_	1	parataxis	_	_
7	.	_	_	_	_	1	punct	_	_","1	look	_	VERB	VB	_	0	root	_	_
2	at	_	ADP	IN	_	3	case	_	_
3	this	_	PRON	DT	_	1	obl	_	_
4	is	_	AUX	VBZ	_	6	cop	_	_
5	a	_	DET	DT	_	6	det	_	_
6	girl	_	NOUN	NN	_	1	advcl	_	_
7	.	_	PUNCT	.	_	1	punct	_	_",
"back a moment , Mummy .",other,"1	back	_	_	_	_	0	root	_	_
2	a	_	_	_	_	3	det	_	_
3	moment	_	_	_	_	1	obl:unmarked	_	_
4	,	_	_	_	_	1	discourse	_	_
5	Mummy	_	_	_	_	1	vocative	_	_
6	.	_	_	_	_	1	punct	_	_","1	back	_	ADV	RB	_	3	advmod	_	_
2	a	_	DET	DT	_	3	det	_	_
3	moment	_	NOUN	NN	_	0	root	_	_
4	,	_	PUNCT	,	_	5	punct	_	_
5	Mummy	_	PROPN	NNP	_	3	vocative	_	_
6	.	_	PUNCT	.	_	3	punct	_	_",
not not Thomas crunch .,other,"1	not	_	_	_	_	2	reparandum	_	_
2	not	_	_	_	_	3	advmod	_	_
3	Thomas	_	_	_	_	4	nsubj	_	_
4	crunch	_	_	_	_	0	root	_	_
5	.	_	_	_	_	4	punct	_	_","1	not	_	PART	RB	_	4	advmod	_	_
2	not	_	PART	RB	_	4	advmod	_	_
3	Thomas	_	PROPN	NNP	_	4	compound	_	_
4	crunch	_	NOUN	NN	_	0	root	_	_
5	.	_	PUNCT	.	_	4	punct	_	_",
not like it now .,"subject, auxiliary","1	not	_	_	_	_	2	advmod	_	_
2	like	_	_	_	_	0	root	_	_
3	it	_	_	_	_	2	obj	_	_
4	now	_	_	_	_	3	advmod	_	_
5	.	_	_	_	_	2	punct	_	_","1	not	_	PART	RB	_	3	advmod	_	_
2	like	_	ADP	IN	_	3	case	_	_
3	it	_	PRON	PRP	_	0	root	_	_
4	now	_	ADV	RB	_	3	advmod	_	_
5	.	_	PUNCT	.	_	3	punct	_	_",
hold two two .,object,"1	hold	_	_	_	_	0	root	_	_
2	two	_	_	_	_	1	obj	_	_
3	two	_	_	_	_	2	conj	_	_
4	.	_	_	_	_	1	punct	_	_","1	hold	_	VERB	VB	_	0	root	_	_
2	two	_	NUM	CD	_	3	nummod	_	_
3	two	_	NUM	CD	_	1	obj	_	_
4	.	_	PUNCT	.	_	1	punct	_	_",
me another one .,verb,"1	me	_	_	_	_	0	root	_	_
2	another	_	_	_	_	3	det	_	_
3	one	_	_	_	_	1	parataxis	_	_
4	.	_	_	_	_	1	punct	_	_","1	me	_	PRON	PRP	_	3	nsubj	_	_
2	another	_	DET	DT	_	3	det	_	_
3	one	_	NOUN	NN	_	0	root	_	_
4	.	_	PUNCT	.	_	3	punct	_	_",
there there Thomas hold it .,present_progressive,"1	there	_	_	_	_	2	reparandum	_	_
2	there	_	_	_	_	4	parataxis	_	_
3	Thomas	_	_	_	_	4	nsubj	_	_
4	hold	_	_	_	_	0	root	_	_
5	it	_	_	_	_	4	obj	_	_
6	.	_	_	_	_	4	punct	_	_","1	there	_	PRON	EX	_	4	expl	_	_
2	there	_	PRON	EX	_	4	expl	_	_
3	Thomas	_	PROPN	NNP	_	4	nsubj	_	_
4	hold	_	VERB	VBP	_	0	root	_	_
5	it	_	PRON	PRP	_	4	obj	_	_
6	.	_	PUNCT	.	_	4	punct	_	_",
put in trailer .,determiner,"1	put	_	_	_	_	0	root	_	_
2	in	_	_	_	_	3	case	_	_
3	trailer	_	_	_	_	1	obl	_	_
4	.	_	_	_	_	1	punct	_	_","1	put	_	VERB	VB	_	0	root	_	_
2	in	_	ADP	IN	_	1	compound:prt	_	_
3	trailer	_	NOUN	NN	_	1	obj	_	_
4	.	_	PUNCT	.	_	1	punct	_	_",
put put now .,"subject, object","1	put	_	_	_	_	2	reparandum	_	_
2	put	_	_	_	_	0	root	_	_
3	now	_	_	_	_	2	advmod	_	_
4	.	_	_	_	_	2	punct	_	_","1	put	_	VERB	VB	_	0	root	_	_
2	put	_	VERB	VBN	_	1	xcomp	_	_
3	now	_	ADV	RB	_	1	advmod	_	_
4	.	_	PUNCT	.	_	1	punct	_	_",
empty all the out .,"subject, determiner","1	empty	_	_	_	_	0	root	_	_
2	all	_	_	_	_	4	det:predet	_	_
3	the	_	_	_	_	4	det	_	_
4	out	_	_	_	_	1	obj	_	_
5	.	_	_	_	_	1	punct	_	_","1	empty	_	ADJ	JJ	_	0	root	_	_
2	all	_	DET	PDT	_	4	det:predet	_	_
3	the	_	DET	DT	_	4	det	_	_
4	out	_	ADV	RB	_	1	advmod	_	_
5	.	_	PUNCT	.	_	1	punct	_	_",
ta much indeed .,other,"1	ta	_	_	_	_	2	mark	_	_
2	much	_	_	_	_	0	root	_	_
3	indeed	_	_	_	_	2	advmod	_	_
4	.	_	_	_	_	2	punct	_	_","1	ta	_	PART	TO	_	3	mark	_	_
2	much	_	ADV	RB	_	3	advmod	_	_
3	indeed	_	ADV	RB	_	0	root	_	_
4	.	_	PUNCT	.	_	3	punct	_	_","1	Ta	too	ADV	RB	_	2	advmod	2:advmod	_
2	much	much	ADV	RB	_	0	root	0:root	_
3	indeed	indeed	ADV	RB	_	2	advmod	2:advmod	SpaceAfter=No
4	.	.	PUNCT	.	_	2	punct	2:punct	_
"
Thomas hold it .,present_progressive,"1	Thomas	_	_	_	_	2	vocative	_	_
2	hold	_	_	_	_	0	root	_	_
3	it	_	_	_	_	2	obj	_	_
4	.	_	_	_	_	2	punct	_	_","1	Thomas	_	PROPN	NNP	_	2	nsubj	_	_
2	hold	_	VERB	VBD	_	0	root	_	_
3	it	_	PRON	PRP	_	2	obj	_	_
4	.	_	PUNCT	.	_	2	punct	_	_",
out cab .,other,"1	out	_	_	_	_	2	case	_	_
2	cab	_	_	_	_	0	root	_	_
3	.	_	_	_	_	2	punct	_	_","1	out	_	ADJ	JJ	_	2	amod	_	_
2	cab	_	NOUN	NN	_	0	root	_	_
3	.	_	PUNCT	.	_	2	punct	_	_",
sweep sweep sweep .,other,"1	sweep	_	_	_	_	0	root	_	_
2	sweep	_	_	_	_	1	conj	_	_
3	sweep	_	_	_	_	1	conj	_	_
4	.	_	_	_	_	1	punct	_	_","1	sweep	_	VERB	VB	_	0	root	_	_
2	sweep	_	NOUN	NN	_	3	compound	_	_
3	sweep	_	NOUN	NN	_	1	obj	_	_
4	.	_	PUNCT	.	_	1	punct	_	_",
"but it , taste .",sv_agreement,"1	but	_	_	_	_	4	cc	_	_
2	it	_	_	_	_	4	nsubj	_	_
3	,	_	_	_	_	4	aux	_	_
4	taste	_	_	_	_	0	root	_	_
5	.	_	_	_	_	4	punct	_	_","1	but	_	CCONJ	CC	_	4	cc	_	_
2	it	_	PRON	PRP	_	4	nsubj	_	_
3	,	_	PUNCT	,	_	2	punct	_	_
4	taste	_	NOUN	NN	_	0	root	_	_
5	.	_	PUNCT	.	_	4	punct	_	_",
I'm making a horse with finger .,determiner,"1	I'm	_	_	_	_	2	nsubj	_	_
2	making	_	_	_	_	0	root	_	_
3	a	_	_	_	_	4	det	_	_
4	horse	_	_	_	_	2	obj	_	_
5	with	_	_	_	_	6	case	_	_
6	finger	_	_	_	_	2	obl	_	_
7	.	_	_	_	_	2	punct	_	_","1	I	_	PRON	PRP	_	3	nsubj	_	_
2	'm	_	AUX	VBP	_	3	aux	_	_
3	making	_	VERB	VBG	_	0	root	_	_
4	a	_	DET	DT	_	5	det	_	_
5	horse	_	NOUN	NN	_	3	obj	_	_
6	with	_	ADP	IN	_	7	case	_	_
7	finger	_	NOUN	NN	_	3	obl	_	_
8	.	_	PUNCT	.	_	3	punct	_	_",
when when can I when ca-what what Grandma ?,other,"1	when	_	_	_	_	2	reparandum	_	_
2	when	_	_	_	_	3	advmod	_	_
3	can	_	_	_	_	0	root	_	_
4	I	_	_	_	_	3	nsubj	_	_
5	when	_	_	_	_	6	advmod	_	_
6	ca-what	_	_	_	_	3	parataxis	_	_
7	what	_	_	_	_	6	obj	_	_
8	Grandma	_	_	_	_	6	vocative	_	_
9	?	_	_	_	_	3	punct	_	_","1	when	_	ADV	WRB	_	6	advmod	_	_
2	when	_	ADV	WRB	_	6	advmod	_	_
3	can	_	AUX	MD	_	6	aux	_	_
4	I	_	PRON	PRP	_	6	nsubj	_	_
5	when	_	ADV	WRB	_	6	advmod	_	_
6	ca-what	_	ADP	IN	_	0	root	_	_
7	what	_	DET	WDT	_	8	det	_	_
8	Grandma	_	NOUN	NN	_	6	obj	_	_
9	?	_	PUNCT	.	_	5	punct	_	_",
because that .,preposition,"1	because	_	_	_	_	2	mark	_	_
2	that	_	_	_	_	0	root	_	_
3	.	_	_	_	_	2	punct	_	_","1	because	_	ADP	IN	_	2	case	_	_
2	that	_	PRON	DT	_	0	root	_	_
3	.	_	PUNCT	.	_	2	punct	_	_",
"mommy but , Firstname really seen real leprechauns .",auxiliary,"1	mommy	_	_	_	_	6	vocative	_	_
2	but	_	_	_	_	6	cc	_	_
3	,	_	_	_	_	6	mark	_	_
4	Firstname	_	_	_	_	6	nsubj	_	_
5	really	_	_	_	_	6	advmod	_	_
6	seen	_	_	_	_	0	root	_	_
7	real	_	_	_	_	8	amod	_	_
8	leprechauns	_	_	_	_	6	obj	_	_
9	.	_	_	_	_	6	punct	_	_","1	mommy	_	INTJ	UH	_	6	discourse	_	_
2	but	_	CCONJ	CC	_	6	cc	_	_
3	,	_	PUNCT	,	_	2	punct	_	_
4	Firstname	_	NOUN	NN	_	6	nsubj	_	_
5	really	_	ADV	RB	_	6	advmod	_	_
6	seen	_	VERB	VBD	_	0	root	_	_
7	real	_	ADJ	JJ	_	8	amod	_	_
8	leprechauns	_	NOUN	NNS	_	6	obj	_	_
9	.	_	PUNCT	.	_	6	punct	_	_",
yeah but .,"subject, verb","1	yeah	_	_	_	_	2	discourse	_	_
2	but	_	_	_	_	0	root	_	_
3	.	_	_	_	_	2	punct	_	_","1	yeah	_	INTJ	UH	_	0	root	_	_
2	but	_	CCONJ	CC	_	1	conj	_	_
3	.	_	PUNCT	.	_	1	punct	_	_","1	Yeah	yeah	INTJ	UH	_	2	discourse	2:discourse	_
2	but	but	CCONJ	CC	_	0	root	0:root	SpaceAfter=No
3	.	.	PUNCT	.	_	2	punct	2:punct	_
"
he swim he drinked it all up .,tense_aspect,"1	he	_	_	_	_	2	nsubj	_	_
2	swim	_	_	_	_	0	root	_	_
3	he	_	_	_	_	4	nsubj	_	_
4	drinked	_	_	_	_	2	parataxis	_	_
5	it	_	_	_	_	4	obj	_	_
6	all	_	_	_	_	5	det	_	_
7	up	_	_	_	_	4	compound:prt	_	_
8	.	_	_	_	_	2	punct	_	_","1	he	_	PRON	PRP	_	2	nsubj	_	_
2	swim	_	VERB	VBP	_	0	root	_	_
3	he	_	PRON	PRP	_	4	nsubj	_	_
4	drinked	_	VERB	VBD	_	2	ccomp	_	_
5	it	_	PRON	PRP	_	4	obj	_	_
6	all	_	DET	DT	_	7	det	_	_
7	up	_	ADP	RP	_	4	compound:prt	_	_
8	.	_	PUNCT	.	_	2	punct	_	_",
and he swimmed in it .,tense_aspect,"1	and	_	_	_	_	3	cc	_	_
2	he	_	_	_	_	3	nsubj	_	_
3	swimmed	_	_	_	_	0	root	_	_
4	in	_	_	_	_	5	case	_	_
5	it	_	_	_	_	3	obl	_	_
6	.	_	_	_	_	3	punct	_	_","1	and	_	CCONJ	CC	_	3	cc	_	_
2	he	_	PRON	PRP	_	3	nsubj	_	_
3	swimmed	_	VERB	VBD	_	0	root	_	_
4	in	_	ADP	IN	_	3	case	_	_
5	it	_	PRON	PRP	_	3	obl	_	_
6	.	_	PUNCT	.	_	3	punct	_	_",
